relative_path,size_bytes,sha256
.gitignore,67,50e9f5fbe6c8a5fc699e8db1b910e836ae757a2cc5f83604b4f57bfa3c3a2872
data/analysis_parameters.json,933,4dda64196fa8ab899c6f1ffab5d0783c1ef1c446392167ec8d730aff2bdd4e1f
data/bulk_input_original.vasp,4261,73bfd6939e1f1996e2938504004307aeb6ef55716ae53223f229fd8cc8c0305a
data/bulk_sha256.txt,92,4369dcc580f2dd6d0e65bbc2ba007ae4d1b3f6427aef22e2af2944b79627d607
data/configuration_sites.csv,7684,7cbd6e524e4c8a152ea279fd9212aee24cf5f8f0eaef92c4d69ea1cdf365d00c
data/undoped_reference_summary.json,893,98614ac4cf6bb46e7cad2258ca6fa4708c9d52a717802b53b351b82a161351fc
docs/en/data_and_provenance.md,7888,e681b926a431d926d1935bddbd7d770b3f010a03075780720743fd16a3cad646
docs/en/tutorial.md,6173,54da4910a9f69d891050687b20a5f1c1bc7970e4c0852bb2584d435955780a06
docs/en/workflow.md,9626,421ba3b90cd552e148628573407bc4ed30be6ea56353c69971d2592874a3b39a
docs/zh/data_and_provenance.md,6995,afead4e334a09a4dae60c37758ceb24b0677ded6f9629d380f6797954a005bed
docs/zh/tutorial.md,5629,509f8e32add878506d96b1f195f32014c7e837e3060d97f6bc2d8475b75896dc
docs/zh/workflow.md,8337,70de62118a55b384f4dcf742b7b9705b2d96958a86fbd2dc6d89754203581134
provenance/all_156_hpc_directories.csv,15020,b71563b1136061af6b28f0b25d53da073188bc8e99fc74d302db364a1d77fd32
provenance/audit_reason_strings.json,457,295ddd9591d085298d251789113156647124369f23d38e9777bc0af68c4db2b4
provenance/candidate_audit_en.csv,32986,696816a2ddf525a2a3079209a1c02af5a1cc63a444cf8a85c69aae79a1491ebe
provenance/hpc_selected_paths_en.csv,42893,d5ccdcdfacc6197285bd617fc0e7556569994bc9618ed7c3fc431613aa205dbb
provenance/hpc_selected_paths_zh.csv,43069,96b753889bc8538909aff76a8b6ccbbe2cbe807e6c099ee109d982b197d30ad2
provenance/original_audit/selected_energy_and_sites.csv,13404,4a70d6a7c82c16825eb87a583a11ddade53203ac09e38e5b7368ef6f3e229e3e
provenance/original_audit/候选磁态审核.csv,32978,40d031706c73090bb07aa82146508d80dc0ce320636dc391065634d651aea642
provenance/original_audit/构型选择结果.csv,8686,fb577a844b5a79dcc2e092a6a2e3eb9115b674fb36ea8b17c4a5465d5f52b24b
provenance/source_locations.csv,699,39574fa15f643ad52b525117f7c59dad630a60754fae4ebf00537060bce5b52d
README.md,4273,3eb846c1bcbe70b5e95db215d6a279d93aea6eebf785f9435e3069a3f38295b4
README.zh-CN.md,3945,35dafd66387d7d051f161fb32bceb9916269be56100e6f37a2c8d356aadf49b7
requirements.txt,14,b278f1339f69781eefd2f8fc58f11e4c07a5fbd9134324562c8c0f65599b34c5
results/column_dictionary.csv,2420,74b322b17ff3f92aaf1f8c05028e41ac03903ff6b096a9d7fe255b4d2121657b
results/en/10Cr/group01/all_MOM_combinations_including_zero.csv,20572,fa6742015c11bca8b860c1d5b592474eb6197016e3df7673d962633f10b6bdcb
results/en/10Cr/group01/bond_types_and_counts.csv,1733,bfecf1ad88a10a9484bf4b1a05bab533f0901effe15527fb1238fa61ba74085a
results/en/10Cr/group01/bonds.csv,9438,146479ee8e504abe1fcca9ecec9b5469cfe35ff1244b295c6cbbe409975ca6bb
results/en/10Cr/group01/MOM_paths.csv,26856,5da833232043075c5d44db2d6308d071e4a75be126a867781da2c90d02eeae19
results/en/10Cr/group01/observed_MOM_types_and_counts.csv,2811,a5d21c094dea93846ee95332f144a2696db19d054b20414fbe137f2eb9ba7a8c
results/en/10Cr/group01/POSCAR_bulk_doped,3961,017d3ee9e92b3f623e1f3b93571a2625ff39b93b31db51fb737903abc32ff99e
results/en/10Cr/group02/all_MOM_combinations_including_zero.csv,20557,102663739dd36b241bc162688db5aba080453262bb892bffbbcbe62252746022
results/en/10Cr/group02/bond_types_and_counts.csv,1733,bfecf1ad88a10a9484bf4b1a05bab533f0901effe15527fb1238fa61ba74085a
results/en/10Cr/group02/bonds.csv,9438,a9cb4de53646133f7219bd970eb2d519fa22aecaaeea51bea3b5d64e7ae43afa
results/en/10Cr/group02/MOM_paths.csv,26856,4964295e3e79039ff24e2c967c8557b70304988ba8e8ce7ab3976e5af3c4ce72
results/en/10Cr/group02/observed_MOM_types_and_counts.csv,2729,5836246a220df284cc66a8d635fe9dd8a3e9644e432502c28803235c9656478a
results/en/10Cr/group02/POSCAR_bulk_doped,3961,3383f562d4455eb647ebcf32024e9d218081abe67a75e6b4a1136e9fc37251b5
results/en/10Cr/group03/all_MOM_combinations_including_zero.csv,20472,46b4d9e2708c772ae10116a1192be547bec2678b312d694c508dbed54d9e0bfd
results/en/10Cr/group03/bond_types_and_counts.csv,1735,e15f284950dd6defe63f8879060454a08e06fc0d2653730a4af855c483a930c9
results/en/10Cr/group03/bonds.csv,9438,b9fdeed3b0d617ef5785467e7a29cd462372e3cdbc08aab4649b406bb76c902d
results/en/10Cr/group03/MOM_paths.csv,26856,1402e1e35bad59dcf5de51d368d2df4bd003193d6d5980209eb1425d173a3d8c
results/en/10Cr/group03/observed_MOM_types_and_counts.csv,2310,2eccec0fefc891cbdad80cb9657c8f646d0dfde95547064ddfe0a7a9546e03f3
results/en/10Cr/group03/POSCAR_bulk_doped,3961,700328fd5555e164334ae1f828039f418b6921bd679e1f3ba71604b6b085379e
results/en/10Cr/group04/all_MOM_combinations_including_zero.csv,20626,2eaa324fa4fe32044fa4cb8941ce03da2550141cb94c70b40834f2b76729ea75
results/en/10Cr/group04/bond_types_and_counts.csv,1732,b6c139c518de6da021b4da05c59f8da66840de3d7945926d3e5ec9a423c1bae2
results/en/10Cr/group04/bonds.csv,9438,457fa30d19340441bac6276e62ad1be419b02f6797fce9a629ebc888c67ebcdc
results/en/10Cr/group04/MOM_paths.csv,26856,cd19423099f5a752813a083a9b7e242d754748efef0c9e94bb56876d0d0c203e
results/en/10Cr/group04/observed_MOM_types_and_counts.csv,3064,703a519069681f7557e8816fb5dab11ad636bc826795306f417a527c279fcd6b
results/en/10Cr/group04/POSCAR_bulk_doped,3961,9ecf2ad0a81860cd5543fe9c56c54baf952b9cc3c35128aab923e607b414dcc8
results/en/10Cr/group05/all_MOM_combinations_including_zero.csv,20626,fd10b2612bbe59323f0152f151dd456b962aafeddb07bc20ed6d661a80dd170f
results/en/10Cr/group05/bond_types_and_counts.csv,1732,b6c139c518de6da021b4da05c59f8da66840de3d7945926d3e5ec9a423c1bae2
results/en/10Cr/group05/bonds.csv,9438,2eee912b815a6fd08bd4973436505911dc4033a4be3ffc908e91ee5e5eb6d282
results/en/10Cr/group05/MOM_paths.csv,26856,dead8f0392c67bbe8cab132035dcd42fb46e50bb7ce5ddf32631aef26e2a7d12
results/en/10Cr/group05/observed_MOM_types_and_counts.csv,3064,706509bcacee2053e87c67d6b27fdf2eccdcadff1108d2b94bb4f92c0d9e7b36
results/en/10Cr/group05/POSCAR_bulk_doped,3961,77010bfa9cbae00ebfa6017c34495087a2eaa7ba49ca2f208c28f5b48a3b15f6
results/en/10Cr/group07/all_MOM_combinations_including_zero.csv,20625,6ccdd21cafab6173e26518875eee3641057566742273dca98610c33b4cdb289b
results/en/10Cr/group07/bond_types_and_counts.csv,1732,b6c139c518de6da021b4da05c59f8da66840de3d7945926d3e5ec9a423c1bae2
results/en/10Cr/group07/bonds.csv,9438,1b4778cbf5fa4747d410e3370b8bdb029b9cfa720e3d5c25361228632c09ade9
results/en/10Cr/group07/MOM_paths.csv,26856,18005bb4131b4b724fda90a30f3712c5dceca301c48e582ea55f2545b3fc173d
results/en/10Cr/group07/observed_MOM_types_and_counts.csv,3063,1fd1ed419b9c8fca8f92dfd0596b0c5d5b9356796e9ed93ad5dc4a271c9ecc39
results/en/10Cr/group07/POSCAR_bulk_doped,3961,7d670028d3925e1c5915458d6883a10dd12f9219934f5d26dfb92487b93af823
results/en/10Cr/group08/all_MOM_combinations_including_zero.csv,20472,7f6bbd3b49964d5dd7dfa3ae1aa76d5dbbcd4f23db8128f3193bf50f374753ae
results/en/10Cr/group08/bond_types_and_counts.csv,1735,f378e6edb03cac4d14a895418b8fc2b89dfd0fe87a14ba50e5b3fd5aa2369836
results/en/10Cr/group08/bonds.csv,9437,09bf9449e604e5798d470a368fbe74fcedf52ef3e00f1278f6e0af1aab22555a
results/en/10Cr/group08/MOM_paths.csv,26853,7c82e7716d6e322d9d998c51f7fb0c9ee9f398b0ea1041322b3a983c3d67438c
results/en/10Cr/group08/observed_MOM_types_and_counts.csv,2310,b4aabc27c119506b30bed42b712d380a51a879a0074fae8169cec60a0c4f0cae
results/en/10Cr/group08/POSCAR_bulk_doped,3961,c4bce0b7245280c2c9ecb378db88522d20dcdfb15e117cfd186c333c763297f5
results/en/10Cr/group09/all_MOM_combinations_including_zero.csv,20561,5250560165542e8e87a1c28a27f92214511d4ca608ad35f747c9972da443479f
results/en/10Cr/group09/bond_types_and_counts.csv,1734,e2ea08ba9b116377198f37bf46b7e8fb301261f0bc46c8598bc734f530166607
results/en/10Cr/group09/bonds.csv,9438,cf25f89c8461974f7f4d327cdcff7e6e7c35376764fa33bcec2f55c64f4db2a3
results/en/10Cr/group09/MOM_paths.csv,26856,9e24b31f0b806b525710fd8ad1dc24e3a46b454d8564d622dc24831f962a600b
results/en/10Cr/group09/observed_MOM_types_and_counts.csv,2730,dfc99845e25caac79a258872f17cb6ec4336cd812bae7921328031e4b712f86f
results/en/10Cr/group09/POSCAR_bulk_doped,3961,513a69b00e41fa488515d312fee872bc6e1bc13f03e0382e76a90c38d0a7d475
results/en/10Cr/group10/all_MOM_combinations_including_zero.csv,20633,7ba79bd055ab79afa0bc73eedbb8fba88c71dffb01c4c0341616b5a5196626b6
results/en/10Cr/group10/bond_types_and_counts.csv,1734,9c9725aa10d0f619ecb07b82a1eff88d4b3374e8e116d630d5a2523031a56895
results/en/10Cr/group10/bonds.csv,9438,0ac773f9fa55d449bd06dbfb7d8408688933fae08231c15aeceab3e86471121c
results/en/10Cr/group10/MOM_paths.csv,26856,27062e75bb10d2363b96aa510b0718cfe41e50517875b4202b43c063728b5a01
results/en/10Cr/group10/observed_MOM_types_and_counts.csv,3066,12d74e980ec1c78397c704351a879ec3da4b54f75cf288bc8ae0b5a3df5918f4
results/en/10Cr/group10/POSCAR_bulk_doped,3961,963b3cd335cefe2419adf6bf658b4743ec24172b9c07a0b940e87b9785746128
results/en/10Cr/group11/all_MOM_combinations_including_zero.csv,20543,c955c07348a1350ad2b5f77ce192a671e1e403fbfa5e3682bc968f8449791361
results/en/10Cr/group11/bond_types_and_counts.csv,1735,06e0d7746027a87ea5908e8b3c1edee87be5516eda40e912356ae3e86edb7f50
results/en/10Cr/group11/bonds.csv,9435,b58d670c073e704b13b228118c5ae7bfcdb7b3fcb3c019cef46c543ed8d6b8a8
results/en/10Cr/group11/MOM_paths.csv,26847,10891a19734f1f6c1d62964f242b66138878c38a18873854a32a7ff92b4bd2e4
results/en/10Cr/group11/observed_MOM_types_and_counts.csv,2641,10b7e77b054963d6b328a13dbd74bcc4ff579c8f25814192e00582ca382981d2
results/en/10Cr/group11/POSCAR_bulk_doped,3961,a5e4d65121b1497ab9579b907c5ff873cc4e54617e49ab308fc3c60aa3ed9c65
results/en/10Cr/group12/all_MOM_combinations_including_zero.csv,20545,d98fbe21944065ee3001476984dd69723c4ebb11c49dc98f78bd5ca788fc2162
results/en/10Cr/group12/bond_types_and_counts.csv,1735,06e0d7746027a87ea5908e8b3c1edee87be5516eda40e912356ae3e86edb7f50
results/en/10Cr/group12/bonds.csv,9435,78f0e681667408be4a2642da413edb06ab53bc4e62b9412a7344409a68da33af
results/en/10Cr/group12/MOM_paths.csv,26847,5e4c1deda58a715a9218fdf5a276cd4c87a7b865ea75ebe55a532b743910a588
results/en/10Cr/group12/observed_MOM_types_and_counts.csv,2643,68e6f7ab0631863cae92961aab5069634884bb8a4be667165766d1de55007c3a
results/en/10Cr/group12/POSCAR_bulk_doped,3961,afb827658922c497b688503fd627ad7a4b5d50085298fe2cfb6de4490ecba57c
results/en/10Cr/group13/all_MOM_combinations_including_zero.csv,20543,37a523a9b12c246e0a28919496a5d21baec7b09b603d82bf6e81477eb19b04c7
results/en/10Cr/group13/bond_types_and_counts.csv,1735,06e0d7746027a87ea5908e8b3c1edee87be5516eda40e912356ae3e86edb7f50
results/en/10Cr/group13/bonds.csv,9435,9334fd881309738d7e664a723127afa88f7893fd47c65ce73663b76f2af45c50
results/en/10Cr/group13/MOM_paths.csv,26847,de432c0f503dc378fafe2534bcc107bd86d63cef003b5d79bafb463c19f20ac2
results/en/10Cr/group13/observed_MOM_types_and_counts.csv,2641,6cbe1ef6498b1deef9007fc4ff560230d5259158cfe4e5e4237847a7828d04f3
results/en/10Cr/group13/POSCAR_bulk_doped,3961,c890eaf908fa4c38b1671d727396cf0eb206992e14cebde86c102d1edb1ee1c0
results/en/10Cr/group14/all_MOM_combinations_including_zero.csv,20549,314edb7c11b4ea92b8e5dce29f0236767f6edad6d300671b1b5cbdcd50d50796
results/en/10Cr/group14/bond_types_and_counts.csv,1737,b9fe95964f1a79bff9d110759a05dd5c00ac9210f9586224bdc25eed355612f6
results/en/10Cr/group14/bonds.csv,9435,ec7783eb343a1e5878dfc7c494b41986c5cc190df8851001c11c4b19ff61c86a
results/en/10Cr/group14/MOM_paths.csv,26847,9e68e789c5680073576844a5631308e7bd977ea705bff0ac23a18254d8c569a9
results/en/10Cr/group14/observed_MOM_types_and_counts.csv,2647,f7828de84caeb5f6271139e5b9fe5905b3921074fd20319c05437cab6f1b2b3e
results/en/10Cr/group14/POSCAR_bulk_doped,3961,7601b2f144f160d1a54c17cbe46f35ab222116ed1aed4f8688b40b8c41305358
results/en/10Cr/group15/all_MOM_combinations_including_zero.csv,20547,bd44e355bc8a25455825c7334a21d6e359a88f4db52693bf587538f3d4a8cc98
results/en/10Cr/group15/bond_types_and_counts.csv,1737,b9fe95964f1a79bff9d110759a05dd5c00ac9210f9586224bdc25eed355612f6
results/en/10Cr/group15/bonds.csv,9435,d7cb43fb6bb8e4a00a4c67f3c163778a5260458784bf6e5753c864dc07adb231
results/en/10Cr/group15/MOM_paths.csv,26847,27352aaa01e4e64fc4e477a614c2378a5eca6af6ba3a74f7b8661f26fc52ab56
results/en/10Cr/group15/observed_MOM_types_and_counts.csv,2645,2615a398ed9701821afe83f0fdace0f2aac84286fb948c4cc06e1e356354c32f
results/en/10Cr/group15/POSCAR_bulk_doped,3961,c0df8a9f896dc6753b0b26ec7dab815a02c6c2a3695524d8f20e1584b23b69ed
results/en/2Cr/group10_2a_layer16__2b_layer12/all_MOM_combinations_including_zero.csv,20394,833c7d0de8ea252f6a9c8e43424d2f9af7740decabf56c4efe5a300ece45d9f9
results/en/2Cr/group10_2a_layer16__2b_layer12/bond_types_and_counts.csv,1736,f64516f1b71d487b1cdba9327dc75bb70ec0c04ea2f7b74f896cda6f467b19bc
results/en/2Cr/group10_2a_layer16__2b_layer12/bonds.csv,9477,d4c18fe990e76d20a0d311fa99d3622fd65b20ddb2f3dfcaa7f52559543535b6
results/en/2Cr/group10_2a_layer16__2b_layer12/MOM_paths.csv,26973,386b34654c5a0306236347897a26b740e60669450f6bb4487cc602f2d83425fc
results/en/2Cr/group10_2a_layer16__2b_layer12/observed_MOM_types_and_counts.csv,1908,720989023c671eefc2c0da4d9cad2ae7c7d3bf5d75736c4608b0d676a3b8cbeb
results/en/2Cr/group10_2a_layer16__2b_layer12/POSCAR_bulk_doped,3982,b6e560be5616d5927fcc751c726ee2c5bb3469f94d89f717451416f252f0e44f
results/en/2Cr/group11_4f1_layer15__4f2_layer13/all_MOM_combinations_including_zero.csv,20447,f9a0f8d1b07cc041f7dde8b57f6c564d9eb7c8b730f92259394eb3f96c8f7c48
results/en/2Cr/group11_4f1_layer15__4f2_layer13/bond_types_and_counts.csv,1734,970e3f64a7441a3869b9e1523deb04ce0cf0ae7a89dccbee1e76b74e52e8fbe2
results/en/2Cr/group11_4f1_layer15__4f2_layer13/bonds.csv,9478,d37918afa4d0ba8dc057e5954594ffedbc165fe5513863721987183dde165d20
results/en/2Cr/group11_4f1_layer15__4f2_layer13/MOM_paths.csv,26976,169d1ca47f3805d68097566f6450813a4d3da7f11a0f11cb81197c8ba2e4a787
results/en/2Cr/group11_4f1_layer15__4f2_layer13/observed_MOM_types_and_counts.csv,2162,121d9006bd4db444efe5ae204fd336946108e594ed73df950210e06a57413d5b
results/en/2Cr/group11_4f1_layer15__4f2_layer13/POSCAR_bulk_doped,3984,190ca35acaad3197bca7d8def8062af567efd898560593cf77292dc2c475e609
results/en/2Cr/group12_2a_layer8__12k_layer2_1/all_MOM_combinations_including_zero.csv,20517,d73a4e30ef6ce67d1927bde1450022f8b38ae7d9f07cbe2ea8ef96937925807c
results/en/2Cr/group12_2a_layer8__12k_layer2_1/bond_types_and_counts.csv,1736,e9654290161571cf10711771ae6c30bc35d3176d8577ea9567a1a9b50f02fc68
results/en/2Cr/group12_2a_layer8__12k_layer2_1/bonds.csv,9476,df68aa0a3b7062ba50f2cd12df539c68dd110f2c23f7b22974c480b7de0e308b
results/en/2Cr/group12_2a_layer8__12k_layer2_1/MOM_paths.csv,26970,f26e5e13d6ea4675b9e7af03faeec1b88b882d44ae10edf8614afcbbf8d0d027
results/en/2Cr/group12_2a_layer8__12k_layer2_1/observed_MOM_types_and_counts.csv,2488,dd76caa10763f9504f40b5d4977b4ae5e9898f84590f70b7bbb982d521803d77
results/en/2Cr/group12_2a_layer8__12k_layer2_1/POSCAR_bulk_doped,3983,c720eb5e44ad00b5e998176a14e7a5fb076c5fab3d2b31899086b0801dbdcc52
results/en/2Cr/group13_12k_layer2_1__layer2_2/all_MOM_combinations_including_zero.csv,20543,018cb24b2a3a1d97db971440785d3e11af085a107d39599ab5cdd8b2de33ddc8
results/en/2Cr/group13_12k_layer2_1__layer2_2/bond_types_and_counts.csv,1737,95e3aef7a8e27a1d970e2933091dbeaa57362746e3a88f1ef898134669b9797e
results/en/2Cr/group13_12k_layer2_1__layer2_2/bonds.csv,9476,0baa061ee8a0b02de095fe45ca4936f85b45a7fa3d199ef88621bf072ca33652
results/en/2Cr/group13_12k_layer2_1__layer2_2/MOM_paths.csv,26970,5b9fb3d1d528ca662f71b5f6fa4fbe7b128258c6482fa9035ae2f1809e6fb9e3
results/en/2Cr/group13_12k_layer2_1__layer2_2/observed_MOM_types_and_counts.csv,2641,955a043f07d74f6cac7b9cd1fa472f031e6e837523ad86932b39604e700af0b2
results/en/2Cr/group13_12k_layer2_1__layer2_2/POSCAR_bulk_doped,3982,a35a306edea00c7d65e7c5b30f2717f3bf85c8b20224cbc87a7731cf39ba098a
results/en/2Cr/group1_layer2_2__layer10_1/all_MOM_combinations_including_zero.csv,20476,6730f2a93c665c3812c0f1008589273244d8fa7635333e2f9056ffab93208f59
results/en/2Cr/group1_layer2_2__layer10_1/bond_types_and_counts.csv,1737,95e3aef7a8e27a1d970e2933091dbeaa57362746e3a88f1ef898134669b9797e
results/en/2Cr/group1_layer2_2__layer10_1/bonds.csv,9476,fc238526a629ef75f5aa8b6f261b43716fe196fc79c7eb277de85a92fb62b7d3
results/en/2Cr/group1_layer2_2__layer10_1/MOM_paths.csv,26970,684139d9ddd6dd05a5909f6b50fb63e64a4539fbd8f514620db6b568435d7eeb
results/en/2Cr/group1_layer2_2__layer10_1/observed_MOM_types_and_counts.csv,2314,9743a0d91dd89acb039d344f7a4020f027610f2be255badb2b7135590e859f29
results/en/2Cr/group1_layer2_2__layer10_1/POSCAR_bulk_doped,3978,d42c5e7ef1780a8a2885cc7443e64f3673074bd0f701769d6e197ffbd022ad3a
results/en/2Cr/group2_2a_layer16__2a_layer8/all_MOM_combinations_including_zero.csv,20310,a69171aac85674338698a632024eb036c760b336fd0ca3a0c1be5e65348ea7db
results/en/2Cr/group2_2a_layer16__2a_layer8/bond_types_and_counts.csv,1737,95a0fc73d3adec0e1cb8a3206385a5b7bba2d701436f9ddddde42cac9973c135
results/en/2Cr/group2_2a_layer16__2a_layer8/bonds.csv,9476,65458f37dfc4152d4de4f42719d91721487787d73eeab926aeb1794e6a06221f
results/en/2Cr/group2_2a_layer16__2a_layer8/MOM_paths.csv,26970,8ca95b5101169c4795bfb99def9b7662f64cd81100e93e05ba6f91dbad6a370b
results/en/2Cr/group2_2a_layer16__2a_layer8/observed_MOM_types_and_counts.csv,1492,ea5bdd4c81f8edb46e847e92f9db73f915e0f162fb65bac5010107beffd56ff2
results/en/2Cr/group2_2a_layer16__2a_layer8/POSCAR_bulk_doped,3980,4bcd32941fd0fa9b3bcc26bb5df045bde462601d97e1966737ae1b21c6311c18
results/en/2Cr/group3_2b_layer12__2b_layer4/all_MOM_combinations_including_zero.csv,20310,3baa5b0e4c7bad7870ba99a9e3e22b56f65844a1077fb3b47e58312da00e4795
results/en/2Cr/group3_2b_layer12__2b_layer4/bond_types_and_counts.csv,1737,ef87ea6a336a82c269db2cce11f1bb0dad308a3e5a6c48b38b114ff4d141a2a5
results/en/2Cr/group3_2b_layer12__2b_layer4/bonds.csv,9478,f492fba45df871710e7b7665d323f6f594e1f3bc83f33692d9a1df84985c6cd8
results/en/2Cr/group3_2b_layer12__2b_layer4/MOM_paths.csv,26976,5bf2e75ba669985c075345b1e62af1f5d116ed9ec40c6108e552b1776ecf6827
results/en/2Cr/group3_2b_layer12__2b_layer4/observed_MOM_types_and_counts.csv,1492,e98a23e33a9492d53609aa6e75eb9ea0ae4022483b5009f8167eca0b5aa15f87
results/en/2Cr/group3_2b_layer12__2b_layer4/POSCAR_bulk_doped,3980,a9e916651b5a85b177477dbb895f328ac0c5d31de983b22ba135f80c4462e8bd
results/en/2Cr/group4_4f1_layer15__4f1_layer9/all_MOM_combinations_including_zero.csv,20363,b841204c2b4f8121850e37a6a5b02c6a2339d068607156d9207fd37e2217ce70
results/en/2Cr/group4_4f1_layer15__4f1_layer9/bond_types_and_counts.csv,1736,95000c6aebf4e1d435e9b25042cff318406c756e9d8bbea1de963f25e85ab0b3
results/en/2Cr/group4_4f1_layer15__4f1_layer9/bonds.csv,9480,86bafa36452d4554866f99bcd72ee6a99f3d154a2d65bdedcc6c6bca49fbff0a
results/en/2Cr/group4_4f1_layer15__4f1_layer9/MOM_paths.csv,26982,e33da8c4905a9f056f1e0090662cdcb5ca6f8aefe57a179f0b7a215a191e341e
results/en/2Cr/group4_4f1_layer15__4f1_layer9/observed_MOM_types_and_counts.csv,1744,dc5e54746f482ce7c88416c32d5766f35868047df4a49608aef09fdfb176bf4f
results/en/2Cr/group4_4f1_layer15__4f1_layer9/POSCAR_bulk_doped,3982,3f6b61fe3c1d1577e0fee62f78c344616b03c77d1b3ebf7a8ba1fd76e9033365
results/en/2Cr/group5_4f1_layer7__4f1_layer1/all_MOM_combinations_including_zero.csv,20363,6ae2430af0c1689199973a88596d73a7ea804885f05a1a9b65f120c4eefb3a46
results/en/2Cr/group5_4f1_layer7__4f1_layer1/bond_types_and_counts.csv,1736,95000c6aebf4e1d435e9b25042cff318406c756e9d8bbea1de963f25e85ab0b3
results/en/2Cr/group5_4f1_layer7__4f1_layer1/bonds.csv,9480,ceea22697a9f2e43538172e3097c56806da2e58f6c7b3f34686ebd2fc85917a9
results/en/2Cr/group5_4f1_layer7__4f1_layer1/MOM_paths.csv,26982,6ce7232db7a5a21be82d50670e0b5234fe48de4fadca8994a4608f7b66b5ffb5
results/en/2Cr/group5_4f1_layer7__4f1_layer1/observed_MOM_types_and_counts.csv,1744,593f1ec9c80f13e72e921cc0880a98c41f80ecf3b3d2599357e299cec1ec88c1
results/en/2Cr/group5_4f1_layer7__4f1_layer1/POSCAR_bulk_doped,3981,72cd5c73427a324ac3c632f7ee865e158723a595e09f5816c80cbd6f289be8f2
results/en/2Cr/group6_4f2_layer13__4f2_layer5/all_MOM_combinations_including_zero.csv,20378,9c301af3cc54cec772a58c3e232b0a905c46d232078a9bda8511dc1b31d5d732
results/en/2Cr/group6_4f2_layer13__4f2_layer5/bond_types_and_counts.csv,1735,71c1ad9eaaaa5afaf9c5bfad68beb72371004b9364996fae93cca9a6606653c0
results/en/2Cr/group6_4f2_layer13__4f2_layer5/bonds.csv,9476,216ddab8e5d0e3764c0a4b9271ddb0cf436690971e3fffbc5e33bdd6054e4ea0
results/en/2Cr/group6_4f2_layer13__4f2_layer5/MOM_paths.csv,26970,5d0d55755a4c23ffe408c2105cb96929e270f314474c3de6a7854a2b264089dd
results/en/2Cr/group6_4f2_layer13__4f2_layer5/observed_MOM_types_and_counts.csv,1827,3025332047d229c006f9c5ba981be8a7d19aadcdb2e037a6974a5bad165e8073
results/en/2Cr/group6_4f2_layer13__4f2_layer5/POSCAR_bulk_doped,3982,718398e97a2da76cbe2211ed7285501927a5201761f0eedfca950dc662ce1b00
results/en/2Cr/group7_4f2_layer11__4f2_layer3/all_MOM_combinations_including_zero.csv,20378,ea13f3762f3ae64a4e340de039abc6d640d2416b7250acfbc5eb465f992fa4c5
results/en/2Cr/group7_4f2_layer11__4f2_layer3/bond_types_and_counts.csv,1735,71c1ad9eaaaa5afaf9c5bfad68beb72371004b9364996fae93cca9a6606653c0
results/en/2Cr/group7_4f2_layer11__4f2_layer3/bonds.csv,9476,d384bef5f181740e320db86cb27d6595fdfcc6dbc3e364f1038bd1ed1ffaa110
results/en/2Cr/group7_4f2_layer11__4f2_layer3/MOM_paths.csv,26970,456448cb0bf599144950ee61deed973c37cab3e42b748e71d0b3b537e0b9116b
results/en/2Cr/group7_4f2_layer11__4f2_layer3/observed_MOM_types_and_counts.csv,1827,bf00ac2dce400a2bc199bce1aef1d5dd24a59d8635488ff05233864f3788e311
results/en/2Cr/group7_4f2_layer11__4f2_layer3/POSCAR_bulk_doped,3982,052110fcdc4113af577e969425f4f9e19ecf0ebb56adf41f6e59ab356e6b5055
results/en/2Cr/group8_layer6_1__layer14_3/all_MOM_combinations_including_zero.csv,20476,79ab644da417eb9f3038fbcbbc1edcbbf888c282e92c7aed75cbe4621f065622
results/en/2Cr/group8_layer6_1__layer14_3/bond_types_and_counts.csv,1737,95e3aef7a8e27a1d970e2933091dbeaa57362746e3a88f1ef898134669b9797e
results/en/2Cr/group8_layer6_1__layer14_3/bonds.csv,9476,ed1608921f737990218e2c4a7edf86f3387ab5521719f943099dc8c48ccc565b
results/en/2Cr/group8_layer6_1__layer14_3/MOM_paths.csv,26970,2e306c946257abb1907f45eda88b49df6cecfabd77ba56318de094e32858f470
results/en/2Cr/group8_layer6_1__layer14_3/observed_MOM_types_and_counts.csv,2314,2f1178edc6d1c04316bd667ff544ac665ffa46d01fbaf40339014302a89e6dca
results/en/2Cr/group8_layer6_1__layer14_3/POSCAR_bulk_doped,3978,67b27023a16be35f35066cc6ab13aa7f4c28d9e0f4eb252985276589767318b0
results/en/2Cr/group9_layer2_1__layer10_2/all_MOM_combinations_including_zero.csv,20480,90fd985f306e0315d14980f90b86a18f45e270ee2b9def7cb40bb8c34b5d56ea
results/en/2Cr/group9_layer2_1__layer10_2/bond_types_and_counts.csv,1737,95e3aef7a8e27a1d970e2933091dbeaa57362746e3a88f1ef898134669b9797e
results/en/2Cr/group9_layer2_1__layer10_2/bonds.csv,9476,285fc956e1217274b4b048987de6c2f91483cefc5df36b506127705c9dbdc5d4
results/en/2Cr/group9_layer2_1__layer10_2/MOM_paths.csv,26970,996217e51f6faca7a6dfd040435f168ec28418cd4219d38ba02427590c4a02dc
results/en/2Cr/group9_layer2_1__layer10_2/observed_MOM_types_and_counts.csv,2318,fa41dca0cd65775262ca4c6066a9828bae768b12fb3fc02a6259c803e81cc3dd
results/en/2Cr/group9_layer2_1__layer10_2/POSCAR_bulk_doped,3978,2251a32ec932535973ab94a8fc15b10e0320cbec9600bbcf5a57a4bac6d92874
results/en/4Cr/group01/all_MOM_combinations_including_zero.csv,20477,3c05b51dfdf5b37d92460a98b4a3462e836efe524bcb12ec8ea8335c3a3da653
results/en/4Cr/group01/bond_types_and_counts.csv,1735,cda748f532b50c62ce5b05763fbd9b6a6d34dbfe7c57714b3de32742d8010ca7
results/en/4Cr/group01/bonds.csv,9464,0d674170c990533d8fe85e6622b912fe47131a949bcc470a5e43e8f41f0da5c7
results/en/4Cr/group01/MOM_paths.csv,26934,0354fd0da4eb75fae6161d3038b4fb9793371b906ba9908f0253400048a9872e
results/en/4Cr/group01/observed_MOM_types_and_counts.csv,2315,b777b61e0b1396b93d165e2b2a16e2a668cf0d86e0b110571f39c55607b4d939
results/en/4Cr/group01/POSCAR_bulk_doped,3959,c02aaa18c2464756c75f8dabd6574d107bce65f88acf3ba1550dad936c03078b
results/en/4Cr/group02/all_MOM_combinations_including_zero.csv,20473,ad2df20f8cc18f72c3ef1f3df1aec0c30ce4ea4bd9fbdea3aeb22d6d45a09d68
results/en/4Cr/group02/bond_types_and_counts.csv,1735,cda748f532b50c62ce5b05763fbd9b6a6d34dbfe7c57714b3de32742d8010ca7
results/en/4Cr/group02/bonds.csv,9464,9cc4892409ee89460ed5bca544806531a63006ca7976e2c5584044d046a4cfd5
results/en/4Cr/group02/MOM_paths.csv,26934,17e420f1755967fffe392ac58d48115f9da06805c0d721c5318d09cdd0263114
results/en/4Cr/group02/observed_MOM_types_and_counts.csv,2311,85e3ac5eef2a1db78aa013816dc30ffc86dd738cce9de6e257eb3c65e20e2d55
results/en/4Cr/group02/POSCAR_bulk_doped,3959,892dcad28f675f0fcd6a64c2e8484840ac72fa3c5763f03ac4c244096c859c2f
results/en/4Cr/group03/all_MOM_combinations_including_zero.csv,20543,8ce703c51db0cbca9e151babd0784e24cb38c667d41add0a9e4940f2702a463f
results/en/4Cr/group03/bond_types_and_counts.csv,1735,cda748f532b50c62ce5b05763fbd9b6a6d34dbfe7c57714b3de32742d8010ca7
results/en/4Cr/group03/bonds.csv,9464,82b181e578793b47564fde441454dda3f663ec27d8c993f2d7e59ea3b06c998b
results/en/4Cr/group03/MOM_paths.csv,26934,c6e18624e7021cafca2385667d6334512160b663172a88c987afe81f59a542d2
results/en/4Cr/group03/observed_MOM_types_and_counts.csv,2641,f5c70f6d63ac4bfb610f59c8b072a3c08e8c5e52032f8c3c088a13215f8858e0
results/en/4Cr/group03/POSCAR_bulk_doped,3959,9d7fc23cef52d93427fe2a867759d94f7339afbef35ac5c7d011061e31eff972
results/en/4Cr/group04/all_MOM_combinations_including_zero.csv,20310,b05bdcb67aab09a94569641fe8a9f7ca3ed9e65ea8a9c9a5acd664e2ed88f698
results/en/4Cr/group04/bond_types_and_counts.csv,1737,490776b46283a63c2ff932f8e7bca516dd901a64cd924eb69a4877704e453f39
results/en/4Cr/group04/bonds.csv,9464,d08835d4716a93fc6c82688621b3412cea79f9eccb101160d3b51277b819c8a3
results/en/4Cr/group04/MOM_paths.csv,26934,c09d2e1a8af0fc8fd07f3639703b86960fd808a28e117e4c9534db47f70ff4c8
results/en/4Cr/group04/observed_MOM_types_and_counts.csv,1492,eb809b06aaddb9c794c423dd21b2c344c2b2f30012d7bc4211958fd3902866b3
results/en/4Cr/group04/POSCAR_bulk_doped,3959,fa657461d4005e56003abd0107d335b8e654594717101694b583cedea9e9db1d
results/en/4Cr/group05/all_MOM_combinations_including_zero.csv,20395,20fb11681cee73b58f4409aef3bfc86845b5dde437ca534bde607c0b64acc38b
results/en/4Cr/group05/bond_types_and_counts.csv,1735,ff9dce5a1d37ae794914f8a6726cf4f891cc96de1a88553ad9e97e1d17fcfc0a
results/en/4Cr/group05/bonds.csv,9464,d310be2d2f9f32f9521a0a03a98d113129c1032f478ca101ebbb89128bbbcbb7
results/en/4Cr/group05/MOM_paths.csv,26934,26d52202c6bbde324b688353d95fefca963c10e93eac3e5e5e220a9b311d53d5
results/en/4Cr/group05/observed_MOM_types_and_counts.csv,1911,66aa3630d5fec28e385a843b333562f3ff2361f969aa6bbcf25d082030452e7c
results/en/4Cr/group05/POSCAR_bulk_doped,3959,778db239b844661f509b4cdf1e5eea46bb8cecfc1ea1c60c93cbab0f97632edd
results/en/4Cr/group06/all_MOM_combinations_including_zero.csv,20377,e6b3230407e429eae644e34c2b015d3aafac2e9105d0a19d44c6149dd5c03861
results/en/4Cr/group06/bond_types_and_counts.csv,1735,ff9dce5a1d37ae794914f8a6726cf4f891cc96de1a88553ad9e97e1d17fcfc0a
results/en/4Cr/group06/bonds.csv,9464,a3fcc68bc5b7630e317df314a92f075359c1a83deaedbbb57444aa1767df8ed7
results/en/4Cr/group06/MOM_paths.csv,26934,1ca5f36f43d985f6ccd4f745989660abebf9f3fb7933dd062d51977542e50885
results/en/4Cr/group06/observed_MOM_types_and_counts.csv,1826,9dc1b83d601ab0b8915220e69b63e82794912a35547c20627e275f2d258d63d9
results/en/4Cr/group06/POSCAR_bulk_doped,3959,666e3644d84ce2f28673f938399bcadf9eb7e78466024eee064e27d55ca69f0e
results/en/4Cr/group07/all_MOM_combinations_including_zero.csv,20546,1dd8e6d7eca4c5edac5036b24686801fd5389c5ed55f4dfdb2ef4a4f502318ca
results/en/4Cr/group07/bond_types_and_counts.csv,1737,2777dec370f0346de2015a6e505bc1ceea7b08505853cec11ddd26c31e497fb6
results/en/4Cr/group07/bonds.csv,9464,206a3f88474bfe394e4da7bdb389d2941d371194cf784f3319a3152e9124bff3
results/en/4Cr/group07/MOM_paths.csv,26934,43260ef3bf435a8e8917396ee9d9c977a1f81323a87890348f9ad7352b6222ed
results/en/4Cr/group07/observed_MOM_types_and_counts.csv,2644,730c46d49fdc40de735bdbbb2c9afd8b351ed497201b5959974a3a5c670a4e42
results/en/4Cr/group07/POSCAR_bulk_doped,3959,df6d6a65c28cd26a7df4abf891825754aad9f416033e4e906b1960926535ccbc
results/en/4Cr/group08/all_MOM_combinations_including_zero.csv,20479,149e5f36c6d148d301d7b4f36314edb618f8e77bf883aa108a49c58c883f15a3
results/en/4Cr/group08/bond_types_and_counts.csv,1737,2777dec370f0346de2015a6e505bc1ceea7b08505853cec11ddd26c31e497fb6
results/en/4Cr/group08/bonds.csv,9464,7959c095e99cc49c4846b4f4732769fffda48135a91a68b55b4e369fc6b64559
results/en/4Cr/group08/MOM_paths.csv,26934,a61b9b581d09dc39aa380e0649b940a3721da9d74932875881135af8ba26accd
results/en/4Cr/group08/observed_MOM_types_and_counts.csv,2317,7d848f141d8e97b30d9f2daf13eb1f385117103ad1a30aca72050eb83ada2f27
results/en/4Cr/group08/POSCAR_bulk_doped,3959,89585788e70a48729054b10256d6df428a50b96e8f8e7909917173a25f971e95
results/en/4Cr/group09_case1/all_MOM_combinations_including_zero.csv,20565,2e1789fd4c1c6a53309709815cdec825e8fd76cf3d4b10ba9eec0fe6d01b77eb
results/en/4Cr/group09_case1/bond_types_and_counts.csv,1735,6144b58289a8df53f60ece9f1e39ea6264c783cdca232caf9db5e045d0598c7c
results/en/4Cr/group09_case1/bonds.csv,9464,82ab06886b02217c494faea85fec274eacfe3f0fe7e1f3df7389afbb63fc8fa9
results/en/4Cr/group09_case1/MOM_paths.csv,26934,a74da72430d0364911d79938b01b0d8654ce8732ad7d5732c24a39eb90bfe303
results/en/4Cr/group09_case1/observed_MOM_types_and_counts.csv,2737,15e21729561cd2a34bdb58c99b18f81272741ca14ceafae57480c509240ac71c
results/en/4Cr/group09_case1/POSCAR_bulk_doped,3965,a74e6cdc02bd1e33c7bac163eda966204989ba91de7ebc8739014715da627191
results/en/4Cr/group09_case2/all_MOM_combinations_including_zero.csv,20564,37c1884d07277917cb5342b0f552f1c7fa531fecdcc355104690dfe1dda546c9
results/en/4Cr/group09_case2/bond_types_and_counts.csv,1735,6144b58289a8df53f60ece9f1e39ea6264c783cdca232caf9db5e045d0598c7c
results/en/4Cr/group09_case2/bonds.csv,9464,bb35236972657700be4868dd33cbcba7034388a4c975975e95ac2938d17ced7f
results/en/4Cr/group09_case2/MOM_paths.csv,26934,8c3e87ecc5d636fceb090721253dff523c2bf8848a9b5be271e131369c5f4c7f
results/en/4Cr/group09_case2/observed_MOM_types_and_counts.csv,2736,c0e14ecc6ad5569dbfd2198097160a5e99eef066d053e49bc226aac1aae37d58
results/en/4Cr/group09_case2/POSCAR_bulk_doped,3965,24a92de5edb216860e2e9520b7288bc49ad402da9d78b317b0df374e0ec4499b
results/en/4Cr/group10_case1/all_MOM_combinations_including_zero.csv,20633,c873015ae5b39e98a79b981adbd494a801d5e01eddad401b006254332a307e87
results/en/4Cr/group10_case1/bond_types_and_counts.csv,1734,96036ff1755ae33655dac8b5b44e75610f81ab427530305a4f7c466b2047b0c9
results/en/4Cr/group10_case1/bonds.csv,9464,05e79d71d92d2771b5342d8538f845de9a6f362b28841bfb8257a425a57e2ce2
results/en/4Cr/group10_case1/MOM_paths.csv,26934,29c352eaafa10c0fc43a247b75bf0e73e51b1b6228b35a5a1842b126ff9ab903
results/en/4Cr/group10_case1/observed_MOM_types_and_counts.csv,3071,c1484a05a1d44d95de3bb593921c605d5c7fc1346e84b67bb405f3a8457252c9
results/en/4Cr/group10_case1/POSCAR_bulk_doped,3965,fc537d349d25ec9ef4768359c2bc891e93f8c1d10dd45d9a941980db31044972
results/en/4Cr/group10_case2/all_MOM_combinations_including_zero.csv,20628,28093d3c9dea993ea9abf9651e1d9c3f9360206b9d6340fd02d2dbbd4ee151fd
results/en/4Cr/group10_case2/bond_types_and_counts.csv,1734,96036ff1755ae33655dac8b5b44e75610f81ab427530305a4f7c466b2047b0c9
results/en/4Cr/group10_case2/bonds.csv,9464,56701a256bfe75d096d796b14d5c598af64c2def06c7ca5feec83ee0b419bff7
results/en/4Cr/group10_case2/MOM_paths.csv,26934,4414fae5ffce04a854ec8317caef264793f50426c12dfa970a829abdf9ba5809
results/en/4Cr/group10_case2/observed_MOM_types_and_counts.csv,3066,57bd479b4a49c437b188bc53516cb4b218ffa96505622ad725ebb7fb68cb4351
results/en/4Cr/group10_case2/POSCAR_bulk_doped,3965,1abca79915e5389899a556d5a2aebc3f1dba8b752fafc50c9683bec7ff4d0af8
results/en/4Cr/group12/all_MOM_combinations_including_zero.csv,20310,7e724e1a3cc38e676b75253913c438e01f4aa465a1d9dd93c23e45b55ad60988
results/en/4Cr/group12/bond_types_and_counts.csv,1737,38c68a00e37cbe3da0f8f6ec6395d2f3bff45f899e0ff3c8bd5e3e3c99ef6521
results/en/4Cr/group12/bonds.csv,9466,ca44f96f718b27fef68d244d4b4b22aa676e0dcdb5806463afd53bddf0e31e2c
results/en/4Cr/group12/MOM_paths.csv,26940,cecdc249e446e5d8c1c0a2ae4f0216f1c1480f15b9eb4651178aeb9a252ac4a2
results/en/4Cr/group12/observed_MOM_types_and_counts.csv,1492,fd1fda1101560b6164e1b98df78430c2f61b6277f7c7bfc94f91239d0d48d73d
results/en/4Cr/group12/POSCAR_bulk_doped,3959,99f89653957523cde8c0b4730b66a8809d4800cad3ed97a6a52575f406501c57
results/en/4Cr/group14/all_MOM_combinations_including_zero.csv,20478,b601f125f24dbaa904569d10430dd6377e69bbc7e9f1f9a238bcb3f98b81b849
results/en/4Cr/group14/bond_types_and_counts.csv,1737,59cfebf2b80f4e475a09ccaa1ae50dde9b0d117bbb8c3d1917c1fa7be6b646eb
results/en/4Cr/group14/bonds.csv,9466,cbba5a75f3b57b999ad1970a8f8d024058d65db9772d31f2cd5a7c32b1a26bbb
results/en/4Cr/group14/MOM_paths.csv,26940,cac08a3e433add0b8b1451aa62e5030e8800089353bd3ef0937df958fcc51ea0
results/en/4Cr/group14/observed_MOM_types_and_counts.csv,2316,6c23a53b99a9f474b3227ce2c4ead59d85ded9a10491aaf5915fc12814321147
results/en/4Cr/group14/POSCAR_bulk_doped,3959,460d6c5e6216b205e822777531f69e51621f6c8c81a57ca0145313bfe66508f1
results/en/4Cr/group15/all_MOM_combinations_including_zero.csv,20362,e2045a1f197fe741c76f816e7012c46e8d55c670fe78d9857194b0d5f838300a
results/en/4Cr/group15/bond_types_and_counts.csv,1736,6a7039059c3b077c3453afe85c031f7a549c5438229a757ee976478ec12394fd
results/en/4Cr/group15/bonds.csv,9468,660532d3173cb09fddb303dc5268b445e297b20dca01da38731f8840583fd312
results/en/4Cr/group15/MOM_paths.csv,26946,2c0af5f9239be6b3435ab61ee711e7060cb576d0bfdd171231cd45a7d3bf6431
results/en/4Cr/group15/observed_MOM_types_and_counts.csv,1743,9a44c3b7561c6aa8c8d812a881e723dd6eed5694dad9c75750c269438e7b5eb5
results/en/4Cr/group15/POSCAR_bulk_doped,3959,be6252c5b9ab144d4c05395c390119714ca24b5463c69f858a0be4c12e32561d
results/en/4Cr/group16/all_MOM_combinations_including_zero.csv,20310,a0c00eafea369e3c091a852fade1feecbebc530d0ff13bdb892338f8676b3e80
results/en/4Cr/group16/bond_types_and_counts.csv,1737,512c3a5d58f30cc7c28a9cce4e9cfb5638b7103d60e7abd4cf8dab1f404d92d3
results/en/4Cr/group16/bonds.csv,9472,19930cf598ea6e02b3ceb0462fb1ecd0524aa0c7ddb3b7d4808cd37da574b78f
results/en/4Cr/group16/MOM_paths.csv,26958,7cea4f3293c560fbe0464d856337a1f3b01b83c0e88bc06544c7efeefe9dcc07
results/en/4Cr/group16/observed_MOM_types_and_counts.csv,1492,077a15967cc11eb124deda38b05700ef1a3d8feb99d8e8b47d36a294f24ad11b
results/en/4Cr/group16/POSCAR_bulk_doped,3959,c1ecbc2b6730dbec8b26850e75aa8344a424acd0812b3af1b7a624898764c02d
results/en/4Cr/group17/all_MOM_combinations_including_zero.csv,20620,748402db09142bd0bcf279e11bc9017fab2670715158194b539ebc979812f510
results/en/4Cr/group17/bond_types_and_counts.csv,1735,d8a2f19923ebf304a92caee1b82b29d3376d3a3ecffc494ca358bc42b4d158d6
results/en/4Cr/group17/bonds.csv,9467,a40e192440cfb6ed99f97e3811a6189474556158fe1b040d06b7e376e12075c4
results/en/4Cr/group17/MOM_paths.csv,26943,ed707fc10c0e38bc926bca46abcef7aca5c10c29a24aebd9a57a0bb1ab509395
results/en/4Cr/group17/observed_MOM_types_and_counts.csv,2989,fce57fe28d0a3d964415c14e43500c7615949c895974b2a3bae3a8cbeb183b71
results/en/4Cr/group17/POSCAR_bulk_doped,3959,92ed1423f5c9c3a0ff4918cc2acc0f871f724af83415edfc23baaf0dccf05233
results/en/6Cr/group01/all_MOM_combinations_including_zero.csv,20549,40530b571fe6c117cb6706a807f0e1d7a5742865160d3a1a46424fb1c9c91ceb
results/en/6Cr/group01/bond_types_and_counts.csv,1737,de6fd497304ba95a3218ea7881553d2be4464c74db8d70e12e55e9fd22a53552
results/en/6Cr/group01/bonds.csv,9453,decb4bf947057cbf816792deb690b6278592f9c8f2387990429a6f6e341a5199
results/en/6Cr/group01/MOM_paths.csv,26901,be8c11a4730dd44b70cf8333499a576305924aab8239d4da0fb153ffd69af5b4
results/en/6Cr/group01/observed_MOM_types_and_counts.csv,2647,7c8c955b90f78be8d8fbff9f295d227a8422ac4517b0b8ecf455e3f325d3b1d0
results/en/6Cr/group01/POSCAR_bulk_doped,3959,9fd6880a7bc97a99ceba30d9d8522222993f7a5fc436a10191b788f14e01daa4
results/en/6Cr/group02/all_MOM_combinations_including_zero.csv,20550,3824f0bd9388d478cc4decdd72d044520563919a8425b30a2165bb9219129cfd
results/en/6Cr/group02/bond_types_and_counts.csv,1737,de6fd497304ba95a3218ea7881553d2be4464c74db8d70e12e55e9fd22a53552
results/en/6Cr/group02/bonds.csv,9453,b9df3a0b51229745c322a37117ba1d832521e1fd6124c1b9091104b3105c2af3
results/en/6Cr/group02/MOM_paths.csv,26901,429b6e76321cc7574d5813e72d45f984206090027713a59dca20b61dceb0774e
results/en/6Cr/group02/observed_MOM_types_and_counts.csv,2648,1796a4c23fbedd0d4f2950a440f5595d20000f76a99ad97169c4f9ed67c1f2fa
results/en/6Cr/group02/POSCAR_bulk_doped,3959,2b93ce5e30e4c0d8de56f2a9b01cd146b7b7253aae4e6a04a261ab2b52e0e5ec
results/en/6Cr/group03/all_MOM_combinations_including_zero.csv,20550,15d612ae562d63c46b47e371174926a1a5b450dfb9667fdd16720f4123cc9bd9
results/en/6Cr/group03/bond_types_and_counts.csv,1737,de6fd497304ba95a3218ea7881553d2be4464c74db8d70e12e55e9fd22a53552
results/en/6Cr/group03/bonds.csv,9453,111589d0c10a212fa850398360e34e93ecf5aa0126b61c6b8cf383a6e862246e
results/en/6Cr/group03/MOM_paths.csv,26901,6bb525ca20d89894c23735981cb571a0965dca8c1108615a6bd5c0bcfd3afec5
results/en/6Cr/group03/observed_MOM_types_and_counts.csv,2648,d7c0dc8d36b0ea215f5ad15a64fdc85532cb4dc012661f7e006977ea78a7a38d
results/en/6Cr/group03/POSCAR_bulk_doped,3959,086f22fd452403241715ecfc970a879473710256aea7ab2ec925f2e917d5da7a
results/en/6Cr/group04/all_MOM_combinations_including_zero.csv,20548,7c6ba9770680684b12fd588ac0e783749da79191cd4ae5861b52ce873c8c0381
results/en/6Cr/group04/bond_types_and_counts.csv,1737,de6fd497304ba95a3218ea7881553d2be4464c74db8d70e12e55e9fd22a53552
results/en/6Cr/group04/bonds.csv,9453,15284f8ed33143ef7c8d1562d9c66baf027eda6af7db1560a0d0f8474a8d2ae6
results/en/6Cr/group04/MOM_paths.csv,26901,e596f3c19e5f78f09473139806911159e9b4fd089f27351e6e56d6ee91a56e9e
results/en/6Cr/group04/observed_MOM_types_and_counts.csv,2646,2facb31d0b4cc0ff941a925824808d7b969df231272c44f71c8e7eab88cba20d
results/en/6Cr/group04/POSCAR_bulk_doped,3959,7cff058452d6df81ffdefd447a639dbc7a0b1e3bf734649e9b0c85c18eade326
results/en/6Cr/group05/all_MOM_combinations_including_zero.csv,20550,030a6597ff6372bf2a39eff5ec0f3ff14522b6b4405294fc795c3f1fde24806c
results/en/6Cr/group05/bond_types_and_counts.csv,1737,de6fd497304ba95a3218ea7881553d2be4464c74db8d70e12e55e9fd22a53552
results/en/6Cr/group05/bonds.csv,9453,4d4659c7e4491ee9d7f2dbd0d797b119d24671bc19dac68969c952f39465e913
results/en/6Cr/group05/MOM_paths.csv,26901,5dedf635349e7c13ba5be1298f568403fe369172b1d29de23e4ff6b7a4e28211
results/en/6Cr/group05/observed_MOM_types_and_counts.csv,2648,5447f78376745d7d0d5438afb2f9d7128f94d56d8fa14854401e7bab96467c22
results/en/6Cr/group05/POSCAR_bulk_doped,3959,10c00e8b65f602a1df62751dbf39dbf3346afa3fd1e9c6ab1a05c9d4d57d2fda
results/en/6Cr/group06/all_MOM_combinations_including_zero.csv,20543,5926ba1714ea48917f1d943fcdcb32bddf9949386605bb49d674db9d4d51baaa
results/en/6Cr/group06/bond_types_and_counts.csv,1735,944fa81f7ca7e0ecc0b271b1ef55f6556a9ebc0b4829f1595e6aa9de5c4a7259
results/en/6Cr/group06/bonds.csv,9453,df31507fa2415a2f572279aa5a4ee0246566726e77d25d1f2b10395098c81b67
results/en/6Cr/group06/MOM_paths.csv,26901,1f3ee208b159f5eb8f52459216173b8f928330f95e0c516b305504880b605e9a
results/en/6Cr/group06/observed_MOM_types_and_counts.csv,2641,dbf375a9e1d5b471dd971f7db48b186f4df0106529293c48abdb0fa5643d4d1b
results/en/6Cr/group06/POSCAR_bulk_doped,3959,2fd5f3342605377b10eee48b1e5e1fbdbd19a20ae301cf0850772052f3c3239e
results/en/6Cr/group07/all_MOM_combinations_including_zero.csv,20547,390776b2eecbc69de5a60a37c4d54a74a50babfac52b2ead5d0acb2d8008c897
results/en/6Cr/group07/bond_types_and_counts.csv,1735,944fa81f7ca7e0ecc0b271b1ef55f6556a9ebc0b4829f1595e6aa9de5c4a7259
results/en/6Cr/group07/bonds.csv,9453,50482cad5d91ca766e17ef664ed7af615515b65a9d14e904f29da7f26405388c
results/en/6Cr/group07/MOM_paths.csv,26901,53a51a0366b27e38e156d945e653eb33d0e9117224e0bbdc314f5d6357f29b15
results/en/6Cr/group07/observed_MOM_types_and_counts.csv,2645,f41e208853ac0193ae65d7df7e7bea94b9cd7fe8392e96980887879c276e3af2
results/en/6Cr/group07/POSCAR_bulk_doped,3959,c4c2563b1014d0e722f590ddef62808cfd1ace142f93b2dd14b684c381dc6d9b
results/en/6Cr/group08/all_MOM_combinations_including_zero.csv,20627,cf595c5e2322e945e6f6a706f0e3f4614f8a8c84c253f52a316b39cdc9cfd89c
results/en/6Cr/group08/bond_types_and_counts.csv,1733,3f72a872347b59137bff9c68edcc45d449b307d45302dca065a1a878364a467a
results/en/6Cr/group08/bonds.csv,9452,af2d7bc515007adc0b03ae706df51742a5f3fd5b83cc1e3f85a317ed04127de6
results/en/6Cr/group08/MOM_paths.csv,26898,e9ef655ccda680a29de456464bb02e79410345750a9c8daeafe834fccc2b7971
results/en/6Cr/group08/observed_MOM_types_and_counts.csv,3059,5b0d59228bf2611a0c8280fe598f7a893093d42ea759ae6292af0ca47ea8c1bc
results/en/6Cr/group08/POSCAR_bulk_doped,3959,d31243038b67c4baa011d53140776dadc842ca2b452f28c075a77d040bf12b31
results/en/6Cr/group09/all_MOM_combinations_including_zero.csv,20693,2c138ad9c3c8965bb3d632fe1221109e5cdb1493b2f65b1c894360b90010794a
results/en/6Cr/group09/bond_types_and_counts.csv,1732,8c1cdd4b1cb3c9a270054b4f9f4e522a48dd61923a5e6347c3aed8b548029037
results/en/6Cr/group09/bonds.csv,9452,2cfca5b9808057b2bd22c6f1daf0d1f45e061c6bec9782febc0f21a97725a3bb
results/en/6Cr/group09/MOM_paths.csv,26898,f41f0a1d06b48b13b10bd4211d305433d11b65ec0168c057bffe1f175a69635c
results/en/6Cr/group09/observed_MOM_types_and_counts.csv,3391,9b57e4dd3d8cbec16bc61fcc9f9d765cab1959324cf6ad62f1513a16b8eda2e7
results/en/6Cr/group09/POSCAR_bulk_doped,3959,1f524a29d472ab75bf9524af4aa044823e1b59ab4fe1def887e65ab85d1ba269
results/en/6Cr/group10/all_MOM_combinations_including_zero.csv,20310,a7e701fc27f766a4a91f5983d824dcfad262669a6a741d61d670797ed6bdc280
results/en/6Cr/group10/bond_types_and_counts.csv,1737,300a0dcc202fce10f1d570d507f61d1c6b6cf7be9a4ad7fe5c092d8ec9d18696
results/en/6Cr/group10/bonds.csv,9452,4edda5082eaa8deadeee6324bc147ef076c1a48d8a0d2d94f02a2953247c6549
results/en/6Cr/group10/MOM_paths.csv,26898,b196c88ba8f834f6cd6a2beea51c0f5d01282aaed0f5ec1a002dbf4913fbeb52
results/en/6Cr/group10/observed_MOM_types_and_counts.csv,1492,7d8f7ed2ab93db49c3f4cd6950d9b4cfe5046a95f561c52c85bdc91f0e02427c
results/en/6Cr/group10/POSCAR_bulk_doped,3959,6adb75fd695e17e1e866767891966fb8e54128e4ac08a4e4cd8dcb463be9d0d6
results/en/6Cr/group11/all_MOM_combinations_including_zero.csv,20677,0660d9deb18bfc423888ca996f0de9517775b99e0f25db92031f7c2187a2278a
results/en/6Cr/group11/bond_types_and_counts.csv,1732,8c1cdd4b1cb3c9a270054b4f9f4e522a48dd61923a5e6347c3aed8b548029037
results/en/6Cr/group11/bonds.csv,9452,6bd2c2174102d5924fe00833baa3b5557f0db183ff00745221e39aa89cca5248
results/en/6Cr/group11/MOM_paths.csv,26898,a55d1f9b6b27db312292a32ae62d6f305fc3c2d6c9c4cd3f9fc71885d67ef7fa
results/en/6Cr/group11/observed_MOM_types_and_counts.csv,3308,2c07cea3c4fb49aac5c42fc46264f89a410309d729922b38f8e3ca02bd81975b
results/en/6Cr/group11/POSCAR_bulk_doped,3959,4a54f01ae28acf218139120ee1c3a8ffa7bb89deb493c809989be97b2b048ec1
results/en/6Cr/group12/all_MOM_combinations_including_zero.csv,20596,460e711beefaa48ce195041105454fb0a13dc5a482b198854fe3a002c04cde82
results/en/6Cr/group12/bond_types_and_counts.csv,1734,b57d1990b336184f2e92a2b3eb08113a3fa4c292c6edf469b20eb7bc3957f57f
results/en/6Cr/group12/bonds.csv,9456,285080cd89c5e9c205fb997f4b2b5a08b2b15a503a6edb3ab8e58ca145a54812
results/en/6Cr/group12/MOM_paths.csv,26910,5dc35a895c7d1890defb3429eb683f8d81e09494284eca0231ed45a0bdb9a8bb
results/en/6Cr/group12/observed_MOM_types_and_counts.csv,2893,eded66c6f8f382f09c7d1bfa1f0ce612d4c0a763c5e61b622a0019fcbf1fd9fa
results/en/6Cr/group12/POSCAR_bulk_doped,3959,8ca6dacb7d8e66bb3fbbe0dc6dcc406109170f3aee6eb52b2a9c7574e266f58a
results/en/6Cr/group13/all_MOM_combinations_including_zero.csv,20543,b9271b034e36af69e7b922e7317b89d4167e3b07a977058d3e0e3ec955c74472
results/en/6Cr/group13/bond_types_and_counts.csv,1735,01ed1b3508bd473679b0a9839ea9e1c5c4dbf5896271b88b0a3fb2b62557c9c8
results/en/6Cr/group13/bonds.csv,9454,8b6ad8d60122dc4fd9d20b1ae7043741860b2c013f995a10c993c10957aee55c
results/en/6Cr/group13/MOM_paths.csv,26904,e5b358ae62f3f2c456718e7f29f7bbfdfcd6cc47307ecbbae90a472fbf292d61
results/en/6Cr/group13/observed_MOM_types_and_counts.csv,2641,80c74cd8efbbfbda6ef6b858db5894f1fabb879febda10a5d05d13c2f30db7fc
results/en/6Cr/group13/POSCAR_bulk_doped,3959,30f51fa7cf3a3091867332d1f578df6253b168d9797905169363f3c6f295af8a
results/en/6Cr/group14/all_MOM_combinations_including_zero.csv,20473,9bb602bebdcd1ca9ec1464f001dd6bb4f43d894b6796d59f43c6fafdf20ee2f6
results/en/6Cr/group14/bond_types_and_counts.csv,1735,944fa81f7ca7e0ecc0b271b1ef55f6556a9ebc0b4829f1595e6aa9de5c4a7259
results/en/6Cr/group14/bonds.csv,9453,ae34c9d945d4bfb490ca48afb8f25328742461fba573b6b883a86d63f87a6dec
results/en/6Cr/group14/MOM_paths.csv,26901,0aa364103e58f42c2461f3c479b77a3d85e4555036cca4c2d79ffdee717432f0
results/en/6Cr/group14/observed_MOM_types_and_counts.csv,2311,7ad68d02d165fbe9f4df510aeb570e5693b8f222a19c5a39dc90a50f2f2000be
results/en/6Cr/group14/POSCAR_bulk_doped,3959,c07faac0cf992dcb52c503418a539637e4023252afb0c4f99526835c52610c57
results/en/6Cr/group15/all_MOM_combinations_including_zero.csv,20578,7b7bc007aba1c7d4798971ee8364e5de522a8b60bec0b9ddec3f2a0db83cbdee
results/en/6Cr/group15/bond_types_and_counts.csv,1733,3f72a872347b59137bff9c68edcc45d449b307d45302dca065a1a878364a467a
results/en/6Cr/group15/bonds.csv,9452,36509cfbcfbef8dba1968be11d3cfe63974915adbfeaf5e0c615c1b66a2cabf5
results/en/6Cr/group15/MOM_paths.csv,26898,5d3f5a5d028fd99021e342b8d8bf769bdada8270189eb86a77f23bf05903c3f7
results/en/6Cr/group15/observed_MOM_types_and_counts.csv,2817,b63a017bb74b99397bbe61755e4f2b218d7d0bbe0530c3c02aeece920371d200
results/en/6Cr/group15/POSCAR_bulk_doped,3959,04490c31ec3da367ad6e1cda66878edde5966abac377e76ae8a4e8c92748b4f0
results/en/8Cr/group01_all12k_pair12/all_MOM_combinations_including_zero.csv,20472,2abc217e0c7f8d341f828238e9433bb6b00acbc05ec8b7433cbb94ceaa79e3fd
results/en/8Cr/group01_all12k_pair12/bond_types_and_counts.csv,1735,721d95554d4bfd0466a0095920461169d3aeb2546d161816bd34b08a188c59e0
results/en/8Cr/group01_all12k_pair12/bonds.csv,9444,ef486da3d6288c87a40a67e0cc9fa39b563447a5b45b00c80c8b4f3a34103e17
results/en/8Cr/group01_all12k_pair12/MOM_paths.csv,26874,1990cfe5f2adc2254b13a4ae6f4d5a9dce3e56e10941109de562048938ff69f6
results/en/8Cr/group01_all12k_pair12/observed_MOM_types_and_counts.csv,2310,dcae84ce2279ddec6a0671bdedee1db6750fb8c545efecfc816399b6226689d8
results/en/8Cr/group01_all12k_pair12/POSCAR_bulk_doped,3973,f70e7b4df06cffa04f98b7e1dd5a441f4abf1cb4be07d46862349594bbd53306
results/en/8Cr/group02_all12k_pair13/all_MOM_combinations_including_zero.csv,20477,d94f55b783e227117a5766f3e7e9b20f4cd61bcbcd6c1832fa1b806a94d9096c
results/en/8Cr/group02_all12k_pair13/bond_types_and_counts.csv,1735,721d95554d4bfd0466a0095920461169d3aeb2546d161816bd34b08a188c59e0
results/en/8Cr/group02_all12k_pair13/bonds.csv,9444,89d954443b907461c26f9ce83a5455aef0b23b443314ed2da46f054af1a8ef83
results/en/8Cr/group02_all12k_pair13/MOM_paths.csv,26874,e6448badea73376435cab7524660b8c84d22817172a9f9d831ee3f5093c77078
results/en/8Cr/group02_all12k_pair13/observed_MOM_types_and_counts.csv,2315,445869e64513365e10d2641ef02498a7ab0a2c08961ec303ea264ebff98362aa
results/en/8Cr/group02_all12k_pair13/POSCAR_bulk_doped,3973,9fd0e970193c828bd3bafdd32833e18781215ce098fd4e4488d09a45a2084eaa
results/en/8Cr/group03_all12k_pair23/all_MOM_combinations_including_zero.csv,20473,6893efbdef1cee93b74130c8e3bfbc1318ff91bca39fa6d50f20a924affe835e
results/en/8Cr/group03_all12k_pair23/bond_types_and_counts.csv,1735,721d95554d4bfd0466a0095920461169d3aeb2546d161816bd34b08a188c59e0
results/en/8Cr/group03_all12k_pair23/bonds.csv,9444,931476f62403ad0d11bc73a006bae2779034744d30b9e58f9a6321a0c523e707
results/en/8Cr/group03_all12k_pair23/MOM_paths.csv,26874,b5b9d14c18978558949a2c15e8a2117dacb9ad00b94aec8cd6fb626ec2111735
results/en/8Cr/group03_all12k_pair23/observed_MOM_types_and_counts.csv,2311,be14645cdf9b86bc830f68c611a78dc114ef70c467e469e5c3ea04c700fb7d99
results/en/8Cr/group03_all12k_pair23/POSCAR_bulk_doped,3973,11aa108691e7cd6116043f2fe825e1db7cfedd22bb47d115817786d424ae69f5
results/en/8Cr/group04_12k2-6-10_f2-3-5/all_MOM_combinations_including_zero.csv,20647,48e4c27af8319c88bcf4f75d5dca697e16146c449fbe03e68bc0728dec5b8c12
results/en/8Cr/group04_12k2-6-10_f2-3-5/bond_types_and_counts.csv,1735,115564b7fa466f2fa10b376548d329ec91cab8373f61d8903484f2fa0084f278
results/en/8Cr/group04_12k2-6-10_f2-3-5/bonds.csv,9441,71a92b10d32d6ab893c02398fb3964c0432005751a9909c5ce66114b2348ae46
results/en/8Cr/group04_12k2-6-10_f2-3-5/MOM_paths.csv,26865,6f956470bd716e2b852b77f7739a5fe25cf9f213dcaece4df69ec57e92885480
results/en/8Cr/group04_12k2-6-10_f2-3-5/observed_MOM_types_and_counts.csv,3146,2c7c4a2866ddb14ab7c2df5f3eebca518376f97d85697533ef5669982ef385aa
results/en/8Cr/group04_12k2-6-10_f2-3-5/POSCAR_bulk_doped,3976,d8fddaf03793512c4f267d917d47279800d69094e1e07dd5043d76e0255ba8c4
results/en/8Cr/group05_12k2-6-10_f2-3_2a-8/all_MOM_combinations_including_zero.csv,20693,fc6485f88984b87caa283c8a902b758ac13ab9bc1246b41954f5547fd0f5f856
results/en/8Cr/group05_12k2-6-10_f2-3_2a-8/bond_types_and_counts.csv,1734,b863e2d25ca97f8cbbe587d439f3710802d41d4cbb5d9a8b8aef8790c2a79459
results/en/8Cr/group05_12k2-6-10_f2-3_2a-8/bonds.csv,9442,645e1b5a9c2ab9a95a6a4504aff97a60ae6dfa48f8f1e021d4d1c09284ae348a
results/en/8Cr/group05_12k2-6-10_f2-3_2a-8/MOM_paths.csv,26868,33d12cbf812217dba01c4882a220893b527c7afe119294babfeed02367cbb28c
results/en/8Cr/group05_12k2-6-10_f2-3_2a-8/observed_MOM_types_and_counts.csv,3391,0e2ebf00d32c8c76ab75708e6e6b2f8d9355fd1b66b47dbc75b3c2817db49bfe
results/en/8Cr/group05_12k2-6-10_f2-3_2a-8/POSCAR_bulk_doped,3979,6cb7759a4c660a5c9b4f0b45ab0c50eb2057290ee28c3e129aa5be84633612d9
results/en/8Cr/group06_12k2-6-10_2a/all_MOM_combinations_including_zero.csv,20549,286bebcbca8e57b7a1063dcd32e1cd864b855317391ffaa4742790e382b4fed0
results/en/8Cr/group06_12k2-6-10_2a/bond_types_and_counts.csv,1737,f4d4f98c912153f0dbf39234b7ecf914f9eea6d3205dea1d4530ccb559494cb1
results/en/8Cr/group06_12k2-6-10_2a/bonds.csv,9444,8664a649fd2088f2c2705b142f416d55467b9df8905c27c326f05296c6a89024
results/en/8Cr/group06_12k2-6-10_2a/MOM_paths.csv,26874,423b71df591ac1e771d66d2eb09dda3540b77e19834ba925e6baaac532dc0925
results/en/8Cr/group06_12k2-6-10_2a/observed_MOM_types_and_counts.csv,2647,b810e62aeb7af641383fbb079fbd95d51ee4e09fc10a5a8b76fc533905ba502f
results/en/8Cr/group06_12k2-6-10_2a/POSCAR_bulk_doped,3972,13923954785008fcadd90ef4b146e579366712ce57cb9234b9fd2b8dd077512d
results/en/8Cr/group07_allf2_2a_12k-layer2/all_MOM_combinations_including_zero.csv,20543,e1ead2107a4e81fdf1af0cee1fea1aeec73862d0a9487e134063fcd33a356449
results/en/8Cr/group07_allf2_2a_12k-layer2/bond_types_and_counts.csv,1737,bbfb57b613c35ab0f075373d8de68e0b03d9857b64ee66e23727e1f4887a07d5
results/en/8Cr/group07_allf2_2a_12k-layer2/bonds.csv,9440,dd2b9ee91b49443cc0fb16df27cbfd06c903ec95cebf497f391d684663af6b13
results/en/8Cr/group07_allf2_2a_12k-layer2/MOM_paths.csv,26862,df6a5433fb9ee91e6e50526cf00d6957846f07f4a3f2228780460a36320cbf34
results/en/8Cr/group07_allf2_2a_12k-layer2/observed_MOM_types_and_counts.csv,2641,1e3205213219af663a3e0db8c929dac1883eebcb2202fe98932e636de4d7054e
results/en/8Cr/group07_allf2_2a_12k-layer2/POSCAR_bulk_doped,3979,f72d304fdbe2579c9d21313ba0ce88a56fbbb620603f781bce9a18e5f1dddf83
results/en/8Cr/group08_allf2_2a_single12k-layers2-6/all_MOM_combinations_including_zero.csv,20478,f205dd05fabbb107d6ee9849f9c6f4aff29af36720c56e2f9a44b6a7fdafd35f
results/en/8Cr/group08_allf2_2a_single12k-layers2-6/bond_types_and_counts.csv,1737,bbfb57b613c35ab0f075373d8de68e0b03d9857b64ee66e23727e1f4887a07d5
results/en/8Cr/group08_allf2_2a_single12k-layers2-6/bonds.csv,9440,4430a5c7a78659573f0eeb921e47d3568bbe079d3cc0906c27a77bcf8fedd29d
results/en/8Cr/group08_allf2_2a_single12k-layers2-6/MOM_paths.csv,26862,7579683cbfe86c9b025ebf290b6a1a69198eeb2c066c10977d7f7abf0be5f0f5
results/en/8Cr/group08_allf2_2a_single12k-layers2-6/observed_MOM_types_and_counts.csv,2316,fbd65272f1ac65c0b168a41f191c460d911f868143c0d2155036d85e6d484143
results/en/8Cr/group08_allf2_2a_single12k-layers2-6/POSCAR_bulk_doped,3988,ddc59c273cf853b448edce7fab0ff00af65bb6b5e95bc9f3e21e738afc5f38ee
results/en/8Cr/group09_allf2_2a_single12k-layers2-10/all_MOM_combinations_including_zero.csv,20478,40f500fef9a74e1683e67aa3e55424eb3805ba3c03fdeb0d5c48ee8b31b984cc
results/en/8Cr/group09_allf2_2a_single12k-layers2-10/bond_types_and_counts.csv,1737,bbfb57b613c35ab0f075373d8de68e0b03d9857b64ee66e23727e1f4887a07d5
results/en/8Cr/group09_allf2_2a_single12k-layers2-10/bonds.csv,9440,01f0b76b337bc1cd3d0b3cb36eb5bc9bb2c7a73c9954351f1182cbdb334a2f7e
results/en/8Cr/group09_allf2_2a_single12k-layers2-10/MOM_paths.csv,26862,727ca51a0b7e11800c97a7f4dcbae5883f783edac3b7f98dfa3b4fd16fc7ce0f
results/en/8Cr/group09_allf2_2a_single12k-layers2-10/observed_MOM_types_and_counts.csv,2316,327bff2003a2dd68031036a8c7784adee33258050d8eb9869fa2a46951a87d84
results/en/8Cr/group09_allf2_2a_single12k-layers2-10/POSCAR_bulk_doped,3989,d6bafd2f1495b5da16ea3f69229afa3fb52721bb02f1e156abc9931d9faf18e7
results/en/8Cr/group10_allf2_one-per-12k-layer/all_MOM_combinations_including_zero.csv,20473,04a51478d1731aabc508901915a51a223310b40a95eebc76edff70c7c67cf442
results/en/8Cr/group10_allf2_one-per-12k-layer/bond_types_and_counts.csv,1735,eabe2b6220bfd8be5a4714bf326dd7f2fd70509882e2261e9667f7d2c1ec8261
results/en/8Cr/group10_allf2_one-per-12k-layer/bonds.csv,9440,3df93f550e280ebf95107631f084925b5e4a99e980853f64a3bed17278ad6212
results/en/8Cr/group10_allf2_one-per-12k-layer/MOM_paths.csv,26862,708e4bff3fc564ae31145c308aaa5331758bfad96dccbf7fbcf6f0f260c5ae54
results/en/8Cr/group10_allf2_one-per-12k-layer/observed_MOM_types_and_counts.csv,2311,cdadcf9c9f892eecc0c05ea21a0a7605eb16c97a56043189fa523e2300b89ec8
results/en/8Cr/group10_allf2_one-per-12k-layer/POSCAR_bulk_doped,3983,34a03a87465623eb2ae30efa6188f46770b437a0aae80ac5353065639304ec3e
results/en/8Cr/group11_allf1_one-per-12k-layer/all_MOM_combinations_including_zero.csv,20473,0e3d00f7858d8a0315641882e04ba37ff4ba0a1ea052435454252fc4cc1d012f
results/en/8Cr/group11_allf1_one-per-12k-layer/bond_types_and_counts.csv,1735,5dd9c4ab6516593665a416c2fe2a4f652c26e3beb008289191dd940021044ae5
results/en/8Cr/group11_allf1_one-per-12k-layer/bonds.csv,9448,a351e82431215b44c08779b5f553c55a3eea675c9aa24a43851b9715013af895
results/en/8Cr/group11_allf1_one-per-12k-layer/MOM_paths.csv,26886,7093b7d14f1e0d3e7757d894e36ede0946c6094a6ea4ad78a30d3e4d6ff3fe87
results/en/8Cr/group11_allf1_one-per-12k-layer/observed_MOM_types_and_counts.csv,2311,ca79bbfcd079c618a82d03a24e239bf68e3291e66d4ed394cc6bd575aae33337
results/en/8Cr/group11_allf1_one-per-12k-layer/POSCAR_bulk_doped,3983,a2870acf8af8b20b8ea3e44f3e97b36524f4aa75adaef1e63556b6c39555fadb
results/en/8Cr/group12_2b_f2-3-5_12k-layers2-6/all_MOM_combinations_including_zero.csv,20627,2dd25f21ada7a2e52522ecec7a4e99afa6497cbd45038d90734b7fa8bd07a2bb
results/en/8Cr/group12_2b_f2-3-5_12k-layers2-6/bond_types_and_counts.csv,1733,d57d42ff2ce5f74b1c00b81db34a0755bf2143b43e736326ebf9f3952ac8a2c4
results/en/8Cr/group12_2b_f2-3-5_12k-layers2-6/bonds.csv,9442,7602fadd8e8cc64072f003cc3b360fffbe68f81e9165947486b0a86d4570f632
results/en/8Cr/group12_2b_f2-3-5_12k-layers2-6/MOM_paths.csv,26868,6f7dc068c5f6f19eb8efd647aaceb5acb97bc21b338c272bca0b0d5fa18fdeb3
results/en/8Cr/group12_2b_f2-3-5_12k-layers2-6/observed_MOM_types_and_counts.csv,3059,b476f0ac1ea8259e1dd816754f8d47f89969fbe3d6ff46902c687c286ced522e
results/en/8Cr/group12_2b_f2-3-5_12k-layers2-6/POSCAR_bulk_doped,3983,b83df376d95598b0785a1191c0d1de17dd4e93623d4219032f40c25f2f865483
results/en/8Cr/group13_pairs2-6-14_single10_2a-8/all_MOM_combinations_including_zero.csv,20595,e588f3330601f9bafdbd4e005e2bc62d17e9bf58f9556167e9354445100b18b0
results/en/8Cr/group13_pairs2-6-14_single10_2a-8/bond_types_and_counts.csv,1736,ebef5a88c5411744efa5cba1fa9644c22407512e8278a67126b6a983dddff1c7
results/en/8Cr/group13_pairs2-6-14_single10_2a-8/bonds.csv,9444,071a06a7959e8581a2de56978089e8588643f0637de86948b231ce4ddab340c3
results/en/8Cr/group13_pairs2-6-14_single10_2a-8/MOM_paths.csv,26874,bd05fdeb9a901f9c90b10031d2d45d275bbae28394bc4c8db3221e18b3621856
results/en/8Cr/group13_pairs2-6-14_single10_2a-8/observed_MOM_types_and_counts.csv,2892,3402e5aa6e2d92ffa722ab6b74e6648ded5fc6defe53d121e5ed8cd2dce896bd
results/en/8Cr/group13_pairs2-6-14_single10_2a-8/POSCAR_bulk_doped,3985,4e737aca35642c7ad4fbcf4701ff7a75643d6185e0d2ff90d0e4ef3e6ee0b8a9
results/en/8Cr/group14_pairs2-6-14_single10_f2-3/all_MOM_combinations_including_zero.csv,20645,c635a067d38b5c1923b9111a3cf7eb3df8fada36b1066cb6e02a796d0aa8ae07
results/en/8Cr/group14_pairs2-6-14_single10_f2-3/bond_types_and_counts.csv,1735,af36092b38dee94da943089e5092810b572b127e9403e634d12b94b4e3f022d1
results/en/8Cr/group14_pairs2-6-14_single10_f2-3/bonds.csv,9442,75f4d30a6416636e74c738c38b247d9df981f649b33d05d9ec58fd8dda969115
results/en/8Cr/group14_pairs2-6-14_single10_f2-3/MOM_paths.csv,26868,ea8e58cd55da9b92c709eb08f70c7ef8b0e8ae2d34dcbd050dd00904523f866c
results/en/8Cr/group14_pairs2-6-14_single10_f2-3/observed_MOM_types_and_counts.csv,3144,bebb7a370b3d93ea634fac767d007f3819a69de9b382b98763743ab0ff6351ba
results/en/8Cr/group14_pairs2-6-14_single10_f2-3/POSCAR_bulk_doped,3985,1e7f2d3360f03e5e1106a0b163a4040d90d3e0eeddb4ee82a4da78d552a87929
results/en/8Cr/group15_allf2_2a_12k-layer6/all_MOM_combinations_including_zero.csv,20546,87af78e1eddfd989d82ead09672875f4ac9089c293cbd64a48360553ad4f9baf
results/en/8Cr/group15_allf2_2a_12k-layer6/bond_types_and_counts.csv,1737,bbfb57b613c35ab0f075373d8de68e0b03d9857b64ee66e23727e1f4887a07d5
results/en/8Cr/group15_allf2_2a_12k-layer6/bonds.csv,9440,e2fe7a528e2a2a8186f891003abbbef4ad2b1af0954e82deffea24e159f873e7
results/en/8Cr/group15_allf2_2a_12k-layer6/MOM_paths.csv,26862,5d2321629bc42425c766ddc6b907bf11671e419d1f5266c074500174f1744542
results/en/8Cr/group15_allf2_2a_12k-layer6/observed_MOM_types_and_counts.csv,2644,9aa99e4ee941fb3aaedb78d4e22fec90802c923afc2b8cd9217afbc6fbe3c599
results/en/8Cr/group15_allf2_2a_12k-layer6/POSCAR_bulk_doped,3979,66b27f3e0314e11cf3940e31a8ff4892f3a0f7a6620f6d8306a883f41037a15e
results/en/8Cr/group16_allf2_2a_12k-layer10/all_MOM_combinations_including_zero.csv,20547,dc9d54118bf56b66914f290d293199cf142910d1f2a8b4be1146187e958d5ceb
results/en/8Cr/group16_allf2_2a_12k-layer10/bond_types_and_counts.csv,1737,bbfb57b613c35ab0f075373d8de68e0b03d9857b64ee66e23727e1f4887a07d5
results/en/8Cr/group16_allf2_2a_12k-layer10/bonds.csv,9440,4188d91b8260700680c4455db35b18d369e204ae2d1a1fb483593886929175f2
results/en/8Cr/group16_allf2_2a_12k-layer10/MOM_paths.csv,26862,8d88446a05a0d4fa1a4e6e6a34e2aa8cddc17805ead25a6830bece8d7792ee5e
results/en/8Cr/group16_allf2_2a_12k-layer10/observed_MOM_types_and_counts.csv,2645,fd5ce007e34f8d6ce20b1eabe4cec68e4b8a17ea712bb12533c6ac93c50c0863
results/en/8Cr/group16_allf2_2a_12k-layer10/POSCAR_bulk_doped,3980,2c869462d9ff7de55b96b4b3a200888ca783a7f10e76d998380ff820e4feb12a
results/en/all_bonds.csv,913590,b0ead76ed33aa720274b55f1dd9ade03e7963af2020a650add97e9e2c76ef238
results/en/all_MOM_paths.csv,2321962,ab42632e02f35df3c862572baf501ecdb567c8aad31ee67604780df9b4104a47
results/en/bulk_site_map.csv,510,499cd3fe6c97f3835047d6cf018792d93a42111689b733bf11da44ab46ddd974
results/en/concentration_summary.csv,441,4660b09bc835daaa25b9febb7b215404df88e1ac0273111303ba14b573b7c420
results/en/configuration_summary.csv,7544,edc90ea1b025d5268dd9fdaac301d15e24fd91d8cdabfaf0f771ef8d01758fad
results/en/cross_concentration_type_counts.csv,5755,4dcb624b04722b6c7da60e6b755033ff39dcf03b52e37e7fe071b7f189ace4ee
results/en/summary.json,3256,ffc6167b4ea14a832bfa79218499bcddcc5dec7951caf124fd9b20265c633196
results/zh/10Cr/group01/M-O-M路径明细.csv,26824,8f42f25ca5643e9783c3749b68f6c41dd2436816c7e2794778f3d816bf04e66c
results/zh/10Cr/group01/POSCAR_bulk_doped,3961,017d3ee9e92b3f623e1f3b93571a2625ff39b93b31db51fb737903abc32ff99e
results/zh/10Cr/group01/全部M-O-M组合_含零.csv,20549,bd0835738d7ad0283d14491e37a4866b2121a23ee519a464e2de1f3504fd6291
results/zh/10Cr/group01/单键明细.csv,9410,df18ba306b0e0fb6ba45b1656b09c9e0df63987efc98892b746fc5f585e52734
results/zh/10Cr/group01/单键种类与数量.csv,1723,a36281cd6c2c398af0d7c2265964e5291c1010cf20f7b217807231639b9f0110
results/zh/10Cr/group01/实际M-O-M种类与数量.csv,2788,4f3d6ceda915039570579b6d954a7a3d8871dec687143e8515dee28df5be766b
results/zh/10Cr/group02/M-O-M路径明细.csv,26824,96b31acd36a05eeff7f39b83eb9708677e2ec3e97640d39a5b9fa54e27ec2051
results/zh/10Cr/group02/POSCAR_bulk_doped,3961,3383f562d4455eb647ebcf32024e9d218081abe67a75e6b4a1136e9fc37251b5
results/zh/10Cr/group02/全部M-O-M组合_含零.csv,20534,69243716dba7e4ab28ac03b05bd0885361fb6ba1c62e88e27f8d67aceb33f1c7
results/zh/10Cr/group02/单键明细.csv,9410,f034302418ee59869e1943460f9f43e7f9ea8a2d59a7be5f4c7122764b0a94d2
results/zh/10Cr/group02/单键种类与数量.csv,1723,a36281cd6c2c398af0d7c2265964e5291c1010cf20f7b217807231639b9f0110
results/zh/10Cr/group02/实际M-O-M种类与数量.csv,2706,41e500c9bf1e169c3f663e5438a9cf32d1a10636d6743d5a97769e8543b63304
results/zh/10Cr/group03/M-O-M路径明细.csv,26824,4b2e77a25a4efb4e954470b6bd89394d14ce0dc4c5b24c65789a6a1e14d6bb8f
results/zh/10Cr/group03/POSCAR_bulk_doped,3961,700328fd5555e164334ae1f828039f418b6921bd679e1f3ba71604b6b085379e
results/zh/10Cr/group03/全部M-O-M组合_含零.csv,20449,5c50691f81bae42bf6b5ea08b50669f5950b743becc92c97aa292b04639042c9
results/zh/10Cr/group03/单键明细.csv,9410,e71876dea63688fa04fbffa885a52d06d2f054268a984fe22a1302159087aa9b
results/zh/10Cr/group03/单键种类与数量.csv,1725,5a24fb81271b9a202764c696599a8490979f0257de85b8681d61f18d45d4ffb0
results/zh/10Cr/group03/实际M-O-M种类与数量.csv,2287,7b002c8224f6561c7579bd51438b0108c54c5187c1a63e85b7d19f0dbe7c034a
results/zh/10Cr/group04/M-O-M路径明细.csv,26824,1df9d714d75cfc478cd7afef59d95d236c5c7ea113093eb3d912b1e0a1f69701
results/zh/10Cr/group04/POSCAR_bulk_doped,3961,9ecf2ad0a81860cd5543fe9c56c54baf952b9cc3c35128aab923e607b414dcc8
results/zh/10Cr/group04/全部M-O-M组合_含零.csv,20603,aa2a9246eaf4e1dce7356d323c64432ab91d21242b667594758d96150fbbbed4
results/zh/10Cr/group04/单键明细.csv,9410,cb56f331b5fe5c4a27c8d8e2265e3b2bad45fbd716c3ba8fbb236e0aed07afd7
results/zh/10Cr/group04/单键种类与数量.csv,1722,439fb967f48111f78b9bb91b25f806425b4058c1a5605b402b440089456528f5
results/zh/10Cr/group04/实际M-O-M种类与数量.csv,3041,2672ec7c6d72e55317c193960cd8707a4e78248f082b73b50c988193166ea65a
results/zh/10Cr/group05/M-O-M路径明细.csv,26824,16f5fad0735dbb0a85407c12366f60c92a1bfa05c925fd54125bfbb9f819c6bd
results/zh/10Cr/group05/POSCAR_bulk_doped,3961,77010bfa9cbae00ebfa6017c34495087a2eaa7ba49ca2f208c28f5b48a3b15f6
results/zh/10Cr/group05/全部M-O-M组合_含零.csv,20603,8930b7dbca106cad1a9dcca4205ba61c35ad44e7a9f2690cc678b54549d3d16b
results/zh/10Cr/group05/单键明细.csv,9410,1f2264ddb3d6a06cb916585af12bf578852d3a2bd9e502d415df07f4b46f20f3
results/zh/10Cr/group05/单键种类与数量.csv,1722,439fb967f48111f78b9bb91b25f806425b4058c1a5605b402b440089456528f5
results/zh/10Cr/group05/实际M-O-M种类与数量.csv,3041,e19a84f559db72fe86884756f91de35dc44c0e3f2667d695c1dde4b8944572d5
results/zh/10Cr/group07/M-O-M路径明细.csv,26824,adb92746bff53b96ac99cf5f5928c5a88bb69a6083b0ba698edd393392eb982b
results/zh/10Cr/group07/POSCAR_bulk_doped,3961,7d670028d3925e1c5915458d6883a10dd12f9219934f5d26dfb92487b93af823
results/zh/10Cr/group07/全部M-O-M组合_含零.csv,20602,371a11faf2c9f7bf80e34adcc55ade76589dfcdd126559e04b2e18d4e20d3414
results/zh/10Cr/group07/单键明细.csv,9410,2ff158ab66286ed5fa00ac4be9c738cdbc1296b7051cce34fe490499d05de171
results/zh/10Cr/group07/单键种类与数量.csv,1722,439fb967f48111f78b9bb91b25f806425b4058c1a5605b402b440089456528f5
results/zh/10Cr/group07/实际M-O-M种类与数量.csv,3040,3b14a92eaa7d56118bd308385714f323b8c8850675fc92cf963719c939b1831c
results/zh/10Cr/group08/M-O-M路径明细.csv,26821,4967e1404f3b1a26736fe1932fe84340f6c9b60b6ac408fc887399037d47da3f
results/zh/10Cr/group08/POSCAR_bulk_doped,3961,c4bce0b7245280c2c9ecb378db88522d20dcdfb15e117cfd186c333c763297f5
results/zh/10Cr/group08/全部M-O-M组合_含零.csv,20449,83f280e70dd3017db0b9a055e2b8f46d63a007380a0ce473e2501b5da5cbbbef
results/zh/10Cr/group08/单键明细.csv,9409,13ef5a588278e969dfde222b4889c5e4666df3db320089dc3bc610c83ecff2a3
results/zh/10Cr/group08/单键种类与数量.csv,1725,adf515fd57896600c87194eeee33093bd6f6a25813dd742bdb136748bd14111f
results/zh/10Cr/group08/实际M-O-M种类与数量.csv,2287,7f307747ebaa5b5d7569b2ce2a094dda859ef32088c9932627208412ce6df445
results/zh/10Cr/group09/M-O-M路径明细.csv,26824,001ade6d4a05b8ebb1ad43c9a08c9f86a767c15e2c5a1958760c4dedc16fc5c3
results/zh/10Cr/group09/POSCAR_bulk_doped,3961,513a69b00e41fa488515d312fee872bc6e1bc13f03e0382e76a90c38d0a7d475
results/zh/10Cr/group09/全部M-O-M组合_含零.csv,20538,7a3fa09ec976e4a29ec1f83139fb9665976aa2fdce1b904c52175016d1a88704
results/zh/10Cr/group09/单键明细.csv,9410,d164820915be40a547bb8deb814fcea25f0e6b4195c08cf382a5207cb20e835a
results/zh/10Cr/group09/单键种类与数量.csv,1724,3986cdc11ab8d2f014befad95541f56693cc731df01fb2051d8735e1a151d89b
results/zh/10Cr/group09/实际M-O-M种类与数量.csv,2707,3d106e30843cfdfff149036410858acd9653166a61dc615dbc46361530c9fe76
results/zh/10Cr/group10/M-O-M路径明细.csv,26824,447bec4e264d3ce58be84125eeaf092ca1ebf55f9ea6a705788a3c7c92c469b3
results/zh/10Cr/group10/POSCAR_bulk_doped,3961,963b3cd335cefe2419adf6bf658b4743ec24172b9c07a0b940e87b9785746128
results/zh/10Cr/group10/全部M-O-M组合_含零.csv,20610,665f1d85b95e122e624601748272d192ded300474231f858dd837e5529b720e0
results/zh/10Cr/group10/单键明细.csv,9410,b4fe714906518b2b134989c49175dfb3a2372ba0b0ae446c9b25e3eedfb43406
results/zh/10Cr/group10/单键种类与数量.csv,1724,a865bdd2d7f71494100ae0d8e528ff3283f14d2f28add326b5a7a7ca8660c270
results/zh/10Cr/group10/实际M-O-M种类与数量.csv,3043,d28bb05364f2115a7bb0b79657264db8c6e69db696924058c67ec4f4677d5d89
results/zh/10Cr/group11/M-O-M路径明细.csv,26815,fa931b20268ceaa1341787f3e23aa92741ff6342f68c8b4547ebfc4b4aa9beb9
results/zh/10Cr/group11/POSCAR_bulk_doped,3961,a5e4d65121b1497ab9579b907c5ff873cc4e54617e49ab308fc3c60aa3ed9c65
results/zh/10Cr/group11/全部M-O-M组合_含零.csv,20520,17a98a26fed205a786aa10c30de1cd26a1f5b08877ac35a9971a5f33ce136d8b
results/zh/10Cr/group11/单键明细.csv,9407,b0fbe5fd443f50f6374ea31280cacc79e6725e36ae810f68c677114430532472
results/zh/10Cr/group11/单键种类与数量.csv,1725,dd0739f547be807a5636ccb74343f82d5b3561b2804a53dd98a41bc0cdc148b3
results/zh/10Cr/group11/实际M-O-M种类与数量.csv,2618,c3ee7a55ffb0578d2983746d0e8c8eab5b4c57e47ee493b2efb0561464ae3ed0
results/zh/10Cr/group12/M-O-M路径明细.csv,26815,7c362a9deb47fb5f2a025b60b0696a5a58d46ce6d10782f62d927b276106a27b
results/zh/10Cr/group12/POSCAR_bulk_doped,3961,afb827658922c497b688503fd627ad7a4b5d50085298fe2cfb6de4490ecba57c
results/zh/10Cr/group12/全部M-O-M组合_含零.csv,20522,8292662a7c24c1ce329234b6eff4da73102873c9ad295eba45c1b7525d70dc18
results/zh/10Cr/group12/单键明细.csv,9407,e4fe830274189b2a29415e1741e544df3418ab145320fe644dd9adf81dc4c073
results/zh/10Cr/group12/单键种类与数量.csv,1725,dd0739f547be807a5636ccb74343f82d5b3561b2804a53dd98a41bc0cdc148b3
results/zh/10Cr/group12/实际M-O-M种类与数量.csv,2620,924cb186466bbf20250f2c04b2479617705d884cece5f872da9038aa9c6bf3a8
results/zh/10Cr/group13/M-O-M路径明细.csv,26815,49ace8504cde1d0cbccbbe06dd0f77f56a7df92401bbd06b3a6d12da90c89878
results/zh/10Cr/group13/POSCAR_bulk_doped,3961,c890eaf908fa4c38b1671d727396cf0eb206992e14cebde86c102d1edb1ee1c0
results/zh/10Cr/group13/全部M-O-M组合_含零.csv,20520,c3cd3877b111e27369ee10b4460da0067db402d8a9621c75aabf4ff3118a3d8a
results/zh/10Cr/group13/单键明细.csv,9407,d4e504123edc7ac581c68e1e092f2a85969561859410eaf0c55335118b8f07ba
results/zh/10Cr/group13/单键种类与数量.csv,1725,dd0739f547be807a5636ccb74343f82d5b3561b2804a53dd98a41bc0cdc148b3
results/zh/10Cr/group13/实际M-O-M种类与数量.csv,2618,f4dbd5b1b5224e1fb226b2a9fc655f277cf855747e75aef7a126d9a072d1d55a
results/zh/10Cr/group14/M-O-M路径明细.csv,26815,917182f80ddddbd6bbdecfd52f27c5e0b9e6565626aec08cf6e3ad53ceaa39c6
results/zh/10Cr/group14/POSCAR_bulk_doped,3961,7601b2f144f160d1a54c17cbe46f35ab222116ed1aed4f8688b40b8c41305358
results/zh/10Cr/group14/全部M-O-M组合_含零.csv,20526,b0185a152108b09bdeb2919f936398dbf25f965d8149571d0e536785b6c4a225
results/zh/10Cr/group14/单键明细.csv,9407,addb4a6e9094ded1f9a1a6d9f4e2ffe974aa4995481baa7ff8fd09ee31684da8
results/zh/10Cr/group14/单键种类与数量.csv,1727,be30e46330db4f071de46048be2f5cfec2b595dc9573b3aff1a2da67518f93b2
results/zh/10Cr/group14/实际M-O-M种类与数量.csv,2624,7d15baec56aef24c3214cab207da5d9fce3c21d6fe372da150ee302f553896a2
results/zh/10Cr/group15/M-O-M路径明细.csv,26815,5165e35110975647b4e69c46b0c98c756aa0bbc262f0e418b199d34027b4a055
results/zh/10Cr/group15/POSCAR_bulk_doped,3961,c0df8a9f896dc6753b0b26ec7dab815a02c6c2a3695524d8f20e1584b23b69ed
results/zh/10Cr/group15/全部M-O-M组合_含零.csv,20524,9eb1e682af5b061e5e107b2fa68ff408cce371a8cf98730994cfc043874f5554
results/zh/10Cr/group15/单键明细.csv,9407,aadb3fc6bb98b3b5d9627c8315b90475dcdf8c1b10283ac65f837332f4a49868
results/zh/10Cr/group15/单键种类与数量.csv,1727,be30e46330db4f071de46048be2f5cfec2b595dc9573b3aff1a2da67518f93b2
results/zh/10Cr/group15/实际M-O-M种类与数量.csv,2622,aa9fe58e12081f903944de7952c0c786db1a2d7a9c595ed265d01f34648cc3cc
results/zh/2Cr/group10_2a_layer16__2b_layer12/M-O-M路径明细.csv,26941,8ecfa16a34107ef900b5a04d380bc44a91244b2c87fa09331dabed57be0c032e
results/zh/2Cr/group10_2a_layer16__2b_layer12/POSCAR_bulk_doped,3982,b6e560be5616d5927fcc751c726ee2c5bb3469f94d89f717451416f252f0e44f
results/zh/2Cr/group10_2a_layer16__2b_layer12/全部M-O-M组合_含零.csv,20371,272f475f498c3c58ad602ba5a197eb400128818a0ca8c3e3704faba1a1601f3d
results/zh/2Cr/group10_2a_layer16__2b_layer12/单键明细.csv,9449,e0236f12d0eecbc4380dd3eff0680ab85b8db49815134d3d6d5436b18b74b2c0
results/zh/2Cr/group10_2a_layer16__2b_layer12/单键种类与数量.csv,1726,6a2f75d8cbd5ec5d7844dae1b45f86cb4b27393c6ba21ff7a3a015fd9c6e9c33
results/zh/2Cr/group10_2a_layer16__2b_layer12/实际M-O-M种类与数量.csv,1885,51a1131b12945bf0bcd2d43f21ff10751412a894ff12c2496f886eda3cd2e52c
results/zh/2Cr/group11_4f1_layer15__4f2_layer13/M-O-M路径明细.csv,26944,fff592c8b059421b53ffde39344a8a2f126a4e9361b6b473dcba54e7834b82a1
results/zh/2Cr/group11_4f1_layer15__4f2_layer13/POSCAR_bulk_doped,3984,190ca35acaad3197bca7d8def8062af567efd898560593cf77292dc2c475e609
results/zh/2Cr/group11_4f1_layer15__4f2_layer13/全部M-O-M组合_含零.csv,20424,fa7cbfdd9289fb8e684911b5fc1307150b5b609ba676924012db64e849ac7e5c
results/zh/2Cr/group11_4f1_layer15__4f2_layer13/单键明细.csv,9450,3c17b87efbc639d8e873c33fb0b1b07d387b3bbecb2cf34a297642adc2f2b0f1
results/zh/2Cr/group11_4f1_layer15__4f2_layer13/单键种类与数量.csv,1724,faed2c0b785f48ea04e098724f694892b5287031264ab45dc4f418f01234a4bb
results/zh/2Cr/group11_4f1_layer15__4f2_layer13/实际M-O-M种类与数量.csv,2139,b5131a10eefb85fb7e5fb65128dfb63fbafcea2841f1b705ae45aec66b901e7c
results/zh/2Cr/group12_2a_layer8__12k_layer2_1/M-O-M路径明细.csv,26938,d5b752d7064b29548a3cf7832ac994173584962a822791fe9eba38bb261f5e7e
results/zh/2Cr/group12_2a_layer8__12k_layer2_1/POSCAR_bulk_doped,3983,c720eb5e44ad00b5e998176a14e7a5fb076c5fab3d2b31899086b0801dbdcc52
results/zh/2Cr/group12_2a_layer8__12k_layer2_1/全部M-O-M组合_含零.csv,20494,13ceb858a0b557ee5c2d0c48d7b57884909c6f10021c085f2fd1b150c48bf155
results/zh/2Cr/group12_2a_layer8__12k_layer2_1/单键明细.csv,9448,73326931839fcfcfb0f065ff15961591f9dd6bd95d8b77486527c5d14f96e336
results/zh/2Cr/group12_2a_layer8__12k_layer2_1/单键种类与数量.csv,1726,63518ec3cec2f34e1f4d3a253d23743da4c86bb50726ffee6df44efa93acf73a
results/zh/2Cr/group12_2a_layer8__12k_layer2_1/实际M-O-M种类与数量.csv,2465,6881ab6d6dc7bcdbf5cd90edad80a8c5c881110025c5d73bd2bcdda1c3d53f11
results/zh/2Cr/group13_12k_layer2_1__layer2_2/M-O-M路径明细.csv,26938,7c208d13a732a55d761b781067b4f500378cf4b442e392748facc5ef6584153e
results/zh/2Cr/group13_12k_layer2_1__layer2_2/POSCAR_bulk_doped,3982,a35a306edea00c7d65e7c5b30f2717f3bf85c8b20224cbc87a7731cf39ba098a
results/zh/2Cr/group13_12k_layer2_1__layer2_2/全部M-O-M组合_含零.csv,20520,1806b1890da7bd3249eb79d6fed5172bef8d7fe5710d4c6630fb5bbf25d8feef
results/zh/2Cr/group13_12k_layer2_1__layer2_2/单键明细.csv,9448,2f6d176e151ac551a5215c6d01c2124d7ae889a77e64aad08aee13a4eb9dd0c9
results/zh/2Cr/group13_12k_layer2_1__layer2_2/单键种类与数量.csv,1727,f88eb5ac00de8dcd68b930698735b950ac05a8792c34bc6466b07d73ba02cacb
results/zh/2Cr/group13_12k_layer2_1__layer2_2/实际M-O-M种类与数量.csv,2618,9fecfe27ff728214a2be54492f1b0a116bce479ff1876ea18ba1557b16c7074d
results/zh/2Cr/group1_layer2_2__layer10_1/M-O-M路径明细.csv,26938,76f1b467cc21f4bb602478ffdc0f74beeaffc11655b2ad539358ede3afe51456
results/zh/2Cr/group1_layer2_2__layer10_1/POSCAR_bulk_doped,3978,d42c5e7ef1780a8a2885cc7443e64f3673074bd0f701769d6e197ffbd022ad3a
results/zh/2Cr/group1_layer2_2__layer10_1/全部M-O-M组合_含零.csv,20453,5094994a07d1e22e98dcb3c94e22ad634afa2ea3653a66110fc9ea85bac8dd6d
results/zh/2Cr/group1_layer2_2__layer10_1/单键明细.csv,9448,629aad6537085e01de417c9ba6d48d09d5587f9415f865e0c58507f7f0fb5ca3
results/zh/2Cr/group1_layer2_2__layer10_1/单键种类与数量.csv,1727,f88eb5ac00de8dcd68b930698735b950ac05a8792c34bc6466b07d73ba02cacb
results/zh/2Cr/group1_layer2_2__layer10_1/实际M-O-M种类与数量.csv,2291,b4c8129fb91c4430d2b91a7a6ae119e3fd17633aab1babfb72910a4c1627028e
results/zh/2Cr/group2_2a_layer16__2a_layer8/M-O-M路径明细.csv,26938,cb6971cb39147f538191b2d4d5941a5634519335363043541386140377372619
results/zh/2Cr/group2_2a_layer16__2a_layer8/POSCAR_bulk_doped,3980,4bcd32941fd0fa9b3bcc26bb5df045bde462601d97e1966737ae1b21c6311c18
results/zh/2Cr/group2_2a_layer16__2a_layer8/全部M-O-M组合_含零.csv,20287,4beba0810c05752bfbcf201bfd904458f5fd096aab0547aac8c061c7517dd814
results/zh/2Cr/group2_2a_layer16__2a_layer8/单键明细.csv,9448,bab96f4f1934303b03ecfaee9b166790ac89298f9c7c39e24bd736fe1cee5cf4
results/zh/2Cr/group2_2a_layer16__2a_layer8/单键种类与数量.csv,1727,debf8545d44b0c37c9c2122a0cb7c06e034f056b42c88ff0e53e1e10f3b4f3b4
results/zh/2Cr/group2_2a_layer16__2a_layer8/实际M-O-M种类与数量.csv,1469,007d01d90a29cdf52f9fe1c07adb9252ab403eaaeca4f3398ff6d2252e590d4f
results/zh/2Cr/group3_2b_layer12__2b_layer4/M-O-M路径明细.csv,26944,2286bd0c4d10947272fa662a8892fe2ba2176719aeac7705e9bcb75d59400219
results/zh/2Cr/group3_2b_layer12__2b_layer4/POSCAR_bulk_doped,3980,a9e916651b5a85b177477dbb895f328ac0c5d31de983b22ba135f80c4462e8bd
results/zh/2Cr/group3_2b_layer12__2b_layer4/全部M-O-M组合_含零.csv,20287,7bd4519a4f408981383689989a1298376a2bf96cf3e548a644b612c0e6dcfe5d
results/zh/2Cr/group3_2b_layer12__2b_layer4/单键明细.csv,9450,635903bb7c15f2d0730229ecacb03ed5c9b1ab0527ae971d73bf54853c34dc7a
results/zh/2Cr/group3_2b_layer12__2b_layer4/单键种类与数量.csv,1727,55e91fcaa9cd9f1dea0d8d83050da1551442bb1cad51dfe3c96f498248ab402d
results/zh/2Cr/group3_2b_layer12__2b_layer4/实际M-O-M种类与数量.csv,1469,f64a9c412e64b0457e14cdb9ee012f56acb54bb7a5b4c3cff425253aed405ba9
results/zh/2Cr/group4_4f1_layer15__4f1_layer9/M-O-M路径明细.csv,26950,d7ccc23fceb1126174d0293e2039ad7061566d7f2c172c67e95ec2a5bffb123f
results/zh/2Cr/group4_4f1_layer15__4f1_layer9/POSCAR_bulk_doped,3982,3f6b61fe3c1d1577e0fee62f78c344616b03c77d1b3ebf7a8ba1fd76e9033365
results/zh/2Cr/group4_4f1_layer15__4f1_layer9/全部M-O-M组合_含零.csv,20340,bd58fb1a08f802ceb5e22f27471f66ebdb1eec8024dddc6e088fb60c7e5ab00d
results/zh/2Cr/group4_4f1_layer15__4f1_layer9/单键明细.csv,9452,3c62157db01add008d4788d74fb94adbcd01f269bb5d6322503c2ccca7cf4bba
results/zh/2Cr/group4_4f1_layer15__4f1_layer9/单键种类与数量.csv,1726,830503b60eb725579651be53002a9f998ef2bc41d6e9d8e54c513e93f2838ea6
results/zh/2Cr/group4_4f1_layer15__4f1_layer9/实际M-O-M种类与数量.csv,1721,53a1a88621fc060fd58b1f580bf0b1e5acaba8b1c0b070b906de04a4ca442629
results/zh/2Cr/group5_4f1_layer7__4f1_layer1/M-O-M路径明细.csv,26950,c42584f0f17a1d83b561556c250086e1d4c9ef5b1db98d9bc93e10011090b34b
results/zh/2Cr/group5_4f1_layer7__4f1_layer1/POSCAR_bulk_doped,3981,72cd5c73427a324ac3c632f7ee865e158723a595e09f5816c80cbd6f289be8f2
results/zh/2Cr/group5_4f1_layer7__4f1_layer1/全部M-O-M组合_含零.csv,20340,b98691c956b207e9a07c78b620412c6ffb29a7778ed9eb5976343bff82aba3bf
results/zh/2Cr/group5_4f1_layer7__4f1_layer1/单键明细.csv,9452,ad834fcaca46f00c6bba031cab1f15be48b4b23b00c50863efab32c14dd80eda
results/zh/2Cr/group5_4f1_layer7__4f1_layer1/单键种类与数量.csv,1726,830503b60eb725579651be53002a9f998ef2bc41d6e9d8e54c513e93f2838ea6
results/zh/2Cr/group5_4f1_layer7__4f1_layer1/实际M-O-M种类与数量.csv,1721,951316f3fdf4f79adf2bb12b76d2d54a193ce82984859d11e0cfdc4736fb51c8
results/zh/2Cr/group6_4f2_layer13__4f2_layer5/M-O-M路径明细.csv,26938,0006c0f83a2f49d478349ba8bb0b3a3cc85acee77783e1fd99e804f70b61767a
results/zh/2Cr/group6_4f2_layer13__4f2_layer5/POSCAR_bulk_doped,3982,718398e97a2da76cbe2211ed7285501927a5201761f0eedfca950dc662ce1b00
results/zh/2Cr/group6_4f2_layer13__4f2_layer5/全部M-O-M组合_含零.csv,20355,686caec428d7347acccc19e8685d7c5615a81c56239482e3cfbf854317e99fa6
results/zh/2Cr/group6_4f2_layer13__4f2_layer5/单键明细.csv,9448,d1a7980f3af3a60dbc1bafeb988ececf9a7e5a86a00589dcb841278f19d164b4
results/zh/2Cr/group6_4f2_layer13__4f2_layer5/单键种类与数量.csv,1725,4b643e86de06cfbfba27ead547a9645939542ccefd73c936b229868db944e270
results/zh/2Cr/group6_4f2_layer13__4f2_layer5/实际M-O-M种类与数量.csv,1804,008b850d241be5afe93018c8441c6edcf8e9311735fa46715e09ad55733c7b80
results/zh/2Cr/group7_4f2_layer11__4f2_layer3/M-O-M路径明细.csv,26938,1239743e9155a7c6fc1b1cad83f4135fc5d2d8ef44d486e9605949e5da734d6e
results/zh/2Cr/group7_4f2_layer11__4f2_layer3/POSCAR_bulk_doped,3982,052110fcdc4113af577e969425f4f9e19ecf0ebb56adf41f6e59ab356e6b5055
results/zh/2Cr/group7_4f2_layer11__4f2_layer3/全部M-O-M组合_含零.csv,20355,fbce6100a933b2663de531792a6f543f92d1e68b52e75562a9d81f053155d456
results/zh/2Cr/group7_4f2_layer11__4f2_layer3/单键明细.csv,9448,e6cb3ba4ec5cc7fd5ea6f4497f5459309f51c4b5305d93989dfca7afd1d25a51
results/zh/2Cr/group7_4f2_layer11__4f2_layer3/单键种类与数量.csv,1725,4b643e86de06cfbfba27ead547a9645939542ccefd73c936b229868db944e270
results/zh/2Cr/group7_4f2_layer11__4f2_layer3/实际M-O-M种类与数量.csv,1804,7aec1dced694c2fa6d87181297a4603622c3583296fa500f64b976f2761667d7
results/zh/2Cr/group8_layer6_1__layer14_3/M-O-M路径明细.csv,26938,016834d577a8e49f9fc676b756d94ce37782b446ec3d35cd155763d3c13aa445
results/zh/2Cr/group8_layer6_1__layer14_3/POSCAR_bulk_doped,3978,67b27023a16be35f35066cc6ab13aa7f4c28d9e0f4eb252985276589767318b0
results/zh/2Cr/group8_layer6_1__layer14_3/全部M-O-M组合_含零.csv,20453,669e5aeac35ed1816fd3d28187737c7d66e466bd6c9639f719652c136e6279f5
results/zh/2Cr/group8_layer6_1__layer14_3/单键明细.csv,9448,335473bd1f10e1bfaed3f45edcc2b97de289464f6c001bc09a82b972cf034469
results/zh/2Cr/group8_layer6_1__layer14_3/单键种类与数量.csv,1727,f88eb5ac00de8dcd68b930698735b950ac05a8792c34bc6466b07d73ba02cacb
results/zh/2Cr/group8_layer6_1__layer14_3/实际M-O-M种类与数量.csv,2291,bef4b60ae34ecf6809eaa78f0bc8c865d67e0338a348c5067f5372ba6d0cc704
results/zh/2Cr/group9_layer2_1__layer10_2/M-O-M路径明细.csv,26938,ab8ed81fcfd584ce2a4f24a8b80b8c3230f2ed56585b3d76536e9f850d758d56
results/zh/2Cr/group9_layer2_1__layer10_2/POSCAR_bulk_doped,3978,2251a32ec932535973ab94a8fc15b10e0320cbec9600bbcf5a57a4bac6d92874
results/zh/2Cr/group9_layer2_1__layer10_2/全部M-O-M组合_含零.csv,20457,ba22aa2c650f60d576680638c2f0719a5c8cf134c79d48532052b830a096b46b
results/zh/2Cr/group9_layer2_1__layer10_2/单键明细.csv,9448,2a63cceeba05ff625033810e383503b6418f5b78e2775173c2e0cb170c74621b
results/zh/2Cr/group9_layer2_1__layer10_2/单键种类与数量.csv,1727,f88eb5ac00de8dcd68b930698735b950ac05a8792c34bc6466b07d73ba02cacb
results/zh/2Cr/group9_layer2_1__layer10_2/实际M-O-M种类与数量.csv,2295,13390ced98b49f5ee6060399e5b6f166ae49f9429d56263abcd98100d8392fef
results/zh/4Cr/group01/M-O-M路径明细.csv,26902,d2ae7524304ff0a55fd741c7152378c314612ff89c107afd5650d480fb0bed19
results/zh/4Cr/group01/POSCAR_bulk_doped,3959,c02aaa18c2464756c75f8dabd6574d107bce65f88acf3ba1550dad936c03078b
results/zh/4Cr/group01/全部M-O-M组合_含零.csv,20454,93a8148907cf80de199ce3f5190ea2ab543740f0195f4be583c73407156191ba
results/zh/4Cr/group01/单键明细.csv,9436,cd2bd47dee21fd97ac752f06f063aa1546fb1227fa4291ac2562a37dac000697
results/zh/4Cr/group01/单键种类与数量.csv,1725,465e3bd95a704b3c87653cb75718a85b3c30c7e012ed5c343b0ff3011d428f4f
results/zh/4Cr/group01/实际M-O-M种类与数量.csv,2292,ae476a1ca8978c5451f61cb0ac3581d421dc2bc457cf2f4cf5f407b48f867a81
results/zh/4Cr/group02/M-O-M路径明细.csv,26902,b224b963390bc7cb974dc2a046387f06ef27d94fef88b15cecee940533260f43
results/zh/4Cr/group02/POSCAR_bulk_doped,3959,892dcad28f675f0fcd6a64c2e8484840ac72fa3c5763f03ac4c244096c859c2f
results/zh/4Cr/group02/全部M-O-M组合_含零.csv,20450,164db771120a79294aa834c562d64d2bb346a08a5f4499c3e65e35fc83aa8ceb
results/zh/4Cr/group02/单键明细.csv,9436,24150adbd47d9327c65bd1774c198eeb7b4fd02e7297b39ab2fd4a696edc50ce
results/zh/4Cr/group02/单键种类与数量.csv,1725,465e3bd95a704b3c87653cb75718a85b3c30c7e012ed5c343b0ff3011d428f4f
results/zh/4Cr/group02/实际M-O-M种类与数量.csv,2288,67f76b10dcc9e600b0ee7d2cbe0d6155595e2ff7ee9de337df0388d40f86a33e
results/zh/4Cr/group03/M-O-M路径明细.csv,26902,38db791fc7c4f614dae61156cdd882e2a02757b8c55773b8f25cf8405a3f9730
results/zh/4Cr/group03/POSCAR_bulk_doped,3959,9d7fc23cef52d93427fe2a867759d94f7339afbef35ac5c7d011061e31eff972
results/zh/4Cr/group03/全部M-O-M组合_含零.csv,20520,f30790886564cdbac8a81642df2284675336bf43c7fb76037a9540fecf28be53
results/zh/4Cr/group03/单键明细.csv,9436,47aaa665f87b972b664e926c587990c206fed441abeb53e6ec81202244750242
results/zh/4Cr/group03/单键种类与数量.csv,1725,465e3bd95a704b3c87653cb75718a85b3c30c7e012ed5c343b0ff3011d428f4f
results/zh/4Cr/group03/实际M-O-M种类与数量.csv,2618,c079dfc50b9961cd682e138e17f0c0962c38623f41bdcebcba2d364f2c3daea7
results/zh/4Cr/group04/M-O-M路径明细.csv,26902,b1167c4c74ed0ff2cae8a5a6ac6bb78b74c235a7138e8f15ab0fe8d53c343270
results/zh/4Cr/group04/POSCAR_bulk_doped,3959,fa657461d4005e56003abd0107d335b8e654594717101694b583cedea9e9db1d
results/zh/4Cr/group04/全部M-O-M组合_含零.csv,20287,9f5beaf80d96e20fc2859d616ae2b88b1fc9e3a2e2d6869890f5d930ca8b0b2b
results/zh/4Cr/group04/单键明细.csv,9436,3cfaa0151b9ab44dc74b7df0b8061caa6a43df8d709c148782769ffe43214db8
results/zh/4Cr/group04/单键种类与数量.csv,1727,10854275752087330e88b82cb9816e728cc61ada7023c213e9cf319fafb20b91
results/zh/4Cr/group04/实际M-O-M种类与数量.csv,1469,b595d1b90d18754468486e1736320d4fcd80c1c44932e327b34d15ab1f7495a6
results/zh/4Cr/group05/M-O-M路径明细.csv,26902,3f298593cc7c11529d61f0952f4f80f4bffcbbf5efe4b987f64be1b47aed42bb
results/zh/4Cr/group05/POSCAR_bulk_doped,3959,778db239b844661f509b4cdf1e5eea46bb8cecfc1ea1c60c93cbab0f97632edd
results/zh/4Cr/group05/全部M-O-M组合_含零.csv,20372,0f8e3b867988e9c4d006673e5043718d2866e20a2009504b2f0cae82e1c6955a
results/zh/4Cr/group05/单键明细.csv,9436,6218546edc8a45548bf5ee87784a89524353f0ab9eecaa6e7b2550fd4ad368bc
results/zh/4Cr/group05/单键种类与数量.csv,1725,896be9c1a7f35f8fea7face12f0aa159de3919cd8d017807ef0c94eb1123cdb5
results/zh/4Cr/group05/实际M-O-M种类与数量.csv,1888,914a1df337c5d54f84cb7b68486db0175a2fdf1a6187615252c4058f68e6d787
results/zh/4Cr/group06/M-O-M路径明细.csv,26902,a68a4f80619e32cae426d9ba714749eebb46f91f1a16c0c210616cb8a7bd2204
results/zh/4Cr/group06/POSCAR_bulk_doped,3959,666e3644d84ce2f28673f938399bcadf9eb7e78466024eee064e27d55ca69f0e
results/zh/4Cr/group06/全部M-O-M组合_含零.csv,20354,d48ce30062a241ed62664fd2d8e6b33857c93d0c0e2aed3b1b431f99905f8045
results/zh/4Cr/group06/单键明细.csv,9436,7a0b9f76e5696a4c066df3c963ab0e45aa1c50d0bd6e4f98437ed0b2a8fd9f4b
results/zh/4Cr/group06/单键种类与数量.csv,1725,896be9c1a7f35f8fea7face12f0aa159de3919cd8d017807ef0c94eb1123cdb5
results/zh/4Cr/group06/实际M-O-M种类与数量.csv,1803,5ec0a60cfc763b4179bcea8893ff44e3829572cc1aaf1c1d7fed1a04a261581a
results/zh/4Cr/group07/M-O-M路径明细.csv,26902,4f60d03784462ffdbd61ba335f6d1e8a6c2ad2dbe199fad9e77fa7181e5d9119
results/zh/4Cr/group07/POSCAR_bulk_doped,3959,df6d6a65c28cd26a7df4abf891825754aad9f416033e4e906b1960926535ccbc
results/zh/4Cr/group07/全部M-O-M组合_含零.csv,20523,bbd6a5ecc149b6cde3a6fa5f52a754aa8d36bf7216a9b0dcdb2fc7912bad4d9c
results/zh/4Cr/group07/单键明细.csv,9436,58b94a7a02ae0851b42c385670a96b9413077655ddb55bebe2e56a741d24c7dd
results/zh/4Cr/group07/单键种类与数量.csv,1727,699aebedaccc2ee6931173ebd5de8ac58963cf5006b31555a1de44a267e1fdfc
results/zh/4Cr/group07/实际M-O-M种类与数量.csv,2621,ac74e4d986b8675cbc2da3ccd693197ee19693050e433f689ad90afe75ee8d7b
results/zh/4Cr/group08/M-O-M路径明细.csv,26902,238a56a0825acee5ca85008fe899ef5647f85531f08486901aef227cf40303f3
results/zh/4Cr/group08/POSCAR_bulk_doped,3959,89585788e70a48729054b10256d6df428a50b96e8f8e7909917173a25f971e95
results/zh/4Cr/group08/全部M-O-M组合_含零.csv,20456,bd8021234069a3f123e106eef5a911a9f9da5b701c791653787d653eb92562eb
results/zh/4Cr/group08/单键明细.csv,9436,073bca786c108b2223a73d9d0bf0195e1026aa01240c97516279d0a6e032342b
results/zh/4Cr/group08/单键种类与数量.csv,1727,699aebedaccc2ee6931173ebd5de8ac58963cf5006b31555a1de44a267e1fdfc
results/zh/4Cr/group08/实际M-O-M种类与数量.csv,2294,c3eb691c37c0855bcce6a6f110aa830e51523b968cc54c56296ee6559d50f077
results/zh/4Cr/group09_case1/M-O-M路径明细.csv,26902,653cbb44c17235d148190f8d96e6e742b3abe28356118f35b27fa22e8bccbeff
results/zh/4Cr/group09_case1/POSCAR_bulk_doped,3965,a74e6cdc02bd1e33c7bac163eda966204989ba91de7ebc8739014715da627191
results/zh/4Cr/group09_case1/全部M-O-M组合_含零.csv,20542,f91e75d2297cc3acd0d8bde178429f56e0a8eb3148c3c70a031df8343a6d53cd
results/zh/4Cr/group09_case1/单键明细.csv,9436,f5873a2b9dd6dcaa2167c4bd13ded09c483e3ac44530dcc8769c62bb740aea2b
results/zh/4Cr/group09_case1/单键种类与数量.csv,1725,532b0723d006ec7c098377fba33ba26060695df55c3fbc43c6080ec787aebf4b
results/zh/4Cr/group09_case1/实际M-O-M种类与数量.csv,2714,2c3b1c2cc8b31dbcd896a91a0c62a9e35fb406f292e5d9a71822562777e6f3ab
results/zh/4Cr/group09_case2/M-O-M路径明细.csv,26902,4d2182e3ae844e070c6c685403bebc98e10b3364196b0556b23fc16dec79b656
results/zh/4Cr/group09_case2/POSCAR_bulk_doped,3965,24a92de5edb216860e2e9520b7288bc49ad402da9d78b317b0df374e0ec4499b
results/zh/4Cr/group09_case2/全部M-O-M组合_含零.csv,20541,8d8845900d35a3b64ebaf3be78d03b55ff8a841b3d10f744f165d464d50e062d
results/zh/4Cr/group09_case2/单键明细.csv,9436,c69f8f722181abb282606fd708e41e4a39af3d66285848797e7b3c48ae4768c5
results/zh/4Cr/group09_case2/单键种类与数量.csv,1725,532b0723d006ec7c098377fba33ba26060695df55c3fbc43c6080ec787aebf4b
results/zh/4Cr/group09_case2/实际M-O-M种类与数量.csv,2713,8a19102311658115373e27c9092229325bcb9cb70bc27ef7cc53bffde4d3df81
results/zh/4Cr/group10_case1/M-O-M路径明细.csv,26902,a9211ffead0313b886ffc904bc3697df8df242e83c31e29130b1a71098a6dc4c
results/zh/4Cr/group10_case1/POSCAR_bulk_doped,3965,fc537d349d25ec9ef4768359c2bc891e93f8c1d10dd45d9a941980db31044972
results/zh/4Cr/group10_case1/全部M-O-M组合_含零.csv,20610,056c37368e77607c6dbc6cdedd99e3e29191ef749e359d517d8d8daccad1e97c
results/zh/4Cr/group10_case1/单键明细.csv,9436,8cd5302838c2c1813924a1e2ecdacf7bda25fae982a2bb347b8a141aeb57b62a
results/zh/4Cr/group10_case1/单键种类与数量.csv,1724,e9c851860fe70544a5aafc2703b8211b8694dcc0151a93b13c92a03c9fa455ec
results/zh/4Cr/group10_case1/实际M-O-M种类与数量.csv,3048,2c39b714a4f32eb695a76920adf078076d8b6c18080bed3cb8ca972ddf05fdb0
results/zh/4Cr/group10_case2/M-O-M路径明细.csv,26902,e11a33b9c02e30ad418fc2084ce0ab84a785830fc7f155a9d376b08594569861
results/zh/4Cr/group10_case2/POSCAR_bulk_doped,3965,1abca79915e5389899a556d5a2aebc3f1dba8b752fafc50c9683bec7ff4d0af8
results/zh/4Cr/group10_case2/全部M-O-M组合_含零.csv,20605,17b69a8a0120578b45abc0d2d7c1253fadfad2ba53523abaf8bafd3d6cffdd9b
results/zh/4Cr/group10_case2/单键明细.csv,9436,e0ff89875691e303d590ebaeb5489677f926da38f886dc35229a752125befcef
results/zh/4Cr/group10_case2/单键种类与数量.csv,1724,e9c851860fe70544a5aafc2703b8211b8694dcc0151a93b13c92a03c9fa455ec
results/zh/4Cr/group10_case2/实际M-O-M种类与数量.csv,3043,b79055fd7dbae6d6d2639c4336a2aede4c25f5b3e88182d38bd6aa8d5dcc288d
results/zh/4Cr/group12/M-O-M路径明细.csv,26908,bd884cffb4e27b5141ea7ffcf0f16f028d398985e4bc3223aa7e816f2482814e
results/zh/4Cr/group12/POSCAR_bulk_doped,3959,99f89653957523cde8c0b4730b66a8809d4800cad3ed97a6a52575f406501c57
results/zh/4Cr/group12/全部M-O-M组合_含零.csv,20287,6050e4d282cda88d559ad40fefb0e5586321c6c8be6edaedd6065db393350ca2
results/zh/4Cr/group12/单键明细.csv,9438,13dd8e9afc17615716115b6c0ab584b7f989d63dc1a33d37ff69d810010816a2
results/zh/4Cr/group12/单键种类与数量.csv,1727,310fe93e340d2e56a2ded5b6e190d0c42149aa3250beb0b161db2b826278bc90
results/zh/4Cr/group12/实际M-O-M种类与数量.csv,1469,0ec466183b374b7435ed534fb82a35d90b85325a83b46ca001b9778c652295be
results/zh/4Cr/group14/M-O-M路径明细.csv,26908,e808806dec2525fe6a0d5dc48547e8a0152685fac3bd5e0bf323f164891c62be
results/zh/4Cr/group14/POSCAR_bulk_doped,3959,460d6c5e6216b205e822777531f69e51621f6c8c81a57ca0145313bfe66508f1
results/zh/4Cr/group14/全部M-O-M组合_含零.csv,20455,4b577bd92234334905543211c2b31f517562015396577190321c3505f5e8f6b6
results/zh/4Cr/group14/单键明细.csv,9438,a57fda105be63c8aebf272edb3d05486e72a1cb24b4896a4619b3d9421eebb6c
results/zh/4Cr/group14/单键种类与数量.csv,1727,25ccdaedbb1d3b5d1ebbfae04bc747117d731eca450baf7b93c75c170a190e6b
results/zh/4Cr/group14/实际M-O-M种类与数量.csv,2293,e48957c188202dca361e095e8ad8c7436598ccc85154370cf601a4c8f5ef449b
results/zh/4Cr/group15/M-O-M路径明细.csv,26914,f42ded60726d14ded5d78af1f954b21b68e78381a0024bf195c57ba4e00058fa
results/zh/4Cr/group15/POSCAR_bulk_doped,3959,be6252c5b9ab144d4c05395c390119714ca24b5463c69f858a0be4c12e32561d
results/zh/4Cr/group15/全部M-O-M组合_含零.csv,20339,e61dfca8ec86c2763399d9d3e7ab93eb2314bca7b2fb061389b621a4982ca3ad
results/zh/4Cr/group15/单键明细.csv,9440,40fa03bc413cfd129c23c9b42c4e2eb59c48179322db765a43d3eaf2819f19d7
results/zh/4Cr/group15/单键种类与数量.csv,1726,c908a098b6b46729e98db5d48f812ceb8c1ba27ad36f2ea467966430ea3bcadd
results/zh/4Cr/group15/实际M-O-M种类与数量.csv,1720,1943654abeac544c0080ee56d0b9a7989d06bbbc8a94aa10c66de4bcee55c2a9
results/zh/4Cr/group16/M-O-M路径明细.csv,26926,beb8f0b1efa778e713d76a64639bdafcbbd19f754c61bd5ca0246d71761493b1
results/zh/4Cr/group16/POSCAR_bulk_doped,3959,c1ecbc2b6730dbec8b26850e75aa8344a424acd0812b3af1b7a624898764c02d
results/zh/4Cr/group16/全部M-O-M组合_含零.csv,20287,75ede38110d865f092578d79d076fdc5709189984b2dbf6d119190b04bf6be49
results/zh/4Cr/group16/单键明细.csv,9444,5c3b027937e35e6ad6d1e0fbbce92335f9bff099674481f130352d7c3a5ad847
results/zh/4Cr/group16/单键种类与数量.csv,1727,1e714f0b53e95d00071e1da276e69f61b0e9e582a406dfda20ed4eb67c615844
results/zh/4Cr/group16/实际M-O-M种类与数量.csv,1469,0a7a48722c6f5f839adce52fa23a8bbd842d76f683795cda44d8a4c8174758b8
results/zh/4Cr/group17/M-O-M路径明细.csv,26911,6894fa592fc8da3b564c674346b2d251db164b1019a5175f4b759ccb52551278
results/zh/4Cr/group17/POSCAR_bulk_doped,3959,92ed1423f5c9c3a0ff4918cc2acc0f871f724af83415edfc23baaf0dccf05233
results/zh/4Cr/group17/全部M-O-M组合_含零.csv,20597,339c41196f7b7554278ce08f16445558ffecb9c4f51ffc9e01fd671de4c15600
results/zh/4Cr/group17/单键明细.csv,9439,d6d5690059fe87148c05588f62734ca7eb244577f770c2acfee5565f23c4afe9
results/zh/4Cr/group17/单键种类与数量.csv,1725,8767998d1d4e5976bf54e44bd16f749c4979c3c93129a87dff3ed4c4171092c9
results/zh/4Cr/group17/实际M-O-M种类与数量.csv,2966,6c0055d997ed9886687fbeff0a6dd5a4ad8f7d1f1485d8bdd30b71e4df67dfa8
results/zh/6Cr/group01/M-O-M路径明细.csv,26869,829d223d842095ca0e32e0dad846a30370f9e25d59d9d9fbb051c1150192532f
results/zh/6Cr/group01/POSCAR_bulk_doped,3959,9fd6880a7bc97a99ceba30d9d8522222993f7a5fc436a10191b788f14e01daa4
results/zh/6Cr/group01/全部M-O-M组合_含零.csv,20526,eabef03bf9662a0e46b4ea4681c2c178c782d9539a0c66898ad8d8bc90986cf7
results/zh/6Cr/group01/单键明细.csv,9425,4058e1f43b9a7d84f389797aaff0283a297364bb8bc55aee02ea7920f6098483
results/zh/6Cr/group01/单键种类与数量.csv,1727,c965270c2ba085bbc734bbfee63e13e50bc725fb97be06e2e8e1500f16cb6393
results/zh/6Cr/group01/实际M-O-M种类与数量.csv,2624,f35d6e85331529df546b7661048329a5324ea8328f37cbf9dd18a5e2636312ae
results/zh/6Cr/group02/M-O-M路径明细.csv,26869,9a4100e86088b828a6350f0c59b4818dd317c9058d7c32032287ab77ebd4facf
results/zh/6Cr/group02/POSCAR_bulk_doped,3959,2b93ce5e30e4c0d8de56f2a9b01cd146b7b7253aae4e6a04a261ab2b52e0e5ec
results/zh/6Cr/group02/全部M-O-M组合_含零.csv,20527,a9f8ccf19700b1ec448ec2622d5d9adb803354e6ca1d3d31d0dfa605b0458bf9
results/zh/6Cr/group02/单键明细.csv,9425,09054bbf0e305fe6cb8daa663b67dbf881a9e0d4e0f7866788b438d2b62f52b6
results/zh/6Cr/group02/单键种类与数量.csv,1727,c965270c2ba085bbc734bbfee63e13e50bc725fb97be06e2e8e1500f16cb6393
results/zh/6Cr/group02/实际M-O-M种类与数量.csv,2625,9b3891ab649cade1d4ae6cc49487af706b57e4a360dad0bc6849b38167cf3e66
results/zh/6Cr/group03/M-O-M路径明细.csv,26869,10548db5280a435b5bb302e8278fe4bc5b1f6d99c5d91daa670ceb5bd76f8629
results/zh/6Cr/group03/POSCAR_bulk_doped,3959,086f22fd452403241715ecfc970a879473710256aea7ab2ec925f2e917d5da7a
results/zh/6Cr/group03/全部M-O-M组合_含零.csv,20527,53afc946a302adf8ef42b3cfecf27215a1e72e82152e60fb736a01e47adf010d
results/zh/6Cr/group03/单键明细.csv,9425,e217688f077e1a07f39a6216b16daf5c1d83c33fddcca9c0db81fdbf32b1a8fb
results/zh/6Cr/group03/单键种类与数量.csv,1727,c965270c2ba085bbc734bbfee63e13e50bc725fb97be06e2e8e1500f16cb6393
results/zh/6Cr/group03/实际M-O-M种类与数量.csv,2625,228974dd37b56c52e1b70214e57e48f46e661a22fb8da347b5b2ebd405e19045
results/zh/6Cr/group04/M-O-M路径明细.csv,26869,57556c95de8112f33e0f4ffba387621636c312dc564b438925ad69d193da6353
results/zh/6Cr/group04/POSCAR_bulk_doped,3959,7cff058452d6df81ffdefd447a639dbc7a0b1e3bf734649e9b0c85c18eade326
results/zh/6Cr/group04/全部M-O-M组合_含零.csv,20525,032bc6f5e8ca7fce1661507ffa220baf2cba8e402c7d1e298d6d2bb5a5f1eb31
results/zh/6Cr/group04/单键明细.csv,9425,d6cb823fe04ea9c1d28760aa364f5c000d2e31fcc2e8a356611b0a49e88fb143
results/zh/6Cr/group04/单键种类与数量.csv,1727,c965270c2ba085bbc734bbfee63e13e50bc725fb97be06e2e8e1500f16cb6393
results/zh/6Cr/group04/实际M-O-M种类与数量.csv,2623,bc808f9cf2039974dbf64da2211ecfde1e510b2905fd68539312598accd0b162
results/zh/6Cr/group05/M-O-M路径明细.csv,26869,b371f65837f7afd3bc43247f293a79c6e70175824e03f73117fe379355af227a
results/zh/6Cr/group05/POSCAR_bulk_doped,3959,10c00e8b65f602a1df62751dbf39dbf3346afa3fd1e9c6ab1a05c9d4d57d2fda
results/zh/6Cr/group05/全部M-O-M组合_含零.csv,20527,543a19c29d8120e286eae24b4904844ce74db19e566c8889bf287532e1da8e0e
results/zh/6Cr/group05/单键明细.csv,9425,98633bf05d26b7b8a059c9d6bd16bea058dc407f72266f33e1497ad8655ce9ce
results/zh/6Cr/group05/单键种类与数量.csv,1727,c965270c2ba085bbc734bbfee63e13e50bc725fb97be06e2e8e1500f16cb6393
results/zh/6Cr/group05/实际M-O-M种类与数量.csv,2625,b83838c988e8a174a0a3b2618e91d8392378dc1efdccc76195200deb1c84970a
results/zh/6Cr/group06/M-O-M路径明细.csv,26869,be4f5597c6d55416e28c9bed8fdf2019ad4da07770f991afc0465b036937aec0
results/zh/6Cr/group06/POSCAR_bulk_doped,3959,2fd5f3342605377b10eee48b1e5e1fbdbd19a20ae301cf0850772052f3c3239e
results/zh/6Cr/group06/全部M-O-M组合_含零.csv,20520,455bbc22b6366708ac19a1f5b3bdddb2998c3e026ff1aed5d3378c6c9152dc88
results/zh/6Cr/group06/单键明细.csv,9425,19e24099fc3b27f0b78a85abd400331fee4be280609ba42cf6f8555b6d95b893
results/zh/6Cr/group06/单键种类与数量.csv,1725,adfa6c90c623488963bf62d01c1b606391ca79b3e1e4af84d556fc595b21f9a8
results/zh/6Cr/group06/实际M-O-M种类与数量.csv,2618,45f73d4892822415cdd3b9b33bcd3e8e48e75805a3fa9b61a28e9a2055bc10d6
results/zh/6Cr/group07/M-O-M路径明细.csv,26869,dcc2445baddf9a2cff807ba09091795e50980632dd82dd9b0f2046da9adc795e
results/zh/6Cr/group07/POSCAR_bulk_doped,3959,c4c2563b1014d0e722f590ddef62808cfd1ace142f93b2dd14b684c381dc6d9b
results/zh/6Cr/group07/全部M-O-M组合_含零.csv,20524,5a44cc9bde008b389f82569e5a2c1d6c943800910e40f91cade66c3976061dab
results/zh/6Cr/group07/单键明细.csv,9425,b0cb7cbc280cb6b413f5e7ad8359e6a741b4da01630d64c3254a1eceb309c306
results/zh/6Cr/group07/单键种类与数量.csv,1725,adfa6c90c623488963bf62d01c1b606391ca79b3e1e4af84d556fc595b21f9a8
results/zh/6Cr/group07/实际M-O-M种类与数量.csv,2622,9f3151ba099405c95adcba1bd31261ae49500cdc309a0f0e2e6ee715225a4d16
results/zh/6Cr/group08/M-O-M路径明细.csv,26866,1161c12f923d2b1dc7ecf7412d930f2eb713d6ce6920104018dc1779091ddd09
results/zh/6Cr/group08/POSCAR_bulk_doped,3959,d31243038b67c4baa011d53140776dadc842ca2b452f28c075a77d040bf12b31
results/zh/6Cr/group08/全部M-O-M组合_含零.csv,20604,0ff6c7732ab47b644650769c43fe7a21ea3cde8aa6df657e075beaf9a21f9d20
results/zh/6Cr/group08/单键明细.csv,9424,10ae1a19b03a38690530309d3571174ca76699dd07e4c2bae6e74fcfcf894163
results/zh/6Cr/group08/单键种类与数量.csv,1723,63db3508d07e8589c0cd39e5fe5b2eb0ff364b9b0ec12156119e11d3d8b47908
results/zh/6Cr/group08/实际M-O-M种类与数量.csv,3036,d384a729e6520267b59ae521147dc50b45aca8d02948accbbf456618253f8d67
results/zh/6Cr/group09/M-O-M路径明细.csv,26866,508f64996eb4ce6797c10d2af664c6e55441fe0833fcfa7739cc141ca6a7c076
results/zh/6Cr/group09/POSCAR_bulk_doped,3959,1f524a29d472ab75bf9524af4aa044823e1b59ab4fe1def887e65ab85d1ba269
results/zh/6Cr/group09/全部M-O-M组合_含零.csv,20670,7e1e8132284ae571426caa9fc6975bccd66692e78d20498cc19fad3741989cd1
results/zh/6Cr/group09/单键明细.csv,9424,72d4285fd6dccbd31cfb6f70ca6530f01eeff91a4fd81d0ba5f6360f50e7ce9e
results/zh/6Cr/group09/单键种类与数量.csv,1722,18e5ac195dc98e0741323ec36922237aad5ec15a6c0dc109afcfbd7885e9bd45
results/zh/6Cr/group09/实际M-O-M种类与数量.csv,3368,eb188d846d6354d6d067a8a744d37d7861bc69f5d1f97f3abdc992583d9f7293
results/zh/6Cr/group10/M-O-M路径明细.csv,26866,a59cd149d295b3b70bd9d368b2b2ff8e2365fa6111f8059140be4e9b847fe445
results/zh/6Cr/group10/POSCAR_bulk_doped,3959,6adb75fd695e17e1e866767891966fb8e54128e4ac08a4e4cd8dcb463be9d0d6
results/zh/6Cr/group10/全部M-O-M组合_含零.csv,20287,d9fbfc21fc8943f6d0c5dd3fa7bdfb89f37fcf66498fb3b33dbf13f4502afbf5
results/zh/6Cr/group10/单键明细.csv,9424,ded4a5a76afa097f42456314e2e72e36e3e4482ff06b95015e2202cb2497236b
results/zh/6Cr/group10/单键种类与数量.csv,1727,3666f3f833b3e041201d9db448eb9401df87f2fb922e71817b4eb86d74d14c7f
results/zh/6Cr/group10/实际M-O-M种类与数量.csv,1469,68018c03febc1c5ce7764a0cfdff4b06fa85eab93bc32580e8520703b316fd72
results/zh/6Cr/group11/M-O-M路径明细.csv,26866,0400336f4ce8882e2f22ba7180572fadd64812b4d81b52e342c2a9ad781df26c
results/zh/6Cr/group11/POSCAR_bulk_doped,3959,4a54f01ae28acf218139120ee1c3a8ffa7bb89deb493c809989be97b2b048ec1
results/zh/6Cr/group11/全部M-O-M组合_含零.csv,20654,10f8b105d9c13f4b8d69460b09ca865646ab878fd20634aa07e15c85f149851e
results/zh/6Cr/group11/单键明细.csv,9424,ebfa233d10752e0ae40801502ab634e9abd51f778513be32d76cee7adddacde2
results/zh/6Cr/group11/单键种类与数量.csv,1722,18e5ac195dc98e0741323ec36922237aad5ec15a6c0dc109afcfbd7885e9bd45
results/zh/6Cr/group11/实际M-O-M种类与数量.csv,3285,93131d07af251d3297278e1f650d2cf747c8ffb41a22eda169d7abe03cae669b
results/zh/6Cr/group12/M-O-M路径明细.csv,26878,936e8fc85839a6b71e0820dff4bb1a9cff0ae9d110417432865c274623f131f4
results/zh/6Cr/group12/POSCAR_bulk_doped,3959,8ca6dacb7d8e66bb3fbbe0dc6dcc406109170f3aee6eb52b2a9c7574e266f58a
results/zh/6Cr/group12/全部M-O-M组合_含零.csv,20573,27d776f16b5b2c3f5ff45f43289088463e335417cf509a1e102968aa980c7784
results/zh/6Cr/group12/单键明细.csv,9428,61cdf14ab5670d6e09f65ad99641dc0862af68169efff62dda65e31ca9232c03
results/zh/6Cr/group12/单键种类与数量.csv,1724,837b6c0f48d1cdf4c588981f095dc1b9de0c89013faef3aa04bfeea7da2b466f
results/zh/6Cr/group12/实际M-O-M种类与数量.csv,2870,b420c84f40331ca1d0ee8be9152d483cf51e9d724548c45bc3a14b54b008d50f
results/zh/6Cr/group13/M-O-M路径明细.csv,26872,dab8155e46e94921da960eae18aacab05fc281fec5046d110d52be60ebb4fc72
results/zh/6Cr/group13/POSCAR_bulk_doped,3959,30f51fa7cf3a3091867332d1f578df6253b168d9797905169363f3c6f295af8a
results/zh/6Cr/group13/全部M-O-M组合_含零.csv,20520,6d2dbc5f0cd2538c57b496f4a5be75ac7b911bc7142b07eac32e0de5f9c8764d
results/zh/6Cr/group13/单键明细.csv,9426,e5d4ac2918e7d218d9229661877892708071edd5cbb78a80baede475067ff895
results/zh/6Cr/group13/单键种类与数量.csv,1725,2f237f1fde8028f5cd9d871ee77d47b712d4d34cb9311de67847e883e0199e08
results/zh/6Cr/group13/实际M-O-M种类与数量.csv,2618,c42a9a72a0b9d4a5fb98c631d0a1ef437fdd88bdc92f0ebad414cc9ef9968588
results/zh/6Cr/group14/M-O-M路径明细.csv,26869,39b248b4d93a1355c095ce44bc4fb37e03f9304e9349ce5941bdbf5d50e208e5
results/zh/6Cr/group14/POSCAR_bulk_doped,3959,c07faac0cf992dcb52c503418a539637e4023252afb0c4f99526835c52610c57
results/zh/6Cr/group14/全部M-O-M组合_含零.csv,20450,87a26b541dd8e453ead275a4b361b7eaae705e25900e0685c38801e43ba24fec
results/zh/6Cr/group14/单键明细.csv,9425,78cfa057be6afdb29c667eea3e52d106a2ebf9997ce9f8d55d30d49d7b32e9c6
results/zh/6Cr/group14/单键种类与数量.csv,1725,adfa6c90c623488963bf62d01c1b606391ca79b3e1e4af84d556fc595b21f9a8
results/zh/6Cr/group14/实际M-O-M种类与数量.csv,2288,f5482e4772fac62687a9ee7099fc2605dda9dbc4633a098307af25d1017f2e49
results/zh/6Cr/group15/M-O-M路径明细.csv,26866,1d2a98fed29375971b021117c2eca454b00678754bc320931105d1a715dcbd16
results/zh/6Cr/group15/POSCAR_bulk_doped,3959,04490c31ec3da367ad6e1cda66878edde5966abac377e76ae8a4e8c92748b4f0
results/zh/6Cr/group15/全部M-O-M组合_含零.csv,20555,c5761326ba7d3e5a1de8a64b68973fa8ea3f5a741ed5e87f9787434433ed5a54
results/zh/6Cr/group15/单键明细.csv,9424,6f4cb6b965364b737189a7c3ae31c998ea188521db99bafd947cc7c09fb22615
results/zh/6Cr/group15/单键种类与数量.csv,1723,63db3508d07e8589c0cd39e5fe5b2eb0ff364b9b0ec12156119e11d3d8b47908
results/zh/6Cr/group15/实际M-O-M种类与数量.csv,2794,ee0895775b15e50c990aa96eed16183b06fc1278e4a57276fe98021ba938643e
results/zh/8Cr/group01_all12k_pair12/M-O-M路径明细.csv,26842,e5f542d3dde3e1213c913e968543a3348cf775c024d0c01b17c03add239652ee
results/zh/8Cr/group01_all12k_pair12/POSCAR_bulk_doped,3973,f70e7b4df06cffa04f98b7e1dd5a441f4abf1cb4be07d46862349594bbd53306
results/zh/8Cr/group01_all12k_pair12/全部M-O-M组合_含零.csv,20449,6728cc31bf714d21fa986356cce8aef5d75c8f78a3ecffdaa2f508edb03d7de3
results/zh/8Cr/group01_all12k_pair12/单键明细.csv,9416,2548af5fc7cb86a52f9a6d9e624fff0857a184da6aaf87f38ac590514d8fa5ed
results/zh/8Cr/group01_all12k_pair12/单键种类与数量.csv,1725,c2d541e21b8fda00c926e72a3c68a1f975bd974bf07da2c06d20265cdd4bd44b
results/zh/8Cr/group01_all12k_pair12/实际M-O-M种类与数量.csv,2287,4f9c3519a8d8800b3aa9814838e5a59d86e000f349601a41119b4242957c353e
results/zh/8Cr/group02_all12k_pair13/M-O-M路径明细.csv,26842,d5a277c5b3064c372b6784ebcecf1f56f105a90d05f626060b521d8f0d3508bc
results/zh/8Cr/group02_all12k_pair13/POSCAR_bulk_doped,3973,9fd0e970193c828bd3bafdd32833e18781215ce098fd4e4488d09a45a2084eaa
results/zh/8Cr/group02_all12k_pair13/全部M-O-M组合_含零.csv,20454,7a8398f7e4d124408dd06685b9e523c6b5cb3f33a135d05736ee730cf42c11ed
results/zh/8Cr/group02_all12k_pair13/单键明细.csv,9416,d5a39ac314ea652ca399b2bfc39fbf5a54ec0684deb3c793a0e4fa84693013b5
results/zh/8Cr/group02_all12k_pair13/单键种类与数量.csv,1725,c2d541e21b8fda00c926e72a3c68a1f975bd974bf07da2c06d20265cdd4bd44b
results/zh/8Cr/group02_all12k_pair13/实际M-O-M种类与数量.csv,2292,b6f77a2bb3f6d5c8a1835c4cf37f5045d429f1e41d7abe37a00d806dfc41382c
results/zh/8Cr/group03_all12k_pair23/M-O-M路径明细.csv,26842,3e3e950c971f59f5f5a8479bd9c79c047d95fbd5d86ce612a418f6493b1e5fae
results/zh/8Cr/group03_all12k_pair23/POSCAR_bulk_doped,3973,11aa108691e7cd6116043f2fe825e1db7cfedd22bb47d115817786d424ae69f5
results/zh/8Cr/group03_all12k_pair23/全部M-O-M组合_含零.csv,20450,4d20abd66f134cf56e096606764f8b754e0c25cdeabfd1d4745ba956452b228e
results/zh/8Cr/group03_all12k_pair23/单键明细.csv,9416,300a9befaa9669c2567d77d14730d7018efd0c8edd1c5259301e5bebaca8a1c3
results/zh/8Cr/group03_all12k_pair23/单键种类与数量.csv,1725,c2d541e21b8fda00c926e72a3c68a1f975bd974bf07da2c06d20265cdd4bd44b
results/zh/8Cr/group03_all12k_pair23/实际M-O-M种类与数量.csv,2288,a537cd311de863ffde2246b0198e202aeaf17dd11346e72ed745635fd98eaad4
results/zh/8Cr/group04_12k2-6-10_f2-3-5/M-O-M路径明细.csv,26833,2dec9379fbb48ff0056794322779d0e838998783ecb0c56333270462650506a7
results/zh/8Cr/group04_12k2-6-10_f2-3-5/POSCAR_bulk_doped,3976,d8fddaf03793512c4f267d917d47279800d69094e1e07dd5043d76e0255ba8c4
results/zh/8Cr/group04_12k2-6-10_f2-3-5/全部M-O-M组合_含零.csv,20624,45a18db0922626ff3cd121e016fa97a6997655c3c01e8a5bf2b0dc3c5684e579
results/zh/8Cr/group04_12k2-6-10_f2-3-5/单键明细.csv,9413,ca7396397d2cac530cf63641374f3bffea416b3d92336e8ed6ef7461a857af5e
results/zh/8Cr/group04_12k2-6-10_f2-3-5/单键种类与数量.csv,1725,80394b5bb7b7be06eae36ab3cf31af1af53a8e65e4f79e985777df06c1d2027d
results/zh/8Cr/group04_12k2-6-10_f2-3-5/实际M-O-M种类与数量.csv,3123,02df62bb5f8e10966cb8e624817e7a5c73750093ae91c3c68408230245005444
results/zh/8Cr/group05_12k2-6-10_f2-3_2a-8/M-O-M路径明细.csv,26836,e8923f031acac53dfac835e2dc836e76c4ecffe5e097f0ef1116f1b51cd74cef
results/zh/8Cr/group05_12k2-6-10_f2-3_2a-8/POSCAR_bulk_doped,3979,6cb7759a4c660a5c9b4f0b45ab0c50eb2057290ee28c3e129aa5be84633612d9
results/zh/8Cr/group05_12k2-6-10_f2-3_2a-8/全部M-O-M组合_含零.csv,20670,e860f86dbb9aaa8ae61c42bd8e76511a93a73a6fdec45389f1639257edf51ba5
results/zh/8Cr/group05_12k2-6-10_f2-3_2a-8/单键明细.csv,9414,cc19ed5b32e7633e42efa12e370c349c079f00b47b73290de68034bff9f9056b
results/zh/8Cr/group05_12k2-6-10_f2-3_2a-8/单键种类与数量.csv,1724,6c031212f498569829eb5b1c6dfc20e9ab0d5ca3fb4137e27360b9e3b45af490
results/zh/8Cr/group05_12k2-6-10_f2-3_2a-8/实际M-O-M种类与数量.csv,3368,03fc8a67094facb43dc4fbbe8912ca7874df8a610bf08e92ab5b1142406eacbc
results/zh/8Cr/group06_12k2-6-10_2a/M-O-M路径明细.csv,26842,cd51b6956b8aad97720d06ae73b4a8b3a01f5abfbe7a3406b7988856a8c789b1
results/zh/8Cr/group06_12k2-6-10_2a/POSCAR_bulk_doped,3972,13923954785008fcadd90ef4b146e579366712ce57cb9234b9fd2b8dd077512d
results/zh/8Cr/group06_12k2-6-10_2a/全部M-O-M组合_含零.csv,20526,ad1d2c5443b93fd65872312392dd73c2f1cd2877c28739cf31644bb0772e83ad
results/zh/8Cr/group06_12k2-6-10_2a/单键明细.csv,9416,7760e67b703cf1e709f4677f38ddd24d9ec060ffa84916489bae64260c1ccc1c
results/zh/8Cr/group06_12k2-6-10_2a/单键种类与数量.csv,1727,28b4b7eaad5b1c19b377fe5b692ed43e7af5b5389b263b3878c13704d2b70a30
results/zh/8Cr/group06_12k2-6-10_2a/实际M-O-M种类与数量.csv,2624,91d179e5b7278f3fddba9c8c4b086464e0b4dc68e5916cd44a4f7b14806192f2
results/zh/8Cr/group07_allf2_2a_12k-layer2/M-O-M路径明细.csv,26830,469b779d6ebec7fd16a3c2fcae6a0992d5b5c951067e9b00086f3eb332d9d0fc
results/zh/8Cr/group07_allf2_2a_12k-layer2/POSCAR_bulk_doped,3979,f72d304fdbe2579c9d21313ba0ce88a56fbbb620603f781bce9a18e5f1dddf83
results/zh/8Cr/group07_allf2_2a_12k-layer2/全部M-O-M组合_含零.csv,20520,4d0e73c9028d72cdf62594b232dbef944b82716b0ddb6bc71bc74b000b9dd8a2
results/zh/8Cr/group07_allf2_2a_12k-layer2/单键明细.csv,9412,1643d1b959b66a520fa47c1a4e7cefb3c80801749984507ec7ed28757881acf0
results/zh/8Cr/group07_allf2_2a_12k-layer2/单键种类与数量.csv,1727,e25b818c28273fc29a68fd6b02d273d70a15a6ecca625eb3293e45ea75dd9502
results/zh/8Cr/group07_allf2_2a_12k-layer2/实际M-O-M种类与数量.csv,2618,d730f2f3681922c99529cc3ceb17e13ead026ce99730930833af177fec369a79
results/zh/8Cr/group08_allf2_2a_single12k-layers2-6/M-O-M路径明细.csv,26830,07152ed92a6c79b2066ef2b5d75bc5b10d5803f40daa3e907a7a7e2a9216e27f
results/zh/8Cr/group08_allf2_2a_single12k-layers2-6/POSCAR_bulk_doped,3988,ddc59c273cf853b448edce7fab0ff00af65bb6b5e95bc9f3e21e738afc5f38ee
results/zh/8Cr/group08_allf2_2a_single12k-layers2-6/全部M-O-M组合_含零.csv,20455,5d7d196cd6f3566adfac07b52f2587de4c5b0ba327c04d14db8200286207c4fa
results/zh/8Cr/group08_allf2_2a_single12k-layers2-6/单键明细.csv,9412,cbe56a9d725bc8f2f1ce072fc320f78d9c59eb87dc938f746dc4f640bf1b5988
results/zh/8Cr/group08_allf2_2a_single12k-layers2-6/单键种类与数量.csv,1727,e25b818c28273fc29a68fd6b02d273d70a15a6ecca625eb3293e45ea75dd9502
results/zh/8Cr/group08_allf2_2a_single12k-layers2-6/实际M-O-M种类与数量.csv,2293,de22c77ea3a5c3149169c775babe42a4f50017c3e9dde491656bd1e48baf56e3
results/zh/8Cr/group09_allf2_2a_single12k-layers2-10/M-O-M路径明细.csv,26830,dc0362f37351bca30dc964cc8e1e1114dd679037df530788eb414284f77f186e
results/zh/8Cr/group09_allf2_2a_single12k-layers2-10/POSCAR_bulk_doped,3989,d6bafd2f1495b5da16ea3f69229afa3fb52721bb02f1e156abc9931d9faf18e7
results/zh/8Cr/group09_allf2_2a_single12k-layers2-10/全部M-O-M组合_含零.csv,20455,2342cbd7b8de4e323ec23cf24f47688658f858def6cb507d1e76894beefde3e0
results/zh/8Cr/group09_allf2_2a_single12k-layers2-10/单键明细.csv,9412,9fbec8d006ca6bff58e6f67971ebb536be555c393692fa17368c96b8137a4ba0
results/zh/8Cr/group09_allf2_2a_single12k-layers2-10/单键种类与数量.csv,1727,e25b818c28273fc29a68fd6b02d273d70a15a6ecca625eb3293e45ea75dd9502
results/zh/8Cr/group09_allf2_2a_single12k-layers2-10/实际M-O-M种类与数量.csv,2293,c763741f98aee3f193f18367afb09b86382aac9fa6bd81e03e1133a574891a46
results/zh/8Cr/group10_allf2_one-per-12k-layer/M-O-M路径明细.csv,26830,b4c9f3674f59f7c10f041a69504370469e11fc4432ce2a568d564be15e69a35f
results/zh/8Cr/group10_allf2_one-per-12k-layer/POSCAR_bulk_doped,3983,34a03a87465623eb2ae30efa6188f46770b437a0aae80ac5353065639304ec3e
results/zh/8Cr/group10_allf2_one-per-12k-layer/全部M-O-M组合_含零.csv,20450,29ea4c488f327859194622eab830963bb70162284e5366d7a0b014061c5fb61b
results/zh/8Cr/group10_allf2_one-per-12k-layer/单键明细.csv,9412,c91f7a3a4fcfc7ec1d9fbcc08edf01cfe3f4aaf63ff3a27dd80478d8eeb2be08
results/zh/8Cr/group10_allf2_one-per-12k-layer/单键种类与数量.csv,1725,ee414c03090cedf31b5f4a697b19c5eaaad1af3757109dd1af1f51321769586f
results/zh/8Cr/group10_allf2_one-per-12k-layer/实际M-O-M种类与数量.csv,2288,3e9274299e28477de262174f49fdf9f5c850ad9506fc16c5cba382f3f4e7b5a5
results/zh/8Cr/group11_allf1_one-per-12k-layer/M-O-M路径明细.csv,26854,7cc654796cd25824f96052747153564f54aa19325c3bea0cfd10ffd57511f000
results/zh/8Cr/group11_allf1_one-per-12k-layer/POSCAR_bulk_doped,3983,a2870acf8af8b20b8ea3e44f3e97b36524f4aa75adaef1e63556b6c39555fadb
results/zh/8Cr/group11_allf1_one-per-12k-layer/全部M-O-M组合_含零.csv,20450,dd7d2738df6880a000c31c9f8e6501dcff148f4f2d27550ab71a85a409593b73
results/zh/8Cr/group11_allf1_one-per-12k-layer/单键明细.csv,9420,b432f7b35d6b725fb9e72650ec9d4008db09ccdc563009b3233da0145d0c2acb
results/zh/8Cr/group11_allf1_one-per-12k-layer/单键种类与数量.csv,1725,3ccd682ebad70785e4dc4af9c614c9f81da97096d03c7815ccd09d8557d63935
results/zh/8Cr/group11_allf1_one-per-12k-layer/实际M-O-M种类与数量.csv,2288,97680db4ff53164b3b9c44671ba4d9ee427737dfd9dd8d45d406ae8b9d1602d8
results/zh/8Cr/group12_2b_f2-3-5_12k-layers2-6/M-O-M路径明细.csv,26836,75e6b3a2ebcaf44c7ceb8c8f17d836945ef48b7edc236bc55ba8ba321f26f91e
results/zh/8Cr/group12_2b_f2-3-5_12k-layers2-6/POSCAR_bulk_doped,3983,b83df376d95598b0785a1191c0d1de17dd4e93623d4219032f40c25f2f865483
results/zh/8Cr/group12_2b_f2-3-5_12k-layers2-6/全部M-O-M组合_含零.csv,20604,bf06ff8c6736ba3b1e9e704711f6fa2d753fe4defa892f2342ab2801c1d7010a
results/zh/8Cr/group12_2b_f2-3-5_12k-layers2-6/单键明细.csv,9414,a498021a088bf870d3d50aaee128f953075c1a0f4e7df9bf79d61651985d2b09
results/zh/8Cr/group12_2b_f2-3-5_12k-layers2-6/单键种类与数量.csv,1723,359e195af4edc8a784d549b962595b08b02c57737b84ff1efdc0d6ba9cf29105
results/zh/8Cr/group12_2b_f2-3-5_12k-layers2-6/实际M-O-M种类与数量.csv,3036,030e00cf2340e977580634b2cb9156d76f5fb9bb6d1bb85f0e22717ccb5287c3
results/zh/8Cr/group13_pairs2-6-14_single10_2a-8/M-O-M路径明细.csv,26842,dfe1673c9cd9203bfde376ef686e6f772c27937a6e05be2769731501a9aa23e3
results/zh/8Cr/group13_pairs2-6-14_single10_2a-8/POSCAR_bulk_doped,3985,4e737aca35642c7ad4fbcf4701ff7a75643d6185e0d2ff90d0e4ef3e6ee0b8a9
results/zh/8Cr/group13_pairs2-6-14_single10_2a-8/全部M-O-M组合_含零.csv,20572,b13eb2f7adb195982fa658618d65d12a3ec6ba4fde3911876b5b8de57a8b68c3
results/zh/8Cr/group13_pairs2-6-14_single10_2a-8/单键明细.csv,9416,f1fee040915a2f4cf2e1e592daaa157696f9780318215dba4a65b4585807324c
results/zh/8Cr/group13_pairs2-6-14_single10_2a-8/单键种类与数量.csv,1726,9a62b316d0a5e1d8b82ce9ad4d9cbfb3224c99fb98eb4bb2fe3134b43f848c45
results/zh/8Cr/group13_pairs2-6-14_single10_2a-8/实际M-O-M种类与数量.csv,2869,cc99f2df3f21c48a2e5d87430f8932e62e4b04f6146f55ab9827742e640ee7be
results/zh/8Cr/group14_pairs2-6-14_single10_f2-3/M-O-M路径明细.csv,26836,e62f32e67d041800abca73113f4269a859cb93c5ef4391ff47a295c10f7c95af
results/zh/8Cr/group14_pairs2-6-14_single10_f2-3/POSCAR_bulk_doped,3985,1e7f2d3360f03e5e1106a0b163a4040d90d3e0eeddb4ee82a4da78d552a87929
results/zh/8Cr/group14_pairs2-6-14_single10_f2-3/全部M-O-M组合_含零.csv,20622,a0b79774d2a7c4c7153964afaf8f324aa806bfe1b86017a9795654d31fbf8c2c
results/zh/8Cr/group14_pairs2-6-14_single10_f2-3/单键明细.csv,9414,919d1bd3f0b88474edeb2ebcf06e56c90be59291f7597b86d4ccf9f3f101418a
results/zh/8Cr/group14_pairs2-6-14_single10_f2-3/单键种类与数量.csv,1725,b51578e29688ea3377aab988e790ac04f50ae5c393b6f292072e9240c05507ef
results/zh/8Cr/group14_pairs2-6-14_single10_f2-3/实际M-O-M种类与数量.csv,3121,f67ac2b3fa4a72e012d80f9d184edf5b05bfc0ea237d8b29a413dfe546b2972f
results/zh/8Cr/group15_allf2_2a_12k-layer6/M-O-M路径明细.csv,26830,aaf6e9bfa0efa90fb9ef69b994f99df760eed9f171afcddace551889e55e0807
results/zh/8Cr/group15_allf2_2a_12k-layer6/POSCAR_bulk_doped,3979,66b27f3e0314e11cf3940e31a8ff4892f3a0f7a6620f6d8306a883f41037a15e
results/zh/8Cr/group15_allf2_2a_12k-layer6/全部M-O-M组合_含零.csv,20523,537df252126e126f71f6017aaf36092ced008ca6012284977d684815685668d9
results/zh/8Cr/group15_allf2_2a_12k-layer6/单键明细.csv,9412,0ed7130de122ac6984d9280c52ad98699e136e709513e3fb5b418184a3697d6e
results/zh/8Cr/group15_allf2_2a_12k-layer6/单键种类与数量.csv,1727,e25b818c28273fc29a68fd6b02d273d70a15a6ecca625eb3293e45ea75dd9502
results/zh/8Cr/group15_allf2_2a_12k-layer6/实际M-O-M种类与数量.csv,2621,785b33783a35c3e83121e228397550b88c25fc2db684a49db42182f8eb7e1286
results/zh/8Cr/group16_allf2_2a_12k-layer10/M-O-M路径明细.csv,26830,a102a5a42d34408c71119afbd3ca1ea15c4261ac233490ec41e1c25191095268
results/zh/8Cr/group16_allf2_2a_12k-layer10/POSCAR_bulk_doped,3980,2c869462d9ff7de55b96b4b3a200888ca783a7f10e76d998380ff820e4feb12a
results/zh/8Cr/group16_allf2_2a_12k-layer10/全部M-O-M组合_含零.csv,20524,458445a973280819f661ed61840a6c32379c732b366b3dbcde95db3c9006d232
results/zh/8Cr/group16_allf2_2a_12k-layer10/单键明细.csv,9412,6597c12e34f3e54b52e934f474f532084903db49c85b28c71810386af53ad145
results/zh/8Cr/group16_allf2_2a_12k-layer10/单键种类与数量.csv,1727,e25b818c28273fc29a68fd6b02d273d70a15a6ecca625eb3293e45ea75dd9502
results/zh/8Cr/group16_allf2_2a_12k-layer10/实际M-O-M种类与数量.csv,2622,18034431af0c8362c876396e3b8d0dc98fba29236accf1e09b2ab91810f7a3c6
results/zh/summary.json,3031,b390d85164ca9590db1b70ab6fb3c051f6784639885508049fa9b8c0b2a49174
results/zh/全部构型M-O-M路径明细.csv,2321926,89794619f3cc04f5c07f8e93b02bcd269f8c50094abcda08c2e02fa9e57083ae
results/zh/全部构型单键明细.csv,913558,98e0c6d4bb523bad00c5a0df62ba2f68f0889d814ecb2b6b004388e3df26c1d8
results/zh/各浓度统计汇总.csv,396,b7233cd5f4b38f0ef2c67d2cb526df6fd949addd59e89aca31ed6f24cbf9338a
results/zh/新bulk位点映射.csv,500,0b6252f403fa93829b465e31a8687d12430e6c4848d8d1a4bc903e7f88a54665
results/zh/跨浓度各类别计数.csv,5794,a145814eb788683a6eac7582180b3245d4462aaf0146388991723c6c26c9ad4e
results/zh/逐构型统计汇总.csv,7517,0e956093f6dec983af39588ec5dbf35627169b2c1f0dc08f38751677b0f0e795
scripts/count_doped.py,13056,1b5d423ce35a8ac900812e3ca4dad998951a0d7c35f4e1eaf5ebbaa1c8020ff3
scripts/export_english.py,5081,bd04445a2395aaa2837946f4116eddc39f191cd82535d9f6ab4bcce2db0e4fc0
scripts/run_workflow.py,808,a53e2f44b7bc69ffbb8fc2cd0643c1c0656e514e7477e03fec136428d32cc88c
scripts/scgo_one_case.py,14727,0f9881035117953624965591604b5050db81d0b3de5fbdb1ff8df6dafba70a59
scripts/verify_results.py,3480,5b32707d9bfb36ac05c1957154a9dccfeb2cd51e55a58dfc09ed9ba75326347c
validation/accepted_result_comparison.json,24065,9c67d0798c7d0fc4edf0c13bdeae574da602323866dc6b90dbcb96cdc0b768a1
validation/package_checks.json,568,1c90df960f9be5116f4dc33e254b728f5cc30f0c40150e94aaff37b1ab9b5186
validation/reproduction_log.txt,3847,e1d919bfc52518c3fe0e8e01ccbb3fd5e7afe468eab518447ab06081a95aafd8
validation/verification.json,424,b38957800091eb9cb60ccb86e665049a636a38b80a0f3aa95afd0af02a506748
