nCr_cell,configuration,metal,element_local_index_1based,bulk_Ga_index_1based,site_label,oxygen_index_1based,distance_A,bond_type,periodic_image_shift
2,group10_2a_layer16__2b_layer12,Sr,1,,,2,2.958098043228469,Sr_O_02,"(0, -1, 0)"
2,group10_2a_layer16__2b_layer12,Sr,1,,,4,2.864579795118219,Sr_O_01,"(0, 0, 0)"
2,group10_2a_layer16__2b_layer12,Sr,1,,,16,2.9580979326637595,Sr_O_02,"(1, 0, 0)"
2,group10_2a_layer16__2b_layer12,Sr,1,,,18,2.8645798765734263,Sr_O_01,"(0, 0, 0)"
2,group10_2a_layer16__2b_layer12,Sr,1,,,21,2.864579884642825,Sr_O_01,"(0, 0, 0)"
2,group10_2a_layer16__2b_layer12,Sr,1,,,25,2.8645797959311503,Sr_O_01,"(0, 0, 0)"
2,group10_2a_layer16__2b_layer12,Sr,1,,,28,2.864579883829894,Sr_O_01,"(0, 0, 0)"
2,group10_2a_layer16__2b_layer12,Sr,1,,,35,2.95809800345424,Sr_O_02,"(0, -1, 0)"
2,group10_2a_layer16__2b_layer12,Sr,1,,,38,2.8645798757604948,Sr_O_01,"(0, 0, 0)"
2,group10_2a_layer16__2b_layer12,Sr,2,,,1,2.8645793251769454,Sr_O_01,"(0, 0, 0)"
2,group10_2a_layer16__2b_layer12,Sr,2,,,5,2.8645793169995204,Sr_O_01,"(0, 0, 0)"
2,group10_2a_layer16__2b_layer12,Sr,2,,,9,2.8645792364135385,Sr_O_01,"(0, 0, 0)"
2,group10_2a_layer16__2b_layer12,Sr,2,,,10,2.9580980427214705,Sr_O_02,"(-1, 0, 0)"
2,group10_2a_layer16__2b_layer12,Sr,2,,,23,2.95809793284463,Sr_O_02,"(0, 1, 0)"
2,group10_2a_layer16__2b_layer12,Sr,2,,,27,2.8645793169995213,Sr_O_01,"(0, 0, 0)"
2,group10_2a_layer16__2b_layer12,Sr,2,,,30,2.8645793251769462,Sr_O_01,"(0, 0, 0)"
2,group10_2a_layer16__2b_layer12,Sr,2,,,33,2.864579236413537,Sr_O_01,"(0, 0, 0)"
2,group10_2a_layer16__2b_layer12,Sr,2,,,37,2.9580980035278155,Sr_O_02,"(-1, 0, 0)"
2,group10_2a_layer16__2b_layer12,Ga,1,1,12k_layer6_3,4,1.9254355757587174,Ga_O_04,"(0, 0, 0)"
2,group10_2a_layer16__2b_layer12,Ga,1,1,12k_layer6_3,6,1.9844559567789057,Ga_O_05,"(-1, -1, 0)"
2,group10_2a_layer16__2b_layer12,Ga,1,1,12k_layer6_3,13,2.0983234538406146,Ga_O_10,"(0, 0, 0)"
2,group10_2a_layer16__2b_layer12,Ga,1,1,12k_layer6_3,19,2.094827515170505,Ga_O_09,"(0, 0, 0)"
2,group10_2a_layer16__2b_layer12,Ga,1,1,12k_layer6_3,28,1.925435576196381,Ga_O_04,"(0, 0, 0)"
2,group10_2a_layer16__2b_layer12,Ga,1,1,12k_layer6_3,36,2.0983234538272053,Ga_O_10,"(0, -1, 0)"
2,group10_2a_layer16__2b_layer12,Ga,2,2,12k_layer2_3,7,1.9844559567789046,Ga_O_05,"(-1, -1, 0)"
2,group10_2a_layer16__2b_layer12,Ga,2,2,12k_layer2_3,21,1.9254355761963797,Ga_O_04,"(0, 0, 0)"
2,group10_2a_layer16__2b_layer12,Ga,2,2,12k_layer2_3,25,1.9254355757587163,Ga_O_04,"(0, 0, 0)"
2,group10_2a_layer16__2b_layer12,Ga,2,2,12k_layer2_3,29,2.098323453827207,Ga_O_10,"(0, -1, 0)"
2,group10_2a_layer16__2b_layer12,Ga,2,2,12k_layer2_3,31,2.0948275151705062,Ga_O_09,"(0, 0, 0)"
2,group10_2a_layer16__2b_layer12,Ga,2,2,12k_layer2_3,34,2.0983234538406164,Ga_O_10,"(0, 0, 0)"
2,group10_2a_layer16__2b_layer12,Ga,3,3,12k_layer14_1,8,2.0983229791065865,Ga_O_10,"(0, 0, 0)"
2,group10_2a_layer16__2b_layer12,Ga,3,3,12k_layer14_1,9,1.9254359958162917,Ga_O_04,"(0, 0, 0)"
2,group10_2a_layer16__2b_layer12,Ga,3,3,12k_layer14_1,15,2.094827260093365,Ga_O_09,"(0, 0, 0)"
2,group10_2a_layer16__2b_layer12,Ga,3,3,12k_layer14_1,20,1.9844560436631808,Ga_O_05,"(-1, -1, 0)"
2,group10_2a_layer16__2b_layer12,Ga,3,3,12k_layer14_1,24,2.0983229796303986,Ga_O_10,"(-1, 0, 0)"
2,group10_2a_layer16__2b_layer12,Ga,3,3,12k_layer14_1,30,1.9254359958162914,Ga_O_04,"(0, 0, 0)"
2,group10_2a_layer16__2b_layer12,Ga,4,4,12k_layer2_2,7,1.984455956778905,Ga_O_05,"(0, -1, 0)"
2,group10_2a_layer16__2b_layer12,Ga,4,4,12k_layer2_2,18,1.9254355763634932,Ga_O_04,"(0, 0, 0)"
2,group10_2a_layer16__2b_layer12,Ga,4,4,12k_layer2_2,25,1.925435575758716,Ga_O_04,"(0, 0, 0)"
2,group10_2a_layer16__2b_layer12,Ga,4,4,12k_layer2_2,31,2.094827515170506,Ga_O_09,"(0, 0, 0)"
2,group10_2a_layer16__2b_layer12,Ga,4,4,12k_layer2_2,32,2.0983234538709623,Ga_O_10,"(0, -1, 0)"
2,group10_2a_layer16__2b_layer12,Ga,4,4,12k_layer2_2,34,2.098323454408184,Ga_O_10,"(1, 0, 0)"
2,group10_2a_layer16__2b_layer12,Ga,5,5,12k_layer14_3,14,2.098322979539073,Ga_O_10,"(0, 0, 0)"
2,group10_2a_layer16__2b_layer12,Ga,5,5,12k_layer14_3,15,2.094827383098975,Ga_O_09,"(0, 0, 0)"
2,group10_2a_layer16__2b_layer12,Ga,5,5,12k_layer14_3,20,1.9844560439741377,Ga_O_05,"(0, 0, 0)"
2,group10_2a_layer16__2b_layer12,Ga,5,5,12k_layer14_3,24,2.098322979658534,Ga_O_10,"(0, 1, 0)"
2,group10_2a_layer16__2b_layer12,Ga,5,5,12k_layer14_3,27,1.925435983138288,Ga_O_04,"(0, 0, 0)"
2,group10_2a_layer16__2b_layer12,Ga,5,5,12k_layer14_3,30,1.9254359955204852,Ga_O_04,"(0, 0, 0)"
2,group10_2a_layer16__2b_layer12,Ga,6,6,12k_layer10_2,5,1.9254359120300575,Ga_O_04,"(0, 0, 0)"
2,group10_2a_layer16__2b_layer12,Ga,6,6,12k_layer10_2,12,1.98445595738215,Ga_O_05,"(-1, 0, 0)"
2,group10_2a_layer16__2b_layer12,Ga,6,6,12k_layer10_2,17,2.094827514410795,Ga_O_09,"(0, 0, 0)"
2,group10_2a_layer16__2b_layer12,Ga,6,6,12k_layer10_2,22,2.0983230321761726,Ga_O_10,"(-1, 0, 0)"
2,group10_2a_layer16__2b_layer12,Ga,6,6,12k_layer10_2,26,2.0983230324265865,Ga_O_10,"(0, 1, 0)"
2,group10_2a_layer16__2b_layer12,Ga,6,6,12k_layer10_2,33,1.9254359114895088,Ga_O_04,"(0, 0, 0)"
2,group10_2a_layer16__2b_layer12,Ga,7,7,12k_layer6_2,3,2.0983234538709605,Ga_O_10,"(0, -1, 0)"
2,group10_2a_layer16__2b_layer12,Ga,7,7,12k_layer6_2,4,1.9254355757587174,Ga_O_04,"(0, 0, 0)"
2,group10_2a_layer16__2b_layer12,Ga,7,7,12k_layer6_2,6,1.9844559567789064,Ga_O_05,"(0, -1, 0)"
2,group10_2a_layer16__2b_layer12,Ga,7,7,12k_layer6_2,13,2.0983234544081824,Ga_O_10,"(1, 0, 0)"
2,group10_2a_layer16__2b_layer12,Ga,7,7,12k_layer6_2,19,2.0948275151705045,Ga_O_09,"(0, 0, 0)"
2,group10_2a_layer16__2b_layer12,Ga,7,7,12k_layer6_2,38,1.9254355763634945,Ga_O_04,"(0, 0, 0)"
2,group10_2a_layer16__2b_layer12,Ga,8,8,12k_layer6_1,3,2.0983234541175877,Ga_O_10,"(0, 0, 0)"
2,group10_2a_layer16__2b_layer12,Ga,8,8,12k_layer6_1,6,1.9844559569613607,Ga_O_05,"(0, 0, 0)"
2,group10_2a_layer16__2b_layer12,Ga,8,8,12k_layer6_1,19,2.0948276379027013,Ga_O_09,"(0, 0, 0)"
2,group10_2a_layer16__2b_layer12,Ga,8,8,12k_layer6_1,28,1.9254355756093047,Ga_O_04,"(0, 0, 0)"
2,group10_2a_layer16__2b_layer12,Ga,8,8,12k_layer6_1,36,2.0983234546414,Ga_O_10,"(1, 0, 0)"
2,group10_2a_layer16__2b_layer12,Ga,8,8,12k_layer6_1,38,1.925435563604001,Ga_O_04,"(0, 0, 0)"
2,group10_2a_layer16__2b_layer12,Ga,9,9,12k_layer14_2,8,2.098322979647595,Ga_O_10,"(0, 1, 0)"
2,group10_2a_layer16__2b_layer12,Ga,9,9,12k_layer14_2,9,1.9254359955309297,Ga_O_04,"(0, 0, 0)"
2,group10_2a_layer16__2b_layer12,Ga,9,9,12k_layer14_2,14,2.098322979397181,Ga_O_10,"(-1, 0, 0)"
2,group10_2a_layer16__2b_layer12,Ga,9,9,12k_layer14_2,15,2.094827260728784,Ga_O_09,"(0, 0, 0)"
2,group10_2a_layer16__2b_layer12,Ga,9,9,12k_layer14_2,20,1.9844560438241048,Ga_O_05,"(-1, 0, 0)"
2,group10_2a_layer16__2b_layer12,Ga,9,9,12k_layer14_2,27,1.9254359960714784,Ga_O_04,"(0, 0, 0)"
2,group10_2a_layer16__2b_layer12,Cr,1,10,2a_layer16,8,1.9948520249218649,Cr_O_07,"(1, 1, 0)"
2,group10_2a_layer16__2b_layer12,Cr,1,10,2a_layer16,14,1.9948520252426432,Cr_O_07,"(0, 0, 0)"
2,group10_2a_layer16__2b_layer12,Cr,1,10,2a_layer16,24,1.9948520249218644,Cr_O_07,"(0, 1, 0)"
2,group10_2a_layer16__2b_layer12,Cr,1,10,2a_layer16,29,1.9948516604791149,Cr_O_07,"(1, 0, 1)"
2,group10_2a_layer16__2b_layer12,Cr,1,10,2a_layer16,32,1.9948516599281325,Cr_O_07,"(0, 0, 1)"
2,group10_2a_layer16__2b_layer12,Cr,1,10,2a_layer16,34,1.994851660087002,Cr_O_07,"(1, 1, 1)"
2,group10_2a_layer16__2b_layer12,Ga,10,11,12k_layer10_3,1,1.9254359114790642,Ga_O_04,"(0, 0, 0)"
2,group10_2a_layer16__2b_layer12,Ga,10,11,12k_layer10_3,5,1.9254358990968665,Ga_O_04,"(0, 0, 0)"
2,group10_2a_layer16__2b_layer12,Ga,10,11,12k_layer10_3,11,2.0983230324375253,Ga_O_10,"(0, 1, 0)"
2,group10_2a_layer16__2b_layer12,Ga,10,11,12k_layer10_3,12,1.9844559575321832,Ga_O_05,"(0, 0, 0)"
2,group10_2a_layer16__2b_layer12,Ga,10,11,12k_layer10_3,17,2.094827636780971,Ga_O_09,"(0, 0, 0)"
2,group10_2a_layer16__2b_layer12,Ga,10,11,12k_layer10_3,22,2.0983230323180644,Ga_O_10,"(0, 0, 0)"
2,group10_2a_layer16__2b_layer12,Ga,11,12,12k_layer10_1,1,1.9254359117748707,Ga_O_04,"(0, 0, 0)"
2,group10_2a_layer16__2b_layer12,Ga,11,12,12k_layer10_1,11,2.0983230324093904,Ga_O_10,"(-1, 0, 0)"
2,group10_2a_layer16__2b_layer12,Ga,11,12,12k_layer10_1,12,1.9844559572212264,Ga_O_05,"(-1, -1, 0)"
2,group10_2a_layer16__2b_layer12,Ga,11,12,12k_layer10_1,17,2.0948275137753765,Ga_O_09,"(0, 0, 0)"
2,group10_2a_layer16__2b_layer12,Ga,11,12,12k_layer10_1,26,2.098323031885578,Ga_O_10,"(0, 0, 0)"
2,group10_2a_layer16__2b_layer12,Ga,11,12,12k_layer10_1,33,1.9254359117748707,Ga_O_04,"(0, 0, 0)"
2,group10_2a_layer16__2b_layer12,Ga,12,13,12k_layer2_1,7,1.9844559569613596,Ga_O_05,"(0, 0, 0)"
2,group10_2a_layer16__2b_layer12,Ga,12,13,12k_layer2_1,18,1.925435563604,Ga_O_04,"(0, 0, 0)"
2,group10_2a_layer16__2b_layer12,Ga,12,13,12k_layer2_1,21,1.9254355756093033,Ga_O_04,"(0, 0, 0)"
2,group10_2a_layer16__2b_layer12,Ga,12,13,12k_layer2_1,29,2.0983234546414016,Ga_O_10,"(1, 0, 0)"
2,group10_2a_layer16__2b_layer12,Ga,12,13,12k_layer2_1,31,2.0948276379027027,Ga_O_09,"(0, 0, 0)"
2,group10_2a_layer16__2b_layer12,Ga,12,13,12k_layer2_1,32,2.0983234541175895,Ga_O_10,"(0, 0, 0)"
2,group10_2a_layer16__2b_layer12,Cr,2,14,2b_layer12,10,1.8700732788205217,Cr_O_01,"(0, 1, 0)"
2,group10_2a_layer16__2b_layer12,Cr,2,14,2b_layer12,12,2.2779384420000004,Cr_O_11,"(0, 0, 0)"
2,group10_2a_layer16__2b_layer12,Cr,2,14,2b_layer12,20,2.2779384410000003,Cr_O_11,"(0, 0, 0)"
2,group10_2a_layer16__2b_layer12,Cr,2,14,2b_layer12,23,1.870073507451236,Cr_O_01,"(1, 1, 0)"
2,group10_2a_layer16__2b_layer12,Cr,2,14,2b_layer12,37,1.870073355,Cr_O_01,"(0, 0, 0)"
2,group10_2a_layer16__2b_layer12,Ga,13,15,2a_layer8,3,1.9948516601706343,Ga_O_07,"(0, 0, 0)"
2,group10_2a_layer16__2b_layer12,Ga,13,15,2a_layer8,11,1.9948520770594027,Ga_O_07,"(0, 1, 0)"
2,group10_2a_layer16__2b_layer12,Ga,13,15,2a_layer8,13,1.994851660329504,Ga_O_07,"(1, 1, 0)"
2,group10_2a_layer16__2b_layer12,Ga,13,15,2a_layer8,22,1.9948520773801812,Ga_O_07,"(0, 0, 0)"
2,group10_2a_layer16__2b_layer12,Ga,13,15,2a_layer8,26,1.9948520770594032,Ga_O_07,"(1, 1, 0)"
2,group10_2a_layer16__2b_layer12,Ga,13,15,2a_layer8,36,1.9948516607216167,Ga_O_07,"(1, 0, 0)"
2,group10_2a_layer16__2b_layer12,Ga,14,16,2b_layer4,2,1.8700732794118144,Ga_O_01,"(1, 0, 0)"
2,group10_2a_layer16__2b_layer12,Ga,14,16,2b_layer4,6,2.277938441000001,Ga_O_11,"(0, 0, 0)"
2,group10_2a_layer16__2b_layer12,Ga,14,16,2b_layer4,7,2.2779384420000004,Ga_O_11,"(0, 0, 0)"
2,group10_2a_layer16__2b_layer12,Ga,14,16,2b_layer4,16,1.8700735073000085,Ga_O_01,"(1, 1, 0)"
2,group10_2a_layer16__2b_layer12,Ga,14,16,2b_layer4,35,1.870073355795254,Ga_O_01,"(0, 0, 0)"
2,group10_2a_layer16__2b_layer12,Ga,15,17,4f1_layer9,11,1.9084361294606749,Ga_O_02,"(0, 0, 0)"
2,group10_2a_layer16__2b_layer12,Ga,15,17,4f1_layer9,19,1.9091270429999996,Ga_O_03,"(0, 0, 0)"
2,group10_2a_layer16__2b_layer12,Ga,15,17,4f1_layer9,22,1.9084362745505044,Ga_O_02,"(0, 0, 0)"
2,group10_2a_layer16__2b_layer12,Ga,15,17,4f1_layer9,26,1.9084361294606744,Ga_O_02,"(0, 0, 0)"
2,group10_2a_layer16__2b_layer12,Ga,16,18,4f2_layer11,1,1.9849917587865524,Ga_O_06,"(0, 0, 0)"
2,group10_2a_layer16__2b_layer12,Ga,16,18,4f2_layer11,5,1.9849916384047732,Ga_O_06,"(0, -1, 0)"
2,group10_2a_layer16__2b_layer12,Ga,16,18,4f2_layer11,10,2.0663776487443304,Ga_O_08,"(0, 0, 0)"
2,group10_2a_layer16__2b_layer12,Ga,16,18,4f2_layer11,23,2.0663774783167193,Ga_O_08,"(0, 0, 0)"
2,group10_2a_layer16__2b_layer12,Ga,16,18,4f2_layer11,33,1.9849917593946298,Ga_O_06,"(1, 0, 0)"
2,group10_2a_layer16__2b_layer12,Ga,16,18,4f2_layer11,37,2.0663777054221355,Ga_O_08,"(0, 0, 0)"
2,group10_2a_layer16__2b_layer12,Ga,17,19,4f2_layer3,2,2.0663771907209756,Ga_O_08,"(0, 0, 0)"
2,group10_2a_layer16__2b_layer12,Ga,17,19,4f2_layer3,16,2.066377020121716,Ga_O_08,"(0, 0, 0)"
2,group10_2a_layer16__2b_layer12,Ga,17,19,4f2_layer3,18,1.9849922964805824,Ga_O_06,"(-1, 0, 0)"
2,group10_2a_layer16__2b_layer12,Ga,17,19,4f2_layer3,21,1.9849924174878968,Ga_O_06,"(0, 0, 0)"
2,group10_2a_layer16__2b_layer12,Ga,17,19,4f2_layer3,25,1.9849924184808014,Ga_O_06,"(0, 1, 0)"
2,group10_2a_layer16__2b_layer12,Ga,17,19,4f2_layer3,35,2.066377246884635,Ga_O_08,"(0, 0, 0)"
2,group10_2a_layer16__2b_layer12,Ga,18,20,4f1_layer7,3,1.9084360732701862,Ga_O_02,"(0, 0, 0)"
2,group10_2a_layer16__2b_layer12,Ga,18,20,4f1_layer7,13,1.9084359271385227,Ga_O_02,"(0, 0, 0)"
2,group10_2a_layer16__2b_layer12,Ga,18,20,4f1_layer7,17,1.909127043000001,Ga_O_03,"(0, 0, 0)"
2,group10_2a_layer16__2b_layer12,Ga,18,20,4f1_layer7,36,1.9084359275969722,Ga_O_02,"(0, 0, 0)"
2,group10_2a_layer16__2b_layer12,Ga,19,21,4f2_layer5,2,2.0663771900543897,Ga_O_08,"(0, 0, 0)"
2,group10_2a_layer16__2b_layer12,Ga,19,21,4f2_layer5,4,1.9849924184808014,Ga_O_06,"(0, 1, 0)"
2,group10_2a_layer16__2b_layer12,Ga,19,21,4f2_layer5,16,2.0663770194551296,Ga_O_08,"(0, 0, 0)"
2,group10_2a_layer16__2b_layer12,Ga,19,21,4f2_layer5,28,1.9849924174878968,Ga_O_06,"(0, 0, 0)"
2,group10_2a_layer16__2b_layer12,Ga,19,21,4f2_layer5,35,2.0663772462180487,Ga_O_08,"(0, 0, 0)"
2,group10_2a_layer16__2b_layer12,Ga,19,21,4f2_layer5,38,1.9849922964805824,Ga_O_06,"(-1, 0, 0)"
2,group10_2a_layer16__2b_layer12,Ga,20,22,4f1_layer1,15,1.9091273005999965,Ga_O_03,"(0, 0, -1)"
2,group10_2a_layer16__2b_layer12,Ga,20,22,4f1_layer1,29,1.9084359275969722,Ga_O_02,"(0, 0, 0)"
2,group10_2a_layer16__2b_layer12,Ga,20,22,4f1_layer1,32,1.9084360732701862,Ga_O_02,"(0, 0, 0)"
2,group10_2a_layer16__2b_layer12,Ga,20,22,4f1_layer1,34,1.9084359271385227,Ga_O_02,"(0, 0, 0)"
2,group10_2a_layer16__2b_layer12,Ga,21,23,4f2_layer13,9,1.9849917593946296,Ga_O_06,"(1, 0, 0)"
2,group10_2a_layer16__2b_layer12,Ga,21,23,4f2_layer13,10,2.0663776487443317,Ga_O_08,"(0, 0, 0)"
2,group10_2a_layer16__2b_layer12,Ga,21,23,4f2_layer13,23,2.0663774783167206,Ga_O_08,"(0, 0, 0)"
2,group10_2a_layer16__2b_layer12,Ga,21,23,4f2_layer13,27,1.984991638404773,Ga_O_06,"(0, -1, 0)"
2,group10_2a_layer16__2b_layer12,Ga,21,23,4f2_layer13,30,1.984991758786552,Ga_O_06,"(0, 0, 0)"
2,group10_2a_layer16__2b_layer12,Ga,21,23,4f2_layer13,37,2.066377705422137,Ga_O_08,"(0, 0, 0)"
2,group10_2a_layer16__2b_layer12,Ga,22,24,4f1_layer15,8,1.9084361547650497,Ga_O_02,"(0, 0, 0)"
2,group10_2a_layer16__2b_layer12,Ga,22,24,4f1_layer15,14,1.9084362998548778,Ga_O_02,"(0, 0, 0)"
2,group10_2a_layer16__2b_layer12,Ga,22,24,4f1_layer15,24,1.9084361547650501,Ga_O_02,"(0, 0, 0)"
2,group10_2a_layer16__2b_layer12,Ga,22,24,4f1_layer15,31,1.9091268705999949,Ga_O_03,"(0, 0, 1)"
2,group11_4f1_layer15__4f2_layer13,Sr,1,,,2,2.958098043228469,Sr_O_02,"(0, -1, 0)"
2,group11_4f1_layer15__4f2_layer13,Sr,1,,,4,2.864579795118219,Sr_O_01,"(0, 0, 0)"
2,group11_4f1_layer15__4f2_layer13,Sr,1,,,16,2.9580979326637595,Sr_O_02,"(1, 0, 0)"
2,group11_4f1_layer15__4f2_layer13,Sr,1,,,18,2.8645798765734263,Sr_O_01,"(0, 0, 0)"
2,group11_4f1_layer15__4f2_layer13,Sr,1,,,21,2.864579884642825,Sr_O_01,"(0, 0, 0)"
2,group11_4f1_layer15__4f2_layer13,Sr,1,,,25,2.8645797959311503,Sr_O_01,"(0, 0, 0)"
2,group11_4f1_layer15__4f2_layer13,Sr,1,,,28,2.864579883829894,Sr_O_01,"(0, 0, 0)"
2,group11_4f1_layer15__4f2_layer13,Sr,1,,,35,2.95809800345424,Sr_O_02,"(0, -1, 0)"
2,group11_4f1_layer15__4f2_layer13,Sr,1,,,38,2.8645798757604948,Sr_O_01,"(0, 0, 0)"
2,group11_4f1_layer15__4f2_layer13,Sr,2,,,1,2.8645793251769454,Sr_O_01,"(0, 0, 0)"
2,group11_4f1_layer15__4f2_layer13,Sr,2,,,5,2.8645793169995204,Sr_O_01,"(0, 0, 0)"
2,group11_4f1_layer15__4f2_layer13,Sr,2,,,9,2.8645792364135385,Sr_O_01,"(0, 0, 0)"
2,group11_4f1_layer15__4f2_layer13,Sr,2,,,10,2.9580980427214705,Sr_O_02,"(-1, 0, 0)"
2,group11_4f1_layer15__4f2_layer13,Sr,2,,,23,2.95809793284463,Sr_O_02,"(0, 1, 0)"
2,group11_4f1_layer15__4f2_layer13,Sr,2,,,27,2.8645793169995213,Sr_O_01,"(0, 0, 0)"
2,group11_4f1_layer15__4f2_layer13,Sr,2,,,30,2.8645793251769462,Sr_O_01,"(0, 0, 0)"
2,group11_4f1_layer15__4f2_layer13,Sr,2,,,33,2.864579236413537,Sr_O_01,"(0, 0, 0)"
2,group11_4f1_layer15__4f2_layer13,Sr,2,,,37,2.9580980035278155,Sr_O_02,"(-1, 0, 0)"
2,group11_4f1_layer15__4f2_layer13,Ga,1,1,12k_layer6_3,4,1.9254355757587174,Ga_O_04,"(0, 0, 0)"
2,group11_4f1_layer15__4f2_layer13,Ga,1,1,12k_layer6_3,6,1.9844559567789057,Ga_O_05,"(-1, -1, 0)"
2,group11_4f1_layer15__4f2_layer13,Ga,1,1,12k_layer6_3,13,2.0983234538406146,Ga_O_10,"(0, 0, 0)"
2,group11_4f1_layer15__4f2_layer13,Ga,1,1,12k_layer6_3,19,2.094827515170505,Ga_O_09,"(0, 0, 0)"
2,group11_4f1_layer15__4f2_layer13,Ga,1,1,12k_layer6_3,28,1.925435576196381,Ga_O_04,"(0, 0, 0)"
2,group11_4f1_layer15__4f2_layer13,Ga,1,1,12k_layer6_3,36,2.0983234538272053,Ga_O_10,"(0, -1, 0)"
2,group11_4f1_layer15__4f2_layer13,Ga,2,2,12k_layer2_3,7,1.9844559567789046,Ga_O_05,"(-1, -1, 0)"
2,group11_4f1_layer15__4f2_layer13,Ga,2,2,12k_layer2_3,21,1.9254355761963797,Ga_O_04,"(0, 0, 0)"
2,group11_4f1_layer15__4f2_layer13,Ga,2,2,12k_layer2_3,25,1.9254355757587163,Ga_O_04,"(0, 0, 0)"
2,group11_4f1_layer15__4f2_layer13,Ga,2,2,12k_layer2_3,29,2.098323453827207,Ga_O_10,"(0, -1, 0)"
2,group11_4f1_layer15__4f2_layer13,Ga,2,2,12k_layer2_3,31,2.0948275151705062,Ga_O_09,"(0, 0, 0)"
2,group11_4f1_layer15__4f2_layer13,Ga,2,2,12k_layer2_3,34,2.0983234538406164,Ga_O_10,"(0, 0, 0)"
2,group11_4f1_layer15__4f2_layer13,Ga,3,3,12k_layer14_1,8,2.0983229791065865,Ga_O_10,"(0, 0, 0)"
2,group11_4f1_layer15__4f2_layer13,Ga,3,3,12k_layer14_1,9,1.9254359958162917,Ga_O_04,"(0, 0, 0)"
2,group11_4f1_layer15__4f2_layer13,Ga,3,3,12k_layer14_1,15,2.094827260093365,Ga_O_09,"(0, 0, 0)"
2,group11_4f1_layer15__4f2_layer13,Ga,3,3,12k_layer14_1,20,1.9844560436631808,Ga_O_05,"(-1, -1, 0)"
2,group11_4f1_layer15__4f2_layer13,Ga,3,3,12k_layer14_1,24,2.0983229796303986,Ga_O_10,"(-1, 0, 0)"
2,group11_4f1_layer15__4f2_layer13,Ga,3,3,12k_layer14_1,30,1.9254359958162914,Ga_O_04,"(0, 0, 0)"
2,group11_4f1_layer15__4f2_layer13,Ga,4,4,12k_layer2_2,7,1.984455956778905,Ga_O_05,"(0, -1, 0)"
2,group11_4f1_layer15__4f2_layer13,Ga,4,4,12k_layer2_2,18,1.9254355763634932,Ga_O_04,"(0, 0, 0)"
2,group11_4f1_layer15__4f2_layer13,Ga,4,4,12k_layer2_2,25,1.925435575758716,Ga_O_04,"(0, 0, 0)"
2,group11_4f1_layer15__4f2_layer13,Ga,4,4,12k_layer2_2,31,2.094827515170506,Ga_O_09,"(0, 0, 0)"
2,group11_4f1_layer15__4f2_layer13,Ga,4,4,12k_layer2_2,32,2.0983234538709623,Ga_O_10,"(0, -1, 0)"
2,group11_4f1_layer15__4f2_layer13,Ga,4,4,12k_layer2_2,34,2.098323454408184,Ga_O_10,"(1, 0, 0)"
2,group11_4f1_layer15__4f2_layer13,Ga,5,5,12k_layer14_3,14,2.098322979539073,Ga_O_10,"(0, 0, 0)"
2,group11_4f1_layer15__4f2_layer13,Ga,5,5,12k_layer14_3,15,2.094827383098975,Ga_O_09,"(0, 0, 0)"
2,group11_4f1_layer15__4f2_layer13,Ga,5,5,12k_layer14_3,20,1.9844560439741377,Ga_O_05,"(0, 0, 0)"
2,group11_4f1_layer15__4f2_layer13,Ga,5,5,12k_layer14_3,24,2.098322979658534,Ga_O_10,"(0, 1, 0)"
2,group11_4f1_layer15__4f2_layer13,Ga,5,5,12k_layer14_3,27,1.925435983138288,Ga_O_04,"(0, 0, 0)"
2,group11_4f1_layer15__4f2_layer13,Ga,5,5,12k_layer14_3,30,1.9254359955204852,Ga_O_04,"(0, 0, 0)"
2,group11_4f1_layer15__4f2_layer13,Ga,6,6,12k_layer10_2,5,1.9254359120300575,Ga_O_04,"(0, 0, 0)"
2,group11_4f1_layer15__4f2_layer13,Ga,6,6,12k_layer10_2,12,1.98445595738215,Ga_O_05,"(-1, 0, 0)"
2,group11_4f1_layer15__4f2_layer13,Ga,6,6,12k_layer10_2,17,2.094827514410795,Ga_O_09,"(0, 0, 0)"
2,group11_4f1_layer15__4f2_layer13,Ga,6,6,12k_layer10_2,22,2.0983230321761726,Ga_O_10,"(-1, 0, 0)"
2,group11_4f1_layer15__4f2_layer13,Ga,6,6,12k_layer10_2,26,2.0983230324265865,Ga_O_10,"(0, 1, 0)"
2,group11_4f1_layer15__4f2_layer13,Ga,6,6,12k_layer10_2,33,1.9254359114895088,Ga_O_04,"(0, 0, 0)"
2,group11_4f1_layer15__4f2_layer13,Ga,7,7,12k_layer6_2,3,2.0983234538709605,Ga_O_10,"(0, -1, 0)"
2,group11_4f1_layer15__4f2_layer13,Ga,7,7,12k_layer6_2,4,1.9254355757587174,Ga_O_04,"(0, 0, 0)"
2,group11_4f1_layer15__4f2_layer13,Ga,7,7,12k_layer6_2,6,1.9844559567789064,Ga_O_05,"(0, -1, 0)"
2,group11_4f1_layer15__4f2_layer13,Ga,7,7,12k_layer6_2,13,2.0983234544081824,Ga_O_10,"(1, 0, 0)"
2,group11_4f1_layer15__4f2_layer13,Ga,7,7,12k_layer6_2,19,2.0948275151705045,Ga_O_09,"(0, 0, 0)"
2,group11_4f1_layer15__4f2_layer13,Ga,7,7,12k_layer6_2,38,1.9254355763634945,Ga_O_04,"(0, 0, 0)"
2,group11_4f1_layer15__4f2_layer13,Ga,8,8,12k_layer6_1,3,2.0983234541175877,Ga_O_10,"(0, 0, 0)"
2,group11_4f1_layer15__4f2_layer13,Ga,8,8,12k_layer6_1,6,1.9844559569613607,Ga_O_05,"(0, 0, 0)"
2,group11_4f1_layer15__4f2_layer13,Ga,8,8,12k_layer6_1,19,2.0948276379027013,Ga_O_09,"(0, 0, 0)"
2,group11_4f1_layer15__4f2_layer13,Ga,8,8,12k_layer6_1,28,1.9254355756093047,Ga_O_04,"(0, 0, 0)"
2,group11_4f1_layer15__4f2_layer13,Ga,8,8,12k_layer6_1,36,2.0983234546414,Ga_O_10,"(1, 0, 0)"
2,group11_4f1_layer15__4f2_layer13,Ga,8,8,12k_layer6_1,38,1.925435563604001,Ga_O_04,"(0, 0, 0)"
2,group11_4f1_layer15__4f2_layer13,Ga,9,9,12k_layer14_2,8,2.098322979647595,Ga_O_10,"(0, 1, 0)"
2,group11_4f1_layer15__4f2_layer13,Ga,9,9,12k_layer14_2,9,1.9254359955309297,Ga_O_04,"(0, 0, 0)"
2,group11_4f1_layer15__4f2_layer13,Ga,9,9,12k_layer14_2,14,2.098322979397181,Ga_O_10,"(-1, 0, 0)"
2,group11_4f1_layer15__4f2_layer13,Ga,9,9,12k_layer14_2,15,2.094827260728784,Ga_O_09,"(0, 0, 0)"
2,group11_4f1_layer15__4f2_layer13,Ga,9,9,12k_layer14_2,20,1.9844560438241048,Ga_O_05,"(-1, 0, 0)"
2,group11_4f1_layer15__4f2_layer13,Ga,9,9,12k_layer14_2,27,1.9254359960714784,Ga_O_04,"(0, 0, 0)"
2,group11_4f1_layer15__4f2_layer13,Ga,10,10,2a_layer16,8,1.9948520249218649,Ga_O_07,"(1, 1, 0)"
2,group11_4f1_layer15__4f2_layer13,Ga,10,10,2a_layer16,14,1.9948520252426432,Ga_O_07,"(0, 0, 0)"
2,group11_4f1_layer15__4f2_layer13,Ga,10,10,2a_layer16,24,1.9948520249218644,Ga_O_07,"(0, 1, 0)"
2,group11_4f1_layer15__4f2_layer13,Ga,10,10,2a_layer16,29,1.9948516604791149,Ga_O_07,"(1, 0, 1)"
2,group11_4f1_layer15__4f2_layer13,Ga,10,10,2a_layer16,32,1.9948516599281325,Ga_O_07,"(0, 0, 1)"
2,group11_4f1_layer15__4f2_layer13,Ga,10,10,2a_layer16,34,1.994851660087002,Ga_O_07,"(1, 1, 1)"
2,group11_4f1_layer15__4f2_layer13,Ga,11,11,12k_layer10_3,1,1.9254359114790642,Ga_O_04,"(0, 0, 0)"
2,group11_4f1_layer15__4f2_layer13,Ga,11,11,12k_layer10_3,5,1.9254358990968665,Ga_O_04,"(0, 0, 0)"
2,group11_4f1_layer15__4f2_layer13,Ga,11,11,12k_layer10_3,11,2.0983230324375253,Ga_O_10,"(0, 1, 0)"
2,group11_4f1_layer15__4f2_layer13,Ga,11,11,12k_layer10_3,12,1.9844559575321832,Ga_O_05,"(0, 0, 0)"
2,group11_4f1_layer15__4f2_layer13,Ga,11,11,12k_layer10_3,17,2.094827636780971,Ga_O_09,"(0, 0, 0)"
2,group11_4f1_layer15__4f2_layer13,Ga,11,11,12k_layer10_3,22,2.0983230323180644,Ga_O_10,"(0, 0, 0)"
2,group11_4f1_layer15__4f2_layer13,Ga,12,12,12k_layer10_1,1,1.9254359117748707,Ga_O_04,"(0, 0, 0)"
2,group11_4f1_layer15__4f2_layer13,Ga,12,12,12k_layer10_1,11,2.0983230324093904,Ga_O_10,"(-1, 0, 0)"
2,group11_4f1_layer15__4f2_layer13,Ga,12,12,12k_layer10_1,12,1.9844559572212264,Ga_O_05,"(-1, -1, 0)"
2,group11_4f1_layer15__4f2_layer13,Ga,12,12,12k_layer10_1,17,2.0948275137753765,Ga_O_09,"(0, 0, 0)"
2,group11_4f1_layer15__4f2_layer13,Ga,12,12,12k_layer10_1,26,2.098323031885578,Ga_O_10,"(0, 0, 0)"
2,group11_4f1_layer15__4f2_layer13,Ga,12,12,12k_layer10_1,33,1.9254359117748707,Ga_O_04,"(0, 0, 0)"
2,group11_4f1_layer15__4f2_layer13,Ga,13,13,12k_layer2_1,7,1.9844559569613596,Ga_O_05,"(0, 0, 0)"
2,group11_4f1_layer15__4f2_layer13,Ga,13,13,12k_layer2_1,18,1.925435563604,Ga_O_04,"(0, 0, 0)"
2,group11_4f1_layer15__4f2_layer13,Ga,13,13,12k_layer2_1,21,1.9254355756093033,Ga_O_04,"(0, 0, 0)"
2,group11_4f1_layer15__4f2_layer13,Ga,13,13,12k_layer2_1,29,2.0983234546414016,Ga_O_10,"(1, 0, 0)"
2,group11_4f1_layer15__4f2_layer13,Ga,13,13,12k_layer2_1,31,2.0948276379027027,Ga_O_09,"(0, 0, 0)"
2,group11_4f1_layer15__4f2_layer13,Ga,13,13,12k_layer2_1,32,2.0983234541175895,Ga_O_10,"(0, 0, 0)"
2,group11_4f1_layer15__4f2_layer13,Ga,14,14,2b_layer12,10,1.8700732788205217,Ga_O_01,"(0, 1, 0)"
2,group11_4f1_layer15__4f2_layer13,Ga,14,14,2b_layer12,12,2.2779384420000004,Ga_O_11,"(0, 0, 0)"
2,group11_4f1_layer15__4f2_layer13,Ga,14,14,2b_layer12,20,2.2779384410000003,Ga_O_11,"(0, 0, 0)"
2,group11_4f1_layer15__4f2_layer13,Ga,14,14,2b_layer12,23,1.870073507451236,Ga_O_01,"(1, 1, 0)"
2,group11_4f1_layer15__4f2_layer13,Ga,14,14,2b_layer12,37,1.870073355,Ga_O_01,"(0, 0, 0)"
2,group11_4f1_layer15__4f2_layer13,Ga,15,15,2a_layer8,3,1.9948516601706343,Ga_O_07,"(0, 0, 0)"
2,group11_4f1_layer15__4f2_layer13,Ga,15,15,2a_layer8,11,1.9948520770594027,Ga_O_07,"(0, 1, 0)"
2,group11_4f1_layer15__4f2_layer13,Ga,15,15,2a_layer8,13,1.994851660329504,Ga_O_07,"(1, 1, 0)"
2,group11_4f1_layer15__4f2_layer13,Ga,15,15,2a_layer8,22,1.9948520773801812,Ga_O_07,"(0, 0, 0)"
2,group11_4f1_layer15__4f2_layer13,Ga,15,15,2a_layer8,26,1.9948520770594032,Ga_O_07,"(1, 1, 0)"
2,group11_4f1_layer15__4f2_layer13,Ga,15,15,2a_layer8,36,1.9948516607216167,Ga_O_07,"(1, 0, 0)"
2,group11_4f1_layer15__4f2_layer13,Ga,16,16,2b_layer4,2,1.8700732794118144,Ga_O_01,"(1, 0, 0)"
2,group11_4f1_layer15__4f2_layer13,Ga,16,16,2b_layer4,6,2.277938441000001,Ga_O_11,"(0, 0, 0)"
2,group11_4f1_layer15__4f2_layer13,Ga,16,16,2b_layer4,7,2.2779384420000004,Ga_O_11,"(0, 0, 0)"
2,group11_4f1_layer15__4f2_layer13,Ga,16,16,2b_layer4,16,1.8700735073000085,Ga_O_01,"(1, 1, 0)"
2,group11_4f1_layer15__4f2_layer13,Ga,16,16,2b_layer4,35,1.870073355795254,Ga_O_01,"(0, 0, 0)"
2,group11_4f1_layer15__4f2_layer13,Ga,17,17,4f1_layer9,11,1.9084361294606749,Ga_O_02,"(0, 0, 0)"
2,group11_4f1_layer15__4f2_layer13,Ga,17,17,4f1_layer9,19,1.9091270429999996,Ga_O_03,"(0, 0, 0)"
2,group11_4f1_layer15__4f2_layer13,Ga,17,17,4f1_layer9,22,1.9084362745505044,Ga_O_02,"(0, 0, 0)"
2,group11_4f1_layer15__4f2_layer13,Ga,17,17,4f1_layer9,26,1.9084361294606744,Ga_O_02,"(0, 0, 0)"
2,group11_4f1_layer15__4f2_layer13,Ga,18,18,4f2_layer11,1,1.9849917587865524,Ga_O_06,"(0, 0, 0)"
2,group11_4f1_layer15__4f2_layer13,Ga,18,18,4f2_layer11,5,1.9849916384047732,Ga_O_06,"(0, -1, 0)"
2,group11_4f1_layer15__4f2_layer13,Ga,18,18,4f2_layer11,10,2.0663776487443304,Ga_O_08,"(0, 0, 0)"
2,group11_4f1_layer15__4f2_layer13,Ga,18,18,4f2_layer11,23,2.0663774783167193,Ga_O_08,"(0, 0, 0)"
2,group11_4f1_layer15__4f2_layer13,Ga,18,18,4f2_layer11,33,1.9849917593946298,Ga_O_06,"(1, 0, 0)"
2,group11_4f1_layer15__4f2_layer13,Ga,18,18,4f2_layer11,37,2.0663777054221355,Ga_O_08,"(0, 0, 0)"
2,group11_4f1_layer15__4f2_layer13,Ga,19,19,4f2_layer3,2,2.0663771907209756,Ga_O_08,"(0, 0, 0)"
2,group11_4f1_layer15__4f2_layer13,Ga,19,19,4f2_layer3,16,2.066377020121716,Ga_O_08,"(0, 0, 0)"
2,group11_4f1_layer15__4f2_layer13,Ga,19,19,4f2_layer3,18,1.9849922964805824,Ga_O_06,"(-1, 0, 0)"
2,group11_4f1_layer15__4f2_layer13,Ga,19,19,4f2_layer3,21,1.9849924174878968,Ga_O_06,"(0, 0, 0)"
2,group11_4f1_layer15__4f2_layer13,Ga,19,19,4f2_layer3,25,1.9849924184808014,Ga_O_06,"(0, 1, 0)"
2,group11_4f1_layer15__4f2_layer13,Ga,19,19,4f2_layer3,35,2.066377246884635,Ga_O_08,"(0, 0, 0)"
2,group11_4f1_layer15__4f2_layer13,Ga,20,20,4f1_layer7,3,1.9084360732701862,Ga_O_02,"(0, 0, 0)"
2,group11_4f1_layer15__4f2_layer13,Ga,20,20,4f1_layer7,13,1.9084359271385227,Ga_O_02,"(0, 0, 0)"
2,group11_4f1_layer15__4f2_layer13,Ga,20,20,4f1_layer7,17,1.909127043000001,Ga_O_03,"(0, 0, 0)"
2,group11_4f1_layer15__4f2_layer13,Ga,20,20,4f1_layer7,36,1.9084359275969722,Ga_O_02,"(0, 0, 0)"
2,group11_4f1_layer15__4f2_layer13,Ga,21,21,4f2_layer5,2,2.0663771900543897,Ga_O_08,"(0, 0, 0)"
2,group11_4f1_layer15__4f2_layer13,Ga,21,21,4f2_layer5,4,1.9849924184808014,Ga_O_06,"(0, 1, 0)"
2,group11_4f1_layer15__4f2_layer13,Ga,21,21,4f2_layer5,16,2.0663770194551296,Ga_O_08,"(0, 0, 0)"
2,group11_4f1_layer15__4f2_layer13,Ga,21,21,4f2_layer5,28,1.9849924174878968,Ga_O_06,"(0, 0, 0)"
2,group11_4f1_layer15__4f2_layer13,Ga,21,21,4f2_layer5,35,2.0663772462180487,Ga_O_08,"(0, 0, 0)"
2,group11_4f1_layer15__4f2_layer13,Ga,21,21,4f2_layer5,38,1.9849922964805824,Ga_O_06,"(-1, 0, 0)"
2,group11_4f1_layer15__4f2_layer13,Ga,22,22,4f1_layer1,15,1.9091273005999965,Ga_O_03,"(0, 0, -1)"
2,group11_4f1_layer15__4f2_layer13,Ga,22,22,4f1_layer1,29,1.9084359275969722,Ga_O_02,"(0, 0, 0)"
2,group11_4f1_layer15__4f2_layer13,Ga,22,22,4f1_layer1,32,1.9084360732701862,Ga_O_02,"(0, 0, 0)"
2,group11_4f1_layer15__4f2_layer13,Ga,22,22,4f1_layer1,34,1.9084359271385227,Ga_O_02,"(0, 0, 0)"
2,group11_4f1_layer15__4f2_layer13,Cr,1,23,4f2_layer13,9,1.9849917593946296,Cr_O_06,"(1, 0, 0)"
2,group11_4f1_layer15__4f2_layer13,Cr,1,23,4f2_layer13,10,2.0663776487443317,Cr_O_08,"(0, 0, 0)"
2,group11_4f1_layer15__4f2_layer13,Cr,1,23,4f2_layer13,23,2.0663774783167206,Cr_O_08,"(0, 0, 0)"
2,group11_4f1_layer15__4f2_layer13,Cr,1,23,4f2_layer13,27,1.984991638404773,Cr_O_06,"(0, -1, 0)"
2,group11_4f1_layer15__4f2_layer13,Cr,1,23,4f2_layer13,30,1.984991758786552,Cr_O_06,"(0, 0, 0)"
2,group11_4f1_layer15__4f2_layer13,Cr,1,23,4f2_layer13,37,2.066377705422137,Cr_O_08,"(0, 0, 0)"
2,group11_4f1_layer15__4f2_layer13,Cr,2,24,4f1_layer15,8,1.9084361547650497,Cr_O_02,"(0, 0, 0)"
2,group11_4f1_layer15__4f2_layer13,Cr,2,24,4f1_layer15,14,1.9084362998548778,Cr_O_02,"(0, 0, 0)"
2,group11_4f1_layer15__4f2_layer13,Cr,2,24,4f1_layer15,24,1.9084361547650501,Cr_O_02,"(0, 0, 0)"
2,group11_4f1_layer15__4f2_layer13,Cr,2,24,4f1_layer15,31,1.9091268705999949,Cr_O_03,"(0, 0, 1)"
2,group12_2a_layer8__12k_layer2_1,Sr,1,,,2,2.958098043228469,Sr_O_02,"(0, -1, 0)"
2,group12_2a_layer8__12k_layer2_1,Sr,1,,,4,2.864579795118219,Sr_O_01,"(0, 0, 0)"
2,group12_2a_layer8__12k_layer2_1,Sr,1,,,16,2.9580979326637595,Sr_O_02,"(1, 0, 0)"
2,group12_2a_layer8__12k_layer2_1,Sr,1,,,18,2.8645798765734263,Sr_O_01,"(0, 0, 0)"
2,group12_2a_layer8__12k_layer2_1,Sr,1,,,21,2.864579884642825,Sr_O_01,"(0, 0, 0)"
2,group12_2a_layer8__12k_layer2_1,Sr,1,,,25,2.8645797959311503,Sr_O_01,"(0, 0, 0)"
2,group12_2a_layer8__12k_layer2_1,Sr,1,,,28,2.864579883829894,Sr_O_01,"(0, 0, 0)"
2,group12_2a_layer8__12k_layer2_1,Sr,1,,,35,2.95809800345424,Sr_O_02,"(0, -1, 0)"
2,group12_2a_layer8__12k_layer2_1,Sr,1,,,38,2.8645798757604948,Sr_O_01,"(0, 0, 0)"
2,group12_2a_layer8__12k_layer2_1,Sr,2,,,1,2.8645793251769454,Sr_O_01,"(0, 0, 0)"
2,group12_2a_layer8__12k_layer2_1,Sr,2,,,5,2.8645793169995204,Sr_O_01,"(0, 0, 0)"
2,group12_2a_layer8__12k_layer2_1,Sr,2,,,9,2.8645792364135385,Sr_O_01,"(0, 0, 0)"
2,group12_2a_layer8__12k_layer2_1,Sr,2,,,10,2.9580980427214705,Sr_O_02,"(-1, 0, 0)"
2,group12_2a_layer8__12k_layer2_1,Sr,2,,,23,2.95809793284463,Sr_O_02,"(0, 1, 0)"
2,group12_2a_layer8__12k_layer2_1,Sr,2,,,27,2.8645793169995213,Sr_O_01,"(0, 0, 0)"
2,group12_2a_layer8__12k_layer2_1,Sr,2,,,30,2.8645793251769462,Sr_O_01,"(0, 0, 0)"
2,group12_2a_layer8__12k_layer2_1,Sr,2,,,33,2.864579236413537,Sr_O_01,"(0, 0, 0)"
2,group12_2a_layer8__12k_layer2_1,Sr,2,,,37,2.9580980035278155,Sr_O_02,"(-1, 0, 0)"
2,group12_2a_layer8__12k_layer2_1,Ga,1,1,12k_layer6_3,4,1.9254355757587174,Ga_O_04,"(0, 0, 0)"
2,group12_2a_layer8__12k_layer2_1,Ga,1,1,12k_layer6_3,6,1.9844559567789057,Ga_O_05,"(-1, -1, 0)"
2,group12_2a_layer8__12k_layer2_1,Ga,1,1,12k_layer6_3,13,2.0983234538406146,Ga_O_10,"(0, 0, 0)"
2,group12_2a_layer8__12k_layer2_1,Ga,1,1,12k_layer6_3,19,2.094827515170505,Ga_O_09,"(0, 0, 0)"
2,group12_2a_layer8__12k_layer2_1,Ga,1,1,12k_layer6_3,28,1.925435576196381,Ga_O_04,"(0, 0, 0)"
2,group12_2a_layer8__12k_layer2_1,Ga,1,1,12k_layer6_3,36,2.0983234538272053,Ga_O_10,"(0, -1, 0)"
2,group12_2a_layer8__12k_layer2_1,Ga,2,2,12k_layer2_3,7,1.9844559567789046,Ga_O_05,"(-1, -1, 0)"
2,group12_2a_layer8__12k_layer2_1,Ga,2,2,12k_layer2_3,21,1.9254355761963797,Ga_O_04,"(0, 0, 0)"
2,group12_2a_layer8__12k_layer2_1,Ga,2,2,12k_layer2_3,25,1.9254355757587163,Ga_O_04,"(0, 0, 0)"
2,group12_2a_layer8__12k_layer2_1,Ga,2,2,12k_layer2_3,29,2.098323453827207,Ga_O_10,"(0, -1, 0)"
2,group12_2a_layer8__12k_layer2_1,Ga,2,2,12k_layer2_3,31,2.0948275151705062,Ga_O_09,"(0, 0, 0)"
2,group12_2a_layer8__12k_layer2_1,Ga,2,2,12k_layer2_3,34,2.0983234538406164,Ga_O_10,"(0, 0, 0)"
2,group12_2a_layer8__12k_layer2_1,Ga,3,3,12k_layer14_1,8,2.0983229791065865,Ga_O_10,"(0, 0, 0)"
2,group12_2a_layer8__12k_layer2_1,Ga,3,3,12k_layer14_1,9,1.9254359958162917,Ga_O_04,"(0, 0, 0)"
2,group12_2a_layer8__12k_layer2_1,Ga,3,3,12k_layer14_1,15,2.094827260093365,Ga_O_09,"(0, 0, 0)"
2,group12_2a_layer8__12k_layer2_1,Ga,3,3,12k_layer14_1,20,1.9844560436631808,Ga_O_05,"(-1, -1, 0)"
2,group12_2a_layer8__12k_layer2_1,Ga,3,3,12k_layer14_1,24,2.0983229796303986,Ga_O_10,"(-1, 0, 0)"
2,group12_2a_layer8__12k_layer2_1,Ga,3,3,12k_layer14_1,30,1.9254359958162914,Ga_O_04,"(0, 0, 0)"
2,group12_2a_layer8__12k_layer2_1,Ga,4,4,12k_layer2_2,7,1.984455956778905,Ga_O_05,"(0, -1, 0)"
2,group12_2a_layer8__12k_layer2_1,Ga,4,4,12k_layer2_2,18,1.9254355763634932,Ga_O_04,"(0, 0, 0)"
2,group12_2a_layer8__12k_layer2_1,Ga,4,4,12k_layer2_2,25,1.925435575758716,Ga_O_04,"(0, 0, 0)"
2,group12_2a_layer8__12k_layer2_1,Ga,4,4,12k_layer2_2,31,2.094827515170506,Ga_O_09,"(0, 0, 0)"
2,group12_2a_layer8__12k_layer2_1,Ga,4,4,12k_layer2_2,32,2.0983234538709623,Ga_O_10,"(0, -1, 0)"
2,group12_2a_layer8__12k_layer2_1,Ga,4,4,12k_layer2_2,34,2.098323454408184,Ga_O_10,"(1, 0, 0)"
2,group12_2a_layer8__12k_layer2_1,Ga,5,5,12k_layer14_3,14,2.098322979539073,Ga_O_10,"(0, 0, 0)"
2,group12_2a_layer8__12k_layer2_1,Ga,5,5,12k_layer14_3,15,2.094827383098975,Ga_O_09,"(0, 0, 0)"
2,group12_2a_layer8__12k_layer2_1,Ga,5,5,12k_layer14_3,20,1.9844560439741377,Ga_O_05,"(0, 0, 0)"
2,group12_2a_layer8__12k_layer2_1,Ga,5,5,12k_layer14_3,24,2.098322979658534,Ga_O_10,"(0, 1, 0)"
2,group12_2a_layer8__12k_layer2_1,Ga,5,5,12k_layer14_3,27,1.925435983138288,Ga_O_04,"(0, 0, 0)"
2,group12_2a_layer8__12k_layer2_1,Ga,5,5,12k_layer14_3,30,1.9254359955204852,Ga_O_04,"(0, 0, 0)"
2,group12_2a_layer8__12k_layer2_1,Ga,6,6,12k_layer10_2,5,1.9254359120300575,Ga_O_04,"(0, 0, 0)"
2,group12_2a_layer8__12k_layer2_1,Ga,6,6,12k_layer10_2,12,1.98445595738215,Ga_O_05,"(-1, 0, 0)"
2,group12_2a_layer8__12k_layer2_1,Ga,6,6,12k_layer10_2,17,2.094827514410795,Ga_O_09,"(0, 0, 0)"
2,group12_2a_layer8__12k_layer2_1,Ga,6,6,12k_layer10_2,22,2.0983230321761726,Ga_O_10,"(-1, 0, 0)"
2,group12_2a_layer8__12k_layer2_1,Ga,6,6,12k_layer10_2,26,2.0983230324265865,Ga_O_10,"(0, 1, 0)"
2,group12_2a_layer8__12k_layer2_1,Ga,6,6,12k_layer10_2,33,1.9254359114895088,Ga_O_04,"(0, 0, 0)"
2,group12_2a_layer8__12k_layer2_1,Ga,7,7,12k_layer6_2,3,2.0983234538709605,Ga_O_10,"(0, -1, 0)"
2,group12_2a_layer8__12k_layer2_1,Ga,7,7,12k_layer6_2,4,1.9254355757587174,Ga_O_04,"(0, 0, 0)"
2,group12_2a_layer8__12k_layer2_1,Ga,7,7,12k_layer6_2,6,1.9844559567789064,Ga_O_05,"(0, -1, 0)"
2,group12_2a_layer8__12k_layer2_1,Ga,7,7,12k_layer6_2,13,2.0983234544081824,Ga_O_10,"(1, 0, 0)"
2,group12_2a_layer8__12k_layer2_1,Ga,7,7,12k_layer6_2,19,2.0948275151705045,Ga_O_09,"(0, 0, 0)"
2,group12_2a_layer8__12k_layer2_1,Ga,7,7,12k_layer6_2,38,1.9254355763634945,Ga_O_04,"(0, 0, 0)"
2,group12_2a_layer8__12k_layer2_1,Ga,8,8,12k_layer6_1,3,2.0983234541175877,Ga_O_10,"(0, 0, 0)"
2,group12_2a_layer8__12k_layer2_1,Ga,8,8,12k_layer6_1,6,1.9844559569613607,Ga_O_05,"(0, 0, 0)"
2,group12_2a_layer8__12k_layer2_1,Ga,8,8,12k_layer6_1,19,2.0948276379027013,Ga_O_09,"(0, 0, 0)"
2,group12_2a_layer8__12k_layer2_1,Ga,8,8,12k_layer6_1,28,1.9254355756093047,Ga_O_04,"(0, 0, 0)"
2,group12_2a_layer8__12k_layer2_1,Ga,8,8,12k_layer6_1,36,2.0983234546414,Ga_O_10,"(1, 0, 0)"
2,group12_2a_layer8__12k_layer2_1,Ga,8,8,12k_layer6_1,38,1.925435563604001,Ga_O_04,"(0, 0, 0)"
2,group12_2a_layer8__12k_layer2_1,Ga,9,9,12k_layer14_2,8,2.098322979647595,Ga_O_10,"(0, 1, 0)"
2,group12_2a_layer8__12k_layer2_1,Ga,9,9,12k_layer14_2,9,1.9254359955309297,Ga_O_04,"(0, 0, 0)"
2,group12_2a_layer8__12k_layer2_1,Ga,9,9,12k_layer14_2,14,2.098322979397181,Ga_O_10,"(-1, 0, 0)"
2,group12_2a_layer8__12k_layer2_1,Ga,9,9,12k_layer14_2,15,2.094827260728784,Ga_O_09,"(0, 0, 0)"
2,group12_2a_layer8__12k_layer2_1,Ga,9,9,12k_layer14_2,20,1.9844560438241048,Ga_O_05,"(-1, 0, 0)"
2,group12_2a_layer8__12k_layer2_1,Ga,9,9,12k_layer14_2,27,1.9254359960714784,Ga_O_04,"(0, 0, 0)"
2,group12_2a_layer8__12k_layer2_1,Ga,10,10,2a_layer16,8,1.9948520249218649,Ga_O_07,"(1, 1, 0)"
2,group12_2a_layer8__12k_layer2_1,Ga,10,10,2a_layer16,14,1.9948520252426432,Ga_O_07,"(0, 0, 0)"
2,group12_2a_layer8__12k_layer2_1,Ga,10,10,2a_layer16,24,1.9948520249218644,Ga_O_07,"(0, 1, 0)"
2,group12_2a_layer8__12k_layer2_1,Ga,10,10,2a_layer16,29,1.9948516604791149,Ga_O_07,"(1, 0, 1)"
2,group12_2a_layer8__12k_layer2_1,Ga,10,10,2a_layer16,32,1.9948516599281325,Ga_O_07,"(0, 0, 1)"
2,group12_2a_layer8__12k_layer2_1,Ga,10,10,2a_layer16,34,1.994851660087002,Ga_O_07,"(1, 1, 1)"
2,group12_2a_layer8__12k_layer2_1,Ga,11,11,12k_layer10_3,1,1.9254359114790642,Ga_O_04,"(0, 0, 0)"
2,group12_2a_layer8__12k_layer2_1,Ga,11,11,12k_layer10_3,5,1.9254358990968665,Ga_O_04,"(0, 0, 0)"
2,group12_2a_layer8__12k_layer2_1,Ga,11,11,12k_layer10_3,11,2.0983230324375253,Ga_O_10,"(0, 1, 0)"
2,group12_2a_layer8__12k_layer2_1,Ga,11,11,12k_layer10_3,12,1.9844559575321832,Ga_O_05,"(0, 0, 0)"
2,group12_2a_layer8__12k_layer2_1,Ga,11,11,12k_layer10_3,17,2.094827636780971,Ga_O_09,"(0, 0, 0)"
2,group12_2a_layer8__12k_layer2_1,Ga,11,11,12k_layer10_3,22,2.0983230323180644,Ga_O_10,"(0, 0, 0)"
2,group12_2a_layer8__12k_layer2_1,Ga,12,12,12k_layer10_1,1,1.9254359117748707,Ga_O_04,"(0, 0, 0)"
2,group12_2a_layer8__12k_layer2_1,Ga,12,12,12k_layer10_1,11,2.0983230324093904,Ga_O_10,"(-1, 0, 0)"
2,group12_2a_layer8__12k_layer2_1,Ga,12,12,12k_layer10_1,12,1.9844559572212264,Ga_O_05,"(-1, -1, 0)"
2,group12_2a_layer8__12k_layer2_1,Ga,12,12,12k_layer10_1,17,2.0948275137753765,Ga_O_09,"(0, 0, 0)"
2,group12_2a_layer8__12k_layer2_1,Ga,12,12,12k_layer10_1,26,2.098323031885578,Ga_O_10,"(0, 0, 0)"
2,group12_2a_layer8__12k_layer2_1,Ga,12,12,12k_layer10_1,33,1.9254359117748707,Ga_O_04,"(0, 0, 0)"
2,group12_2a_layer8__12k_layer2_1,Cr,1,13,12k_layer2_1,7,1.9844559569613596,Cr_O_05,"(0, 0, 0)"
2,group12_2a_layer8__12k_layer2_1,Cr,1,13,12k_layer2_1,18,1.925435563604,Cr_O_04,"(0, 0, 0)"
2,group12_2a_layer8__12k_layer2_1,Cr,1,13,12k_layer2_1,21,1.9254355756093033,Cr_O_04,"(0, 0, 0)"
2,group12_2a_layer8__12k_layer2_1,Cr,1,13,12k_layer2_1,29,2.0983234546414016,Cr_O_10,"(1, 0, 0)"
2,group12_2a_layer8__12k_layer2_1,Cr,1,13,12k_layer2_1,31,2.0948276379027027,Cr_O_09,"(0, 0, 0)"
2,group12_2a_layer8__12k_layer2_1,Cr,1,13,12k_layer2_1,32,2.0983234541175895,Cr_O_10,"(0, 0, 0)"
2,group12_2a_layer8__12k_layer2_1,Ga,13,14,2b_layer12,10,1.8700732788205217,Ga_O_01,"(0, 1, 0)"
2,group12_2a_layer8__12k_layer2_1,Ga,13,14,2b_layer12,12,2.2779384420000004,Ga_O_11,"(0, 0, 0)"
2,group12_2a_layer8__12k_layer2_1,Ga,13,14,2b_layer12,20,2.2779384410000003,Ga_O_11,"(0, 0, 0)"
2,group12_2a_layer8__12k_layer2_1,Ga,13,14,2b_layer12,23,1.870073507451236,Ga_O_01,"(1, 1, 0)"
2,group12_2a_layer8__12k_layer2_1,Ga,13,14,2b_layer12,37,1.870073355,Ga_O_01,"(0, 0, 0)"
2,group12_2a_layer8__12k_layer2_1,Cr,2,15,2a_layer8,3,1.9948516601706343,Cr_O_07,"(0, 0, 0)"
2,group12_2a_layer8__12k_layer2_1,Cr,2,15,2a_layer8,11,1.9948520770594027,Cr_O_07,"(0, 1, 0)"
2,group12_2a_layer8__12k_layer2_1,Cr,2,15,2a_layer8,13,1.994851660329504,Cr_O_07,"(1, 1, 0)"
2,group12_2a_layer8__12k_layer2_1,Cr,2,15,2a_layer8,22,1.9948520773801812,Cr_O_07,"(0, 0, 0)"
2,group12_2a_layer8__12k_layer2_1,Cr,2,15,2a_layer8,26,1.9948520770594032,Cr_O_07,"(1, 1, 0)"
2,group12_2a_layer8__12k_layer2_1,Cr,2,15,2a_layer8,36,1.9948516607216167,Cr_O_07,"(1, 0, 0)"
2,group12_2a_layer8__12k_layer2_1,Ga,14,16,2b_layer4,2,1.8700732794118144,Ga_O_01,"(1, 0, 0)"
2,group12_2a_layer8__12k_layer2_1,Ga,14,16,2b_layer4,6,2.277938441000001,Ga_O_11,"(0, 0, 0)"
2,group12_2a_layer8__12k_layer2_1,Ga,14,16,2b_layer4,7,2.2779384420000004,Ga_O_11,"(0, 0, 0)"
2,group12_2a_layer8__12k_layer2_1,Ga,14,16,2b_layer4,16,1.8700735073000085,Ga_O_01,"(1, 1, 0)"
2,group12_2a_layer8__12k_layer2_1,Ga,14,16,2b_layer4,35,1.870073355795254,Ga_O_01,"(0, 0, 0)"
2,group12_2a_layer8__12k_layer2_1,Ga,15,17,4f1_layer9,11,1.9084361294606749,Ga_O_02,"(0, 0, 0)"
2,group12_2a_layer8__12k_layer2_1,Ga,15,17,4f1_layer9,19,1.9091270429999996,Ga_O_03,"(0, 0, 0)"
2,group12_2a_layer8__12k_layer2_1,Ga,15,17,4f1_layer9,22,1.9084362745505044,Ga_O_02,"(0, 0, 0)"
2,group12_2a_layer8__12k_layer2_1,Ga,15,17,4f1_layer9,26,1.9084361294606744,Ga_O_02,"(0, 0, 0)"
2,group12_2a_layer8__12k_layer2_1,Ga,16,18,4f2_layer11,1,1.9849917587865524,Ga_O_06,"(0, 0, 0)"
2,group12_2a_layer8__12k_layer2_1,Ga,16,18,4f2_layer11,5,1.9849916384047732,Ga_O_06,"(0, -1, 0)"
2,group12_2a_layer8__12k_layer2_1,Ga,16,18,4f2_layer11,10,2.0663776487443304,Ga_O_08,"(0, 0, 0)"
2,group12_2a_layer8__12k_layer2_1,Ga,16,18,4f2_layer11,23,2.0663774783167193,Ga_O_08,"(0, 0, 0)"
2,group12_2a_layer8__12k_layer2_1,Ga,16,18,4f2_layer11,33,1.9849917593946298,Ga_O_06,"(1, 0, 0)"
2,group12_2a_layer8__12k_layer2_1,Ga,16,18,4f2_layer11,37,2.0663777054221355,Ga_O_08,"(0, 0, 0)"
2,group12_2a_layer8__12k_layer2_1,Ga,17,19,4f2_layer3,2,2.0663771907209756,Ga_O_08,"(0, 0, 0)"
2,group12_2a_layer8__12k_layer2_1,Ga,17,19,4f2_layer3,16,2.066377020121716,Ga_O_08,"(0, 0, 0)"
2,group12_2a_layer8__12k_layer2_1,Ga,17,19,4f2_layer3,18,1.9849922964805824,Ga_O_06,"(-1, 0, 0)"
2,group12_2a_layer8__12k_layer2_1,Ga,17,19,4f2_layer3,21,1.9849924174878968,Ga_O_06,"(0, 0, 0)"
2,group12_2a_layer8__12k_layer2_1,Ga,17,19,4f2_layer3,25,1.9849924184808014,Ga_O_06,"(0, 1, 0)"
2,group12_2a_layer8__12k_layer2_1,Ga,17,19,4f2_layer3,35,2.066377246884635,Ga_O_08,"(0, 0, 0)"
2,group12_2a_layer8__12k_layer2_1,Ga,18,20,4f1_layer7,3,1.9084360732701862,Ga_O_02,"(0, 0, 0)"
2,group12_2a_layer8__12k_layer2_1,Ga,18,20,4f1_layer7,13,1.9084359271385227,Ga_O_02,"(0, 0, 0)"
2,group12_2a_layer8__12k_layer2_1,Ga,18,20,4f1_layer7,17,1.909127043000001,Ga_O_03,"(0, 0, 0)"
2,group12_2a_layer8__12k_layer2_1,Ga,18,20,4f1_layer7,36,1.9084359275969722,Ga_O_02,"(0, 0, 0)"
2,group12_2a_layer8__12k_layer2_1,Ga,19,21,4f2_layer5,2,2.0663771900543897,Ga_O_08,"(0, 0, 0)"
2,group12_2a_layer8__12k_layer2_1,Ga,19,21,4f2_layer5,4,1.9849924184808014,Ga_O_06,"(0, 1, 0)"
2,group12_2a_layer8__12k_layer2_1,Ga,19,21,4f2_layer5,16,2.0663770194551296,Ga_O_08,"(0, 0, 0)"
2,group12_2a_layer8__12k_layer2_1,Ga,19,21,4f2_layer5,28,1.9849924174878968,Ga_O_06,"(0, 0, 0)"
2,group12_2a_layer8__12k_layer2_1,Ga,19,21,4f2_layer5,35,2.0663772462180487,Ga_O_08,"(0, 0, 0)"
2,group12_2a_layer8__12k_layer2_1,Ga,19,21,4f2_layer5,38,1.9849922964805824,Ga_O_06,"(-1, 0, 0)"
2,group12_2a_layer8__12k_layer2_1,Ga,20,22,4f1_layer1,15,1.9091273005999965,Ga_O_03,"(0, 0, -1)"
2,group12_2a_layer8__12k_layer2_1,Ga,20,22,4f1_layer1,29,1.9084359275969722,Ga_O_02,"(0, 0, 0)"
2,group12_2a_layer8__12k_layer2_1,Ga,20,22,4f1_layer1,32,1.9084360732701862,Ga_O_02,"(0, 0, 0)"
2,group12_2a_layer8__12k_layer2_1,Ga,20,22,4f1_layer1,34,1.9084359271385227,Ga_O_02,"(0, 0, 0)"
2,group12_2a_layer8__12k_layer2_1,Ga,21,23,4f2_layer13,9,1.9849917593946296,Ga_O_06,"(1, 0, 0)"
2,group12_2a_layer8__12k_layer2_1,Ga,21,23,4f2_layer13,10,2.0663776487443317,Ga_O_08,"(0, 0, 0)"
2,group12_2a_layer8__12k_layer2_1,Ga,21,23,4f2_layer13,23,2.0663774783167206,Ga_O_08,"(0, 0, 0)"
2,group12_2a_layer8__12k_layer2_1,Ga,21,23,4f2_layer13,27,1.984991638404773,Ga_O_06,"(0, -1, 0)"
2,group12_2a_layer8__12k_layer2_1,Ga,21,23,4f2_layer13,30,1.984991758786552,Ga_O_06,"(0, 0, 0)"
2,group12_2a_layer8__12k_layer2_1,Ga,21,23,4f2_layer13,37,2.066377705422137,Ga_O_08,"(0, 0, 0)"
2,group12_2a_layer8__12k_layer2_1,Ga,22,24,4f1_layer15,8,1.9084361547650497,Ga_O_02,"(0, 0, 0)"
2,group12_2a_layer8__12k_layer2_1,Ga,22,24,4f1_layer15,14,1.9084362998548778,Ga_O_02,"(0, 0, 0)"
2,group12_2a_layer8__12k_layer2_1,Ga,22,24,4f1_layer15,24,1.9084361547650501,Ga_O_02,"(0, 0, 0)"
2,group12_2a_layer8__12k_layer2_1,Ga,22,24,4f1_layer15,31,1.9091268705999949,Ga_O_03,"(0, 0, 1)"
2,group13_12k_layer2_1__layer2_2,Sr,1,,,2,2.958098043228469,Sr_O_02,"(0, -1, 0)"
2,group13_12k_layer2_1__layer2_2,Sr,1,,,4,2.864579795118219,Sr_O_01,"(0, 0, 0)"
2,group13_12k_layer2_1__layer2_2,Sr,1,,,16,2.9580979326637595,Sr_O_02,"(1, 0, 0)"
2,group13_12k_layer2_1__layer2_2,Sr,1,,,18,2.8645798765734263,Sr_O_01,"(0, 0, 0)"
2,group13_12k_layer2_1__layer2_2,Sr,1,,,21,2.864579884642825,Sr_O_01,"(0, 0, 0)"
2,group13_12k_layer2_1__layer2_2,Sr,1,,,25,2.8645797959311503,Sr_O_01,"(0, 0, 0)"
2,group13_12k_layer2_1__layer2_2,Sr,1,,,28,2.864579883829894,Sr_O_01,"(0, 0, 0)"
2,group13_12k_layer2_1__layer2_2,Sr,1,,,35,2.95809800345424,Sr_O_02,"(0, -1, 0)"
2,group13_12k_layer2_1__layer2_2,Sr,1,,,38,2.8645798757604948,Sr_O_01,"(0, 0, 0)"
2,group13_12k_layer2_1__layer2_2,Sr,2,,,1,2.8645793251769454,Sr_O_01,"(0, 0, 0)"
2,group13_12k_layer2_1__layer2_2,Sr,2,,,5,2.8645793169995204,Sr_O_01,"(0, 0, 0)"
2,group13_12k_layer2_1__layer2_2,Sr,2,,,9,2.8645792364135385,Sr_O_01,"(0, 0, 0)"
2,group13_12k_layer2_1__layer2_2,Sr,2,,,10,2.9580980427214705,Sr_O_02,"(-1, 0, 0)"
2,group13_12k_layer2_1__layer2_2,Sr,2,,,23,2.95809793284463,Sr_O_02,"(0, 1, 0)"
2,group13_12k_layer2_1__layer2_2,Sr,2,,,27,2.8645793169995213,Sr_O_01,"(0, 0, 0)"
2,group13_12k_layer2_1__layer2_2,Sr,2,,,30,2.8645793251769462,Sr_O_01,"(0, 0, 0)"
2,group13_12k_layer2_1__layer2_2,Sr,2,,,33,2.864579236413537,Sr_O_01,"(0, 0, 0)"
2,group13_12k_layer2_1__layer2_2,Sr,2,,,37,2.9580980035278155,Sr_O_02,"(-1, 0, 0)"
2,group13_12k_layer2_1__layer2_2,Ga,1,1,12k_layer6_3,4,1.9254355757587174,Ga_O_04,"(0, 0, 0)"
2,group13_12k_layer2_1__layer2_2,Ga,1,1,12k_layer6_3,6,1.9844559567789057,Ga_O_05,"(-1, -1, 0)"
2,group13_12k_layer2_1__layer2_2,Ga,1,1,12k_layer6_3,13,2.0983234538406146,Ga_O_10,"(0, 0, 0)"
2,group13_12k_layer2_1__layer2_2,Ga,1,1,12k_layer6_3,19,2.094827515170505,Ga_O_09,"(0, 0, 0)"
2,group13_12k_layer2_1__layer2_2,Ga,1,1,12k_layer6_3,28,1.925435576196381,Ga_O_04,"(0, 0, 0)"
2,group13_12k_layer2_1__layer2_2,Ga,1,1,12k_layer6_3,36,2.0983234538272053,Ga_O_10,"(0, -1, 0)"
2,group13_12k_layer2_1__layer2_2,Ga,2,2,12k_layer2_3,7,1.9844559567789046,Ga_O_05,"(-1, -1, 0)"
2,group13_12k_layer2_1__layer2_2,Ga,2,2,12k_layer2_3,21,1.9254355761963797,Ga_O_04,"(0, 0, 0)"
2,group13_12k_layer2_1__layer2_2,Ga,2,2,12k_layer2_3,25,1.9254355757587163,Ga_O_04,"(0, 0, 0)"
2,group13_12k_layer2_1__layer2_2,Ga,2,2,12k_layer2_3,29,2.098323453827207,Ga_O_10,"(0, -1, 0)"
2,group13_12k_layer2_1__layer2_2,Ga,2,2,12k_layer2_3,31,2.0948275151705062,Ga_O_09,"(0, 0, 0)"
2,group13_12k_layer2_1__layer2_2,Ga,2,2,12k_layer2_3,34,2.0983234538406164,Ga_O_10,"(0, 0, 0)"
2,group13_12k_layer2_1__layer2_2,Ga,3,3,12k_layer14_1,8,2.0983229791065865,Ga_O_10,"(0, 0, 0)"
2,group13_12k_layer2_1__layer2_2,Ga,3,3,12k_layer14_1,9,1.9254359958162917,Ga_O_04,"(0, 0, 0)"
2,group13_12k_layer2_1__layer2_2,Ga,3,3,12k_layer14_1,15,2.094827260093365,Ga_O_09,"(0, 0, 0)"
2,group13_12k_layer2_1__layer2_2,Ga,3,3,12k_layer14_1,20,1.9844560436631808,Ga_O_05,"(-1, -1, 0)"
2,group13_12k_layer2_1__layer2_2,Ga,3,3,12k_layer14_1,24,2.0983229796303986,Ga_O_10,"(-1, 0, 0)"
2,group13_12k_layer2_1__layer2_2,Ga,3,3,12k_layer14_1,30,1.9254359958162914,Ga_O_04,"(0, 0, 0)"
2,group13_12k_layer2_1__layer2_2,Cr,1,4,12k_layer2_2,7,1.984455956778905,Cr_O_05,"(0, -1, 0)"
2,group13_12k_layer2_1__layer2_2,Cr,1,4,12k_layer2_2,18,1.9254355763634932,Cr_O_04,"(0, 0, 0)"
2,group13_12k_layer2_1__layer2_2,Cr,1,4,12k_layer2_2,25,1.925435575758716,Cr_O_04,"(0, 0, 0)"
2,group13_12k_layer2_1__layer2_2,Cr,1,4,12k_layer2_2,31,2.094827515170506,Cr_O_09,"(0, 0, 0)"
2,group13_12k_layer2_1__layer2_2,Cr,1,4,12k_layer2_2,32,2.0983234538709623,Cr_O_10,"(0, -1, 0)"
2,group13_12k_layer2_1__layer2_2,Cr,1,4,12k_layer2_2,34,2.098323454408184,Cr_O_10,"(1, 0, 0)"
2,group13_12k_layer2_1__layer2_2,Ga,4,5,12k_layer14_3,14,2.098322979539073,Ga_O_10,"(0, 0, 0)"
2,group13_12k_layer2_1__layer2_2,Ga,4,5,12k_layer14_3,15,2.094827383098975,Ga_O_09,"(0, 0, 0)"
2,group13_12k_layer2_1__layer2_2,Ga,4,5,12k_layer14_3,20,1.9844560439741377,Ga_O_05,"(0, 0, 0)"
2,group13_12k_layer2_1__layer2_2,Ga,4,5,12k_layer14_3,24,2.098322979658534,Ga_O_10,"(0, 1, 0)"
2,group13_12k_layer2_1__layer2_2,Ga,4,5,12k_layer14_3,27,1.925435983138288,Ga_O_04,"(0, 0, 0)"
2,group13_12k_layer2_1__layer2_2,Ga,4,5,12k_layer14_3,30,1.9254359955204852,Ga_O_04,"(0, 0, 0)"
2,group13_12k_layer2_1__layer2_2,Ga,5,6,12k_layer10_2,5,1.9254359120300575,Ga_O_04,"(0, 0, 0)"
2,group13_12k_layer2_1__layer2_2,Ga,5,6,12k_layer10_2,12,1.98445595738215,Ga_O_05,"(-1, 0, 0)"
2,group13_12k_layer2_1__layer2_2,Ga,5,6,12k_layer10_2,17,2.094827514410795,Ga_O_09,"(0, 0, 0)"
2,group13_12k_layer2_1__layer2_2,Ga,5,6,12k_layer10_2,22,2.0983230321761726,Ga_O_10,"(-1, 0, 0)"
2,group13_12k_layer2_1__layer2_2,Ga,5,6,12k_layer10_2,26,2.0983230324265865,Ga_O_10,"(0, 1, 0)"
2,group13_12k_layer2_1__layer2_2,Ga,5,6,12k_layer10_2,33,1.9254359114895088,Ga_O_04,"(0, 0, 0)"
2,group13_12k_layer2_1__layer2_2,Ga,6,7,12k_layer6_2,3,2.0983234538709605,Ga_O_10,"(0, -1, 0)"
2,group13_12k_layer2_1__layer2_2,Ga,6,7,12k_layer6_2,4,1.9254355757587174,Ga_O_04,"(0, 0, 0)"
2,group13_12k_layer2_1__layer2_2,Ga,6,7,12k_layer6_2,6,1.9844559567789064,Ga_O_05,"(0, -1, 0)"
2,group13_12k_layer2_1__layer2_2,Ga,6,7,12k_layer6_2,13,2.0983234544081824,Ga_O_10,"(1, 0, 0)"
2,group13_12k_layer2_1__layer2_2,Ga,6,7,12k_layer6_2,19,2.0948275151705045,Ga_O_09,"(0, 0, 0)"
2,group13_12k_layer2_1__layer2_2,Ga,6,7,12k_layer6_2,38,1.9254355763634945,Ga_O_04,"(0, 0, 0)"
2,group13_12k_layer2_1__layer2_2,Ga,7,8,12k_layer6_1,3,2.0983234541175877,Ga_O_10,"(0, 0, 0)"
2,group13_12k_layer2_1__layer2_2,Ga,7,8,12k_layer6_1,6,1.9844559569613607,Ga_O_05,"(0, 0, 0)"
2,group13_12k_layer2_1__layer2_2,Ga,7,8,12k_layer6_1,19,2.0948276379027013,Ga_O_09,"(0, 0, 0)"
2,group13_12k_layer2_1__layer2_2,Ga,7,8,12k_layer6_1,28,1.9254355756093047,Ga_O_04,"(0, 0, 0)"
2,group13_12k_layer2_1__layer2_2,Ga,7,8,12k_layer6_1,36,2.0983234546414,Ga_O_10,"(1, 0, 0)"
2,group13_12k_layer2_1__layer2_2,Ga,7,8,12k_layer6_1,38,1.925435563604001,Ga_O_04,"(0, 0, 0)"
2,group13_12k_layer2_1__layer2_2,Ga,8,9,12k_layer14_2,8,2.098322979647595,Ga_O_10,"(0, 1, 0)"
2,group13_12k_layer2_1__layer2_2,Ga,8,9,12k_layer14_2,9,1.9254359955309297,Ga_O_04,"(0, 0, 0)"
2,group13_12k_layer2_1__layer2_2,Ga,8,9,12k_layer14_2,14,2.098322979397181,Ga_O_10,"(-1, 0, 0)"
2,group13_12k_layer2_1__layer2_2,Ga,8,9,12k_layer14_2,15,2.094827260728784,Ga_O_09,"(0, 0, 0)"
2,group13_12k_layer2_1__layer2_2,Ga,8,9,12k_layer14_2,20,1.9844560438241048,Ga_O_05,"(-1, 0, 0)"
2,group13_12k_layer2_1__layer2_2,Ga,8,9,12k_layer14_2,27,1.9254359960714784,Ga_O_04,"(0, 0, 0)"
2,group13_12k_layer2_1__layer2_2,Ga,9,10,2a_layer16,8,1.9948520249218649,Ga_O_07,"(1, 1, 0)"
2,group13_12k_layer2_1__layer2_2,Ga,9,10,2a_layer16,14,1.9948520252426432,Ga_O_07,"(0, 0, 0)"
2,group13_12k_layer2_1__layer2_2,Ga,9,10,2a_layer16,24,1.9948520249218644,Ga_O_07,"(0, 1, 0)"
2,group13_12k_layer2_1__layer2_2,Ga,9,10,2a_layer16,29,1.9948516604791149,Ga_O_07,"(1, 0, 1)"
2,group13_12k_layer2_1__layer2_2,Ga,9,10,2a_layer16,32,1.9948516599281325,Ga_O_07,"(0, 0, 1)"
2,group13_12k_layer2_1__layer2_2,Ga,9,10,2a_layer16,34,1.994851660087002,Ga_O_07,"(1, 1, 1)"
2,group13_12k_layer2_1__layer2_2,Ga,10,11,12k_layer10_3,1,1.9254359114790642,Ga_O_04,"(0, 0, 0)"
2,group13_12k_layer2_1__layer2_2,Ga,10,11,12k_layer10_3,5,1.9254358990968665,Ga_O_04,"(0, 0, 0)"
2,group13_12k_layer2_1__layer2_2,Ga,10,11,12k_layer10_3,11,2.0983230324375253,Ga_O_10,"(0, 1, 0)"
2,group13_12k_layer2_1__layer2_2,Ga,10,11,12k_layer10_3,12,1.9844559575321832,Ga_O_05,"(0, 0, 0)"
2,group13_12k_layer2_1__layer2_2,Ga,10,11,12k_layer10_3,17,2.094827636780971,Ga_O_09,"(0, 0, 0)"
2,group13_12k_layer2_1__layer2_2,Ga,10,11,12k_layer10_3,22,2.0983230323180644,Ga_O_10,"(0, 0, 0)"
2,group13_12k_layer2_1__layer2_2,Ga,11,12,12k_layer10_1,1,1.9254359117748707,Ga_O_04,"(0, 0, 0)"
2,group13_12k_layer2_1__layer2_2,Ga,11,12,12k_layer10_1,11,2.0983230324093904,Ga_O_10,"(-1, 0, 0)"
2,group13_12k_layer2_1__layer2_2,Ga,11,12,12k_layer10_1,12,1.9844559572212264,Ga_O_05,"(-1, -1, 0)"
2,group13_12k_layer2_1__layer2_2,Ga,11,12,12k_layer10_1,17,2.0948275137753765,Ga_O_09,"(0, 0, 0)"
2,group13_12k_layer2_1__layer2_2,Ga,11,12,12k_layer10_1,26,2.098323031885578,Ga_O_10,"(0, 0, 0)"
2,group13_12k_layer2_1__layer2_2,Ga,11,12,12k_layer10_1,33,1.9254359117748707,Ga_O_04,"(0, 0, 0)"
2,group13_12k_layer2_1__layer2_2,Cr,2,13,12k_layer2_1,7,1.9844559569613596,Cr_O_05,"(0, 0, 0)"
2,group13_12k_layer2_1__layer2_2,Cr,2,13,12k_layer2_1,18,1.925435563604,Cr_O_04,"(0, 0, 0)"
2,group13_12k_layer2_1__layer2_2,Cr,2,13,12k_layer2_1,21,1.9254355756093033,Cr_O_04,"(0, 0, 0)"
2,group13_12k_layer2_1__layer2_2,Cr,2,13,12k_layer2_1,29,2.0983234546414016,Cr_O_10,"(1, 0, 0)"
2,group13_12k_layer2_1__layer2_2,Cr,2,13,12k_layer2_1,31,2.0948276379027027,Cr_O_09,"(0, 0, 0)"
2,group13_12k_layer2_1__layer2_2,Cr,2,13,12k_layer2_1,32,2.0983234541175895,Cr_O_10,"(0, 0, 0)"
2,group13_12k_layer2_1__layer2_2,Ga,12,14,2b_layer12,10,1.8700732788205217,Ga_O_01,"(0, 1, 0)"
2,group13_12k_layer2_1__layer2_2,Ga,12,14,2b_layer12,12,2.2779384420000004,Ga_O_11,"(0, 0, 0)"
2,group13_12k_layer2_1__layer2_2,Ga,12,14,2b_layer12,20,2.2779384410000003,Ga_O_11,"(0, 0, 0)"
2,group13_12k_layer2_1__layer2_2,Ga,12,14,2b_layer12,23,1.870073507451236,Ga_O_01,"(1, 1, 0)"
2,group13_12k_layer2_1__layer2_2,Ga,12,14,2b_layer12,37,1.870073355,Ga_O_01,"(0, 0, 0)"
2,group13_12k_layer2_1__layer2_2,Ga,13,15,2a_layer8,3,1.9948516601706343,Ga_O_07,"(0, 0, 0)"
2,group13_12k_layer2_1__layer2_2,Ga,13,15,2a_layer8,11,1.9948520770594027,Ga_O_07,"(0, 1, 0)"
2,group13_12k_layer2_1__layer2_2,Ga,13,15,2a_layer8,13,1.994851660329504,Ga_O_07,"(1, 1, 0)"
2,group13_12k_layer2_1__layer2_2,Ga,13,15,2a_layer8,22,1.9948520773801812,Ga_O_07,"(0, 0, 0)"
2,group13_12k_layer2_1__layer2_2,Ga,13,15,2a_layer8,26,1.9948520770594032,Ga_O_07,"(1, 1, 0)"
2,group13_12k_layer2_1__layer2_2,Ga,13,15,2a_layer8,36,1.9948516607216167,Ga_O_07,"(1, 0, 0)"
2,group13_12k_layer2_1__layer2_2,Ga,14,16,2b_layer4,2,1.8700732794118144,Ga_O_01,"(1, 0, 0)"
2,group13_12k_layer2_1__layer2_2,Ga,14,16,2b_layer4,6,2.277938441000001,Ga_O_11,"(0, 0, 0)"
2,group13_12k_layer2_1__layer2_2,Ga,14,16,2b_layer4,7,2.2779384420000004,Ga_O_11,"(0, 0, 0)"
2,group13_12k_layer2_1__layer2_2,Ga,14,16,2b_layer4,16,1.8700735073000085,Ga_O_01,"(1, 1, 0)"
2,group13_12k_layer2_1__layer2_2,Ga,14,16,2b_layer4,35,1.870073355795254,Ga_O_01,"(0, 0, 0)"
2,group13_12k_layer2_1__layer2_2,Ga,15,17,4f1_layer9,11,1.9084361294606749,Ga_O_02,"(0, 0, 0)"
2,group13_12k_layer2_1__layer2_2,Ga,15,17,4f1_layer9,19,1.9091270429999996,Ga_O_03,"(0, 0, 0)"
2,group13_12k_layer2_1__layer2_2,Ga,15,17,4f1_layer9,22,1.9084362745505044,Ga_O_02,"(0, 0, 0)"
2,group13_12k_layer2_1__layer2_2,Ga,15,17,4f1_layer9,26,1.9084361294606744,Ga_O_02,"(0, 0, 0)"
2,group13_12k_layer2_1__layer2_2,Ga,16,18,4f2_layer11,1,1.9849917587865524,Ga_O_06,"(0, 0, 0)"
2,group13_12k_layer2_1__layer2_2,Ga,16,18,4f2_layer11,5,1.9849916384047732,Ga_O_06,"(0, -1, 0)"
2,group13_12k_layer2_1__layer2_2,Ga,16,18,4f2_layer11,10,2.0663776487443304,Ga_O_08,"(0, 0, 0)"
2,group13_12k_layer2_1__layer2_2,Ga,16,18,4f2_layer11,23,2.0663774783167193,Ga_O_08,"(0, 0, 0)"
2,group13_12k_layer2_1__layer2_2,Ga,16,18,4f2_layer11,33,1.9849917593946298,Ga_O_06,"(1, 0, 0)"
2,group13_12k_layer2_1__layer2_2,Ga,16,18,4f2_layer11,37,2.0663777054221355,Ga_O_08,"(0, 0, 0)"
2,group13_12k_layer2_1__layer2_2,Ga,17,19,4f2_layer3,2,2.0663771907209756,Ga_O_08,"(0, 0, 0)"
2,group13_12k_layer2_1__layer2_2,Ga,17,19,4f2_layer3,16,2.066377020121716,Ga_O_08,"(0, 0, 0)"
2,group13_12k_layer2_1__layer2_2,Ga,17,19,4f2_layer3,18,1.9849922964805824,Ga_O_06,"(-1, 0, 0)"
2,group13_12k_layer2_1__layer2_2,Ga,17,19,4f2_layer3,21,1.9849924174878968,Ga_O_06,"(0, 0, 0)"
2,group13_12k_layer2_1__layer2_2,Ga,17,19,4f2_layer3,25,1.9849924184808014,Ga_O_06,"(0, 1, 0)"
2,group13_12k_layer2_1__layer2_2,Ga,17,19,4f2_layer3,35,2.066377246884635,Ga_O_08,"(0, 0, 0)"
2,group13_12k_layer2_1__layer2_2,Ga,18,20,4f1_layer7,3,1.9084360732701862,Ga_O_02,"(0, 0, 0)"
2,group13_12k_layer2_1__layer2_2,Ga,18,20,4f1_layer7,13,1.9084359271385227,Ga_O_02,"(0, 0, 0)"
2,group13_12k_layer2_1__layer2_2,Ga,18,20,4f1_layer7,17,1.909127043000001,Ga_O_03,"(0, 0, 0)"
2,group13_12k_layer2_1__layer2_2,Ga,18,20,4f1_layer7,36,1.9084359275969722,Ga_O_02,"(0, 0, 0)"
2,group13_12k_layer2_1__layer2_2,Ga,19,21,4f2_layer5,2,2.0663771900543897,Ga_O_08,"(0, 0, 0)"
2,group13_12k_layer2_1__layer2_2,Ga,19,21,4f2_layer5,4,1.9849924184808014,Ga_O_06,"(0, 1, 0)"
2,group13_12k_layer2_1__layer2_2,Ga,19,21,4f2_layer5,16,2.0663770194551296,Ga_O_08,"(0, 0, 0)"
2,group13_12k_layer2_1__layer2_2,Ga,19,21,4f2_layer5,28,1.9849924174878968,Ga_O_06,"(0, 0, 0)"
2,group13_12k_layer2_1__layer2_2,Ga,19,21,4f2_layer5,35,2.0663772462180487,Ga_O_08,"(0, 0, 0)"
2,group13_12k_layer2_1__layer2_2,Ga,19,21,4f2_layer5,38,1.9849922964805824,Ga_O_06,"(-1, 0, 0)"
2,group13_12k_layer2_1__layer2_2,Ga,20,22,4f1_layer1,15,1.9091273005999965,Ga_O_03,"(0, 0, -1)"
2,group13_12k_layer2_1__layer2_2,Ga,20,22,4f1_layer1,29,1.9084359275969722,Ga_O_02,"(0, 0, 0)"
2,group13_12k_layer2_1__layer2_2,Ga,20,22,4f1_layer1,32,1.9084360732701862,Ga_O_02,"(0, 0, 0)"
2,group13_12k_layer2_1__layer2_2,Ga,20,22,4f1_layer1,34,1.9084359271385227,Ga_O_02,"(0, 0, 0)"
2,group13_12k_layer2_1__layer2_2,Ga,21,23,4f2_layer13,9,1.9849917593946296,Ga_O_06,"(1, 0, 0)"
2,group13_12k_layer2_1__layer2_2,Ga,21,23,4f2_layer13,10,2.0663776487443317,Ga_O_08,"(0, 0, 0)"
2,group13_12k_layer2_1__layer2_2,Ga,21,23,4f2_layer13,23,2.0663774783167206,Ga_O_08,"(0, 0, 0)"
2,group13_12k_layer2_1__layer2_2,Ga,21,23,4f2_layer13,27,1.984991638404773,Ga_O_06,"(0, -1, 0)"
2,group13_12k_layer2_1__layer2_2,Ga,21,23,4f2_layer13,30,1.984991758786552,Ga_O_06,"(0, 0, 0)"
2,group13_12k_layer2_1__layer2_2,Ga,21,23,4f2_layer13,37,2.066377705422137,Ga_O_08,"(0, 0, 0)"
2,group13_12k_layer2_1__layer2_2,Ga,22,24,4f1_layer15,8,1.9084361547650497,Ga_O_02,"(0, 0, 0)"
2,group13_12k_layer2_1__layer2_2,Ga,22,24,4f1_layer15,14,1.9084362998548778,Ga_O_02,"(0, 0, 0)"
2,group13_12k_layer2_1__layer2_2,Ga,22,24,4f1_layer15,24,1.9084361547650501,Ga_O_02,"(0, 0, 0)"
2,group13_12k_layer2_1__layer2_2,Ga,22,24,4f1_layer15,31,1.9091268705999949,Ga_O_03,"(0, 0, 1)"
2,group1_layer2_2__layer10_1,Sr,1,,,2,2.958098043228469,Sr_O_02,"(0, -1, 0)"
2,group1_layer2_2__layer10_1,Sr,1,,,4,2.864579795118219,Sr_O_01,"(0, 0, 0)"
2,group1_layer2_2__layer10_1,Sr,1,,,16,2.9580979326637595,Sr_O_02,"(1, 0, 0)"
2,group1_layer2_2__layer10_1,Sr,1,,,18,2.8645798765734263,Sr_O_01,"(0, 0, 0)"
2,group1_layer2_2__layer10_1,Sr,1,,,21,2.864579884642825,Sr_O_01,"(0, 0, 0)"
2,group1_layer2_2__layer10_1,Sr,1,,,25,2.8645797959311503,Sr_O_01,"(0, 0, 0)"
2,group1_layer2_2__layer10_1,Sr,1,,,28,2.864579883829894,Sr_O_01,"(0, 0, 0)"
2,group1_layer2_2__layer10_1,Sr,1,,,35,2.95809800345424,Sr_O_02,"(0, -1, 0)"
2,group1_layer2_2__layer10_1,Sr,1,,,38,2.8645798757604948,Sr_O_01,"(0, 0, 0)"
2,group1_layer2_2__layer10_1,Sr,2,,,1,2.8645793251769454,Sr_O_01,"(0, 0, 0)"
2,group1_layer2_2__layer10_1,Sr,2,,,5,2.8645793169995204,Sr_O_01,"(0, 0, 0)"
2,group1_layer2_2__layer10_1,Sr,2,,,9,2.8645792364135385,Sr_O_01,"(0, 0, 0)"
2,group1_layer2_2__layer10_1,Sr,2,,,10,2.9580980427214705,Sr_O_02,"(-1, 0, 0)"
2,group1_layer2_2__layer10_1,Sr,2,,,23,2.95809793284463,Sr_O_02,"(0, 1, 0)"
2,group1_layer2_2__layer10_1,Sr,2,,,27,2.8645793169995213,Sr_O_01,"(0, 0, 0)"
2,group1_layer2_2__layer10_1,Sr,2,,,30,2.8645793251769462,Sr_O_01,"(0, 0, 0)"
2,group1_layer2_2__layer10_1,Sr,2,,,33,2.864579236413537,Sr_O_01,"(0, 0, 0)"
2,group1_layer2_2__layer10_1,Sr,2,,,37,2.9580980035278155,Sr_O_02,"(-1, 0, 0)"
2,group1_layer2_2__layer10_1,Ga,1,1,12k_layer6_3,4,1.9254355757587174,Ga_O_04,"(0, 0, 0)"
2,group1_layer2_2__layer10_1,Ga,1,1,12k_layer6_3,6,1.9844559567789057,Ga_O_05,"(-1, -1, 0)"
2,group1_layer2_2__layer10_1,Ga,1,1,12k_layer6_3,13,2.0983234538406146,Ga_O_10,"(0, 0, 0)"
2,group1_layer2_2__layer10_1,Ga,1,1,12k_layer6_3,19,2.094827515170505,Ga_O_09,"(0, 0, 0)"
2,group1_layer2_2__layer10_1,Ga,1,1,12k_layer6_3,28,1.925435576196381,Ga_O_04,"(0, 0, 0)"
2,group1_layer2_2__layer10_1,Ga,1,1,12k_layer6_3,36,2.0983234538272053,Ga_O_10,"(0, -1, 0)"
2,group1_layer2_2__layer10_1,Ga,2,2,12k_layer2_3,7,1.9844559567789046,Ga_O_05,"(-1, -1, 0)"
2,group1_layer2_2__layer10_1,Ga,2,2,12k_layer2_3,21,1.9254355761963797,Ga_O_04,"(0, 0, 0)"
2,group1_layer2_2__layer10_1,Ga,2,2,12k_layer2_3,25,1.9254355757587163,Ga_O_04,"(0, 0, 0)"
2,group1_layer2_2__layer10_1,Ga,2,2,12k_layer2_3,29,2.098323453827207,Ga_O_10,"(0, -1, 0)"
2,group1_layer2_2__layer10_1,Ga,2,2,12k_layer2_3,31,2.0948275151705062,Ga_O_09,"(0, 0, 0)"
2,group1_layer2_2__layer10_1,Ga,2,2,12k_layer2_3,34,2.0983234538406164,Ga_O_10,"(0, 0, 0)"
2,group1_layer2_2__layer10_1,Ga,3,3,12k_layer14_1,8,2.0983229791065865,Ga_O_10,"(0, 0, 0)"
2,group1_layer2_2__layer10_1,Ga,3,3,12k_layer14_1,9,1.9254359958162917,Ga_O_04,"(0, 0, 0)"
2,group1_layer2_2__layer10_1,Ga,3,3,12k_layer14_1,15,2.094827260093365,Ga_O_09,"(0, 0, 0)"
2,group1_layer2_2__layer10_1,Ga,3,3,12k_layer14_1,20,1.9844560436631808,Ga_O_05,"(-1, -1, 0)"
2,group1_layer2_2__layer10_1,Ga,3,3,12k_layer14_1,24,2.0983229796303986,Ga_O_10,"(-1, 0, 0)"
2,group1_layer2_2__layer10_1,Ga,3,3,12k_layer14_1,30,1.9254359958162914,Ga_O_04,"(0, 0, 0)"
2,group1_layer2_2__layer10_1,Cr,1,4,12k_layer2_2,7,1.984455956778905,Cr_O_05,"(0, -1, 0)"
2,group1_layer2_2__layer10_1,Cr,1,4,12k_layer2_2,18,1.9254355763634932,Cr_O_04,"(0, 0, 0)"
2,group1_layer2_2__layer10_1,Cr,1,4,12k_layer2_2,25,1.925435575758716,Cr_O_04,"(0, 0, 0)"
2,group1_layer2_2__layer10_1,Cr,1,4,12k_layer2_2,31,2.094827515170506,Cr_O_09,"(0, 0, 0)"
2,group1_layer2_2__layer10_1,Cr,1,4,12k_layer2_2,32,2.0983234538709623,Cr_O_10,"(0, -1, 0)"
2,group1_layer2_2__layer10_1,Cr,1,4,12k_layer2_2,34,2.098323454408184,Cr_O_10,"(1, 0, 0)"
2,group1_layer2_2__layer10_1,Ga,4,5,12k_layer14_3,14,2.098322979539073,Ga_O_10,"(0, 0, 0)"
2,group1_layer2_2__layer10_1,Ga,4,5,12k_layer14_3,15,2.094827383098975,Ga_O_09,"(0, 0, 0)"
2,group1_layer2_2__layer10_1,Ga,4,5,12k_layer14_3,20,1.9844560439741377,Ga_O_05,"(0, 0, 0)"
2,group1_layer2_2__layer10_1,Ga,4,5,12k_layer14_3,24,2.098322979658534,Ga_O_10,"(0, 1, 0)"
2,group1_layer2_2__layer10_1,Ga,4,5,12k_layer14_3,27,1.925435983138288,Ga_O_04,"(0, 0, 0)"
2,group1_layer2_2__layer10_1,Ga,4,5,12k_layer14_3,30,1.9254359955204852,Ga_O_04,"(0, 0, 0)"
2,group1_layer2_2__layer10_1,Ga,5,6,12k_layer10_2,5,1.9254359120300575,Ga_O_04,"(0, 0, 0)"
2,group1_layer2_2__layer10_1,Ga,5,6,12k_layer10_2,12,1.98445595738215,Ga_O_05,"(-1, 0, 0)"
2,group1_layer2_2__layer10_1,Ga,5,6,12k_layer10_2,17,2.094827514410795,Ga_O_09,"(0, 0, 0)"
2,group1_layer2_2__layer10_1,Ga,5,6,12k_layer10_2,22,2.0983230321761726,Ga_O_10,"(-1, 0, 0)"
2,group1_layer2_2__layer10_1,Ga,5,6,12k_layer10_2,26,2.0983230324265865,Ga_O_10,"(0, 1, 0)"
2,group1_layer2_2__layer10_1,Ga,5,6,12k_layer10_2,33,1.9254359114895088,Ga_O_04,"(0, 0, 0)"
2,group1_layer2_2__layer10_1,Ga,6,7,12k_layer6_2,3,2.0983234538709605,Ga_O_10,"(0, -1, 0)"
2,group1_layer2_2__layer10_1,Ga,6,7,12k_layer6_2,4,1.9254355757587174,Ga_O_04,"(0, 0, 0)"
2,group1_layer2_2__layer10_1,Ga,6,7,12k_layer6_2,6,1.9844559567789064,Ga_O_05,"(0, -1, 0)"
2,group1_layer2_2__layer10_1,Ga,6,7,12k_layer6_2,13,2.0983234544081824,Ga_O_10,"(1, 0, 0)"
2,group1_layer2_2__layer10_1,Ga,6,7,12k_layer6_2,19,2.0948275151705045,Ga_O_09,"(0, 0, 0)"
2,group1_layer2_2__layer10_1,Ga,6,7,12k_layer6_2,38,1.9254355763634945,Ga_O_04,"(0, 0, 0)"
2,group1_layer2_2__layer10_1,Ga,7,8,12k_layer6_1,3,2.0983234541175877,Ga_O_10,"(0, 0, 0)"
2,group1_layer2_2__layer10_1,Ga,7,8,12k_layer6_1,6,1.9844559569613607,Ga_O_05,"(0, 0, 0)"
2,group1_layer2_2__layer10_1,Ga,7,8,12k_layer6_1,19,2.0948276379027013,Ga_O_09,"(0, 0, 0)"
2,group1_layer2_2__layer10_1,Ga,7,8,12k_layer6_1,28,1.9254355756093047,Ga_O_04,"(0, 0, 0)"
2,group1_layer2_2__layer10_1,Ga,7,8,12k_layer6_1,36,2.0983234546414,Ga_O_10,"(1, 0, 0)"
2,group1_layer2_2__layer10_1,Ga,7,8,12k_layer6_1,38,1.925435563604001,Ga_O_04,"(0, 0, 0)"
2,group1_layer2_2__layer10_1,Ga,8,9,12k_layer14_2,8,2.098322979647595,Ga_O_10,"(0, 1, 0)"
2,group1_layer2_2__layer10_1,Ga,8,9,12k_layer14_2,9,1.9254359955309297,Ga_O_04,"(0, 0, 0)"
2,group1_layer2_2__layer10_1,Ga,8,9,12k_layer14_2,14,2.098322979397181,Ga_O_10,"(-1, 0, 0)"
2,group1_layer2_2__layer10_1,Ga,8,9,12k_layer14_2,15,2.094827260728784,Ga_O_09,"(0, 0, 0)"
2,group1_layer2_2__layer10_1,Ga,8,9,12k_layer14_2,20,1.9844560438241048,Ga_O_05,"(-1, 0, 0)"
2,group1_layer2_2__layer10_1,Ga,8,9,12k_layer14_2,27,1.9254359960714784,Ga_O_04,"(0, 0, 0)"
2,group1_layer2_2__layer10_1,Ga,9,10,2a_layer16,8,1.9948520249218649,Ga_O_07,"(1, 1, 0)"
2,group1_layer2_2__layer10_1,Ga,9,10,2a_layer16,14,1.9948520252426432,Ga_O_07,"(0, 0, 0)"
2,group1_layer2_2__layer10_1,Ga,9,10,2a_layer16,24,1.9948520249218644,Ga_O_07,"(0, 1, 0)"
2,group1_layer2_2__layer10_1,Ga,9,10,2a_layer16,29,1.9948516604791149,Ga_O_07,"(1, 0, 1)"
2,group1_layer2_2__layer10_1,Ga,9,10,2a_layer16,32,1.9948516599281325,Ga_O_07,"(0, 0, 1)"
2,group1_layer2_2__layer10_1,Ga,9,10,2a_layer16,34,1.994851660087002,Ga_O_07,"(1, 1, 1)"
2,group1_layer2_2__layer10_1,Ga,10,11,12k_layer10_3,1,1.9254359114790642,Ga_O_04,"(0, 0, 0)"
2,group1_layer2_2__layer10_1,Ga,10,11,12k_layer10_3,5,1.9254358990968665,Ga_O_04,"(0, 0, 0)"
2,group1_layer2_2__layer10_1,Ga,10,11,12k_layer10_3,11,2.0983230324375253,Ga_O_10,"(0, 1, 0)"
2,group1_layer2_2__layer10_1,Ga,10,11,12k_layer10_3,12,1.9844559575321832,Ga_O_05,"(0, 0, 0)"
2,group1_layer2_2__layer10_1,Ga,10,11,12k_layer10_3,17,2.094827636780971,Ga_O_09,"(0, 0, 0)"
2,group1_layer2_2__layer10_1,Ga,10,11,12k_layer10_3,22,2.0983230323180644,Ga_O_10,"(0, 0, 0)"
2,group1_layer2_2__layer10_1,Cr,2,12,12k_layer10_1,1,1.9254359117748707,Cr_O_04,"(0, 0, 0)"
2,group1_layer2_2__layer10_1,Cr,2,12,12k_layer10_1,11,2.0983230324093904,Cr_O_10,"(-1, 0, 0)"
2,group1_layer2_2__layer10_1,Cr,2,12,12k_layer10_1,12,1.9844559572212264,Cr_O_05,"(-1, -1, 0)"
2,group1_layer2_2__layer10_1,Cr,2,12,12k_layer10_1,17,2.0948275137753765,Cr_O_09,"(0, 0, 0)"
2,group1_layer2_2__layer10_1,Cr,2,12,12k_layer10_1,26,2.098323031885578,Cr_O_10,"(0, 0, 0)"
2,group1_layer2_2__layer10_1,Cr,2,12,12k_layer10_1,33,1.9254359117748707,Cr_O_04,"(0, 0, 0)"
2,group1_layer2_2__layer10_1,Ga,11,13,12k_layer2_1,7,1.9844559569613596,Ga_O_05,"(0, 0, 0)"
2,group1_layer2_2__layer10_1,Ga,11,13,12k_layer2_1,18,1.925435563604,Ga_O_04,"(0, 0, 0)"
2,group1_layer2_2__layer10_1,Ga,11,13,12k_layer2_1,21,1.9254355756093033,Ga_O_04,"(0, 0, 0)"
2,group1_layer2_2__layer10_1,Ga,11,13,12k_layer2_1,29,2.0983234546414016,Ga_O_10,"(1, 0, 0)"
2,group1_layer2_2__layer10_1,Ga,11,13,12k_layer2_1,31,2.0948276379027027,Ga_O_09,"(0, 0, 0)"
2,group1_layer2_2__layer10_1,Ga,11,13,12k_layer2_1,32,2.0983234541175895,Ga_O_10,"(0, 0, 0)"
2,group1_layer2_2__layer10_1,Ga,12,14,2b_layer12,10,1.8700732788205217,Ga_O_01,"(0, 1, 0)"
2,group1_layer2_2__layer10_1,Ga,12,14,2b_layer12,12,2.2779384420000004,Ga_O_11,"(0, 0, 0)"
2,group1_layer2_2__layer10_1,Ga,12,14,2b_layer12,20,2.2779384410000003,Ga_O_11,"(0, 0, 0)"
2,group1_layer2_2__layer10_1,Ga,12,14,2b_layer12,23,1.870073507451236,Ga_O_01,"(1, 1, 0)"
2,group1_layer2_2__layer10_1,Ga,12,14,2b_layer12,37,1.870073355,Ga_O_01,"(0, 0, 0)"
2,group1_layer2_2__layer10_1,Ga,13,15,2a_layer8,3,1.9948516601706343,Ga_O_07,"(0, 0, 0)"
2,group1_layer2_2__layer10_1,Ga,13,15,2a_layer8,11,1.9948520770594027,Ga_O_07,"(0, 1, 0)"
2,group1_layer2_2__layer10_1,Ga,13,15,2a_layer8,13,1.994851660329504,Ga_O_07,"(1, 1, 0)"
2,group1_layer2_2__layer10_1,Ga,13,15,2a_layer8,22,1.9948520773801812,Ga_O_07,"(0, 0, 0)"
2,group1_layer2_2__layer10_1,Ga,13,15,2a_layer8,26,1.9948520770594032,Ga_O_07,"(1, 1, 0)"
2,group1_layer2_2__layer10_1,Ga,13,15,2a_layer8,36,1.9948516607216167,Ga_O_07,"(1, 0, 0)"
2,group1_layer2_2__layer10_1,Ga,14,16,2b_layer4,2,1.8700732794118144,Ga_O_01,"(1, 0, 0)"
2,group1_layer2_2__layer10_1,Ga,14,16,2b_layer4,6,2.277938441000001,Ga_O_11,"(0, 0, 0)"
2,group1_layer2_2__layer10_1,Ga,14,16,2b_layer4,7,2.2779384420000004,Ga_O_11,"(0, 0, 0)"
2,group1_layer2_2__layer10_1,Ga,14,16,2b_layer4,16,1.8700735073000085,Ga_O_01,"(1, 1, 0)"
2,group1_layer2_2__layer10_1,Ga,14,16,2b_layer4,35,1.870073355795254,Ga_O_01,"(0, 0, 0)"
2,group1_layer2_2__layer10_1,Ga,15,17,4f1_layer9,11,1.9084361294606749,Ga_O_02,"(0, 0, 0)"
2,group1_layer2_2__layer10_1,Ga,15,17,4f1_layer9,19,1.9091270429999996,Ga_O_03,"(0, 0, 0)"
2,group1_layer2_2__layer10_1,Ga,15,17,4f1_layer9,22,1.9084362745505044,Ga_O_02,"(0, 0, 0)"
2,group1_layer2_2__layer10_1,Ga,15,17,4f1_layer9,26,1.9084361294606744,Ga_O_02,"(0, 0, 0)"
2,group1_layer2_2__layer10_1,Ga,16,18,4f2_layer11,1,1.9849917587865524,Ga_O_06,"(0, 0, 0)"
2,group1_layer2_2__layer10_1,Ga,16,18,4f2_layer11,5,1.9849916384047732,Ga_O_06,"(0, -1, 0)"
2,group1_layer2_2__layer10_1,Ga,16,18,4f2_layer11,10,2.0663776487443304,Ga_O_08,"(0, 0, 0)"
2,group1_layer2_2__layer10_1,Ga,16,18,4f2_layer11,23,2.0663774783167193,Ga_O_08,"(0, 0, 0)"
2,group1_layer2_2__layer10_1,Ga,16,18,4f2_layer11,33,1.9849917593946298,Ga_O_06,"(1, 0, 0)"
2,group1_layer2_2__layer10_1,Ga,16,18,4f2_layer11,37,2.0663777054221355,Ga_O_08,"(0, 0, 0)"
2,group1_layer2_2__layer10_1,Ga,17,19,4f2_layer3,2,2.0663771907209756,Ga_O_08,"(0, 0, 0)"
2,group1_layer2_2__layer10_1,Ga,17,19,4f2_layer3,16,2.066377020121716,Ga_O_08,"(0, 0, 0)"
2,group1_layer2_2__layer10_1,Ga,17,19,4f2_layer3,18,1.9849922964805824,Ga_O_06,"(-1, 0, 0)"
2,group1_layer2_2__layer10_1,Ga,17,19,4f2_layer3,21,1.9849924174878968,Ga_O_06,"(0, 0, 0)"
2,group1_layer2_2__layer10_1,Ga,17,19,4f2_layer3,25,1.9849924184808014,Ga_O_06,"(0, 1, 0)"
2,group1_layer2_2__layer10_1,Ga,17,19,4f2_layer3,35,2.066377246884635,Ga_O_08,"(0, 0, 0)"
2,group1_layer2_2__layer10_1,Ga,18,20,4f1_layer7,3,1.9084360732701862,Ga_O_02,"(0, 0, 0)"
2,group1_layer2_2__layer10_1,Ga,18,20,4f1_layer7,13,1.9084359271385227,Ga_O_02,"(0, 0, 0)"
2,group1_layer2_2__layer10_1,Ga,18,20,4f1_layer7,17,1.909127043000001,Ga_O_03,"(0, 0, 0)"
2,group1_layer2_2__layer10_1,Ga,18,20,4f1_layer7,36,1.9084359275969722,Ga_O_02,"(0, 0, 0)"
2,group1_layer2_2__layer10_1,Ga,19,21,4f2_layer5,2,2.0663771900543897,Ga_O_08,"(0, 0, 0)"
2,group1_layer2_2__layer10_1,Ga,19,21,4f2_layer5,4,1.9849924184808014,Ga_O_06,"(0, 1, 0)"
2,group1_layer2_2__layer10_1,Ga,19,21,4f2_layer5,16,2.0663770194551296,Ga_O_08,"(0, 0, 0)"
2,group1_layer2_2__layer10_1,Ga,19,21,4f2_layer5,28,1.9849924174878968,Ga_O_06,"(0, 0, 0)"
2,group1_layer2_2__layer10_1,Ga,19,21,4f2_layer5,35,2.0663772462180487,Ga_O_08,"(0, 0, 0)"
2,group1_layer2_2__layer10_1,Ga,19,21,4f2_layer5,38,1.9849922964805824,Ga_O_06,"(-1, 0, 0)"
2,group1_layer2_2__layer10_1,Ga,20,22,4f1_layer1,15,1.9091273005999965,Ga_O_03,"(0, 0, -1)"
2,group1_layer2_2__layer10_1,Ga,20,22,4f1_layer1,29,1.9084359275969722,Ga_O_02,"(0, 0, 0)"
2,group1_layer2_2__layer10_1,Ga,20,22,4f1_layer1,32,1.9084360732701862,Ga_O_02,"(0, 0, 0)"
2,group1_layer2_2__layer10_1,Ga,20,22,4f1_layer1,34,1.9084359271385227,Ga_O_02,"(0, 0, 0)"
2,group1_layer2_2__layer10_1,Ga,21,23,4f2_layer13,9,1.9849917593946296,Ga_O_06,"(1, 0, 0)"
2,group1_layer2_2__layer10_1,Ga,21,23,4f2_layer13,10,2.0663776487443317,Ga_O_08,"(0, 0, 0)"
2,group1_layer2_2__layer10_1,Ga,21,23,4f2_layer13,23,2.0663774783167206,Ga_O_08,"(0, 0, 0)"
2,group1_layer2_2__layer10_1,Ga,21,23,4f2_layer13,27,1.984991638404773,Ga_O_06,"(0, -1, 0)"
2,group1_layer2_2__layer10_1,Ga,21,23,4f2_layer13,30,1.984991758786552,Ga_O_06,"(0, 0, 0)"
2,group1_layer2_2__layer10_1,Ga,21,23,4f2_layer13,37,2.066377705422137,Ga_O_08,"(0, 0, 0)"
2,group1_layer2_2__layer10_1,Ga,22,24,4f1_layer15,8,1.9084361547650497,Ga_O_02,"(0, 0, 0)"
2,group1_layer2_2__layer10_1,Ga,22,24,4f1_layer15,14,1.9084362998548778,Ga_O_02,"(0, 0, 0)"
2,group1_layer2_2__layer10_1,Ga,22,24,4f1_layer15,24,1.9084361547650501,Ga_O_02,"(0, 0, 0)"
2,group1_layer2_2__layer10_1,Ga,22,24,4f1_layer15,31,1.9091268705999949,Ga_O_03,"(0, 0, 1)"
2,group2_2a_layer16__2a_layer8,Sr,1,,,2,2.958098043228469,Sr_O_02,"(0, -1, 0)"
2,group2_2a_layer16__2a_layer8,Sr,1,,,4,2.864579795118219,Sr_O_01,"(0, 0, 0)"
2,group2_2a_layer16__2a_layer8,Sr,1,,,16,2.9580979326637595,Sr_O_02,"(1, 0, 0)"
2,group2_2a_layer16__2a_layer8,Sr,1,,,18,2.8645798765734263,Sr_O_01,"(0, 0, 0)"
2,group2_2a_layer16__2a_layer8,Sr,1,,,21,2.864579884642825,Sr_O_01,"(0, 0, 0)"
2,group2_2a_layer16__2a_layer8,Sr,1,,,25,2.8645797959311503,Sr_O_01,"(0, 0, 0)"
2,group2_2a_layer16__2a_layer8,Sr,1,,,28,2.864579883829894,Sr_O_01,"(0, 0, 0)"
2,group2_2a_layer16__2a_layer8,Sr,1,,,35,2.95809800345424,Sr_O_02,"(0, -1, 0)"
2,group2_2a_layer16__2a_layer8,Sr,1,,,38,2.8645798757604948,Sr_O_01,"(0, 0, 0)"
2,group2_2a_layer16__2a_layer8,Sr,2,,,1,2.8645793251769454,Sr_O_01,"(0, 0, 0)"
2,group2_2a_layer16__2a_layer8,Sr,2,,,5,2.8645793169995204,Sr_O_01,"(0, 0, 0)"
2,group2_2a_layer16__2a_layer8,Sr,2,,,9,2.8645792364135385,Sr_O_01,"(0, 0, 0)"
2,group2_2a_layer16__2a_layer8,Sr,2,,,10,2.9580980427214705,Sr_O_02,"(-1, 0, 0)"
2,group2_2a_layer16__2a_layer8,Sr,2,,,23,2.95809793284463,Sr_O_02,"(0, 1, 0)"
2,group2_2a_layer16__2a_layer8,Sr,2,,,27,2.8645793169995213,Sr_O_01,"(0, 0, 0)"
2,group2_2a_layer16__2a_layer8,Sr,2,,,30,2.8645793251769462,Sr_O_01,"(0, 0, 0)"
2,group2_2a_layer16__2a_layer8,Sr,2,,,33,2.864579236413537,Sr_O_01,"(0, 0, 0)"
2,group2_2a_layer16__2a_layer8,Sr,2,,,37,2.9580980035278155,Sr_O_02,"(-1, 0, 0)"
2,group2_2a_layer16__2a_layer8,Ga,1,1,12k_layer6_3,4,1.9254355757587174,Ga_O_04,"(0, 0, 0)"
2,group2_2a_layer16__2a_layer8,Ga,1,1,12k_layer6_3,6,1.9844559567789057,Ga_O_05,"(-1, -1, 0)"
2,group2_2a_layer16__2a_layer8,Ga,1,1,12k_layer6_3,13,2.0983234538406146,Ga_O_10,"(0, 0, 0)"
2,group2_2a_layer16__2a_layer8,Ga,1,1,12k_layer6_3,19,2.094827515170505,Ga_O_09,"(0, 0, 0)"
2,group2_2a_layer16__2a_layer8,Ga,1,1,12k_layer6_3,28,1.925435576196381,Ga_O_04,"(0, 0, 0)"
2,group2_2a_layer16__2a_layer8,Ga,1,1,12k_layer6_3,36,2.0983234538272053,Ga_O_10,"(0, -1, 0)"
2,group2_2a_layer16__2a_layer8,Ga,2,2,12k_layer2_3,7,1.9844559567789046,Ga_O_05,"(-1, -1, 0)"
2,group2_2a_layer16__2a_layer8,Ga,2,2,12k_layer2_3,21,1.9254355761963797,Ga_O_04,"(0, 0, 0)"
2,group2_2a_layer16__2a_layer8,Ga,2,2,12k_layer2_3,25,1.9254355757587163,Ga_O_04,"(0, 0, 0)"
2,group2_2a_layer16__2a_layer8,Ga,2,2,12k_layer2_3,29,2.098323453827207,Ga_O_10,"(0, -1, 0)"
2,group2_2a_layer16__2a_layer8,Ga,2,2,12k_layer2_3,31,2.0948275151705062,Ga_O_09,"(0, 0, 0)"
2,group2_2a_layer16__2a_layer8,Ga,2,2,12k_layer2_3,34,2.0983234538406164,Ga_O_10,"(0, 0, 0)"
2,group2_2a_layer16__2a_layer8,Ga,3,3,12k_layer14_1,8,2.0983229791065865,Ga_O_10,"(0, 0, 0)"
2,group2_2a_layer16__2a_layer8,Ga,3,3,12k_layer14_1,9,1.9254359958162917,Ga_O_04,"(0, 0, 0)"
2,group2_2a_layer16__2a_layer8,Ga,3,3,12k_layer14_1,15,2.094827260093365,Ga_O_09,"(0, 0, 0)"
2,group2_2a_layer16__2a_layer8,Ga,3,3,12k_layer14_1,20,1.9844560436631808,Ga_O_05,"(-1, -1, 0)"
2,group2_2a_layer16__2a_layer8,Ga,3,3,12k_layer14_1,24,2.0983229796303986,Ga_O_10,"(-1, 0, 0)"
2,group2_2a_layer16__2a_layer8,Ga,3,3,12k_layer14_1,30,1.9254359958162914,Ga_O_04,"(0, 0, 0)"
2,group2_2a_layer16__2a_layer8,Ga,4,4,12k_layer2_2,7,1.984455956778905,Ga_O_05,"(0, -1, 0)"
2,group2_2a_layer16__2a_layer8,Ga,4,4,12k_layer2_2,18,1.9254355763634932,Ga_O_04,"(0, 0, 0)"
2,group2_2a_layer16__2a_layer8,Ga,4,4,12k_layer2_2,25,1.925435575758716,Ga_O_04,"(0, 0, 0)"
2,group2_2a_layer16__2a_layer8,Ga,4,4,12k_layer2_2,31,2.094827515170506,Ga_O_09,"(0, 0, 0)"
2,group2_2a_layer16__2a_layer8,Ga,4,4,12k_layer2_2,32,2.0983234538709623,Ga_O_10,"(0, -1, 0)"
2,group2_2a_layer16__2a_layer8,Ga,4,4,12k_layer2_2,34,2.098323454408184,Ga_O_10,"(1, 0, 0)"
2,group2_2a_layer16__2a_layer8,Ga,5,5,12k_layer14_3,14,2.098322979539073,Ga_O_10,"(0, 0, 0)"
2,group2_2a_layer16__2a_layer8,Ga,5,5,12k_layer14_3,15,2.094827383098975,Ga_O_09,"(0, 0, 0)"
2,group2_2a_layer16__2a_layer8,Ga,5,5,12k_layer14_3,20,1.9844560439741377,Ga_O_05,"(0, 0, 0)"
2,group2_2a_layer16__2a_layer8,Ga,5,5,12k_layer14_3,24,2.098322979658534,Ga_O_10,"(0, 1, 0)"
2,group2_2a_layer16__2a_layer8,Ga,5,5,12k_layer14_3,27,1.925435983138288,Ga_O_04,"(0, 0, 0)"
2,group2_2a_layer16__2a_layer8,Ga,5,5,12k_layer14_3,30,1.9254359955204852,Ga_O_04,"(0, 0, 0)"
2,group2_2a_layer16__2a_layer8,Ga,6,6,12k_layer10_2,5,1.9254359120300575,Ga_O_04,"(0, 0, 0)"
2,group2_2a_layer16__2a_layer8,Ga,6,6,12k_layer10_2,12,1.98445595738215,Ga_O_05,"(-1, 0, 0)"
2,group2_2a_layer16__2a_layer8,Ga,6,6,12k_layer10_2,17,2.094827514410795,Ga_O_09,"(0, 0, 0)"
2,group2_2a_layer16__2a_layer8,Ga,6,6,12k_layer10_2,22,2.0983230321761726,Ga_O_10,"(-1, 0, 0)"
2,group2_2a_layer16__2a_layer8,Ga,6,6,12k_layer10_2,26,2.0983230324265865,Ga_O_10,"(0, 1, 0)"
2,group2_2a_layer16__2a_layer8,Ga,6,6,12k_layer10_2,33,1.9254359114895088,Ga_O_04,"(0, 0, 0)"
2,group2_2a_layer16__2a_layer8,Ga,7,7,12k_layer6_2,3,2.0983234538709605,Ga_O_10,"(0, -1, 0)"
2,group2_2a_layer16__2a_layer8,Ga,7,7,12k_layer6_2,4,1.9254355757587174,Ga_O_04,"(0, 0, 0)"
2,group2_2a_layer16__2a_layer8,Ga,7,7,12k_layer6_2,6,1.9844559567789064,Ga_O_05,"(0, -1, 0)"
2,group2_2a_layer16__2a_layer8,Ga,7,7,12k_layer6_2,13,2.0983234544081824,Ga_O_10,"(1, 0, 0)"
2,group2_2a_layer16__2a_layer8,Ga,7,7,12k_layer6_2,19,2.0948275151705045,Ga_O_09,"(0, 0, 0)"
2,group2_2a_layer16__2a_layer8,Ga,7,7,12k_layer6_2,38,1.9254355763634945,Ga_O_04,"(0, 0, 0)"
2,group2_2a_layer16__2a_layer8,Ga,8,8,12k_layer6_1,3,2.0983234541175877,Ga_O_10,"(0, 0, 0)"
2,group2_2a_layer16__2a_layer8,Ga,8,8,12k_layer6_1,6,1.9844559569613607,Ga_O_05,"(0, 0, 0)"
2,group2_2a_layer16__2a_layer8,Ga,8,8,12k_layer6_1,19,2.0948276379027013,Ga_O_09,"(0, 0, 0)"
2,group2_2a_layer16__2a_layer8,Ga,8,8,12k_layer6_1,28,1.9254355756093047,Ga_O_04,"(0, 0, 0)"
2,group2_2a_layer16__2a_layer8,Ga,8,8,12k_layer6_1,36,2.0983234546414,Ga_O_10,"(1, 0, 0)"
2,group2_2a_layer16__2a_layer8,Ga,8,8,12k_layer6_1,38,1.925435563604001,Ga_O_04,"(0, 0, 0)"
2,group2_2a_layer16__2a_layer8,Ga,9,9,12k_layer14_2,8,2.098322979647595,Ga_O_10,"(0, 1, 0)"
2,group2_2a_layer16__2a_layer8,Ga,9,9,12k_layer14_2,9,1.9254359955309297,Ga_O_04,"(0, 0, 0)"
2,group2_2a_layer16__2a_layer8,Ga,9,9,12k_layer14_2,14,2.098322979397181,Ga_O_10,"(-1, 0, 0)"
2,group2_2a_layer16__2a_layer8,Ga,9,9,12k_layer14_2,15,2.094827260728784,Ga_O_09,"(0, 0, 0)"
2,group2_2a_layer16__2a_layer8,Ga,9,9,12k_layer14_2,20,1.9844560438241048,Ga_O_05,"(-1, 0, 0)"
2,group2_2a_layer16__2a_layer8,Ga,9,9,12k_layer14_2,27,1.9254359960714784,Ga_O_04,"(0, 0, 0)"
2,group2_2a_layer16__2a_layer8,Cr,1,10,2a_layer16,8,1.9948520249218649,Cr_O_07,"(1, 1, 0)"
2,group2_2a_layer16__2a_layer8,Cr,1,10,2a_layer16,14,1.9948520252426432,Cr_O_07,"(0, 0, 0)"
2,group2_2a_layer16__2a_layer8,Cr,1,10,2a_layer16,24,1.9948520249218644,Cr_O_07,"(0, 1, 0)"
2,group2_2a_layer16__2a_layer8,Cr,1,10,2a_layer16,29,1.9948516604791149,Cr_O_07,"(1, 0, 1)"
2,group2_2a_layer16__2a_layer8,Cr,1,10,2a_layer16,32,1.9948516599281325,Cr_O_07,"(0, 0, 1)"
2,group2_2a_layer16__2a_layer8,Cr,1,10,2a_layer16,34,1.994851660087002,Cr_O_07,"(1, 1, 1)"
2,group2_2a_layer16__2a_layer8,Ga,10,11,12k_layer10_3,1,1.9254359114790642,Ga_O_04,"(0, 0, 0)"
2,group2_2a_layer16__2a_layer8,Ga,10,11,12k_layer10_3,5,1.9254358990968665,Ga_O_04,"(0, 0, 0)"
2,group2_2a_layer16__2a_layer8,Ga,10,11,12k_layer10_3,11,2.0983230324375253,Ga_O_10,"(0, 1, 0)"
2,group2_2a_layer16__2a_layer8,Ga,10,11,12k_layer10_3,12,1.9844559575321832,Ga_O_05,"(0, 0, 0)"
2,group2_2a_layer16__2a_layer8,Ga,10,11,12k_layer10_3,17,2.094827636780971,Ga_O_09,"(0, 0, 0)"
2,group2_2a_layer16__2a_layer8,Ga,10,11,12k_layer10_3,22,2.0983230323180644,Ga_O_10,"(0, 0, 0)"
2,group2_2a_layer16__2a_layer8,Ga,11,12,12k_layer10_1,1,1.9254359117748707,Ga_O_04,"(0, 0, 0)"
2,group2_2a_layer16__2a_layer8,Ga,11,12,12k_layer10_1,11,2.0983230324093904,Ga_O_10,"(-1, 0, 0)"
2,group2_2a_layer16__2a_layer8,Ga,11,12,12k_layer10_1,12,1.9844559572212264,Ga_O_05,"(-1, -1, 0)"
2,group2_2a_layer16__2a_layer8,Ga,11,12,12k_layer10_1,17,2.0948275137753765,Ga_O_09,"(0, 0, 0)"
2,group2_2a_layer16__2a_layer8,Ga,11,12,12k_layer10_1,26,2.098323031885578,Ga_O_10,"(0, 0, 0)"
2,group2_2a_layer16__2a_layer8,Ga,11,12,12k_layer10_1,33,1.9254359117748707,Ga_O_04,"(0, 0, 0)"
2,group2_2a_layer16__2a_layer8,Ga,12,13,12k_layer2_1,7,1.9844559569613596,Ga_O_05,"(0, 0, 0)"
2,group2_2a_layer16__2a_layer8,Ga,12,13,12k_layer2_1,18,1.925435563604,Ga_O_04,"(0, 0, 0)"
2,group2_2a_layer16__2a_layer8,Ga,12,13,12k_layer2_1,21,1.9254355756093033,Ga_O_04,"(0, 0, 0)"
2,group2_2a_layer16__2a_layer8,Ga,12,13,12k_layer2_1,29,2.0983234546414016,Ga_O_10,"(1, 0, 0)"
2,group2_2a_layer16__2a_layer8,Ga,12,13,12k_layer2_1,31,2.0948276379027027,Ga_O_09,"(0, 0, 0)"
2,group2_2a_layer16__2a_layer8,Ga,12,13,12k_layer2_1,32,2.0983234541175895,Ga_O_10,"(0, 0, 0)"
2,group2_2a_layer16__2a_layer8,Ga,13,14,2b_layer12,10,1.8700732788205217,Ga_O_01,"(0, 1, 0)"
2,group2_2a_layer16__2a_layer8,Ga,13,14,2b_layer12,12,2.2779384420000004,Ga_O_11,"(0, 0, 0)"
2,group2_2a_layer16__2a_layer8,Ga,13,14,2b_layer12,20,2.2779384410000003,Ga_O_11,"(0, 0, 0)"
2,group2_2a_layer16__2a_layer8,Ga,13,14,2b_layer12,23,1.870073507451236,Ga_O_01,"(1, 1, 0)"
2,group2_2a_layer16__2a_layer8,Ga,13,14,2b_layer12,37,1.870073355,Ga_O_01,"(0, 0, 0)"
2,group2_2a_layer16__2a_layer8,Cr,2,15,2a_layer8,3,1.9948516601706343,Cr_O_07,"(0, 0, 0)"
2,group2_2a_layer16__2a_layer8,Cr,2,15,2a_layer8,11,1.9948520770594027,Cr_O_07,"(0, 1, 0)"
2,group2_2a_layer16__2a_layer8,Cr,2,15,2a_layer8,13,1.994851660329504,Cr_O_07,"(1, 1, 0)"
2,group2_2a_layer16__2a_layer8,Cr,2,15,2a_layer8,22,1.9948520773801812,Cr_O_07,"(0, 0, 0)"
2,group2_2a_layer16__2a_layer8,Cr,2,15,2a_layer8,26,1.9948520770594032,Cr_O_07,"(1, 1, 0)"
2,group2_2a_layer16__2a_layer8,Cr,2,15,2a_layer8,36,1.9948516607216167,Cr_O_07,"(1, 0, 0)"
2,group2_2a_layer16__2a_layer8,Ga,14,16,2b_layer4,2,1.8700732794118144,Ga_O_01,"(1, 0, 0)"
2,group2_2a_layer16__2a_layer8,Ga,14,16,2b_layer4,6,2.277938441000001,Ga_O_11,"(0, 0, 0)"
2,group2_2a_layer16__2a_layer8,Ga,14,16,2b_layer4,7,2.2779384420000004,Ga_O_11,"(0, 0, 0)"
2,group2_2a_layer16__2a_layer8,Ga,14,16,2b_layer4,16,1.8700735073000085,Ga_O_01,"(1, 1, 0)"
2,group2_2a_layer16__2a_layer8,Ga,14,16,2b_layer4,35,1.870073355795254,Ga_O_01,"(0, 0, 0)"
2,group2_2a_layer16__2a_layer8,Ga,15,17,4f1_layer9,11,1.9084361294606749,Ga_O_02,"(0, 0, 0)"
2,group2_2a_layer16__2a_layer8,Ga,15,17,4f1_layer9,19,1.9091270429999996,Ga_O_03,"(0, 0, 0)"
2,group2_2a_layer16__2a_layer8,Ga,15,17,4f1_layer9,22,1.9084362745505044,Ga_O_02,"(0, 0, 0)"
2,group2_2a_layer16__2a_layer8,Ga,15,17,4f1_layer9,26,1.9084361294606744,Ga_O_02,"(0, 0, 0)"
2,group2_2a_layer16__2a_layer8,Ga,16,18,4f2_layer11,1,1.9849917587865524,Ga_O_06,"(0, 0, 0)"
2,group2_2a_layer16__2a_layer8,Ga,16,18,4f2_layer11,5,1.9849916384047732,Ga_O_06,"(0, -1, 0)"
2,group2_2a_layer16__2a_layer8,Ga,16,18,4f2_layer11,10,2.0663776487443304,Ga_O_08,"(0, 0, 0)"
2,group2_2a_layer16__2a_layer8,Ga,16,18,4f2_layer11,23,2.0663774783167193,Ga_O_08,"(0, 0, 0)"
2,group2_2a_layer16__2a_layer8,Ga,16,18,4f2_layer11,33,1.9849917593946298,Ga_O_06,"(1, 0, 0)"
2,group2_2a_layer16__2a_layer8,Ga,16,18,4f2_layer11,37,2.0663777054221355,Ga_O_08,"(0, 0, 0)"
2,group2_2a_layer16__2a_layer8,Ga,17,19,4f2_layer3,2,2.0663771907209756,Ga_O_08,"(0, 0, 0)"
2,group2_2a_layer16__2a_layer8,Ga,17,19,4f2_layer3,16,2.066377020121716,Ga_O_08,"(0, 0, 0)"
2,group2_2a_layer16__2a_layer8,Ga,17,19,4f2_layer3,18,1.9849922964805824,Ga_O_06,"(-1, 0, 0)"
2,group2_2a_layer16__2a_layer8,Ga,17,19,4f2_layer3,21,1.9849924174878968,Ga_O_06,"(0, 0, 0)"
2,group2_2a_layer16__2a_layer8,Ga,17,19,4f2_layer3,25,1.9849924184808014,Ga_O_06,"(0, 1, 0)"
2,group2_2a_layer16__2a_layer8,Ga,17,19,4f2_layer3,35,2.066377246884635,Ga_O_08,"(0, 0, 0)"
2,group2_2a_layer16__2a_layer8,Ga,18,20,4f1_layer7,3,1.9084360732701862,Ga_O_02,"(0, 0, 0)"
2,group2_2a_layer16__2a_layer8,Ga,18,20,4f1_layer7,13,1.9084359271385227,Ga_O_02,"(0, 0, 0)"
2,group2_2a_layer16__2a_layer8,Ga,18,20,4f1_layer7,17,1.909127043000001,Ga_O_03,"(0, 0, 0)"
2,group2_2a_layer16__2a_layer8,Ga,18,20,4f1_layer7,36,1.9084359275969722,Ga_O_02,"(0, 0, 0)"
2,group2_2a_layer16__2a_layer8,Ga,19,21,4f2_layer5,2,2.0663771900543897,Ga_O_08,"(0, 0, 0)"
2,group2_2a_layer16__2a_layer8,Ga,19,21,4f2_layer5,4,1.9849924184808014,Ga_O_06,"(0, 1, 0)"
2,group2_2a_layer16__2a_layer8,Ga,19,21,4f2_layer5,16,2.0663770194551296,Ga_O_08,"(0, 0, 0)"
2,group2_2a_layer16__2a_layer8,Ga,19,21,4f2_layer5,28,1.9849924174878968,Ga_O_06,"(0, 0, 0)"
2,group2_2a_layer16__2a_layer8,Ga,19,21,4f2_layer5,35,2.0663772462180487,Ga_O_08,"(0, 0, 0)"
2,group2_2a_layer16__2a_layer8,Ga,19,21,4f2_layer5,38,1.9849922964805824,Ga_O_06,"(-1, 0, 0)"
2,group2_2a_layer16__2a_layer8,Ga,20,22,4f1_layer1,15,1.9091273005999965,Ga_O_03,"(0, 0, -1)"
2,group2_2a_layer16__2a_layer8,Ga,20,22,4f1_layer1,29,1.9084359275969722,Ga_O_02,"(0, 0, 0)"
2,group2_2a_layer16__2a_layer8,Ga,20,22,4f1_layer1,32,1.9084360732701862,Ga_O_02,"(0, 0, 0)"
2,group2_2a_layer16__2a_layer8,Ga,20,22,4f1_layer1,34,1.9084359271385227,Ga_O_02,"(0, 0, 0)"
2,group2_2a_layer16__2a_layer8,Ga,21,23,4f2_layer13,9,1.9849917593946296,Ga_O_06,"(1, 0, 0)"
2,group2_2a_layer16__2a_layer8,Ga,21,23,4f2_layer13,10,2.0663776487443317,Ga_O_08,"(0, 0, 0)"
2,group2_2a_layer16__2a_layer8,Ga,21,23,4f2_layer13,23,2.0663774783167206,Ga_O_08,"(0, 0, 0)"
2,group2_2a_layer16__2a_layer8,Ga,21,23,4f2_layer13,27,1.984991638404773,Ga_O_06,"(0, -1, 0)"
2,group2_2a_layer16__2a_layer8,Ga,21,23,4f2_layer13,30,1.984991758786552,Ga_O_06,"(0, 0, 0)"
2,group2_2a_layer16__2a_layer8,Ga,21,23,4f2_layer13,37,2.066377705422137,Ga_O_08,"(0, 0, 0)"
2,group2_2a_layer16__2a_layer8,Ga,22,24,4f1_layer15,8,1.9084361547650497,Ga_O_02,"(0, 0, 0)"
2,group2_2a_layer16__2a_layer8,Ga,22,24,4f1_layer15,14,1.9084362998548778,Ga_O_02,"(0, 0, 0)"
2,group2_2a_layer16__2a_layer8,Ga,22,24,4f1_layer15,24,1.9084361547650501,Ga_O_02,"(0, 0, 0)"
2,group2_2a_layer16__2a_layer8,Ga,22,24,4f1_layer15,31,1.9091268705999949,Ga_O_03,"(0, 0, 1)"
2,group3_2b_layer12__2b_layer4,Sr,1,,,2,2.958098043228469,Sr_O_02,"(0, -1, 0)"
2,group3_2b_layer12__2b_layer4,Sr,1,,,4,2.864579795118219,Sr_O_01,"(0, 0, 0)"
2,group3_2b_layer12__2b_layer4,Sr,1,,,16,2.9580979326637595,Sr_O_02,"(1, 0, 0)"
2,group3_2b_layer12__2b_layer4,Sr,1,,,18,2.8645798765734263,Sr_O_01,"(0, 0, 0)"
2,group3_2b_layer12__2b_layer4,Sr,1,,,21,2.864579884642825,Sr_O_01,"(0, 0, 0)"
2,group3_2b_layer12__2b_layer4,Sr,1,,,25,2.8645797959311503,Sr_O_01,"(0, 0, 0)"
2,group3_2b_layer12__2b_layer4,Sr,1,,,28,2.864579883829894,Sr_O_01,"(0, 0, 0)"
2,group3_2b_layer12__2b_layer4,Sr,1,,,35,2.95809800345424,Sr_O_02,"(0, -1, 0)"
2,group3_2b_layer12__2b_layer4,Sr,1,,,38,2.8645798757604948,Sr_O_01,"(0, 0, 0)"
2,group3_2b_layer12__2b_layer4,Sr,2,,,1,2.8645793251769454,Sr_O_01,"(0, 0, 0)"
2,group3_2b_layer12__2b_layer4,Sr,2,,,5,2.8645793169995204,Sr_O_01,"(0, 0, 0)"
2,group3_2b_layer12__2b_layer4,Sr,2,,,9,2.8645792364135385,Sr_O_01,"(0, 0, 0)"
2,group3_2b_layer12__2b_layer4,Sr,2,,,10,2.9580980427214705,Sr_O_02,"(-1, 0, 0)"
2,group3_2b_layer12__2b_layer4,Sr,2,,,23,2.95809793284463,Sr_O_02,"(0, 1, 0)"
2,group3_2b_layer12__2b_layer4,Sr,2,,,27,2.8645793169995213,Sr_O_01,"(0, 0, 0)"
2,group3_2b_layer12__2b_layer4,Sr,2,,,30,2.8645793251769462,Sr_O_01,"(0, 0, 0)"
2,group3_2b_layer12__2b_layer4,Sr,2,,,33,2.864579236413537,Sr_O_01,"(0, 0, 0)"
2,group3_2b_layer12__2b_layer4,Sr,2,,,37,2.9580980035278155,Sr_O_02,"(-1, 0, 0)"
2,group3_2b_layer12__2b_layer4,Ga,1,1,12k_layer6_3,4,1.9254355757587174,Ga_O_04,"(0, 0, 0)"
2,group3_2b_layer12__2b_layer4,Ga,1,1,12k_layer6_3,6,1.9844559567789057,Ga_O_05,"(-1, -1, 0)"
2,group3_2b_layer12__2b_layer4,Ga,1,1,12k_layer6_3,13,2.0983234538406146,Ga_O_10,"(0, 0, 0)"
2,group3_2b_layer12__2b_layer4,Ga,1,1,12k_layer6_3,19,2.094827515170505,Ga_O_09,"(0, 0, 0)"
2,group3_2b_layer12__2b_layer4,Ga,1,1,12k_layer6_3,28,1.925435576196381,Ga_O_04,"(0, 0, 0)"
2,group3_2b_layer12__2b_layer4,Ga,1,1,12k_layer6_3,36,2.0983234538272053,Ga_O_10,"(0, -1, 0)"
2,group3_2b_layer12__2b_layer4,Ga,2,2,12k_layer2_3,7,1.9844559567789046,Ga_O_05,"(-1, -1, 0)"
2,group3_2b_layer12__2b_layer4,Ga,2,2,12k_layer2_3,21,1.9254355761963797,Ga_O_04,"(0, 0, 0)"
2,group3_2b_layer12__2b_layer4,Ga,2,2,12k_layer2_3,25,1.9254355757587163,Ga_O_04,"(0, 0, 0)"
2,group3_2b_layer12__2b_layer4,Ga,2,2,12k_layer2_3,29,2.098323453827207,Ga_O_10,"(0, -1, 0)"
2,group3_2b_layer12__2b_layer4,Ga,2,2,12k_layer2_3,31,2.0948275151705062,Ga_O_09,"(0, 0, 0)"
2,group3_2b_layer12__2b_layer4,Ga,2,2,12k_layer2_3,34,2.0983234538406164,Ga_O_10,"(0, 0, 0)"
2,group3_2b_layer12__2b_layer4,Ga,3,3,12k_layer14_1,8,2.0983229791065865,Ga_O_10,"(0, 0, 0)"
2,group3_2b_layer12__2b_layer4,Ga,3,3,12k_layer14_1,9,1.9254359958162917,Ga_O_04,"(0, 0, 0)"
2,group3_2b_layer12__2b_layer4,Ga,3,3,12k_layer14_1,15,2.094827260093365,Ga_O_09,"(0, 0, 0)"
2,group3_2b_layer12__2b_layer4,Ga,3,3,12k_layer14_1,20,1.9844560436631808,Ga_O_05,"(-1, -1, 0)"
2,group3_2b_layer12__2b_layer4,Ga,3,3,12k_layer14_1,24,2.0983229796303986,Ga_O_10,"(-1, 0, 0)"
2,group3_2b_layer12__2b_layer4,Ga,3,3,12k_layer14_1,30,1.9254359958162914,Ga_O_04,"(0, 0, 0)"
2,group3_2b_layer12__2b_layer4,Ga,4,4,12k_layer2_2,7,1.984455956778905,Ga_O_05,"(0, -1, 0)"
2,group3_2b_layer12__2b_layer4,Ga,4,4,12k_layer2_2,18,1.9254355763634932,Ga_O_04,"(0, 0, 0)"
2,group3_2b_layer12__2b_layer4,Ga,4,4,12k_layer2_2,25,1.925435575758716,Ga_O_04,"(0, 0, 0)"
2,group3_2b_layer12__2b_layer4,Ga,4,4,12k_layer2_2,31,2.094827515170506,Ga_O_09,"(0, 0, 0)"
2,group3_2b_layer12__2b_layer4,Ga,4,4,12k_layer2_2,32,2.0983234538709623,Ga_O_10,"(0, -1, 0)"
2,group3_2b_layer12__2b_layer4,Ga,4,4,12k_layer2_2,34,2.098323454408184,Ga_O_10,"(1, 0, 0)"
2,group3_2b_layer12__2b_layer4,Ga,5,5,12k_layer14_3,14,2.098322979539073,Ga_O_10,"(0, 0, 0)"
2,group3_2b_layer12__2b_layer4,Ga,5,5,12k_layer14_3,15,2.094827383098975,Ga_O_09,"(0, 0, 0)"
2,group3_2b_layer12__2b_layer4,Ga,5,5,12k_layer14_3,20,1.9844560439741377,Ga_O_05,"(0, 0, 0)"
2,group3_2b_layer12__2b_layer4,Ga,5,5,12k_layer14_3,24,2.098322979658534,Ga_O_10,"(0, 1, 0)"
2,group3_2b_layer12__2b_layer4,Ga,5,5,12k_layer14_3,27,1.925435983138288,Ga_O_04,"(0, 0, 0)"
2,group3_2b_layer12__2b_layer4,Ga,5,5,12k_layer14_3,30,1.9254359955204852,Ga_O_04,"(0, 0, 0)"
2,group3_2b_layer12__2b_layer4,Ga,6,6,12k_layer10_2,5,1.9254359120300575,Ga_O_04,"(0, 0, 0)"
2,group3_2b_layer12__2b_layer4,Ga,6,6,12k_layer10_2,12,1.98445595738215,Ga_O_05,"(-1, 0, 0)"
2,group3_2b_layer12__2b_layer4,Ga,6,6,12k_layer10_2,17,2.094827514410795,Ga_O_09,"(0, 0, 0)"
2,group3_2b_layer12__2b_layer4,Ga,6,6,12k_layer10_2,22,2.0983230321761726,Ga_O_10,"(-1, 0, 0)"
2,group3_2b_layer12__2b_layer4,Ga,6,6,12k_layer10_2,26,2.0983230324265865,Ga_O_10,"(0, 1, 0)"
2,group3_2b_layer12__2b_layer4,Ga,6,6,12k_layer10_2,33,1.9254359114895088,Ga_O_04,"(0, 0, 0)"
2,group3_2b_layer12__2b_layer4,Ga,7,7,12k_layer6_2,3,2.0983234538709605,Ga_O_10,"(0, -1, 0)"
2,group3_2b_layer12__2b_layer4,Ga,7,7,12k_layer6_2,4,1.9254355757587174,Ga_O_04,"(0, 0, 0)"
2,group3_2b_layer12__2b_layer4,Ga,7,7,12k_layer6_2,6,1.9844559567789064,Ga_O_05,"(0, -1, 0)"
2,group3_2b_layer12__2b_layer4,Ga,7,7,12k_layer6_2,13,2.0983234544081824,Ga_O_10,"(1, 0, 0)"
2,group3_2b_layer12__2b_layer4,Ga,7,7,12k_layer6_2,19,2.0948275151705045,Ga_O_09,"(0, 0, 0)"
2,group3_2b_layer12__2b_layer4,Ga,7,7,12k_layer6_2,38,1.9254355763634945,Ga_O_04,"(0, 0, 0)"
2,group3_2b_layer12__2b_layer4,Ga,8,8,12k_layer6_1,3,2.0983234541175877,Ga_O_10,"(0, 0, 0)"
2,group3_2b_layer12__2b_layer4,Ga,8,8,12k_layer6_1,6,1.9844559569613607,Ga_O_05,"(0, 0, 0)"
2,group3_2b_layer12__2b_layer4,Ga,8,8,12k_layer6_1,19,2.0948276379027013,Ga_O_09,"(0, 0, 0)"
2,group3_2b_layer12__2b_layer4,Ga,8,8,12k_layer6_1,28,1.9254355756093047,Ga_O_04,"(0, 0, 0)"
2,group3_2b_layer12__2b_layer4,Ga,8,8,12k_layer6_1,36,2.0983234546414,Ga_O_10,"(1, 0, 0)"
2,group3_2b_layer12__2b_layer4,Ga,8,8,12k_layer6_1,38,1.925435563604001,Ga_O_04,"(0, 0, 0)"
2,group3_2b_layer12__2b_layer4,Ga,9,9,12k_layer14_2,8,2.098322979647595,Ga_O_10,"(0, 1, 0)"
2,group3_2b_layer12__2b_layer4,Ga,9,9,12k_layer14_2,9,1.9254359955309297,Ga_O_04,"(0, 0, 0)"
2,group3_2b_layer12__2b_layer4,Ga,9,9,12k_layer14_2,14,2.098322979397181,Ga_O_10,"(-1, 0, 0)"
2,group3_2b_layer12__2b_layer4,Ga,9,9,12k_layer14_2,15,2.094827260728784,Ga_O_09,"(0, 0, 0)"
2,group3_2b_layer12__2b_layer4,Ga,9,9,12k_layer14_2,20,1.9844560438241048,Ga_O_05,"(-1, 0, 0)"
2,group3_2b_layer12__2b_layer4,Ga,9,9,12k_layer14_2,27,1.9254359960714784,Ga_O_04,"(0, 0, 0)"
2,group3_2b_layer12__2b_layer4,Ga,10,10,2a_layer16,8,1.9948520249218649,Ga_O_07,"(1, 1, 0)"
2,group3_2b_layer12__2b_layer4,Ga,10,10,2a_layer16,14,1.9948520252426432,Ga_O_07,"(0, 0, 0)"
2,group3_2b_layer12__2b_layer4,Ga,10,10,2a_layer16,24,1.9948520249218644,Ga_O_07,"(0, 1, 0)"
2,group3_2b_layer12__2b_layer4,Ga,10,10,2a_layer16,29,1.9948516604791149,Ga_O_07,"(1, 0, 1)"
2,group3_2b_layer12__2b_layer4,Ga,10,10,2a_layer16,32,1.9948516599281325,Ga_O_07,"(0, 0, 1)"
2,group3_2b_layer12__2b_layer4,Ga,10,10,2a_layer16,34,1.994851660087002,Ga_O_07,"(1, 1, 1)"
2,group3_2b_layer12__2b_layer4,Ga,11,11,12k_layer10_3,1,1.9254359114790642,Ga_O_04,"(0, 0, 0)"
2,group3_2b_layer12__2b_layer4,Ga,11,11,12k_layer10_3,5,1.9254358990968665,Ga_O_04,"(0, 0, 0)"
2,group3_2b_layer12__2b_layer4,Ga,11,11,12k_layer10_3,11,2.0983230324375253,Ga_O_10,"(0, 1, 0)"
2,group3_2b_layer12__2b_layer4,Ga,11,11,12k_layer10_3,12,1.9844559575321832,Ga_O_05,"(0, 0, 0)"
2,group3_2b_layer12__2b_layer4,Ga,11,11,12k_layer10_3,17,2.094827636780971,Ga_O_09,"(0, 0, 0)"
2,group3_2b_layer12__2b_layer4,Ga,11,11,12k_layer10_3,22,2.0983230323180644,Ga_O_10,"(0, 0, 0)"
2,group3_2b_layer12__2b_layer4,Ga,12,12,12k_layer10_1,1,1.9254359117748707,Ga_O_04,"(0, 0, 0)"
2,group3_2b_layer12__2b_layer4,Ga,12,12,12k_layer10_1,11,2.0983230324093904,Ga_O_10,"(-1, 0, 0)"
2,group3_2b_layer12__2b_layer4,Ga,12,12,12k_layer10_1,12,1.9844559572212264,Ga_O_05,"(-1, -1, 0)"
2,group3_2b_layer12__2b_layer4,Ga,12,12,12k_layer10_1,17,2.0948275137753765,Ga_O_09,"(0, 0, 0)"
2,group3_2b_layer12__2b_layer4,Ga,12,12,12k_layer10_1,26,2.098323031885578,Ga_O_10,"(0, 0, 0)"
2,group3_2b_layer12__2b_layer4,Ga,12,12,12k_layer10_1,33,1.9254359117748707,Ga_O_04,"(0, 0, 0)"
2,group3_2b_layer12__2b_layer4,Ga,13,13,12k_layer2_1,7,1.9844559569613596,Ga_O_05,"(0, 0, 0)"
2,group3_2b_layer12__2b_layer4,Ga,13,13,12k_layer2_1,18,1.925435563604,Ga_O_04,"(0, 0, 0)"
2,group3_2b_layer12__2b_layer4,Ga,13,13,12k_layer2_1,21,1.9254355756093033,Ga_O_04,"(0, 0, 0)"
2,group3_2b_layer12__2b_layer4,Ga,13,13,12k_layer2_1,29,2.0983234546414016,Ga_O_10,"(1, 0, 0)"
2,group3_2b_layer12__2b_layer4,Ga,13,13,12k_layer2_1,31,2.0948276379027027,Ga_O_09,"(0, 0, 0)"
2,group3_2b_layer12__2b_layer4,Ga,13,13,12k_layer2_1,32,2.0983234541175895,Ga_O_10,"(0, 0, 0)"
2,group3_2b_layer12__2b_layer4,Cr,1,14,2b_layer12,10,1.8700732788205217,Cr_O_01,"(0, 1, 0)"
2,group3_2b_layer12__2b_layer4,Cr,1,14,2b_layer12,12,2.2779384420000004,Cr_O_11,"(0, 0, 0)"
2,group3_2b_layer12__2b_layer4,Cr,1,14,2b_layer12,20,2.2779384410000003,Cr_O_11,"(0, 0, 0)"
2,group3_2b_layer12__2b_layer4,Cr,1,14,2b_layer12,23,1.870073507451236,Cr_O_01,"(1, 1, 0)"
2,group3_2b_layer12__2b_layer4,Cr,1,14,2b_layer12,37,1.870073355,Cr_O_01,"(0, 0, 0)"
2,group3_2b_layer12__2b_layer4,Ga,14,15,2a_layer8,3,1.9948516601706343,Ga_O_07,"(0, 0, 0)"
2,group3_2b_layer12__2b_layer4,Ga,14,15,2a_layer8,11,1.9948520770594027,Ga_O_07,"(0, 1, 0)"
2,group3_2b_layer12__2b_layer4,Ga,14,15,2a_layer8,13,1.994851660329504,Ga_O_07,"(1, 1, 0)"
2,group3_2b_layer12__2b_layer4,Ga,14,15,2a_layer8,22,1.9948520773801812,Ga_O_07,"(0, 0, 0)"
2,group3_2b_layer12__2b_layer4,Ga,14,15,2a_layer8,26,1.9948520770594032,Ga_O_07,"(1, 1, 0)"
2,group3_2b_layer12__2b_layer4,Ga,14,15,2a_layer8,36,1.9948516607216167,Ga_O_07,"(1, 0, 0)"
2,group3_2b_layer12__2b_layer4,Cr,2,16,2b_layer4,2,1.8700732794118144,Cr_O_01,"(1, 0, 0)"
2,group3_2b_layer12__2b_layer4,Cr,2,16,2b_layer4,6,2.277938441000001,Cr_O_11,"(0, 0, 0)"
2,group3_2b_layer12__2b_layer4,Cr,2,16,2b_layer4,7,2.2779384420000004,Cr_O_11,"(0, 0, 0)"
2,group3_2b_layer12__2b_layer4,Cr,2,16,2b_layer4,16,1.8700735073000085,Cr_O_01,"(1, 1, 0)"
2,group3_2b_layer12__2b_layer4,Cr,2,16,2b_layer4,35,1.870073355795254,Cr_O_01,"(0, 0, 0)"
2,group3_2b_layer12__2b_layer4,Ga,15,17,4f1_layer9,11,1.9084361294606749,Ga_O_02,"(0, 0, 0)"
2,group3_2b_layer12__2b_layer4,Ga,15,17,4f1_layer9,19,1.9091270429999996,Ga_O_03,"(0, 0, 0)"
2,group3_2b_layer12__2b_layer4,Ga,15,17,4f1_layer9,22,1.9084362745505044,Ga_O_02,"(0, 0, 0)"
2,group3_2b_layer12__2b_layer4,Ga,15,17,4f1_layer9,26,1.9084361294606744,Ga_O_02,"(0, 0, 0)"
2,group3_2b_layer12__2b_layer4,Ga,16,18,4f2_layer11,1,1.9849917587865524,Ga_O_06,"(0, 0, 0)"
2,group3_2b_layer12__2b_layer4,Ga,16,18,4f2_layer11,5,1.9849916384047732,Ga_O_06,"(0, -1, 0)"
2,group3_2b_layer12__2b_layer4,Ga,16,18,4f2_layer11,10,2.0663776487443304,Ga_O_08,"(0, 0, 0)"
2,group3_2b_layer12__2b_layer4,Ga,16,18,4f2_layer11,23,2.0663774783167193,Ga_O_08,"(0, 0, 0)"
2,group3_2b_layer12__2b_layer4,Ga,16,18,4f2_layer11,33,1.9849917593946298,Ga_O_06,"(1, 0, 0)"
2,group3_2b_layer12__2b_layer4,Ga,16,18,4f2_layer11,37,2.0663777054221355,Ga_O_08,"(0, 0, 0)"
2,group3_2b_layer12__2b_layer4,Ga,17,19,4f2_layer3,2,2.0663771907209756,Ga_O_08,"(0, 0, 0)"
2,group3_2b_layer12__2b_layer4,Ga,17,19,4f2_layer3,16,2.066377020121716,Ga_O_08,"(0, 0, 0)"
2,group3_2b_layer12__2b_layer4,Ga,17,19,4f2_layer3,18,1.9849922964805824,Ga_O_06,"(-1, 0, 0)"
2,group3_2b_layer12__2b_layer4,Ga,17,19,4f2_layer3,21,1.9849924174878968,Ga_O_06,"(0, 0, 0)"
2,group3_2b_layer12__2b_layer4,Ga,17,19,4f2_layer3,25,1.9849924184808014,Ga_O_06,"(0, 1, 0)"
2,group3_2b_layer12__2b_layer4,Ga,17,19,4f2_layer3,35,2.066377246884635,Ga_O_08,"(0, 0, 0)"
2,group3_2b_layer12__2b_layer4,Ga,18,20,4f1_layer7,3,1.9084360732701862,Ga_O_02,"(0, 0, 0)"
2,group3_2b_layer12__2b_layer4,Ga,18,20,4f1_layer7,13,1.9084359271385227,Ga_O_02,"(0, 0, 0)"
2,group3_2b_layer12__2b_layer4,Ga,18,20,4f1_layer7,17,1.909127043000001,Ga_O_03,"(0, 0, 0)"
2,group3_2b_layer12__2b_layer4,Ga,18,20,4f1_layer7,36,1.9084359275969722,Ga_O_02,"(0, 0, 0)"
2,group3_2b_layer12__2b_layer4,Ga,19,21,4f2_layer5,2,2.0663771900543897,Ga_O_08,"(0, 0, 0)"
2,group3_2b_layer12__2b_layer4,Ga,19,21,4f2_layer5,4,1.9849924184808014,Ga_O_06,"(0, 1, 0)"
2,group3_2b_layer12__2b_layer4,Ga,19,21,4f2_layer5,16,2.0663770194551296,Ga_O_08,"(0, 0, 0)"
2,group3_2b_layer12__2b_layer4,Ga,19,21,4f2_layer5,28,1.9849924174878968,Ga_O_06,"(0, 0, 0)"
2,group3_2b_layer12__2b_layer4,Ga,19,21,4f2_layer5,35,2.0663772462180487,Ga_O_08,"(0, 0, 0)"
2,group3_2b_layer12__2b_layer4,Ga,19,21,4f2_layer5,38,1.9849922964805824,Ga_O_06,"(-1, 0, 0)"
2,group3_2b_layer12__2b_layer4,Ga,20,22,4f1_layer1,15,1.9091273005999965,Ga_O_03,"(0, 0, -1)"
2,group3_2b_layer12__2b_layer4,Ga,20,22,4f1_layer1,29,1.9084359275969722,Ga_O_02,"(0, 0, 0)"
2,group3_2b_layer12__2b_layer4,Ga,20,22,4f1_layer1,32,1.9084360732701862,Ga_O_02,"(0, 0, 0)"
2,group3_2b_layer12__2b_layer4,Ga,20,22,4f1_layer1,34,1.9084359271385227,Ga_O_02,"(0, 0, 0)"
2,group3_2b_layer12__2b_layer4,Ga,21,23,4f2_layer13,9,1.9849917593946296,Ga_O_06,"(1, 0, 0)"
2,group3_2b_layer12__2b_layer4,Ga,21,23,4f2_layer13,10,2.0663776487443317,Ga_O_08,"(0, 0, 0)"
2,group3_2b_layer12__2b_layer4,Ga,21,23,4f2_layer13,23,2.0663774783167206,Ga_O_08,"(0, 0, 0)"
2,group3_2b_layer12__2b_layer4,Ga,21,23,4f2_layer13,27,1.984991638404773,Ga_O_06,"(0, -1, 0)"
2,group3_2b_layer12__2b_layer4,Ga,21,23,4f2_layer13,30,1.984991758786552,Ga_O_06,"(0, 0, 0)"
2,group3_2b_layer12__2b_layer4,Ga,21,23,4f2_layer13,37,2.066377705422137,Ga_O_08,"(0, 0, 0)"
2,group3_2b_layer12__2b_layer4,Ga,22,24,4f1_layer15,8,1.9084361547650497,Ga_O_02,"(0, 0, 0)"
2,group3_2b_layer12__2b_layer4,Ga,22,24,4f1_layer15,14,1.9084362998548778,Ga_O_02,"(0, 0, 0)"
2,group3_2b_layer12__2b_layer4,Ga,22,24,4f1_layer15,24,1.9084361547650501,Ga_O_02,"(0, 0, 0)"
2,group3_2b_layer12__2b_layer4,Ga,22,24,4f1_layer15,31,1.9091268705999949,Ga_O_03,"(0, 0, 1)"
2,group4_4f1_layer15__4f1_layer9,Sr,1,,,2,2.958098043228469,Sr_O_02,"(0, -1, 0)"
2,group4_4f1_layer15__4f1_layer9,Sr,1,,,4,2.864579795118219,Sr_O_01,"(0, 0, 0)"
2,group4_4f1_layer15__4f1_layer9,Sr,1,,,16,2.9580979326637595,Sr_O_02,"(1, 0, 0)"
2,group4_4f1_layer15__4f1_layer9,Sr,1,,,18,2.8645798765734263,Sr_O_01,"(0, 0, 0)"
2,group4_4f1_layer15__4f1_layer9,Sr,1,,,21,2.864579884642825,Sr_O_01,"(0, 0, 0)"
2,group4_4f1_layer15__4f1_layer9,Sr,1,,,25,2.8645797959311503,Sr_O_01,"(0, 0, 0)"
2,group4_4f1_layer15__4f1_layer9,Sr,1,,,28,2.864579883829894,Sr_O_01,"(0, 0, 0)"
2,group4_4f1_layer15__4f1_layer9,Sr,1,,,35,2.95809800345424,Sr_O_02,"(0, -1, 0)"
2,group4_4f1_layer15__4f1_layer9,Sr,1,,,38,2.8645798757604948,Sr_O_01,"(0, 0, 0)"
2,group4_4f1_layer15__4f1_layer9,Sr,2,,,1,2.8645793251769454,Sr_O_01,"(0, 0, 0)"
2,group4_4f1_layer15__4f1_layer9,Sr,2,,,5,2.8645793169995204,Sr_O_01,"(0, 0, 0)"
2,group4_4f1_layer15__4f1_layer9,Sr,2,,,9,2.8645792364135385,Sr_O_01,"(0, 0, 0)"
2,group4_4f1_layer15__4f1_layer9,Sr,2,,,10,2.9580980427214705,Sr_O_02,"(-1, 0, 0)"
2,group4_4f1_layer15__4f1_layer9,Sr,2,,,23,2.95809793284463,Sr_O_02,"(0, 1, 0)"
2,group4_4f1_layer15__4f1_layer9,Sr,2,,,27,2.8645793169995213,Sr_O_01,"(0, 0, 0)"
2,group4_4f1_layer15__4f1_layer9,Sr,2,,,30,2.8645793251769462,Sr_O_01,"(0, 0, 0)"
2,group4_4f1_layer15__4f1_layer9,Sr,2,,,33,2.864579236413537,Sr_O_01,"(0, 0, 0)"
2,group4_4f1_layer15__4f1_layer9,Sr,2,,,37,2.9580980035278155,Sr_O_02,"(-1, 0, 0)"
2,group4_4f1_layer15__4f1_layer9,Ga,1,1,12k_layer6_3,4,1.9254355757587174,Ga_O_04,"(0, 0, 0)"
2,group4_4f1_layer15__4f1_layer9,Ga,1,1,12k_layer6_3,6,1.9844559567789057,Ga_O_05,"(-1, -1, 0)"
2,group4_4f1_layer15__4f1_layer9,Ga,1,1,12k_layer6_3,13,2.0983234538406146,Ga_O_10,"(0, 0, 0)"
2,group4_4f1_layer15__4f1_layer9,Ga,1,1,12k_layer6_3,19,2.094827515170505,Ga_O_09,"(0, 0, 0)"
2,group4_4f1_layer15__4f1_layer9,Ga,1,1,12k_layer6_3,28,1.925435576196381,Ga_O_04,"(0, 0, 0)"
2,group4_4f1_layer15__4f1_layer9,Ga,1,1,12k_layer6_3,36,2.0983234538272053,Ga_O_10,"(0, -1, 0)"
2,group4_4f1_layer15__4f1_layer9,Ga,2,2,12k_layer2_3,7,1.9844559567789046,Ga_O_05,"(-1, -1, 0)"
2,group4_4f1_layer15__4f1_layer9,Ga,2,2,12k_layer2_3,21,1.9254355761963797,Ga_O_04,"(0, 0, 0)"
2,group4_4f1_layer15__4f1_layer9,Ga,2,2,12k_layer2_3,25,1.9254355757587163,Ga_O_04,"(0, 0, 0)"
2,group4_4f1_layer15__4f1_layer9,Ga,2,2,12k_layer2_3,29,2.098323453827207,Ga_O_10,"(0, -1, 0)"
2,group4_4f1_layer15__4f1_layer9,Ga,2,2,12k_layer2_3,31,2.0948275151705062,Ga_O_09,"(0, 0, 0)"
2,group4_4f1_layer15__4f1_layer9,Ga,2,2,12k_layer2_3,34,2.0983234538406164,Ga_O_10,"(0, 0, 0)"
2,group4_4f1_layer15__4f1_layer9,Ga,3,3,12k_layer14_1,8,2.0983229791065865,Ga_O_10,"(0, 0, 0)"
2,group4_4f1_layer15__4f1_layer9,Ga,3,3,12k_layer14_1,9,1.9254359958162917,Ga_O_04,"(0, 0, 0)"
2,group4_4f1_layer15__4f1_layer9,Ga,3,3,12k_layer14_1,15,2.094827260093365,Ga_O_09,"(0, 0, 0)"
2,group4_4f1_layer15__4f1_layer9,Ga,3,3,12k_layer14_1,20,1.9844560436631808,Ga_O_05,"(-1, -1, 0)"
2,group4_4f1_layer15__4f1_layer9,Ga,3,3,12k_layer14_1,24,2.0983229796303986,Ga_O_10,"(-1, 0, 0)"
2,group4_4f1_layer15__4f1_layer9,Ga,3,3,12k_layer14_1,30,1.9254359958162914,Ga_O_04,"(0, 0, 0)"
2,group4_4f1_layer15__4f1_layer9,Ga,4,4,12k_layer2_2,7,1.984455956778905,Ga_O_05,"(0, -1, 0)"
2,group4_4f1_layer15__4f1_layer9,Ga,4,4,12k_layer2_2,18,1.9254355763634932,Ga_O_04,"(0, 0, 0)"
2,group4_4f1_layer15__4f1_layer9,Ga,4,4,12k_layer2_2,25,1.925435575758716,Ga_O_04,"(0, 0, 0)"
2,group4_4f1_layer15__4f1_layer9,Ga,4,4,12k_layer2_2,31,2.094827515170506,Ga_O_09,"(0, 0, 0)"
2,group4_4f1_layer15__4f1_layer9,Ga,4,4,12k_layer2_2,32,2.0983234538709623,Ga_O_10,"(0, -1, 0)"
2,group4_4f1_layer15__4f1_layer9,Ga,4,4,12k_layer2_2,34,2.098323454408184,Ga_O_10,"(1, 0, 0)"
2,group4_4f1_layer15__4f1_layer9,Ga,5,5,12k_layer14_3,14,2.098322979539073,Ga_O_10,"(0, 0, 0)"
2,group4_4f1_layer15__4f1_layer9,Ga,5,5,12k_layer14_3,15,2.094827383098975,Ga_O_09,"(0, 0, 0)"
2,group4_4f1_layer15__4f1_layer9,Ga,5,5,12k_layer14_3,20,1.9844560439741377,Ga_O_05,"(0, 0, 0)"
2,group4_4f1_layer15__4f1_layer9,Ga,5,5,12k_layer14_3,24,2.098322979658534,Ga_O_10,"(0, 1, 0)"
2,group4_4f1_layer15__4f1_layer9,Ga,5,5,12k_layer14_3,27,1.925435983138288,Ga_O_04,"(0, 0, 0)"
2,group4_4f1_layer15__4f1_layer9,Ga,5,5,12k_layer14_3,30,1.9254359955204852,Ga_O_04,"(0, 0, 0)"
2,group4_4f1_layer15__4f1_layer9,Ga,6,6,12k_layer10_2,5,1.9254359120300575,Ga_O_04,"(0, 0, 0)"
2,group4_4f1_layer15__4f1_layer9,Ga,6,6,12k_layer10_2,12,1.98445595738215,Ga_O_05,"(-1, 0, 0)"
2,group4_4f1_layer15__4f1_layer9,Ga,6,6,12k_layer10_2,17,2.094827514410795,Ga_O_09,"(0, 0, 0)"
2,group4_4f1_layer15__4f1_layer9,Ga,6,6,12k_layer10_2,22,2.0983230321761726,Ga_O_10,"(-1, 0, 0)"
2,group4_4f1_layer15__4f1_layer9,Ga,6,6,12k_layer10_2,26,2.0983230324265865,Ga_O_10,"(0, 1, 0)"
2,group4_4f1_layer15__4f1_layer9,Ga,6,6,12k_layer10_2,33,1.9254359114895088,Ga_O_04,"(0, 0, 0)"
2,group4_4f1_layer15__4f1_layer9,Ga,7,7,12k_layer6_2,3,2.0983234538709605,Ga_O_10,"(0, -1, 0)"
2,group4_4f1_layer15__4f1_layer9,Ga,7,7,12k_layer6_2,4,1.9254355757587174,Ga_O_04,"(0, 0, 0)"
2,group4_4f1_layer15__4f1_layer9,Ga,7,7,12k_layer6_2,6,1.9844559567789064,Ga_O_05,"(0, -1, 0)"
2,group4_4f1_layer15__4f1_layer9,Ga,7,7,12k_layer6_2,13,2.0983234544081824,Ga_O_10,"(1, 0, 0)"
2,group4_4f1_layer15__4f1_layer9,Ga,7,7,12k_layer6_2,19,2.0948275151705045,Ga_O_09,"(0, 0, 0)"
2,group4_4f1_layer15__4f1_layer9,Ga,7,7,12k_layer6_2,38,1.9254355763634945,Ga_O_04,"(0, 0, 0)"
2,group4_4f1_layer15__4f1_layer9,Ga,8,8,12k_layer6_1,3,2.0983234541175877,Ga_O_10,"(0, 0, 0)"
2,group4_4f1_layer15__4f1_layer9,Ga,8,8,12k_layer6_1,6,1.9844559569613607,Ga_O_05,"(0, 0, 0)"
2,group4_4f1_layer15__4f1_layer9,Ga,8,8,12k_layer6_1,19,2.0948276379027013,Ga_O_09,"(0, 0, 0)"
2,group4_4f1_layer15__4f1_layer9,Ga,8,8,12k_layer6_1,28,1.9254355756093047,Ga_O_04,"(0, 0, 0)"
2,group4_4f1_layer15__4f1_layer9,Ga,8,8,12k_layer6_1,36,2.0983234546414,Ga_O_10,"(1, 0, 0)"
2,group4_4f1_layer15__4f1_layer9,Ga,8,8,12k_layer6_1,38,1.925435563604001,Ga_O_04,"(0, 0, 0)"
2,group4_4f1_layer15__4f1_layer9,Ga,9,9,12k_layer14_2,8,2.098322979647595,Ga_O_10,"(0, 1, 0)"
2,group4_4f1_layer15__4f1_layer9,Ga,9,9,12k_layer14_2,9,1.9254359955309297,Ga_O_04,"(0, 0, 0)"
2,group4_4f1_layer15__4f1_layer9,Ga,9,9,12k_layer14_2,14,2.098322979397181,Ga_O_10,"(-1, 0, 0)"
2,group4_4f1_layer15__4f1_layer9,Ga,9,9,12k_layer14_2,15,2.094827260728784,Ga_O_09,"(0, 0, 0)"
2,group4_4f1_layer15__4f1_layer9,Ga,9,9,12k_layer14_2,20,1.9844560438241048,Ga_O_05,"(-1, 0, 0)"
2,group4_4f1_layer15__4f1_layer9,Ga,9,9,12k_layer14_2,27,1.9254359960714784,Ga_O_04,"(0, 0, 0)"
2,group4_4f1_layer15__4f1_layer9,Ga,10,10,2a_layer16,8,1.9948520249218649,Ga_O_07,"(1, 1, 0)"
2,group4_4f1_layer15__4f1_layer9,Ga,10,10,2a_layer16,14,1.9948520252426432,Ga_O_07,"(0, 0, 0)"
2,group4_4f1_layer15__4f1_layer9,Ga,10,10,2a_layer16,24,1.9948520249218644,Ga_O_07,"(0, 1, 0)"
2,group4_4f1_layer15__4f1_layer9,Ga,10,10,2a_layer16,29,1.9948516604791149,Ga_O_07,"(1, 0, 1)"
2,group4_4f1_layer15__4f1_layer9,Ga,10,10,2a_layer16,32,1.9948516599281325,Ga_O_07,"(0, 0, 1)"
2,group4_4f1_layer15__4f1_layer9,Ga,10,10,2a_layer16,34,1.994851660087002,Ga_O_07,"(1, 1, 1)"
2,group4_4f1_layer15__4f1_layer9,Ga,11,11,12k_layer10_3,1,1.9254359114790642,Ga_O_04,"(0, 0, 0)"
2,group4_4f1_layer15__4f1_layer9,Ga,11,11,12k_layer10_3,5,1.9254358990968665,Ga_O_04,"(0, 0, 0)"
2,group4_4f1_layer15__4f1_layer9,Ga,11,11,12k_layer10_3,11,2.0983230324375253,Ga_O_10,"(0, 1, 0)"
2,group4_4f1_layer15__4f1_layer9,Ga,11,11,12k_layer10_3,12,1.9844559575321832,Ga_O_05,"(0, 0, 0)"
2,group4_4f1_layer15__4f1_layer9,Ga,11,11,12k_layer10_3,17,2.094827636780971,Ga_O_09,"(0, 0, 0)"
2,group4_4f1_layer15__4f1_layer9,Ga,11,11,12k_layer10_3,22,2.0983230323180644,Ga_O_10,"(0, 0, 0)"
2,group4_4f1_layer15__4f1_layer9,Ga,12,12,12k_layer10_1,1,1.9254359117748707,Ga_O_04,"(0, 0, 0)"
2,group4_4f1_layer15__4f1_layer9,Ga,12,12,12k_layer10_1,11,2.0983230324093904,Ga_O_10,"(-1, 0, 0)"
2,group4_4f1_layer15__4f1_layer9,Ga,12,12,12k_layer10_1,12,1.9844559572212264,Ga_O_05,"(-1, -1, 0)"
2,group4_4f1_layer15__4f1_layer9,Ga,12,12,12k_layer10_1,17,2.0948275137753765,Ga_O_09,"(0, 0, 0)"
2,group4_4f1_layer15__4f1_layer9,Ga,12,12,12k_layer10_1,26,2.098323031885578,Ga_O_10,"(0, 0, 0)"
2,group4_4f1_layer15__4f1_layer9,Ga,12,12,12k_layer10_1,33,1.9254359117748707,Ga_O_04,"(0, 0, 0)"
2,group4_4f1_layer15__4f1_layer9,Ga,13,13,12k_layer2_1,7,1.9844559569613596,Ga_O_05,"(0, 0, 0)"
2,group4_4f1_layer15__4f1_layer9,Ga,13,13,12k_layer2_1,18,1.925435563604,Ga_O_04,"(0, 0, 0)"
2,group4_4f1_layer15__4f1_layer9,Ga,13,13,12k_layer2_1,21,1.9254355756093033,Ga_O_04,"(0, 0, 0)"
2,group4_4f1_layer15__4f1_layer9,Ga,13,13,12k_layer2_1,29,2.0983234546414016,Ga_O_10,"(1, 0, 0)"
2,group4_4f1_layer15__4f1_layer9,Ga,13,13,12k_layer2_1,31,2.0948276379027027,Ga_O_09,"(0, 0, 0)"
2,group4_4f1_layer15__4f1_layer9,Ga,13,13,12k_layer2_1,32,2.0983234541175895,Ga_O_10,"(0, 0, 0)"
2,group4_4f1_layer15__4f1_layer9,Ga,14,14,2b_layer12,10,1.8700732788205217,Ga_O_01,"(0, 1, 0)"
2,group4_4f1_layer15__4f1_layer9,Ga,14,14,2b_layer12,12,2.2779384420000004,Ga_O_11,"(0, 0, 0)"
2,group4_4f1_layer15__4f1_layer9,Ga,14,14,2b_layer12,20,2.2779384410000003,Ga_O_11,"(0, 0, 0)"
2,group4_4f1_layer15__4f1_layer9,Ga,14,14,2b_layer12,23,1.870073507451236,Ga_O_01,"(1, 1, 0)"
2,group4_4f1_layer15__4f1_layer9,Ga,14,14,2b_layer12,37,1.870073355,Ga_O_01,"(0, 0, 0)"
2,group4_4f1_layer15__4f1_layer9,Ga,15,15,2a_layer8,3,1.9948516601706343,Ga_O_07,"(0, 0, 0)"
2,group4_4f1_layer15__4f1_layer9,Ga,15,15,2a_layer8,11,1.9948520770594027,Ga_O_07,"(0, 1, 0)"
2,group4_4f1_layer15__4f1_layer9,Ga,15,15,2a_layer8,13,1.994851660329504,Ga_O_07,"(1, 1, 0)"
2,group4_4f1_layer15__4f1_layer9,Ga,15,15,2a_layer8,22,1.9948520773801812,Ga_O_07,"(0, 0, 0)"
2,group4_4f1_layer15__4f1_layer9,Ga,15,15,2a_layer8,26,1.9948520770594032,Ga_O_07,"(1, 1, 0)"
2,group4_4f1_layer15__4f1_layer9,Ga,15,15,2a_layer8,36,1.9948516607216167,Ga_O_07,"(1, 0, 0)"
2,group4_4f1_layer15__4f1_layer9,Ga,16,16,2b_layer4,2,1.8700732794118144,Ga_O_01,"(1, 0, 0)"
2,group4_4f1_layer15__4f1_layer9,Ga,16,16,2b_layer4,6,2.277938441000001,Ga_O_11,"(0, 0, 0)"
2,group4_4f1_layer15__4f1_layer9,Ga,16,16,2b_layer4,7,2.2779384420000004,Ga_O_11,"(0, 0, 0)"
2,group4_4f1_layer15__4f1_layer9,Ga,16,16,2b_layer4,16,1.8700735073000085,Ga_O_01,"(1, 1, 0)"
2,group4_4f1_layer15__4f1_layer9,Ga,16,16,2b_layer4,35,1.870073355795254,Ga_O_01,"(0, 0, 0)"
2,group4_4f1_layer15__4f1_layer9,Cr,1,17,4f1_layer9,11,1.9084361294606749,Cr_O_02,"(0, 0, 0)"
2,group4_4f1_layer15__4f1_layer9,Cr,1,17,4f1_layer9,19,1.9091270429999996,Cr_O_03,"(0, 0, 0)"
2,group4_4f1_layer15__4f1_layer9,Cr,1,17,4f1_layer9,22,1.9084362745505044,Cr_O_02,"(0, 0, 0)"
2,group4_4f1_layer15__4f1_layer9,Cr,1,17,4f1_layer9,26,1.9084361294606744,Cr_O_02,"(0, 0, 0)"
2,group4_4f1_layer15__4f1_layer9,Ga,17,18,4f2_layer11,1,1.9849917587865524,Ga_O_06,"(0, 0, 0)"
2,group4_4f1_layer15__4f1_layer9,Ga,17,18,4f2_layer11,5,1.9849916384047732,Ga_O_06,"(0, -1, 0)"
2,group4_4f1_layer15__4f1_layer9,Ga,17,18,4f2_layer11,10,2.0663776487443304,Ga_O_08,"(0, 0, 0)"
2,group4_4f1_layer15__4f1_layer9,Ga,17,18,4f2_layer11,23,2.0663774783167193,Ga_O_08,"(0, 0, 0)"
2,group4_4f1_layer15__4f1_layer9,Ga,17,18,4f2_layer11,33,1.9849917593946298,Ga_O_06,"(1, 0, 0)"
2,group4_4f1_layer15__4f1_layer9,Ga,17,18,4f2_layer11,37,2.0663777054221355,Ga_O_08,"(0, 0, 0)"
2,group4_4f1_layer15__4f1_layer9,Ga,18,19,4f2_layer3,2,2.0663771907209756,Ga_O_08,"(0, 0, 0)"
2,group4_4f1_layer15__4f1_layer9,Ga,18,19,4f2_layer3,16,2.066377020121716,Ga_O_08,"(0, 0, 0)"
2,group4_4f1_layer15__4f1_layer9,Ga,18,19,4f2_layer3,18,1.9849922964805824,Ga_O_06,"(-1, 0, 0)"
2,group4_4f1_layer15__4f1_layer9,Ga,18,19,4f2_layer3,21,1.9849924174878968,Ga_O_06,"(0, 0, 0)"
2,group4_4f1_layer15__4f1_layer9,Ga,18,19,4f2_layer3,25,1.9849924184808014,Ga_O_06,"(0, 1, 0)"
2,group4_4f1_layer15__4f1_layer9,Ga,18,19,4f2_layer3,35,2.066377246884635,Ga_O_08,"(0, 0, 0)"
2,group4_4f1_layer15__4f1_layer9,Ga,19,20,4f1_layer7,3,1.9084360732701862,Ga_O_02,"(0, 0, 0)"
2,group4_4f1_layer15__4f1_layer9,Ga,19,20,4f1_layer7,13,1.9084359271385227,Ga_O_02,"(0, 0, 0)"
2,group4_4f1_layer15__4f1_layer9,Ga,19,20,4f1_layer7,17,1.909127043000001,Ga_O_03,"(0, 0, 0)"
2,group4_4f1_layer15__4f1_layer9,Ga,19,20,4f1_layer7,36,1.9084359275969722,Ga_O_02,"(0, 0, 0)"
2,group4_4f1_layer15__4f1_layer9,Ga,20,21,4f2_layer5,2,2.0663771900543897,Ga_O_08,"(0, 0, 0)"
2,group4_4f1_layer15__4f1_layer9,Ga,20,21,4f2_layer5,4,1.9849924184808014,Ga_O_06,"(0, 1, 0)"
2,group4_4f1_layer15__4f1_layer9,Ga,20,21,4f2_layer5,16,2.0663770194551296,Ga_O_08,"(0, 0, 0)"
2,group4_4f1_layer15__4f1_layer9,Ga,20,21,4f2_layer5,28,1.9849924174878968,Ga_O_06,"(0, 0, 0)"
2,group4_4f1_layer15__4f1_layer9,Ga,20,21,4f2_layer5,35,2.0663772462180487,Ga_O_08,"(0, 0, 0)"
2,group4_4f1_layer15__4f1_layer9,Ga,20,21,4f2_layer5,38,1.9849922964805824,Ga_O_06,"(-1, 0, 0)"
2,group4_4f1_layer15__4f1_layer9,Ga,21,22,4f1_layer1,15,1.9091273005999965,Ga_O_03,"(0, 0, -1)"
2,group4_4f1_layer15__4f1_layer9,Ga,21,22,4f1_layer1,29,1.9084359275969722,Ga_O_02,"(0, 0, 0)"
2,group4_4f1_layer15__4f1_layer9,Ga,21,22,4f1_layer1,32,1.9084360732701862,Ga_O_02,"(0, 0, 0)"
2,group4_4f1_layer15__4f1_layer9,Ga,21,22,4f1_layer1,34,1.9084359271385227,Ga_O_02,"(0, 0, 0)"
2,group4_4f1_layer15__4f1_layer9,Ga,22,23,4f2_layer13,9,1.9849917593946296,Ga_O_06,"(1, 0, 0)"
2,group4_4f1_layer15__4f1_layer9,Ga,22,23,4f2_layer13,10,2.0663776487443317,Ga_O_08,"(0, 0, 0)"
2,group4_4f1_layer15__4f1_layer9,Ga,22,23,4f2_layer13,23,2.0663774783167206,Ga_O_08,"(0, 0, 0)"
2,group4_4f1_layer15__4f1_layer9,Ga,22,23,4f2_layer13,27,1.984991638404773,Ga_O_06,"(0, -1, 0)"
2,group4_4f1_layer15__4f1_layer9,Ga,22,23,4f2_layer13,30,1.984991758786552,Ga_O_06,"(0, 0, 0)"
2,group4_4f1_layer15__4f1_layer9,Ga,22,23,4f2_layer13,37,2.066377705422137,Ga_O_08,"(0, 0, 0)"
2,group4_4f1_layer15__4f1_layer9,Cr,2,24,4f1_layer15,8,1.9084361547650497,Cr_O_02,"(0, 0, 0)"
2,group4_4f1_layer15__4f1_layer9,Cr,2,24,4f1_layer15,14,1.9084362998548778,Cr_O_02,"(0, 0, 0)"
2,group4_4f1_layer15__4f1_layer9,Cr,2,24,4f1_layer15,24,1.9084361547650501,Cr_O_02,"(0, 0, 0)"
2,group4_4f1_layer15__4f1_layer9,Cr,2,24,4f1_layer15,31,1.9091268705999949,Cr_O_03,"(0, 0, 1)"
2,group5_4f1_layer7__4f1_layer1,Sr,1,,,2,2.958098043228469,Sr_O_02,"(0, -1, 0)"
2,group5_4f1_layer7__4f1_layer1,Sr,1,,,4,2.864579795118219,Sr_O_01,"(0, 0, 0)"
2,group5_4f1_layer7__4f1_layer1,Sr,1,,,16,2.9580979326637595,Sr_O_02,"(1, 0, 0)"
2,group5_4f1_layer7__4f1_layer1,Sr,1,,,18,2.8645798765734263,Sr_O_01,"(0, 0, 0)"
2,group5_4f1_layer7__4f1_layer1,Sr,1,,,21,2.864579884642825,Sr_O_01,"(0, 0, 0)"
2,group5_4f1_layer7__4f1_layer1,Sr,1,,,25,2.8645797959311503,Sr_O_01,"(0, 0, 0)"
2,group5_4f1_layer7__4f1_layer1,Sr,1,,,28,2.864579883829894,Sr_O_01,"(0, 0, 0)"
2,group5_4f1_layer7__4f1_layer1,Sr,1,,,35,2.95809800345424,Sr_O_02,"(0, -1, 0)"
2,group5_4f1_layer7__4f1_layer1,Sr,1,,,38,2.8645798757604948,Sr_O_01,"(0, 0, 0)"
2,group5_4f1_layer7__4f1_layer1,Sr,2,,,1,2.8645793251769454,Sr_O_01,"(0, 0, 0)"
2,group5_4f1_layer7__4f1_layer1,Sr,2,,,5,2.8645793169995204,Sr_O_01,"(0, 0, 0)"
2,group5_4f1_layer7__4f1_layer1,Sr,2,,,9,2.8645792364135385,Sr_O_01,"(0, 0, 0)"
2,group5_4f1_layer7__4f1_layer1,Sr,2,,,10,2.9580980427214705,Sr_O_02,"(-1, 0, 0)"
2,group5_4f1_layer7__4f1_layer1,Sr,2,,,23,2.95809793284463,Sr_O_02,"(0, 1, 0)"
2,group5_4f1_layer7__4f1_layer1,Sr,2,,,27,2.8645793169995213,Sr_O_01,"(0, 0, 0)"
2,group5_4f1_layer7__4f1_layer1,Sr,2,,,30,2.8645793251769462,Sr_O_01,"(0, 0, 0)"
2,group5_4f1_layer7__4f1_layer1,Sr,2,,,33,2.864579236413537,Sr_O_01,"(0, 0, 0)"
2,group5_4f1_layer7__4f1_layer1,Sr,2,,,37,2.9580980035278155,Sr_O_02,"(-1, 0, 0)"
2,group5_4f1_layer7__4f1_layer1,Ga,1,1,12k_layer6_3,4,1.9254355757587174,Ga_O_04,"(0, 0, 0)"
2,group5_4f1_layer7__4f1_layer1,Ga,1,1,12k_layer6_3,6,1.9844559567789057,Ga_O_05,"(-1, -1, 0)"
2,group5_4f1_layer7__4f1_layer1,Ga,1,1,12k_layer6_3,13,2.0983234538406146,Ga_O_10,"(0, 0, 0)"
2,group5_4f1_layer7__4f1_layer1,Ga,1,1,12k_layer6_3,19,2.094827515170505,Ga_O_09,"(0, 0, 0)"
2,group5_4f1_layer7__4f1_layer1,Ga,1,1,12k_layer6_3,28,1.925435576196381,Ga_O_04,"(0, 0, 0)"
2,group5_4f1_layer7__4f1_layer1,Ga,1,1,12k_layer6_3,36,2.0983234538272053,Ga_O_10,"(0, -1, 0)"
2,group5_4f1_layer7__4f1_layer1,Ga,2,2,12k_layer2_3,7,1.9844559567789046,Ga_O_05,"(-1, -1, 0)"
2,group5_4f1_layer7__4f1_layer1,Ga,2,2,12k_layer2_3,21,1.9254355761963797,Ga_O_04,"(0, 0, 0)"
2,group5_4f1_layer7__4f1_layer1,Ga,2,2,12k_layer2_3,25,1.9254355757587163,Ga_O_04,"(0, 0, 0)"
2,group5_4f1_layer7__4f1_layer1,Ga,2,2,12k_layer2_3,29,2.098323453827207,Ga_O_10,"(0, -1, 0)"
2,group5_4f1_layer7__4f1_layer1,Ga,2,2,12k_layer2_3,31,2.0948275151705062,Ga_O_09,"(0, 0, 0)"
2,group5_4f1_layer7__4f1_layer1,Ga,2,2,12k_layer2_3,34,2.0983234538406164,Ga_O_10,"(0, 0, 0)"
2,group5_4f1_layer7__4f1_layer1,Ga,3,3,12k_layer14_1,8,2.0983229791065865,Ga_O_10,"(0, 0, 0)"
2,group5_4f1_layer7__4f1_layer1,Ga,3,3,12k_layer14_1,9,1.9254359958162917,Ga_O_04,"(0, 0, 0)"
2,group5_4f1_layer7__4f1_layer1,Ga,3,3,12k_layer14_1,15,2.094827260093365,Ga_O_09,"(0, 0, 0)"
2,group5_4f1_layer7__4f1_layer1,Ga,3,3,12k_layer14_1,20,1.9844560436631808,Ga_O_05,"(-1, -1, 0)"
2,group5_4f1_layer7__4f1_layer1,Ga,3,3,12k_layer14_1,24,2.0983229796303986,Ga_O_10,"(-1, 0, 0)"
2,group5_4f1_layer7__4f1_layer1,Ga,3,3,12k_layer14_1,30,1.9254359958162914,Ga_O_04,"(0, 0, 0)"
2,group5_4f1_layer7__4f1_layer1,Ga,4,4,12k_layer2_2,7,1.984455956778905,Ga_O_05,"(0, -1, 0)"
2,group5_4f1_layer7__4f1_layer1,Ga,4,4,12k_layer2_2,18,1.9254355763634932,Ga_O_04,"(0, 0, 0)"
2,group5_4f1_layer7__4f1_layer1,Ga,4,4,12k_layer2_2,25,1.925435575758716,Ga_O_04,"(0, 0, 0)"
2,group5_4f1_layer7__4f1_layer1,Ga,4,4,12k_layer2_2,31,2.094827515170506,Ga_O_09,"(0, 0, 0)"
2,group5_4f1_layer7__4f1_layer1,Ga,4,4,12k_layer2_2,32,2.0983234538709623,Ga_O_10,"(0, -1, 0)"
2,group5_4f1_layer7__4f1_layer1,Ga,4,4,12k_layer2_2,34,2.098323454408184,Ga_O_10,"(1, 0, 0)"
2,group5_4f1_layer7__4f1_layer1,Ga,5,5,12k_layer14_3,14,2.098322979539073,Ga_O_10,"(0, 0, 0)"
2,group5_4f1_layer7__4f1_layer1,Ga,5,5,12k_layer14_3,15,2.094827383098975,Ga_O_09,"(0, 0, 0)"
2,group5_4f1_layer7__4f1_layer1,Ga,5,5,12k_layer14_3,20,1.9844560439741377,Ga_O_05,"(0, 0, 0)"
2,group5_4f1_layer7__4f1_layer1,Ga,5,5,12k_layer14_3,24,2.098322979658534,Ga_O_10,"(0, 1, 0)"
2,group5_4f1_layer7__4f1_layer1,Ga,5,5,12k_layer14_3,27,1.925435983138288,Ga_O_04,"(0, 0, 0)"
2,group5_4f1_layer7__4f1_layer1,Ga,5,5,12k_layer14_3,30,1.9254359955204852,Ga_O_04,"(0, 0, 0)"
2,group5_4f1_layer7__4f1_layer1,Ga,6,6,12k_layer10_2,5,1.9254359120300575,Ga_O_04,"(0, 0, 0)"
2,group5_4f1_layer7__4f1_layer1,Ga,6,6,12k_layer10_2,12,1.98445595738215,Ga_O_05,"(-1, 0, 0)"
2,group5_4f1_layer7__4f1_layer1,Ga,6,6,12k_layer10_2,17,2.094827514410795,Ga_O_09,"(0, 0, 0)"
2,group5_4f1_layer7__4f1_layer1,Ga,6,6,12k_layer10_2,22,2.0983230321761726,Ga_O_10,"(-1, 0, 0)"
2,group5_4f1_layer7__4f1_layer1,Ga,6,6,12k_layer10_2,26,2.0983230324265865,Ga_O_10,"(0, 1, 0)"
2,group5_4f1_layer7__4f1_layer1,Ga,6,6,12k_layer10_2,33,1.9254359114895088,Ga_O_04,"(0, 0, 0)"
2,group5_4f1_layer7__4f1_layer1,Ga,7,7,12k_layer6_2,3,2.0983234538709605,Ga_O_10,"(0, -1, 0)"
2,group5_4f1_layer7__4f1_layer1,Ga,7,7,12k_layer6_2,4,1.9254355757587174,Ga_O_04,"(0, 0, 0)"
2,group5_4f1_layer7__4f1_layer1,Ga,7,7,12k_layer6_2,6,1.9844559567789064,Ga_O_05,"(0, -1, 0)"
2,group5_4f1_layer7__4f1_layer1,Ga,7,7,12k_layer6_2,13,2.0983234544081824,Ga_O_10,"(1, 0, 0)"
2,group5_4f1_layer7__4f1_layer1,Ga,7,7,12k_layer6_2,19,2.0948275151705045,Ga_O_09,"(0, 0, 0)"
2,group5_4f1_layer7__4f1_layer1,Ga,7,7,12k_layer6_2,38,1.9254355763634945,Ga_O_04,"(0, 0, 0)"
2,group5_4f1_layer7__4f1_layer1,Ga,8,8,12k_layer6_1,3,2.0983234541175877,Ga_O_10,"(0, 0, 0)"
2,group5_4f1_layer7__4f1_layer1,Ga,8,8,12k_layer6_1,6,1.9844559569613607,Ga_O_05,"(0, 0, 0)"
2,group5_4f1_layer7__4f1_layer1,Ga,8,8,12k_layer6_1,19,2.0948276379027013,Ga_O_09,"(0, 0, 0)"
2,group5_4f1_layer7__4f1_layer1,Ga,8,8,12k_layer6_1,28,1.9254355756093047,Ga_O_04,"(0, 0, 0)"
2,group5_4f1_layer7__4f1_layer1,Ga,8,8,12k_layer6_1,36,2.0983234546414,Ga_O_10,"(1, 0, 0)"
2,group5_4f1_layer7__4f1_layer1,Ga,8,8,12k_layer6_1,38,1.925435563604001,Ga_O_04,"(0, 0, 0)"
2,group5_4f1_layer7__4f1_layer1,Ga,9,9,12k_layer14_2,8,2.098322979647595,Ga_O_10,"(0, 1, 0)"
2,group5_4f1_layer7__4f1_layer1,Ga,9,9,12k_layer14_2,9,1.9254359955309297,Ga_O_04,"(0, 0, 0)"
2,group5_4f1_layer7__4f1_layer1,Ga,9,9,12k_layer14_2,14,2.098322979397181,Ga_O_10,"(-1, 0, 0)"
2,group5_4f1_layer7__4f1_layer1,Ga,9,9,12k_layer14_2,15,2.094827260728784,Ga_O_09,"(0, 0, 0)"
2,group5_4f1_layer7__4f1_layer1,Ga,9,9,12k_layer14_2,20,1.9844560438241048,Ga_O_05,"(-1, 0, 0)"
2,group5_4f1_layer7__4f1_layer1,Ga,9,9,12k_layer14_2,27,1.9254359960714784,Ga_O_04,"(0, 0, 0)"
2,group5_4f1_layer7__4f1_layer1,Ga,10,10,2a_layer16,8,1.9948520249218649,Ga_O_07,"(1, 1, 0)"
2,group5_4f1_layer7__4f1_layer1,Ga,10,10,2a_layer16,14,1.9948520252426432,Ga_O_07,"(0, 0, 0)"
2,group5_4f1_layer7__4f1_layer1,Ga,10,10,2a_layer16,24,1.9948520249218644,Ga_O_07,"(0, 1, 0)"
2,group5_4f1_layer7__4f1_layer1,Ga,10,10,2a_layer16,29,1.9948516604791149,Ga_O_07,"(1, 0, 1)"
2,group5_4f1_layer7__4f1_layer1,Ga,10,10,2a_layer16,32,1.9948516599281325,Ga_O_07,"(0, 0, 1)"
2,group5_4f1_layer7__4f1_layer1,Ga,10,10,2a_layer16,34,1.994851660087002,Ga_O_07,"(1, 1, 1)"
2,group5_4f1_layer7__4f1_layer1,Ga,11,11,12k_layer10_3,1,1.9254359114790642,Ga_O_04,"(0, 0, 0)"
2,group5_4f1_layer7__4f1_layer1,Ga,11,11,12k_layer10_3,5,1.9254358990968665,Ga_O_04,"(0, 0, 0)"
2,group5_4f1_layer7__4f1_layer1,Ga,11,11,12k_layer10_3,11,2.0983230324375253,Ga_O_10,"(0, 1, 0)"
2,group5_4f1_layer7__4f1_layer1,Ga,11,11,12k_layer10_3,12,1.9844559575321832,Ga_O_05,"(0, 0, 0)"
2,group5_4f1_layer7__4f1_layer1,Ga,11,11,12k_layer10_3,17,2.094827636780971,Ga_O_09,"(0, 0, 0)"
2,group5_4f1_layer7__4f1_layer1,Ga,11,11,12k_layer10_3,22,2.0983230323180644,Ga_O_10,"(0, 0, 0)"
2,group5_4f1_layer7__4f1_layer1,Ga,12,12,12k_layer10_1,1,1.9254359117748707,Ga_O_04,"(0, 0, 0)"
2,group5_4f1_layer7__4f1_layer1,Ga,12,12,12k_layer10_1,11,2.0983230324093904,Ga_O_10,"(-1, 0, 0)"
2,group5_4f1_layer7__4f1_layer1,Ga,12,12,12k_layer10_1,12,1.9844559572212264,Ga_O_05,"(-1, -1, 0)"
2,group5_4f1_layer7__4f1_layer1,Ga,12,12,12k_layer10_1,17,2.0948275137753765,Ga_O_09,"(0, 0, 0)"
2,group5_4f1_layer7__4f1_layer1,Ga,12,12,12k_layer10_1,26,2.098323031885578,Ga_O_10,"(0, 0, 0)"
2,group5_4f1_layer7__4f1_layer1,Ga,12,12,12k_layer10_1,33,1.9254359117748707,Ga_O_04,"(0, 0, 0)"
2,group5_4f1_layer7__4f1_layer1,Ga,13,13,12k_layer2_1,7,1.9844559569613596,Ga_O_05,"(0, 0, 0)"
2,group5_4f1_layer7__4f1_layer1,Ga,13,13,12k_layer2_1,18,1.925435563604,Ga_O_04,"(0, 0, 0)"
2,group5_4f1_layer7__4f1_layer1,Ga,13,13,12k_layer2_1,21,1.9254355756093033,Ga_O_04,"(0, 0, 0)"
2,group5_4f1_layer7__4f1_layer1,Ga,13,13,12k_layer2_1,29,2.0983234546414016,Ga_O_10,"(1, 0, 0)"
2,group5_4f1_layer7__4f1_layer1,Ga,13,13,12k_layer2_1,31,2.0948276379027027,Ga_O_09,"(0, 0, 0)"
2,group5_4f1_layer7__4f1_layer1,Ga,13,13,12k_layer2_1,32,2.0983234541175895,Ga_O_10,"(0, 0, 0)"
2,group5_4f1_layer7__4f1_layer1,Ga,14,14,2b_layer12,10,1.8700732788205217,Ga_O_01,"(0, 1, 0)"
2,group5_4f1_layer7__4f1_layer1,Ga,14,14,2b_layer12,12,2.2779384420000004,Ga_O_11,"(0, 0, 0)"
2,group5_4f1_layer7__4f1_layer1,Ga,14,14,2b_layer12,20,2.2779384410000003,Ga_O_11,"(0, 0, 0)"
2,group5_4f1_layer7__4f1_layer1,Ga,14,14,2b_layer12,23,1.870073507451236,Ga_O_01,"(1, 1, 0)"
2,group5_4f1_layer7__4f1_layer1,Ga,14,14,2b_layer12,37,1.870073355,Ga_O_01,"(0, 0, 0)"
2,group5_4f1_layer7__4f1_layer1,Ga,15,15,2a_layer8,3,1.9948516601706343,Ga_O_07,"(0, 0, 0)"
2,group5_4f1_layer7__4f1_layer1,Ga,15,15,2a_layer8,11,1.9948520770594027,Ga_O_07,"(0, 1, 0)"
2,group5_4f1_layer7__4f1_layer1,Ga,15,15,2a_layer8,13,1.994851660329504,Ga_O_07,"(1, 1, 0)"
2,group5_4f1_layer7__4f1_layer1,Ga,15,15,2a_layer8,22,1.9948520773801812,Ga_O_07,"(0, 0, 0)"
2,group5_4f1_layer7__4f1_layer1,Ga,15,15,2a_layer8,26,1.9948520770594032,Ga_O_07,"(1, 1, 0)"
2,group5_4f1_layer7__4f1_layer1,Ga,15,15,2a_layer8,36,1.9948516607216167,Ga_O_07,"(1, 0, 0)"
2,group5_4f1_layer7__4f1_layer1,Ga,16,16,2b_layer4,2,1.8700732794118144,Ga_O_01,"(1, 0, 0)"
2,group5_4f1_layer7__4f1_layer1,Ga,16,16,2b_layer4,6,2.277938441000001,Ga_O_11,"(0, 0, 0)"
2,group5_4f1_layer7__4f1_layer1,Ga,16,16,2b_layer4,7,2.2779384420000004,Ga_O_11,"(0, 0, 0)"
2,group5_4f1_layer7__4f1_layer1,Ga,16,16,2b_layer4,16,1.8700735073000085,Ga_O_01,"(1, 1, 0)"
2,group5_4f1_layer7__4f1_layer1,Ga,16,16,2b_layer4,35,1.870073355795254,Ga_O_01,"(0, 0, 0)"
2,group5_4f1_layer7__4f1_layer1,Ga,17,17,4f1_layer9,11,1.9084361294606749,Ga_O_02,"(0, 0, 0)"
2,group5_4f1_layer7__4f1_layer1,Ga,17,17,4f1_layer9,19,1.9091270429999996,Ga_O_03,"(0, 0, 0)"
2,group5_4f1_layer7__4f1_layer1,Ga,17,17,4f1_layer9,22,1.9084362745505044,Ga_O_02,"(0, 0, 0)"
2,group5_4f1_layer7__4f1_layer1,Ga,17,17,4f1_layer9,26,1.9084361294606744,Ga_O_02,"(0, 0, 0)"
2,group5_4f1_layer7__4f1_layer1,Ga,18,18,4f2_layer11,1,1.9849917587865524,Ga_O_06,"(0, 0, 0)"
2,group5_4f1_layer7__4f1_layer1,Ga,18,18,4f2_layer11,5,1.9849916384047732,Ga_O_06,"(0, -1, 0)"
2,group5_4f1_layer7__4f1_layer1,Ga,18,18,4f2_layer11,10,2.0663776487443304,Ga_O_08,"(0, 0, 0)"
2,group5_4f1_layer7__4f1_layer1,Ga,18,18,4f2_layer11,23,2.0663774783167193,Ga_O_08,"(0, 0, 0)"
2,group5_4f1_layer7__4f1_layer1,Ga,18,18,4f2_layer11,33,1.9849917593946298,Ga_O_06,"(1, 0, 0)"
2,group5_4f1_layer7__4f1_layer1,Ga,18,18,4f2_layer11,37,2.0663777054221355,Ga_O_08,"(0, 0, 0)"
2,group5_4f1_layer7__4f1_layer1,Ga,19,19,4f2_layer3,2,2.0663771907209756,Ga_O_08,"(0, 0, 0)"
2,group5_4f1_layer7__4f1_layer1,Ga,19,19,4f2_layer3,16,2.066377020121716,Ga_O_08,"(0, 0, 0)"
2,group5_4f1_layer7__4f1_layer1,Ga,19,19,4f2_layer3,18,1.9849922964805824,Ga_O_06,"(-1, 0, 0)"
2,group5_4f1_layer7__4f1_layer1,Ga,19,19,4f2_layer3,21,1.9849924174878968,Ga_O_06,"(0, 0, 0)"
2,group5_4f1_layer7__4f1_layer1,Ga,19,19,4f2_layer3,25,1.9849924184808014,Ga_O_06,"(0, 1, 0)"
2,group5_4f1_layer7__4f1_layer1,Ga,19,19,4f2_layer3,35,2.066377246884635,Ga_O_08,"(0, 0, 0)"
2,group5_4f1_layer7__4f1_layer1,Cr,1,20,4f1_layer7,3,1.9084360732701862,Cr_O_02,"(0, 0, 0)"
2,group5_4f1_layer7__4f1_layer1,Cr,1,20,4f1_layer7,13,1.9084359271385227,Cr_O_02,"(0, 0, 0)"
2,group5_4f1_layer7__4f1_layer1,Cr,1,20,4f1_layer7,17,1.909127043000001,Cr_O_03,"(0, 0, 0)"
2,group5_4f1_layer7__4f1_layer1,Cr,1,20,4f1_layer7,36,1.9084359275969722,Cr_O_02,"(0, 0, 0)"
2,group5_4f1_layer7__4f1_layer1,Ga,20,21,4f2_layer5,2,2.0663771900543897,Ga_O_08,"(0, 0, 0)"
2,group5_4f1_layer7__4f1_layer1,Ga,20,21,4f2_layer5,4,1.9849924184808014,Ga_O_06,"(0, 1, 0)"
2,group5_4f1_layer7__4f1_layer1,Ga,20,21,4f2_layer5,16,2.0663770194551296,Ga_O_08,"(0, 0, 0)"
2,group5_4f1_layer7__4f1_layer1,Ga,20,21,4f2_layer5,28,1.9849924174878968,Ga_O_06,"(0, 0, 0)"
2,group5_4f1_layer7__4f1_layer1,Ga,20,21,4f2_layer5,35,2.0663772462180487,Ga_O_08,"(0, 0, 0)"
2,group5_4f1_layer7__4f1_layer1,Ga,20,21,4f2_layer5,38,1.9849922964805824,Ga_O_06,"(-1, 0, 0)"
2,group5_4f1_layer7__4f1_layer1,Cr,2,22,4f1_layer1,15,1.9091273005999965,Cr_O_03,"(0, 0, -1)"
2,group5_4f1_layer7__4f1_layer1,Cr,2,22,4f1_layer1,29,1.9084359275969722,Cr_O_02,"(0, 0, 0)"
2,group5_4f1_layer7__4f1_layer1,Cr,2,22,4f1_layer1,32,1.9084360732701862,Cr_O_02,"(0, 0, 0)"
2,group5_4f1_layer7__4f1_layer1,Cr,2,22,4f1_layer1,34,1.9084359271385227,Cr_O_02,"(0, 0, 0)"
2,group5_4f1_layer7__4f1_layer1,Ga,21,23,4f2_layer13,9,1.9849917593946296,Ga_O_06,"(1, 0, 0)"
2,group5_4f1_layer7__4f1_layer1,Ga,21,23,4f2_layer13,10,2.0663776487443317,Ga_O_08,"(0, 0, 0)"
2,group5_4f1_layer7__4f1_layer1,Ga,21,23,4f2_layer13,23,2.0663774783167206,Ga_O_08,"(0, 0, 0)"
2,group5_4f1_layer7__4f1_layer1,Ga,21,23,4f2_layer13,27,1.984991638404773,Ga_O_06,"(0, -1, 0)"
2,group5_4f1_layer7__4f1_layer1,Ga,21,23,4f2_layer13,30,1.984991758786552,Ga_O_06,"(0, 0, 0)"
2,group5_4f1_layer7__4f1_layer1,Ga,21,23,4f2_layer13,37,2.066377705422137,Ga_O_08,"(0, 0, 0)"
2,group5_4f1_layer7__4f1_layer1,Ga,22,24,4f1_layer15,8,1.9084361547650497,Ga_O_02,"(0, 0, 0)"
2,group5_4f1_layer7__4f1_layer1,Ga,22,24,4f1_layer15,14,1.9084362998548778,Ga_O_02,"(0, 0, 0)"
2,group5_4f1_layer7__4f1_layer1,Ga,22,24,4f1_layer15,24,1.9084361547650501,Ga_O_02,"(0, 0, 0)"
2,group5_4f1_layer7__4f1_layer1,Ga,22,24,4f1_layer15,31,1.9091268705999949,Ga_O_03,"(0, 0, 1)"
2,group6_4f2_layer13__4f2_layer5,Sr,1,,,2,2.958098043228469,Sr_O_02,"(0, -1, 0)"
2,group6_4f2_layer13__4f2_layer5,Sr,1,,,4,2.864579795118219,Sr_O_01,"(0, 0, 0)"
2,group6_4f2_layer13__4f2_layer5,Sr,1,,,16,2.9580979326637595,Sr_O_02,"(1, 0, 0)"
2,group6_4f2_layer13__4f2_layer5,Sr,1,,,18,2.8645798765734263,Sr_O_01,"(0, 0, 0)"
2,group6_4f2_layer13__4f2_layer5,Sr,1,,,21,2.864579884642825,Sr_O_01,"(0, 0, 0)"
2,group6_4f2_layer13__4f2_layer5,Sr,1,,,25,2.8645797959311503,Sr_O_01,"(0, 0, 0)"
2,group6_4f2_layer13__4f2_layer5,Sr,1,,,28,2.864579883829894,Sr_O_01,"(0, 0, 0)"
2,group6_4f2_layer13__4f2_layer5,Sr,1,,,35,2.95809800345424,Sr_O_02,"(0, -1, 0)"
2,group6_4f2_layer13__4f2_layer5,Sr,1,,,38,2.8645798757604948,Sr_O_01,"(0, 0, 0)"
2,group6_4f2_layer13__4f2_layer5,Sr,2,,,1,2.8645793251769454,Sr_O_01,"(0, 0, 0)"
2,group6_4f2_layer13__4f2_layer5,Sr,2,,,5,2.8645793169995204,Sr_O_01,"(0, 0, 0)"
2,group6_4f2_layer13__4f2_layer5,Sr,2,,,9,2.8645792364135385,Sr_O_01,"(0, 0, 0)"
2,group6_4f2_layer13__4f2_layer5,Sr,2,,,10,2.9580980427214705,Sr_O_02,"(-1, 0, 0)"
2,group6_4f2_layer13__4f2_layer5,Sr,2,,,23,2.95809793284463,Sr_O_02,"(0, 1, 0)"
2,group6_4f2_layer13__4f2_layer5,Sr,2,,,27,2.8645793169995213,Sr_O_01,"(0, 0, 0)"
2,group6_4f2_layer13__4f2_layer5,Sr,2,,,30,2.8645793251769462,Sr_O_01,"(0, 0, 0)"
2,group6_4f2_layer13__4f2_layer5,Sr,2,,,33,2.864579236413537,Sr_O_01,"(0, 0, 0)"
2,group6_4f2_layer13__4f2_layer5,Sr,2,,,37,2.9580980035278155,Sr_O_02,"(-1, 0, 0)"
2,group6_4f2_layer13__4f2_layer5,Ga,1,1,12k_layer6_3,4,1.9254355757587174,Ga_O_04,"(0, 0, 0)"
2,group6_4f2_layer13__4f2_layer5,Ga,1,1,12k_layer6_3,6,1.9844559567789057,Ga_O_05,"(-1, -1, 0)"
2,group6_4f2_layer13__4f2_layer5,Ga,1,1,12k_layer6_3,13,2.0983234538406146,Ga_O_10,"(0, 0, 0)"
2,group6_4f2_layer13__4f2_layer5,Ga,1,1,12k_layer6_3,19,2.094827515170505,Ga_O_09,"(0, 0, 0)"
2,group6_4f2_layer13__4f2_layer5,Ga,1,1,12k_layer6_3,28,1.925435576196381,Ga_O_04,"(0, 0, 0)"
2,group6_4f2_layer13__4f2_layer5,Ga,1,1,12k_layer6_3,36,2.0983234538272053,Ga_O_10,"(0, -1, 0)"
2,group6_4f2_layer13__4f2_layer5,Ga,2,2,12k_layer2_3,7,1.9844559567789046,Ga_O_05,"(-1, -1, 0)"
2,group6_4f2_layer13__4f2_layer5,Ga,2,2,12k_layer2_3,21,1.9254355761963797,Ga_O_04,"(0, 0, 0)"
2,group6_4f2_layer13__4f2_layer5,Ga,2,2,12k_layer2_3,25,1.9254355757587163,Ga_O_04,"(0, 0, 0)"
2,group6_4f2_layer13__4f2_layer5,Ga,2,2,12k_layer2_3,29,2.098323453827207,Ga_O_10,"(0, -1, 0)"
2,group6_4f2_layer13__4f2_layer5,Ga,2,2,12k_layer2_3,31,2.0948275151705062,Ga_O_09,"(0, 0, 0)"
2,group6_4f2_layer13__4f2_layer5,Ga,2,2,12k_layer2_3,34,2.0983234538406164,Ga_O_10,"(0, 0, 0)"
2,group6_4f2_layer13__4f2_layer5,Ga,3,3,12k_layer14_1,8,2.0983229791065865,Ga_O_10,"(0, 0, 0)"
2,group6_4f2_layer13__4f2_layer5,Ga,3,3,12k_layer14_1,9,1.9254359958162917,Ga_O_04,"(0, 0, 0)"
2,group6_4f2_layer13__4f2_layer5,Ga,3,3,12k_layer14_1,15,2.094827260093365,Ga_O_09,"(0, 0, 0)"
2,group6_4f2_layer13__4f2_layer5,Ga,3,3,12k_layer14_1,20,1.9844560436631808,Ga_O_05,"(-1, -1, 0)"
2,group6_4f2_layer13__4f2_layer5,Ga,3,3,12k_layer14_1,24,2.0983229796303986,Ga_O_10,"(-1, 0, 0)"
2,group6_4f2_layer13__4f2_layer5,Ga,3,3,12k_layer14_1,30,1.9254359958162914,Ga_O_04,"(0, 0, 0)"
2,group6_4f2_layer13__4f2_layer5,Ga,4,4,12k_layer2_2,7,1.984455956778905,Ga_O_05,"(0, -1, 0)"
2,group6_4f2_layer13__4f2_layer5,Ga,4,4,12k_layer2_2,18,1.9254355763634932,Ga_O_04,"(0, 0, 0)"
2,group6_4f2_layer13__4f2_layer5,Ga,4,4,12k_layer2_2,25,1.925435575758716,Ga_O_04,"(0, 0, 0)"
2,group6_4f2_layer13__4f2_layer5,Ga,4,4,12k_layer2_2,31,2.094827515170506,Ga_O_09,"(0, 0, 0)"
2,group6_4f2_layer13__4f2_layer5,Ga,4,4,12k_layer2_2,32,2.0983234538709623,Ga_O_10,"(0, -1, 0)"
2,group6_4f2_layer13__4f2_layer5,Ga,4,4,12k_layer2_2,34,2.098323454408184,Ga_O_10,"(1, 0, 0)"
2,group6_4f2_layer13__4f2_layer5,Ga,5,5,12k_layer14_3,14,2.098322979539073,Ga_O_10,"(0, 0, 0)"
2,group6_4f2_layer13__4f2_layer5,Ga,5,5,12k_layer14_3,15,2.094827383098975,Ga_O_09,"(0, 0, 0)"
2,group6_4f2_layer13__4f2_layer5,Ga,5,5,12k_layer14_3,20,1.9844560439741377,Ga_O_05,"(0, 0, 0)"
2,group6_4f2_layer13__4f2_layer5,Ga,5,5,12k_layer14_3,24,2.098322979658534,Ga_O_10,"(0, 1, 0)"
2,group6_4f2_layer13__4f2_layer5,Ga,5,5,12k_layer14_3,27,1.925435983138288,Ga_O_04,"(0, 0, 0)"
2,group6_4f2_layer13__4f2_layer5,Ga,5,5,12k_layer14_3,30,1.9254359955204852,Ga_O_04,"(0, 0, 0)"
2,group6_4f2_layer13__4f2_layer5,Ga,6,6,12k_layer10_2,5,1.9254359120300575,Ga_O_04,"(0, 0, 0)"
2,group6_4f2_layer13__4f2_layer5,Ga,6,6,12k_layer10_2,12,1.98445595738215,Ga_O_05,"(-1, 0, 0)"
2,group6_4f2_layer13__4f2_layer5,Ga,6,6,12k_layer10_2,17,2.094827514410795,Ga_O_09,"(0, 0, 0)"
2,group6_4f2_layer13__4f2_layer5,Ga,6,6,12k_layer10_2,22,2.0983230321761726,Ga_O_10,"(-1, 0, 0)"
2,group6_4f2_layer13__4f2_layer5,Ga,6,6,12k_layer10_2,26,2.0983230324265865,Ga_O_10,"(0, 1, 0)"
2,group6_4f2_layer13__4f2_layer5,Ga,6,6,12k_layer10_2,33,1.9254359114895088,Ga_O_04,"(0, 0, 0)"
2,group6_4f2_layer13__4f2_layer5,Ga,7,7,12k_layer6_2,3,2.0983234538709605,Ga_O_10,"(0, -1, 0)"
2,group6_4f2_layer13__4f2_layer5,Ga,7,7,12k_layer6_2,4,1.9254355757587174,Ga_O_04,"(0, 0, 0)"
2,group6_4f2_layer13__4f2_layer5,Ga,7,7,12k_layer6_2,6,1.9844559567789064,Ga_O_05,"(0, -1, 0)"
2,group6_4f2_layer13__4f2_layer5,Ga,7,7,12k_layer6_2,13,2.0983234544081824,Ga_O_10,"(1, 0, 0)"
2,group6_4f2_layer13__4f2_layer5,Ga,7,7,12k_layer6_2,19,2.0948275151705045,Ga_O_09,"(0, 0, 0)"
2,group6_4f2_layer13__4f2_layer5,Ga,7,7,12k_layer6_2,38,1.9254355763634945,Ga_O_04,"(0, 0, 0)"
2,group6_4f2_layer13__4f2_layer5,Ga,8,8,12k_layer6_1,3,2.0983234541175877,Ga_O_10,"(0, 0, 0)"
2,group6_4f2_layer13__4f2_layer5,Ga,8,8,12k_layer6_1,6,1.9844559569613607,Ga_O_05,"(0, 0, 0)"
2,group6_4f2_layer13__4f2_layer5,Ga,8,8,12k_layer6_1,19,2.0948276379027013,Ga_O_09,"(0, 0, 0)"
2,group6_4f2_layer13__4f2_layer5,Ga,8,8,12k_layer6_1,28,1.9254355756093047,Ga_O_04,"(0, 0, 0)"
2,group6_4f2_layer13__4f2_layer5,Ga,8,8,12k_layer6_1,36,2.0983234546414,Ga_O_10,"(1, 0, 0)"
2,group6_4f2_layer13__4f2_layer5,Ga,8,8,12k_layer6_1,38,1.925435563604001,Ga_O_04,"(0, 0, 0)"
2,group6_4f2_layer13__4f2_layer5,Ga,9,9,12k_layer14_2,8,2.098322979647595,Ga_O_10,"(0, 1, 0)"
2,group6_4f2_layer13__4f2_layer5,Ga,9,9,12k_layer14_2,9,1.9254359955309297,Ga_O_04,"(0, 0, 0)"
2,group6_4f2_layer13__4f2_layer5,Ga,9,9,12k_layer14_2,14,2.098322979397181,Ga_O_10,"(-1, 0, 0)"
2,group6_4f2_layer13__4f2_layer5,Ga,9,9,12k_layer14_2,15,2.094827260728784,Ga_O_09,"(0, 0, 0)"
2,group6_4f2_layer13__4f2_layer5,Ga,9,9,12k_layer14_2,20,1.9844560438241048,Ga_O_05,"(-1, 0, 0)"
2,group6_4f2_layer13__4f2_layer5,Ga,9,9,12k_layer14_2,27,1.9254359960714784,Ga_O_04,"(0, 0, 0)"
2,group6_4f2_layer13__4f2_layer5,Ga,10,10,2a_layer16,8,1.9948520249218649,Ga_O_07,"(1, 1, 0)"
2,group6_4f2_layer13__4f2_layer5,Ga,10,10,2a_layer16,14,1.9948520252426432,Ga_O_07,"(0, 0, 0)"
2,group6_4f2_layer13__4f2_layer5,Ga,10,10,2a_layer16,24,1.9948520249218644,Ga_O_07,"(0, 1, 0)"
2,group6_4f2_layer13__4f2_layer5,Ga,10,10,2a_layer16,29,1.9948516604791149,Ga_O_07,"(1, 0, 1)"
2,group6_4f2_layer13__4f2_layer5,Ga,10,10,2a_layer16,32,1.9948516599281325,Ga_O_07,"(0, 0, 1)"
2,group6_4f2_layer13__4f2_layer5,Ga,10,10,2a_layer16,34,1.994851660087002,Ga_O_07,"(1, 1, 1)"
2,group6_4f2_layer13__4f2_layer5,Ga,11,11,12k_layer10_3,1,1.9254359114790642,Ga_O_04,"(0, 0, 0)"
2,group6_4f2_layer13__4f2_layer5,Ga,11,11,12k_layer10_3,5,1.9254358990968665,Ga_O_04,"(0, 0, 0)"
2,group6_4f2_layer13__4f2_layer5,Ga,11,11,12k_layer10_3,11,2.0983230324375253,Ga_O_10,"(0, 1, 0)"
2,group6_4f2_layer13__4f2_layer5,Ga,11,11,12k_layer10_3,12,1.9844559575321832,Ga_O_05,"(0, 0, 0)"
2,group6_4f2_layer13__4f2_layer5,Ga,11,11,12k_layer10_3,17,2.094827636780971,Ga_O_09,"(0, 0, 0)"
2,group6_4f2_layer13__4f2_layer5,Ga,11,11,12k_layer10_3,22,2.0983230323180644,Ga_O_10,"(0, 0, 0)"
2,group6_4f2_layer13__4f2_layer5,Ga,12,12,12k_layer10_1,1,1.9254359117748707,Ga_O_04,"(0, 0, 0)"
2,group6_4f2_layer13__4f2_layer5,Ga,12,12,12k_layer10_1,11,2.0983230324093904,Ga_O_10,"(-1, 0, 0)"
2,group6_4f2_layer13__4f2_layer5,Ga,12,12,12k_layer10_1,12,1.9844559572212264,Ga_O_05,"(-1, -1, 0)"
2,group6_4f2_layer13__4f2_layer5,Ga,12,12,12k_layer10_1,17,2.0948275137753765,Ga_O_09,"(0, 0, 0)"
2,group6_4f2_layer13__4f2_layer5,Ga,12,12,12k_layer10_1,26,2.098323031885578,Ga_O_10,"(0, 0, 0)"
2,group6_4f2_layer13__4f2_layer5,Ga,12,12,12k_layer10_1,33,1.9254359117748707,Ga_O_04,"(0, 0, 0)"
2,group6_4f2_layer13__4f2_layer5,Ga,13,13,12k_layer2_1,7,1.9844559569613596,Ga_O_05,"(0, 0, 0)"
2,group6_4f2_layer13__4f2_layer5,Ga,13,13,12k_layer2_1,18,1.925435563604,Ga_O_04,"(0, 0, 0)"
2,group6_4f2_layer13__4f2_layer5,Ga,13,13,12k_layer2_1,21,1.9254355756093033,Ga_O_04,"(0, 0, 0)"
2,group6_4f2_layer13__4f2_layer5,Ga,13,13,12k_layer2_1,29,2.0983234546414016,Ga_O_10,"(1, 0, 0)"
2,group6_4f2_layer13__4f2_layer5,Ga,13,13,12k_layer2_1,31,2.0948276379027027,Ga_O_09,"(0, 0, 0)"
2,group6_4f2_layer13__4f2_layer5,Ga,13,13,12k_layer2_1,32,2.0983234541175895,Ga_O_10,"(0, 0, 0)"
2,group6_4f2_layer13__4f2_layer5,Ga,14,14,2b_layer12,10,1.8700732788205217,Ga_O_01,"(0, 1, 0)"
2,group6_4f2_layer13__4f2_layer5,Ga,14,14,2b_layer12,12,2.2779384420000004,Ga_O_11,"(0, 0, 0)"
2,group6_4f2_layer13__4f2_layer5,Ga,14,14,2b_layer12,20,2.2779384410000003,Ga_O_11,"(0, 0, 0)"
2,group6_4f2_layer13__4f2_layer5,Ga,14,14,2b_layer12,23,1.870073507451236,Ga_O_01,"(1, 1, 0)"
2,group6_4f2_layer13__4f2_layer5,Ga,14,14,2b_layer12,37,1.870073355,Ga_O_01,"(0, 0, 0)"
2,group6_4f2_layer13__4f2_layer5,Ga,15,15,2a_layer8,3,1.9948516601706343,Ga_O_07,"(0, 0, 0)"
2,group6_4f2_layer13__4f2_layer5,Ga,15,15,2a_layer8,11,1.9948520770594027,Ga_O_07,"(0, 1, 0)"
2,group6_4f2_layer13__4f2_layer5,Ga,15,15,2a_layer8,13,1.994851660329504,Ga_O_07,"(1, 1, 0)"
2,group6_4f2_layer13__4f2_layer5,Ga,15,15,2a_layer8,22,1.9948520773801812,Ga_O_07,"(0, 0, 0)"
2,group6_4f2_layer13__4f2_layer5,Ga,15,15,2a_layer8,26,1.9948520770594032,Ga_O_07,"(1, 1, 0)"
2,group6_4f2_layer13__4f2_layer5,Ga,15,15,2a_layer8,36,1.9948516607216167,Ga_O_07,"(1, 0, 0)"
2,group6_4f2_layer13__4f2_layer5,Ga,16,16,2b_layer4,2,1.8700732794118144,Ga_O_01,"(1, 0, 0)"
2,group6_4f2_layer13__4f2_layer5,Ga,16,16,2b_layer4,6,2.277938441000001,Ga_O_11,"(0, 0, 0)"
2,group6_4f2_layer13__4f2_layer5,Ga,16,16,2b_layer4,7,2.2779384420000004,Ga_O_11,"(0, 0, 0)"
2,group6_4f2_layer13__4f2_layer5,Ga,16,16,2b_layer4,16,1.8700735073000085,Ga_O_01,"(1, 1, 0)"
2,group6_4f2_layer13__4f2_layer5,Ga,16,16,2b_layer4,35,1.870073355795254,Ga_O_01,"(0, 0, 0)"
2,group6_4f2_layer13__4f2_layer5,Ga,17,17,4f1_layer9,11,1.9084361294606749,Ga_O_02,"(0, 0, 0)"
2,group6_4f2_layer13__4f2_layer5,Ga,17,17,4f1_layer9,19,1.9091270429999996,Ga_O_03,"(0, 0, 0)"
2,group6_4f2_layer13__4f2_layer5,Ga,17,17,4f1_layer9,22,1.9084362745505044,Ga_O_02,"(0, 0, 0)"
2,group6_4f2_layer13__4f2_layer5,Ga,17,17,4f1_layer9,26,1.9084361294606744,Ga_O_02,"(0, 0, 0)"
2,group6_4f2_layer13__4f2_layer5,Ga,18,18,4f2_layer11,1,1.9849917587865524,Ga_O_06,"(0, 0, 0)"
2,group6_4f2_layer13__4f2_layer5,Ga,18,18,4f2_layer11,5,1.9849916384047732,Ga_O_06,"(0, -1, 0)"
2,group6_4f2_layer13__4f2_layer5,Ga,18,18,4f2_layer11,10,2.0663776487443304,Ga_O_08,"(0, 0, 0)"
2,group6_4f2_layer13__4f2_layer5,Ga,18,18,4f2_layer11,23,2.0663774783167193,Ga_O_08,"(0, 0, 0)"
2,group6_4f2_layer13__4f2_layer5,Ga,18,18,4f2_layer11,33,1.9849917593946298,Ga_O_06,"(1, 0, 0)"
2,group6_4f2_layer13__4f2_layer5,Ga,18,18,4f2_layer11,37,2.0663777054221355,Ga_O_08,"(0, 0, 0)"
2,group6_4f2_layer13__4f2_layer5,Ga,19,19,4f2_layer3,2,2.0663771907209756,Ga_O_08,"(0, 0, 0)"
2,group6_4f2_layer13__4f2_layer5,Ga,19,19,4f2_layer3,16,2.066377020121716,Ga_O_08,"(0, 0, 0)"
2,group6_4f2_layer13__4f2_layer5,Ga,19,19,4f2_layer3,18,1.9849922964805824,Ga_O_06,"(-1, 0, 0)"
2,group6_4f2_layer13__4f2_layer5,Ga,19,19,4f2_layer3,21,1.9849924174878968,Ga_O_06,"(0, 0, 0)"
2,group6_4f2_layer13__4f2_layer5,Ga,19,19,4f2_layer3,25,1.9849924184808014,Ga_O_06,"(0, 1, 0)"
2,group6_4f2_layer13__4f2_layer5,Ga,19,19,4f2_layer3,35,2.066377246884635,Ga_O_08,"(0, 0, 0)"
2,group6_4f2_layer13__4f2_layer5,Ga,20,20,4f1_layer7,3,1.9084360732701862,Ga_O_02,"(0, 0, 0)"
2,group6_4f2_layer13__4f2_layer5,Ga,20,20,4f1_layer7,13,1.9084359271385227,Ga_O_02,"(0, 0, 0)"
2,group6_4f2_layer13__4f2_layer5,Ga,20,20,4f1_layer7,17,1.909127043000001,Ga_O_03,"(0, 0, 0)"
2,group6_4f2_layer13__4f2_layer5,Ga,20,20,4f1_layer7,36,1.9084359275969722,Ga_O_02,"(0, 0, 0)"
2,group6_4f2_layer13__4f2_layer5,Cr,1,21,4f2_layer5,2,2.0663771900543897,Cr_O_08,"(0, 0, 0)"
2,group6_4f2_layer13__4f2_layer5,Cr,1,21,4f2_layer5,4,1.9849924184808014,Cr_O_06,"(0, 1, 0)"
2,group6_4f2_layer13__4f2_layer5,Cr,1,21,4f2_layer5,16,2.0663770194551296,Cr_O_08,"(0, 0, 0)"
2,group6_4f2_layer13__4f2_layer5,Cr,1,21,4f2_layer5,28,1.9849924174878968,Cr_O_06,"(0, 0, 0)"
2,group6_4f2_layer13__4f2_layer5,Cr,1,21,4f2_layer5,35,2.0663772462180487,Cr_O_08,"(0, 0, 0)"
2,group6_4f2_layer13__4f2_layer5,Cr,1,21,4f2_layer5,38,1.9849922964805824,Cr_O_06,"(-1, 0, 0)"
2,group6_4f2_layer13__4f2_layer5,Ga,21,22,4f1_layer1,15,1.9091273005999965,Ga_O_03,"(0, 0, -1)"
2,group6_4f2_layer13__4f2_layer5,Ga,21,22,4f1_layer1,29,1.9084359275969722,Ga_O_02,"(0, 0, 0)"
2,group6_4f2_layer13__4f2_layer5,Ga,21,22,4f1_layer1,32,1.9084360732701862,Ga_O_02,"(0, 0, 0)"
2,group6_4f2_layer13__4f2_layer5,Ga,21,22,4f1_layer1,34,1.9084359271385227,Ga_O_02,"(0, 0, 0)"
2,group6_4f2_layer13__4f2_layer5,Cr,2,23,4f2_layer13,9,1.9849917593946296,Cr_O_06,"(1, 0, 0)"
2,group6_4f2_layer13__4f2_layer5,Cr,2,23,4f2_layer13,10,2.0663776487443317,Cr_O_08,"(0, 0, 0)"
2,group6_4f2_layer13__4f2_layer5,Cr,2,23,4f2_layer13,23,2.0663774783167206,Cr_O_08,"(0, 0, 0)"
2,group6_4f2_layer13__4f2_layer5,Cr,2,23,4f2_layer13,27,1.984991638404773,Cr_O_06,"(0, -1, 0)"
2,group6_4f2_layer13__4f2_layer5,Cr,2,23,4f2_layer13,30,1.984991758786552,Cr_O_06,"(0, 0, 0)"
2,group6_4f2_layer13__4f2_layer5,Cr,2,23,4f2_layer13,37,2.066377705422137,Cr_O_08,"(0, 0, 0)"
2,group6_4f2_layer13__4f2_layer5,Ga,22,24,4f1_layer15,8,1.9084361547650497,Ga_O_02,"(0, 0, 0)"
2,group6_4f2_layer13__4f2_layer5,Ga,22,24,4f1_layer15,14,1.9084362998548778,Ga_O_02,"(0, 0, 0)"
2,group6_4f2_layer13__4f2_layer5,Ga,22,24,4f1_layer15,24,1.9084361547650501,Ga_O_02,"(0, 0, 0)"
2,group6_4f2_layer13__4f2_layer5,Ga,22,24,4f1_layer15,31,1.9091268705999949,Ga_O_03,"(0, 0, 1)"
2,group7_4f2_layer11__4f2_layer3,Sr,1,,,2,2.958098043228469,Sr_O_02,"(0, -1, 0)"
2,group7_4f2_layer11__4f2_layer3,Sr,1,,,4,2.864579795118219,Sr_O_01,"(0, 0, 0)"
2,group7_4f2_layer11__4f2_layer3,Sr,1,,,16,2.9580979326637595,Sr_O_02,"(1, 0, 0)"
2,group7_4f2_layer11__4f2_layer3,Sr,1,,,18,2.8645798765734263,Sr_O_01,"(0, 0, 0)"
2,group7_4f2_layer11__4f2_layer3,Sr,1,,,21,2.864579884642825,Sr_O_01,"(0, 0, 0)"
2,group7_4f2_layer11__4f2_layer3,Sr,1,,,25,2.8645797959311503,Sr_O_01,"(0, 0, 0)"
2,group7_4f2_layer11__4f2_layer3,Sr,1,,,28,2.864579883829894,Sr_O_01,"(0, 0, 0)"
2,group7_4f2_layer11__4f2_layer3,Sr,1,,,35,2.95809800345424,Sr_O_02,"(0, -1, 0)"
2,group7_4f2_layer11__4f2_layer3,Sr,1,,,38,2.8645798757604948,Sr_O_01,"(0, 0, 0)"
2,group7_4f2_layer11__4f2_layer3,Sr,2,,,1,2.8645793251769454,Sr_O_01,"(0, 0, 0)"
2,group7_4f2_layer11__4f2_layer3,Sr,2,,,5,2.8645793169995204,Sr_O_01,"(0, 0, 0)"
2,group7_4f2_layer11__4f2_layer3,Sr,2,,,9,2.8645792364135385,Sr_O_01,"(0, 0, 0)"
2,group7_4f2_layer11__4f2_layer3,Sr,2,,,10,2.9580980427214705,Sr_O_02,"(-1, 0, 0)"
2,group7_4f2_layer11__4f2_layer3,Sr,2,,,23,2.95809793284463,Sr_O_02,"(0, 1, 0)"
2,group7_4f2_layer11__4f2_layer3,Sr,2,,,27,2.8645793169995213,Sr_O_01,"(0, 0, 0)"
2,group7_4f2_layer11__4f2_layer3,Sr,2,,,30,2.8645793251769462,Sr_O_01,"(0, 0, 0)"
2,group7_4f2_layer11__4f2_layer3,Sr,2,,,33,2.864579236413537,Sr_O_01,"(0, 0, 0)"
2,group7_4f2_layer11__4f2_layer3,Sr,2,,,37,2.9580980035278155,Sr_O_02,"(-1, 0, 0)"
2,group7_4f2_layer11__4f2_layer3,Ga,1,1,12k_layer6_3,4,1.9254355757587174,Ga_O_04,"(0, 0, 0)"
2,group7_4f2_layer11__4f2_layer3,Ga,1,1,12k_layer6_3,6,1.9844559567789057,Ga_O_05,"(-1, -1, 0)"
2,group7_4f2_layer11__4f2_layer3,Ga,1,1,12k_layer6_3,13,2.0983234538406146,Ga_O_10,"(0, 0, 0)"
2,group7_4f2_layer11__4f2_layer3,Ga,1,1,12k_layer6_3,19,2.094827515170505,Ga_O_09,"(0, 0, 0)"
2,group7_4f2_layer11__4f2_layer3,Ga,1,1,12k_layer6_3,28,1.925435576196381,Ga_O_04,"(0, 0, 0)"
2,group7_4f2_layer11__4f2_layer3,Ga,1,1,12k_layer6_3,36,2.0983234538272053,Ga_O_10,"(0, -1, 0)"
2,group7_4f2_layer11__4f2_layer3,Ga,2,2,12k_layer2_3,7,1.9844559567789046,Ga_O_05,"(-1, -1, 0)"
2,group7_4f2_layer11__4f2_layer3,Ga,2,2,12k_layer2_3,21,1.9254355761963797,Ga_O_04,"(0, 0, 0)"
2,group7_4f2_layer11__4f2_layer3,Ga,2,2,12k_layer2_3,25,1.9254355757587163,Ga_O_04,"(0, 0, 0)"
2,group7_4f2_layer11__4f2_layer3,Ga,2,2,12k_layer2_3,29,2.098323453827207,Ga_O_10,"(0, -1, 0)"
2,group7_4f2_layer11__4f2_layer3,Ga,2,2,12k_layer2_3,31,2.0948275151705062,Ga_O_09,"(0, 0, 0)"
2,group7_4f2_layer11__4f2_layer3,Ga,2,2,12k_layer2_3,34,2.0983234538406164,Ga_O_10,"(0, 0, 0)"
2,group7_4f2_layer11__4f2_layer3,Ga,3,3,12k_layer14_1,8,2.0983229791065865,Ga_O_10,"(0, 0, 0)"
2,group7_4f2_layer11__4f2_layer3,Ga,3,3,12k_layer14_1,9,1.9254359958162917,Ga_O_04,"(0, 0, 0)"
2,group7_4f2_layer11__4f2_layer3,Ga,3,3,12k_layer14_1,15,2.094827260093365,Ga_O_09,"(0, 0, 0)"
2,group7_4f2_layer11__4f2_layer3,Ga,3,3,12k_layer14_1,20,1.9844560436631808,Ga_O_05,"(-1, -1, 0)"
2,group7_4f2_layer11__4f2_layer3,Ga,3,3,12k_layer14_1,24,2.0983229796303986,Ga_O_10,"(-1, 0, 0)"
2,group7_4f2_layer11__4f2_layer3,Ga,3,3,12k_layer14_1,30,1.9254359958162914,Ga_O_04,"(0, 0, 0)"
2,group7_4f2_layer11__4f2_layer3,Ga,4,4,12k_layer2_2,7,1.984455956778905,Ga_O_05,"(0, -1, 0)"
2,group7_4f2_layer11__4f2_layer3,Ga,4,4,12k_layer2_2,18,1.9254355763634932,Ga_O_04,"(0, 0, 0)"
2,group7_4f2_layer11__4f2_layer3,Ga,4,4,12k_layer2_2,25,1.925435575758716,Ga_O_04,"(0, 0, 0)"
2,group7_4f2_layer11__4f2_layer3,Ga,4,4,12k_layer2_2,31,2.094827515170506,Ga_O_09,"(0, 0, 0)"
2,group7_4f2_layer11__4f2_layer3,Ga,4,4,12k_layer2_2,32,2.0983234538709623,Ga_O_10,"(0, -1, 0)"
2,group7_4f2_layer11__4f2_layer3,Ga,4,4,12k_layer2_2,34,2.098323454408184,Ga_O_10,"(1, 0, 0)"
2,group7_4f2_layer11__4f2_layer3,Ga,5,5,12k_layer14_3,14,2.098322979539073,Ga_O_10,"(0, 0, 0)"
2,group7_4f2_layer11__4f2_layer3,Ga,5,5,12k_layer14_3,15,2.094827383098975,Ga_O_09,"(0, 0, 0)"
2,group7_4f2_layer11__4f2_layer3,Ga,5,5,12k_layer14_3,20,1.9844560439741377,Ga_O_05,"(0, 0, 0)"
2,group7_4f2_layer11__4f2_layer3,Ga,5,5,12k_layer14_3,24,2.098322979658534,Ga_O_10,"(0, 1, 0)"
2,group7_4f2_layer11__4f2_layer3,Ga,5,5,12k_layer14_3,27,1.925435983138288,Ga_O_04,"(0, 0, 0)"
2,group7_4f2_layer11__4f2_layer3,Ga,5,5,12k_layer14_3,30,1.9254359955204852,Ga_O_04,"(0, 0, 0)"
2,group7_4f2_layer11__4f2_layer3,Ga,6,6,12k_layer10_2,5,1.9254359120300575,Ga_O_04,"(0, 0, 0)"
2,group7_4f2_layer11__4f2_layer3,Ga,6,6,12k_layer10_2,12,1.98445595738215,Ga_O_05,"(-1, 0, 0)"
2,group7_4f2_layer11__4f2_layer3,Ga,6,6,12k_layer10_2,17,2.094827514410795,Ga_O_09,"(0, 0, 0)"
2,group7_4f2_layer11__4f2_layer3,Ga,6,6,12k_layer10_2,22,2.0983230321761726,Ga_O_10,"(-1, 0, 0)"
2,group7_4f2_layer11__4f2_layer3,Ga,6,6,12k_layer10_2,26,2.0983230324265865,Ga_O_10,"(0, 1, 0)"
2,group7_4f2_layer11__4f2_layer3,Ga,6,6,12k_layer10_2,33,1.9254359114895088,Ga_O_04,"(0, 0, 0)"
2,group7_4f2_layer11__4f2_layer3,Ga,7,7,12k_layer6_2,3,2.0983234538709605,Ga_O_10,"(0, -1, 0)"
2,group7_4f2_layer11__4f2_layer3,Ga,7,7,12k_layer6_2,4,1.9254355757587174,Ga_O_04,"(0, 0, 0)"
2,group7_4f2_layer11__4f2_layer3,Ga,7,7,12k_layer6_2,6,1.9844559567789064,Ga_O_05,"(0, -1, 0)"
2,group7_4f2_layer11__4f2_layer3,Ga,7,7,12k_layer6_2,13,2.0983234544081824,Ga_O_10,"(1, 0, 0)"
2,group7_4f2_layer11__4f2_layer3,Ga,7,7,12k_layer6_2,19,2.0948275151705045,Ga_O_09,"(0, 0, 0)"
2,group7_4f2_layer11__4f2_layer3,Ga,7,7,12k_layer6_2,38,1.9254355763634945,Ga_O_04,"(0, 0, 0)"
2,group7_4f2_layer11__4f2_layer3,Ga,8,8,12k_layer6_1,3,2.0983234541175877,Ga_O_10,"(0, 0, 0)"
2,group7_4f2_layer11__4f2_layer3,Ga,8,8,12k_layer6_1,6,1.9844559569613607,Ga_O_05,"(0, 0, 0)"
2,group7_4f2_layer11__4f2_layer3,Ga,8,8,12k_layer6_1,19,2.0948276379027013,Ga_O_09,"(0, 0, 0)"
2,group7_4f2_layer11__4f2_layer3,Ga,8,8,12k_layer6_1,28,1.9254355756093047,Ga_O_04,"(0, 0, 0)"
2,group7_4f2_layer11__4f2_layer3,Ga,8,8,12k_layer6_1,36,2.0983234546414,Ga_O_10,"(1, 0, 0)"
2,group7_4f2_layer11__4f2_layer3,Ga,8,8,12k_layer6_1,38,1.925435563604001,Ga_O_04,"(0, 0, 0)"
2,group7_4f2_layer11__4f2_layer3,Ga,9,9,12k_layer14_2,8,2.098322979647595,Ga_O_10,"(0, 1, 0)"
2,group7_4f2_layer11__4f2_layer3,Ga,9,9,12k_layer14_2,9,1.9254359955309297,Ga_O_04,"(0, 0, 0)"
2,group7_4f2_layer11__4f2_layer3,Ga,9,9,12k_layer14_2,14,2.098322979397181,Ga_O_10,"(-1, 0, 0)"
2,group7_4f2_layer11__4f2_layer3,Ga,9,9,12k_layer14_2,15,2.094827260728784,Ga_O_09,"(0, 0, 0)"
2,group7_4f2_layer11__4f2_layer3,Ga,9,9,12k_layer14_2,20,1.9844560438241048,Ga_O_05,"(-1, 0, 0)"
2,group7_4f2_layer11__4f2_layer3,Ga,9,9,12k_layer14_2,27,1.9254359960714784,Ga_O_04,"(0, 0, 0)"
2,group7_4f2_layer11__4f2_layer3,Ga,10,10,2a_layer16,8,1.9948520249218649,Ga_O_07,"(1, 1, 0)"
2,group7_4f2_layer11__4f2_layer3,Ga,10,10,2a_layer16,14,1.9948520252426432,Ga_O_07,"(0, 0, 0)"
2,group7_4f2_layer11__4f2_layer3,Ga,10,10,2a_layer16,24,1.9948520249218644,Ga_O_07,"(0, 1, 0)"
2,group7_4f2_layer11__4f2_layer3,Ga,10,10,2a_layer16,29,1.9948516604791149,Ga_O_07,"(1, 0, 1)"
2,group7_4f2_layer11__4f2_layer3,Ga,10,10,2a_layer16,32,1.9948516599281325,Ga_O_07,"(0, 0, 1)"
2,group7_4f2_layer11__4f2_layer3,Ga,10,10,2a_layer16,34,1.994851660087002,Ga_O_07,"(1, 1, 1)"
2,group7_4f2_layer11__4f2_layer3,Ga,11,11,12k_layer10_3,1,1.9254359114790642,Ga_O_04,"(0, 0, 0)"
2,group7_4f2_layer11__4f2_layer3,Ga,11,11,12k_layer10_3,5,1.9254358990968665,Ga_O_04,"(0, 0, 0)"
2,group7_4f2_layer11__4f2_layer3,Ga,11,11,12k_layer10_3,11,2.0983230324375253,Ga_O_10,"(0, 1, 0)"
2,group7_4f2_layer11__4f2_layer3,Ga,11,11,12k_layer10_3,12,1.9844559575321832,Ga_O_05,"(0, 0, 0)"
2,group7_4f2_layer11__4f2_layer3,Ga,11,11,12k_layer10_3,17,2.094827636780971,Ga_O_09,"(0, 0, 0)"
2,group7_4f2_layer11__4f2_layer3,Ga,11,11,12k_layer10_3,22,2.0983230323180644,Ga_O_10,"(0, 0, 0)"
2,group7_4f2_layer11__4f2_layer3,Ga,12,12,12k_layer10_1,1,1.9254359117748707,Ga_O_04,"(0, 0, 0)"
2,group7_4f2_layer11__4f2_layer3,Ga,12,12,12k_layer10_1,11,2.0983230324093904,Ga_O_10,"(-1, 0, 0)"
2,group7_4f2_layer11__4f2_layer3,Ga,12,12,12k_layer10_1,12,1.9844559572212264,Ga_O_05,"(-1, -1, 0)"
2,group7_4f2_layer11__4f2_layer3,Ga,12,12,12k_layer10_1,17,2.0948275137753765,Ga_O_09,"(0, 0, 0)"
2,group7_4f2_layer11__4f2_layer3,Ga,12,12,12k_layer10_1,26,2.098323031885578,Ga_O_10,"(0, 0, 0)"
2,group7_4f2_layer11__4f2_layer3,Ga,12,12,12k_layer10_1,33,1.9254359117748707,Ga_O_04,"(0, 0, 0)"
2,group7_4f2_layer11__4f2_layer3,Ga,13,13,12k_layer2_1,7,1.9844559569613596,Ga_O_05,"(0, 0, 0)"
2,group7_4f2_layer11__4f2_layer3,Ga,13,13,12k_layer2_1,18,1.925435563604,Ga_O_04,"(0, 0, 0)"
2,group7_4f2_layer11__4f2_layer3,Ga,13,13,12k_layer2_1,21,1.9254355756093033,Ga_O_04,"(0, 0, 0)"
2,group7_4f2_layer11__4f2_layer3,Ga,13,13,12k_layer2_1,29,2.0983234546414016,Ga_O_10,"(1, 0, 0)"
2,group7_4f2_layer11__4f2_layer3,Ga,13,13,12k_layer2_1,31,2.0948276379027027,Ga_O_09,"(0, 0, 0)"
2,group7_4f2_layer11__4f2_layer3,Ga,13,13,12k_layer2_1,32,2.0983234541175895,Ga_O_10,"(0, 0, 0)"
2,group7_4f2_layer11__4f2_layer3,Ga,14,14,2b_layer12,10,1.8700732788205217,Ga_O_01,"(0, 1, 0)"
2,group7_4f2_layer11__4f2_layer3,Ga,14,14,2b_layer12,12,2.2779384420000004,Ga_O_11,"(0, 0, 0)"
2,group7_4f2_layer11__4f2_layer3,Ga,14,14,2b_layer12,20,2.2779384410000003,Ga_O_11,"(0, 0, 0)"
2,group7_4f2_layer11__4f2_layer3,Ga,14,14,2b_layer12,23,1.870073507451236,Ga_O_01,"(1, 1, 0)"
2,group7_4f2_layer11__4f2_layer3,Ga,14,14,2b_layer12,37,1.870073355,Ga_O_01,"(0, 0, 0)"
2,group7_4f2_layer11__4f2_layer3,Ga,15,15,2a_layer8,3,1.9948516601706343,Ga_O_07,"(0, 0, 0)"
2,group7_4f2_layer11__4f2_layer3,Ga,15,15,2a_layer8,11,1.9948520770594027,Ga_O_07,"(0, 1, 0)"
2,group7_4f2_layer11__4f2_layer3,Ga,15,15,2a_layer8,13,1.994851660329504,Ga_O_07,"(1, 1, 0)"
2,group7_4f2_layer11__4f2_layer3,Ga,15,15,2a_layer8,22,1.9948520773801812,Ga_O_07,"(0, 0, 0)"
2,group7_4f2_layer11__4f2_layer3,Ga,15,15,2a_layer8,26,1.9948520770594032,Ga_O_07,"(1, 1, 0)"
2,group7_4f2_layer11__4f2_layer3,Ga,15,15,2a_layer8,36,1.9948516607216167,Ga_O_07,"(1, 0, 0)"
2,group7_4f2_layer11__4f2_layer3,Ga,16,16,2b_layer4,2,1.8700732794118144,Ga_O_01,"(1, 0, 0)"
2,group7_4f2_layer11__4f2_layer3,Ga,16,16,2b_layer4,6,2.277938441000001,Ga_O_11,"(0, 0, 0)"
2,group7_4f2_layer11__4f2_layer3,Ga,16,16,2b_layer4,7,2.2779384420000004,Ga_O_11,"(0, 0, 0)"
2,group7_4f2_layer11__4f2_layer3,Ga,16,16,2b_layer4,16,1.8700735073000085,Ga_O_01,"(1, 1, 0)"
2,group7_4f2_layer11__4f2_layer3,Ga,16,16,2b_layer4,35,1.870073355795254,Ga_O_01,"(0, 0, 0)"
2,group7_4f2_layer11__4f2_layer3,Ga,17,17,4f1_layer9,11,1.9084361294606749,Ga_O_02,"(0, 0, 0)"
2,group7_4f2_layer11__4f2_layer3,Ga,17,17,4f1_layer9,19,1.9091270429999996,Ga_O_03,"(0, 0, 0)"
2,group7_4f2_layer11__4f2_layer3,Ga,17,17,4f1_layer9,22,1.9084362745505044,Ga_O_02,"(0, 0, 0)"
2,group7_4f2_layer11__4f2_layer3,Ga,17,17,4f1_layer9,26,1.9084361294606744,Ga_O_02,"(0, 0, 0)"
2,group7_4f2_layer11__4f2_layer3,Cr,1,18,4f2_layer11,1,1.9849917587865524,Cr_O_06,"(0, 0, 0)"
2,group7_4f2_layer11__4f2_layer3,Cr,1,18,4f2_layer11,5,1.9849916384047732,Cr_O_06,"(0, -1, 0)"
2,group7_4f2_layer11__4f2_layer3,Cr,1,18,4f2_layer11,10,2.0663776487443304,Cr_O_08,"(0, 0, 0)"
2,group7_4f2_layer11__4f2_layer3,Cr,1,18,4f2_layer11,23,2.0663774783167193,Cr_O_08,"(0, 0, 0)"
2,group7_4f2_layer11__4f2_layer3,Cr,1,18,4f2_layer11,33,1.9849917593946298,Cr_O_06,"(1, 0, 0)"
2,group7_4f2_layer11__4f2_layer3,Cr,1,18,4f2_layer11,37,2.0663777054221355,Cr_O_08,"(0, 0, 0)"
2,group7_4f2_layer11__4f2_layer3,Cr,2,19,4f2_layer3,2,2.0663771907209756,Cr_O_08,"(0, 0, 0)"
2,group7_4f2_layer11__4f2_layer3,Cr,2,19,4f2_layer3,16,2.066377020121716,Cr_O_08,"(0, 0, 0)"
2,group7_4f2_layer11__4f2_layer3,Cr,2,19,4f2_layer3,18,1.9849922964805824,Cr_O_06,"(-1, 0, 0)"
2,group7_4f2_layer11__4f2_layer3,Cr,2,19,4f2_layer3,21,1.9849924174878968,Cr_O_06,"(0, 0, 0)"
2,group7_4f2_layer11__4f2_layer3,Cr,2,19,4f2_layer3,25,1.9849924184808014,Cr_O_06,"(0, 1, 0)"
2,group7_4f2_layer11__4f2_layer3,Cr,2,19,4f2_layer3,35,2.066377246884635,Cr_O_08,"(0, 0, 0)"
2,group7_4f2_layer11__4f2_layer3,Ga,18,20,4f1_layer7,3,1.9084360732701862,Ga_O_02,"(0, 0, 0)"
2,group7_4f2_layer11__4f2_layer3,Ga,18,20,4f1_layer7,13,1.9084359271385227,Ga_O_02,"(0, 0, 0)"
2,group7_4f2_layer11__4f2_layer3,Ga,18,20,4f1_layer7,17,1.909127043000001,Ga_O_03,"(0, 0, 0)"
2,group7_4f2_layer11__4f2_layer3,Ga,18,20,4f1_layer7,36,1.9084359275969722,Ga_O_02,"(0, 0, 0)"
2,group7_4f2_layer11__4f2_layer3,Ga,19,21,4f2_layer5,2,2.0663771900543897,Ga_O_08,"(0, 0, 0)"
2,group7_4f2_layer11__4f2_layer3,Ga,19,21,4f2_layer5,4,1.9849924184808014,Ga_O_06,"(0, 1, 0)"
2,group7_4f2_layer11__4f2_layer3,Ga,19,21,4f2_layer5,16,2.0663770194551296,Ga_O_08,"(0, 0, 0)"
2,group7_4f2_layer11__4f2_layer3,Ga,19,21,4f2_layer5,28,1.9849924174878968,Ga_O_06,"(0, 0, 0)"
2,group7_4f2_layer11__4f2_layer3,Ga,19,21,4f2_layer5,35,2.0663772462180487,Ga_O_08,"(0, 0, 0)"
2,group7_4f2_layer11__4f2_layer3,Ga,19,21,4f2_layer5,38,1.9849922964805824,Ga_O_06,"(-1, 0, 0)"
2,group7_4f2_layer11__4f2_layer3,Ga,20,22,4f1_layer1,15,1.9091273005999965,Ga_O_03,"(0, 0, -1)"
2,group7_4f2_layer11__4f2_layer3,Ga,20,22,4f1_layer1,29,1.9084359275969722,Ga_O_02,"(0, 0, 0)"
2,group7_4f2_layer11__4f2_layer3,Ga,20,22,4f1_layer1,32,1.9084360732701862,Ga_O_02,"(0, 0, 0)"
2,group7_4f2_layer11__4f2_layer3,Ga,20,22,4f1_layer1,34,1.9084359271385227,Ga_O_02,"(0, 0, 0)"
2,group7_4f2_layer11__4f2_layer3,Ga,21,23,4f2_layer13,9,1.9849917593946296,Ga_O_06,"(1, 0, 0)"
2,group7_4f2_layer11__4f2_layer3,Ga,21,23,4f2_layer13,10,2.0663776487443317,Ga_O_08,"(0, 0, 0)"
2,group7_4f2_layer11__4f2_layer3,Ga,21,23,4f2_layer13,23,2.0663774783167206,Ga_O_08,"(0, 0, 0)"
2,group7_4f2_layer11__4f2_layer3,Ga,21,23,4f2_layer13,27,1.984991638404773,Ga_O_06,"(0, -1, 0)"
2,group7_4f2_layer11__4f2_layer3,Ga,21,23,4f2_layer13,30,1.984991758786552,Ga_O_06,"(0, 0, 0)"
2,group7_4f2_layer11__4f2_layer3,Ga,21,23,4f2_layer13,37,2.066377705422137,Ga_O_08,"(0, 0, 0)"
2,group7_4f2_layer11__4f2_layer3,Ga,22,24,4f1_layer15,8,1.9084361547650497,Ga_O_02,"(0, 0, 0)"
2,group7_4f2_layer11__4f2_layer3,Ga,22,24,4f1_layer15,14,1.9084362998548778,Ga_O_02,"(0, 0, 0)"
2,group7_4f2_layer11__4f2_layer3,Ga,22,24,4f1_layer15,24,1.9084361547650501,Ga_O_02,"(0, 0, 0)"
2,group7_4f2_layer11__4f2_layer3,Ga,22,24,4f1_layer15,31,1.9091268705999949,Ga_O_03,"(0, 0, 1)"
2,group8_layer6_1__layer14_3,Sr,1,,,2,2.958098043228469,Sr_O_02,"(0, -1, 0)"
2,group8_layer6_1__layer14_3,Sr,1,,,4,2.864579795118219,Sr_O_01,"(0, 0, 0)"
2,group8_layer6_1__layer14_3,Sr,1,,,16,2.9580979326637595,Sr_O_02,"(1, 0, 0)"
2,group8_layer6_1__layer14_3,Sr,1,,,18,2.8645798765734263,Sr_O_01,"(0, 0, 0)"
2,group8_layer6_1__layer14_3,Sr,1,,,21,2.864579884642825,Sr_O_01,"(0, 0, 0)"
2,group8_layer6_1__layer14_3,Sr,1,,,25,2.8645797959311503,Sr_O_01,"(0, 0, 0)"
2,group8_layer6_1__layer14_3,Sr,1,,,28,2.864579883829894,Sr_O_01,"(0, 0, 0)"
2,group8_layer6_1__layer14_3,Sr,1,,,35,2.95809800345424,Sr_O_02,"(0, -1, 0)"
2,group8_layer6_1__layer14_3,Sr,1,,,38,2.8645798757604948,Sr_O_01,"(0, 0, 0)"
2,group8_layer6_1__layer14_3,Sr,2,,,1,2.8645793251769454,Sr_O_01,"(0, 0, 0)"
2,group8_layer6_1__layer14_3,Sr,2,,,5,2.8645793169995204,Sr_O_01,"(0, 0, 0)"
2,group8_layer6_1__layer14_3,Sr,2,,,9,2.8645792364135385,Sr_O_01,"(0, 0, 0)"
2,group8_layer6_1__layer14_3,Sr,2,,,10,2.9580980427214705,Sr_O_02,"(-1, 0, 0)"
2,group8_layer6_1__layer14_3,Sr,2,,,23,2.95809793284463,Sr_O_02,"(0, 1, 0)"
2,group8_layer6_1__layer14_3,Sr,2,,,27,2.8645793169995213,Sr_O_01,"(0, 0, 0)"
2,group8_layer6_1__layer14_3,Sr,2,,,30,2.8645793251769462,Sr_O_01,"(0, 0, 0)"
2,group8_layer6_1__layer14_3,Sr,2,,,33,2.864579236413537,Sr_O_01,"(0, 0, 0)"
2,group8_layer6_1__layer14_3,Sr,2,,,37,2.9580980035278155,Sr_O_02,"(-1, 0, 0)"
2,group8_layer6_1__layer14_3,Ga,1,1,12k_layer6_3,4,1.9254355757587174,Ga_O_04,"(0, 0, 0)"
2,group8_layer6_1__layer14_3,Ga,1,1,12k_layer6_3,6,1.9844559567789057,Ga_O_05,"(-1, -1, 0)"
2,group8_layer6_1__layer14_3,Ga,1,1,12k_layer6_3,13,2.0983234538406146,Ga_O_10,"(0, 0, 0)"
2,group8_layer6_1__layer14_3,Ga,1,1,12k_layer6_3,19,2.094827515170505,Ga_O_09,"(0, 0, 0)"
2,group8_layer6_1__layer14_3,Ga,1,1,12k_layer6_3,28,1.925435576196381,Ga_O_04,"(0, 0, 0)"
2,group8_layer6_1__layer14_3,Ga,1,1,12k_layer6_3,36,2.0983234538272053,Ga_O_10,"(0, -1, 0)"
2,group8_layer6_1__layer14_3,Ga,2,2,12k_layer2_3,7,1.9844559567789046,Ga_O_05,"(-1, -1, 0)"
2,group8_layer6_1__layer14_3,Ga,2,2,12k_layer2_3,21,1.9254355761963797,Ga_O_04,"(0, 0, 0)"
2,group8_layer6_1__layer14_3,Ga,2,2,12k_layer2_3,25,1.9254355757587163,Ga_O_04,"(0, 0, 0)"
2,group8_layer6_1__layer14_3,Ga,2,2,12k_layer2_3,29,2.098323453827207,Ga_O_10,"(0, -1, 0)"
2,group8_layer6_1__layer14_3,Ga,2,2,12k_layer2_3,31,2.0948275151705062,Ga_O_09,"(0, 0, 0)"
2,group8_layer6_1__layer14_3,Ga,2,2,12k_layer2_3,34,2.0983234538406164,Ga_O_10,"(0, 0, 0)"
2,group8_layer6_1__layer14_3,Ga,3,3,12k_layer14_1,8,2.0983229791065865,Ga_O_10,"(0, 0, 0)"
2,group8_layer6_1__layer14_3,Ga,3,3,12k_layer14_1,9,1.9254359958162917,Ga_O_04,"(0, 0, 0)"
2,group8_layer6_1__layer14_3,Ga,3,3,12k_layer14_1,15,2.094827260093365,Ga_O_09,"(0, 0, 0)"
2,group8_layer6_1__layer14_3,Ga,3,3,12k_layer14_1,20,1.9844560436631808,Ga_O_05,"(-1, -1, 0)"
2,group8_layer6_1__layer14_3,Ga,3,3,12k_layer14_1,24,2.0983229796303986,Ga_O_10,"(-1, 0, 0)"
2,group8_layer6_1__layer14_3,Ga,3,3,12k_layer14_1,30,1.9254359958162914,Ga_O_04,"(0, 0, 0)"
2,group8_layer6_1__layer14_3,Ga,4,4,12k_layer2_2,7,1.984455956778905,Ga_O_05,"(0, -1, 0)"
2,group8_layer6_1__layer14_3,Ga,4,4,12k_layer2_2,18,1.9254355763634932,Ga_O_04,"(0, 0, 0)"
2,group8_layer6_1__layer14_3,Ga,4,4,12k_layer2_2,25,1.925435575758716,Ga_O_04,"(0, 0, 0)"
2,group8_layer6_1__layer14_3,Ga,4,4,12k_layer2_2,31,2.094827515170506,Ga_O_09,"(0, 0, 0)"
2,group8_layer6_1__layer14_3,Ga,4,4,12k_layer2_2,32,2.0983234538709623,Ga_O_10,"(0, -1, 0)"
2,group8_layer6_1__layer14_3,Ga,4,4,12k_layer2_2,34,2.098323454408184,Ga_O_10,"(1, 0, 0)"
2,group8_layer6_1__layer14_3,Cr,1,5,12k_layer14_3,14,2.098322979539073,Cr_O_10,"(0, 0, 0)"
2,group8_layer6_1__layer14_3,Cr,1,5,12k_layer14_3,15,2.094827383098975,Cr_O_09,"(0, 0, 0)"
2,group8_layer6_1__layer14_3,Cr,1,5,12k_layer14_3,20,1.9844560439741377,Cr_O_05,"(0, 0, 0)"
2,group8_layer6_1__layer14_3,Cr,1,5,12k_layer14_3,24,2.098322979658534,Cr_O_10,"(0, 1, 0)"
2,group8_layer6_1__layer14_3,Cr,1,5,12k_layer14_3,27,1.925435983138288,Cr_O_04,"(0, 0, 0)"
2,group8_layer6_1__layer14_3,Cr,1,5,12k_layer14_3,30,1.9254359955204852,Cr_O_04,"(0, 0, 0)"
2,group8_layer6_1__layer14_3,Ga,5,6,12k_layer10_2,5,1.9254359120300575,Ga_O_04,"(0, 0, 0)"
2,group8_layer6_1__layer14_3,Ga,5,6,12k_layer10_2,12,1.98445595738215,Ga_O_05,"(-1, 0, 0)"
2,group8_layer6_1__layer14_3,Ga,5,6,12k_layer10_2,17,2.094827514410795,Ga_O_09,"(0, 0, 0)"
2,group8_layer6_1__layer14_3,Ga,5,6,12k_layer10_2,22,2.0983230321761726,Ga_O_10,"(-1, 0, 0)"
2,group8_layer6_1__layer14_3,Ga,5,6,12k_layer10_2,26,2.0983230324265865,Ga_O_10,"(0, 1, 0)"
2,group8_layer6_1__layer14_3,Ga,5,6,12k_layer10_2,33,1.9254359114895088,Ga_O_04,"(0, 0, 0)"
2,group8_layer6_1__layer14_3,Ga,6,7,12k_layer6_2,3,2.0983234538709605,Ga_O_10,"(0, -1, 0)"
2,group8_layer6_1__layer14_3,Ga,6,7,12k_layer6_2,4,1.9254355757587174,Ga_O_04,"(0, 0, 0)"
2,group8_layer6_1__layer14_3,Ga,6,7,12k_layer6_2,6,1.9844559567789064,Ga_O_05,"(0, -1, 0)"
2,group8_layer6_1__layer14_3,Ga,6,7,12k_layer6_2,13,2.0983234544081824,Ga_O_10,"(1, 0, 0)"
2,group8_layer6_1__layer14_3,Ga,6,7,12k_layer6_2,19,2.0948275151705045,Ga_O_09,"(0, 0, 0)"
2,group8_layer6_1__layer14_3,Ga,6,7,12k_layer6_2,38,1.9254355763634945,Ga_O_04,"(0, 0, 0)"
2,group8_layer6_1__layer14_3,Cr,2,8,12k_layer6_1,3,2.0983234541175877,Cr_O_10,"(0, 0, 0)"
2,group8_layer6_1__layer14_3,Cr,2,8,12k_layer6_1,6,1.9844559569613607,Cr_O_05,"(0, 0, 0)"
2,group8_layer6_1__layer14_3,Cr,2,8,12k_layer6_1,19,2.0948276379027013,Cr_O_09,"(0, 0, 0)"
2,group8_layer6_1__layer14_3,Cr,2,8,12k_layer6_1,28,1.9254355756093047,Cr_O_04,"(0, 0, 0)"
2,group8_layer6_1__layer14_3,Cr,2,8,12k_layer6_1,36,2.0983234546414,Cr_O_10,"(1, 0, 0)"
2,group8_layer6_1__layer14_3,Cr,2,8,12k_layer6_1,38,1.925435563604001,Cr_O_04,"(0, 0, 0)"
2,group8_layer6_1__layer14_3,Ga,7,9,12k_layer14_2,8,2.098322979647595,Ga_O_10,"(0, 1, 0)"
2,group8_layer6_1__layer14_3,Ga,7,9,12k_layer14_2,9,1.9254359955309297,Ga_O_04,"(0, 0, 0)"
2,group8_layer6_1__layer14_3,Ga,7,9,12k_layer14_2,14,2.098322979397181,Ga_O_10,"(-1, 0, 0)"
2,group8_layer6_1__layer14_3,Ga,7,9,12k_layer14_2,15,2.094827260728784,Ga_O_09,"(0, 0, 0)"
2,group8_layer6_1__layer14_3,Ga,7,9,12k_layer14_2,20,1.9844560438241048,Ga_O_05,"(-1, 0, 0)"
2,group8_layer6_1__layer14_3,Ga,7,9,12k_layer14_2,27,1.9254359960714784,Ga_O_04,"(0, 0, 0)"
2,group8_layer6_1__layer14_3,Ga,8,10,2a_layer16,8,1.9948520249218649,Ga_O_07,"(1, 1, 0)"
2,group8_layer6_1__layer14_3,Ga,8,10,2a_layer16,14,1.9948520252426432,Ga_O_07,"(0, 0, 0)"
2,group8_layer6_1__layer14_3,Ga,8,10,2a_layer16,24,1.9948520249218644,Ga_O_07,"(0, 1, 0)"
2,group8_layer6_1__layer14_3,Ga,8,10,2a_layer16,29,1.9948516604791149,Ga_O_07,"(1, 0, 1)"
2,group8_layer6_1__layer14_3,Ga,8,10,2a_layer16,32,1.9948516599281325,Ga_O_07,"(0, 0, 1)"
2,group8_layer6_1__layer14_3,Ga,8,10,2a_layer16,34,1.994851660087002,Ga_O_07,"(1, 1, 1)"
2,group8_layer6_1__layer14_3,Ga,9,11,12k_layer10_3,1,1.9254359114790642,Ga_O_04,"(0, 0, 0)"
2,group8_layer6_1__layer14_3,Ga,9,11,12k_layer10_3,5,1.9254358990968665,Ga_O_04,"(0, 0, 0)"
2,group8_layer6_1__layer14_3,Ga,9,11,12k_layer10_3,11,2.0983230324375253,Ga_O_10,"(0, 1, 0)"
2,group8_layer6_1__layer14_3,Ga,9,11,12k_layer10_3,12,1.9844559575321832,Ga_O_05,"(0, 0, 0)"
2,group8_layer6_1__layer14_3,Ga,9,11,12k_layer10_3,17,2.094827636780971,Ga_O_09,"(0, 0, 0)"
2,group8_layer6_1__layer14_3,Ga,9,11,12k_layer10_3,22,2.0983230323180644,Ga_O_10,"(0, 0, 0)"
2,group8_layer6_1__layer14_3,Ga,10,12,12k_layer10_1,1,1.9254359117748707,Ga_O_04,"(0, 0, 0)"
2,group8_layer6_1__layer14_3,Ga,10,12,12k_layer10_1,11,2.0983230324093904,Ga_O_10,"(-1, 0, 0)"
2,group8_layer6_1__layer14_3,Ga,10,12,12k_layer10_1,12,1.9844559572212264,Ga_O_05,"(-1, -1, 0)"
2,group8_layer6_1__layer14_3,Ga,10,12,12k_layer10_1,17,2.0948275137753765,Ga_O_09,"(0, 0, 0)"
2,group8_layer6_1__layer14_3,Ga,10,12,12k_layer10_1,26,2.098323031885578,Ga_O_10,"(0, 0, 0)"
2,group8_layer6_1__layer14_3,Ga,10,12,12k_layer10_1,33,1.9254359117748707,Ga_O_04,"(0, 0, 0)"
2,group8_layer6_1__layer14_3,Ga,11,13,12k_layer2_1,7,1.9844559569613596,Ga_O_05,"(0, 0, 0)"
2,group8_layer6_1__layer14_3,Ga,11,13,12k_layer2_1,18,1.925435563604,Ga_O_04,"(0, 0, 0)"
2,group8_layer6_1__layer14_3,Ga,11,13,12k_layer2_1,21,1.9254355756093033,Ga_O_04,"(0, 0, 0)"
2,group8_layer6_1__layer14_3,Ga,11,13,12k_layer2_1,29,2.0983234546414016,Ga_O_10,"(1, 0, 0)"
2,group8_layer6_1__layer14_3,Ga,11,13,12k_layer2_1,31,2.0948276379027027,Ga_O_09,"(0, 0, 0)"
2,group8_layer6_1__layer14_3,Ga,11,13,12k_layer2_1,32,2.0983234541175895,Ga_O_10,"(0, 0, 0)"
2,group8_layer6_1__layer14_3,Ga,12,14,2b_layer12,10,1.8700732788205217,Ga_O_01,"(0, 1, 0)"
2,group8_layer6_1__layer14_3,Ga,12,14,2b_layer12,12,2.2779384420000004,Ga_O_11,"(0, 0, 0)"
2,group8_layer6_1__layer14_3,Ga,12,14,2b_layer12,20,2.2779384410000003,Ga_O_11,"(0, 0, 0)"
2,group8_layer6_1__layer14_3,Ga,12,14,2b_layer12,23,1.870073507451236,Ga_O_01,"(1, 1, 0)"
2,group8_layer6_1__layer14_3,Ga,12,14,2b_layer12,37,1.870073355,Ga_O_01,"(0, 0, 0)"
2,group8_layer6_1__layer14_3,Ga,13,15,2a_layer8,3,1.9948516601706343,Ga_O_07,"(0, 0, 0)"
2,group8_layer6_1__layer14_3,Ga,13,15,2a_layer8,11,1.9948520770594027,Ga_O_07,"(0, 1, 0)"
2,group8_layer6_1__layer14_3,Ga,13,15,2a_layer8,13,1.994851660329504,Ga_O_07,"(1, 1, 0)"
2,group8_layer6_1__layer14_3,Ga,13,15,2a_layer8,22,1.9948520773801812,Ga_O_07,"(0, 0, 0)"
2,group8_layer6_1__layer14_3,Ga,13,15,2a_layer8,26,1.9948520770594032,Ga_O_07,"(1, 1, 0)"
2,group8_layer6_1__layer14_3,Ga,13,15,2a_layer8,36,1.9948516607216167,Ga_O_07,"(1, 0, 0)"
2,group8_layer6_1__layer14_3,Ga,14,16,2b_layer4,2,1.8700732794118144,Ga_O_01,"(1, 0, 0)"
2,group8_layer6_1__layer14_3,Ga,14,16,2b_layer4,6,2.277938441000001,Ga_O_11,"(0, 0, 0)"
2,group8_layer6_1__layer14_3,Ga,14,16,2b_layer4,7,2.2779384420000004,Ga_O_11,"(0, 0, 0)"
2,group8_layer6_1__layer14_3,Ga,14,16,2b_layer4,16,1.8700735073000085,Ga_O_01,"(1, 1, 0)"
2,group8_layer6_1__layer14_3,Ga,14,16,2b_layer4,35,1.870073355795254,Ga_O_01,"(0, 0, 0)"
2,group8_layer6_1__layer14_3,Ga,15,17,4f1_layer9,11,1.9084361294606749,Ga_O_02,"(0, 0, 0)"
2,group8_layer6_1__layer14_3,Ga,15,17,4f1_layer9,19,1.9091270429999996,Ga_O_03,"(0, 0, 0)"
2,group8_layer6_1__layer14_3,Ga,15,17,4f1_layer9,22,1.9084362745505044,Ga_O_02,"(0, 0, 0)"
2,group8_layer6_1__layer14_3,Ga,15,17,4f1_layer9,26,1.9084361294606744,Ga_O_02,"(0, 0, 0)"
2,group8_layer6_1__layer14_3,Ga,16,18,4f2_layer11,1,1.9849917587865524,Ga_O_06,"(0, 0, 0)"
2,group8_layer6_1__layer14_3,Ga,16,18,4f2_layer11,5,1.9849916384047732,Ga_O_06,"(0, -1, 0)"
2,group8_layer6_1__layer14_3,Ga,16,18,4f2_layer11,10,2.0663776487443304,Ga_O_08,"(0, 0, 0)"
2,group8_layer6_1__layer14_3,Ga,16,18,4f2_layer11,23,2.0663774783167193,Ga_O_08,"(0, 0, 0)"
2,group8_layer6_1__layer14_3,Ga,16,18,4f2_layer11,33,1.9849917593946298,Ga_O_06,"(1, 0, 0)"
2,group8_layer6_1__layer14_3,Ga,16,18,4f2_layer11,37,2.0663777054221355,Ga_O_08,"(0, 0, 0)"
2,group8_layer6_1__layer14_3,Ga,17,19,4f2_layer3,2,2.0663771907209756,Ga_O_08,"(0, 0, 0)"
2,group8_layer6_1__layer14_3,Ga,17,19,4f2_layer3,16,2.066377020121716,Ga_O_08,"(0, 0, 0)"
2,group8_layer6_1__layer14_3,Ga,17,19,4f2_layer3,18,1.9849922964805824,Ga_O_06,"(-1, 0, 0)"
2,group8_layer6_1__layer14_3,Ga,17,19,4f2_layer3,21,1.9849924174878968,Ga_O_06,"(0, 0, 0)"
2,group8_layer6_1__layer14_3,Ga,17,19,4f2_layer3,25,1.9849924184808014,Ga_O_06,"(0, 1, 0)"
2,group8_layer6_1__layer14_3,Ga,17,19,4f2_layer3,35,2.066377246884635,Ga_O_08,"(0, 0, 0)"
2,group8_layer6_1__layer14_3,Ga,18,20,4f1_layer7,3,1.9084360732701862,Ga_O_02,"(0, 0, 0)"
2,group8_layer6_1__layer14_3,Ga,18,20,4f1_layer7,13,1.9084359271385227,Ga_O_02,"(0, 0, 0)"
2,group8_layer6_1__layer14_3,Ga,18,20,4f1_layer7,17,1.909127043000001,Ga_O_03,"(0, 0, 0)"
2,group8_layer6_1__layer14_3,Ga,18,20,4f1_layer7,36,1.9084359275969722,Ga_O_02,"(0, 0, 0)"
2,group8_layer6_1__layer14_3,Ga,19,21,4f2_layer5,2,2.0663771900543897,Ga_O_08,"(0, 0, 0)"
2,group8_layer6_1__layer14_3,Ga,19,21,4f2_layer5,4,1.9849924184808014,Ga_O_06,"(0, 1, 0)"
2,group8_layer6_1__layer14_3,Ga,19,21,4f2_layer5,16,2.0663770194551296,Ga_O_08,"(0, 0, 0)"
2,group8_layer6_1__layer14_3,Ga,19,21,4f2_layer5,28,1.9849924174878968,Ga_O_06,"(0, 0, 0)"
2,group8_layer6_1__layer14_3,Ga,19,21,4f2_layer5,35,2.0663772462180487,Ga_O_08,"(0, 0, 0)"
2,group8_layer6_1__layer14_3,Ga,19,21,4f2_layer5,38,1.9849922964805824,Ga_O_06,"(-1, 0, 0)"
2,group8_layer6_1__layer14_3,Ga,20,22,4f1_layer1,15,1.9091273005999965,Ga_O_03,"(0, 0, -1)"
2,group8_layer6_1__layer14_3,Ga,20,22,4f1_layer1,29,1.9084359275969722,Ga_O_02,"(0, 0, 0)"
2,group8_layer6_1__layer14_3,Ga,20,22,4f1_layer1,32,1.9084360732701862,Ga_O_02,"(0, 0, 0)"
2,group8_layer6_1__layer14_3,Ga,20,22,4f1_layer1,34,1.9084359271385227,Ga_O_02,"(0, 0, 0)"
2,group8_layer6_1__layer14_3,Ga,21,23,4f2_layer13,9,1.9849917593946296,Ga_O_06,"(1, 0, 0)"
2,group8_layer6_1__layer14_3,Ga,21,23,4f2_layer13,10,2.0663776487443317,Ga_O_08,"(0, 0, 0)"
2,group8_layer6_1__layer14_3,Ga,21,23,4f2_layer13,23,2.0663774783167206,Ga_O_08,"(0, 0, 0)"
2,group8_layer6_1__layer14_3,Ga,21,23,4f2_layer13,27,1.984991638404773,Ga_O_06,"(0, -1, 0)"
2,group8_layer6_1__layer14_3,Ga,21,23,4f2_layer13,30,1.984991758786552,Ga_O_06,"(0, 0, 0)"
2,group8_layer6_1__layer14_3,Ga,21,23,4f2_layer13,37,2.066377705422137,Ga_O_08,"(0, 0, 0)"
2,group8_layer6_1__layer14_3,Ga,22,24,4f1_layer15,8,1.9084361547650497,Ga_O_02,"(0, 0, 0)"
2,group8_layer6_1__layer14_3,Ga,22,24,4f1_layer15,14,1.9084362998548778,Ga_O_02,"(0, 0, 0)"
2,group8_layer6_1__layer14_3,Ga,22,24,4f1_layer15,24,1.9084361547650501,Ga_O_02,"(0, 0, 0)"
2,group8_layer6_1__layer14_3,Ga,22,24,4f1_layer15,31,1.9091268705999949,Ga_O_03,"(0, 0, 1)"
2,group9_layer2_1__layer10_2,Sr,1,,,2,2.958098043228469,Sr_O_02,"(0, -1, 0)"
2,group9_layer2_1__layer10_2,Sr,1,,,4,2.864579795118219,Sr_O_01,"(0, 0, 0)"
2,group9_layer2_1__layer10_2,Sr,1,,,16,2.9580979326637595,Sr_O_02,"(1, 0, 0)"
2,group9_layer2_1__layer10_2,Sr,1,,,18,2.8645798765734263,Sr_O_01,"(0, 0, 0)"
2,group9_layer2_1__layer10_2,Sr,1,,,21,2.864579884642825,Sr_O_01,"(0, 0, 0)"
2,group9_layer2_1__layer10_2,Sr,1,,,25,2.8645797959311503,Sr_O_01,"(0, 0, 0)"
2,group9_layer2_1__layer10_2,Sr,1,,,28,2.864579883829894,Sr_O_01,"(0, 0, 0)"
2,group9_layer2_1__layer10_2,Sr,1,,,35,2.95809800345424,Sr_O_02,"(0, -1, 0)"
2,group9_layer2_1__layer10_2,Sr,1,,,38,2.8645798757604948,Sr_O_01,"(0, 0, 0)"
2,group9_layer2_1__layer10_2,Sr,2,,,1,2.8645793251769454,Sr_O_01,"(0, 0, 0)"
2,group9_layer2_1__layer10_2,Sr,2,,,5,2.8645793169995204,Sr_O_01,"(0, 0, 0)"
2,group9_layer2_1__layer10_2,Sr,2,,,9,2.8645792364135385,Sr_O_01,"(0, 0, 0)"
2,group9_layer2_1__layer10_2,Sr,2,,,10,2.9580980427214705,Sr_O_02,"(-1, 0, 0)"
2,group9_layer2_1__layer10_2,Sr,2,,,23,2.95809793284463,Sr_O_02,"(0, 1, 0)"
2,group9_layer2_1__layer10_2,Sr,2,,,27,2.8645793169995213,Sr_O_01,"(0, 0, 0)"
2,group9_layer2_1__layer10_2,Sr,2,,,30,2.8645793251769462,Sr_O_01,"(0, 0, 0)"
2,group9_layer2_1__layer10_2,Sr,2,,,33,2.864579236413537,Sr_O_01,"(0, 0, 0)"
2,group9_layer2_1__layer10_2,Sr,2,,,37,2.9580980035278155,Sr_O_02,"(-1, 0, 0)"
2,group9_layer2_1__layer10_2,Ga,1,1,12k_layer6_3,4,1.9254355757587174,Ga_O_04,"(0, 0, 0)"
2,group9_layer2_1__layer10_2,Ga,1,1,12k_layer6_3,6,1.9844559567789057,Ga_O_05,"(-1, -1, 0)"
2,group9_layer2_1__layer10_2,Ga,1,1,12k_layer6_3,13,2.0983234538406146,Ga_O_10,"(0, 0, 0)"
2,group9_layer2_1__layer10_2,Ga,1,1,12k_layer6_3,19,2.094827515170505,Ga_O_09,"(0, 0, 0)"
2,group9_layer2_1__layer10_2,Ga,1,1,12k_layer6_3,28,1.925435576196381,Ga_O_04,"(0, 0, 0)"
2,group9_layer2_1__layer10_2,Ga,1,1,12k_layer6_3,36,2.0983234538272053,Ga_O_10,"(0, -1, 0)"
2,group9_layer2_1__layer10_2,Ga,2,2,12k_layer2_3,7,1.9844559567789046,Ga_O_05,"(-1, -1, 0)"
2,group9_layer2_1__layer10_2,Ga,2,2,12k_layer2_3,21,1.9254355761963797,Ga_O_04,"(0, 0, 0)"
2,group9_layer2_1__layer10_2,Ga,2,2,12k_layer2_3,25,1.9254355757587163,Ga_O_04,"(0, 0, 0)"
2,group9_layer2_1__layer10_2,Ga,2,2,12k_layer2_3,29,2.098323453827207,Ga_O_10,"(0, -1, 0)"
2,group9_layer2_1__layer10_2,Ga,2,2,12k_layer2_3,31,2.0948275151705062,Ga_O_09,"(0, 0, 0)"
2,group9_layer2_1__layer10_2,Ga,2,2,12k_layer2_3,34,2.0983234538406164,Ga_O_10,"(0, 0, 0)"
2,group9_layer2_1__layer10_2,Ga,3,3,12k_layer14_1,8,2.0983229791065865,Ga_O_10,"(0, 0, 0)"
2,group9_layer2_1__layer10_2,Ga,3,3,12k_layer14_1,9,1.9254359958162917,Ga_O_04,"(0, 0, 0)"
2,group9_layer2_1__layer10_2,Ga,3,3,12k_layer14_1,15,2.094827260093365,Ga_O_09,"(0, 0, 0)"
2,group9_layer2_1__layer10_2,Ga,3,3,12k_layer14_1,20,1.9844560436631808,Ga_O_05,"(-1, -1, 0)"
2,group9_layer2_1__layer10_2,Ga,3,3,12k_layer14_1,24,2.0983229796303986,Ga_O_10,"(-1, 0, 0)"
2,group9_layer2_1__layer10_2,Ga,3,3,12k_layer14_1,30,1.9254359958162914,Ga_O_04,"(0, 0, 0)"
2,group9_layer2_1__layer10_2,Ga,4,4,12k_layer2_2,7,1.984455956778905,Ga_O_05,"(0, -1, 0)"
2,group9_layer2_1__layer10_2,Ga,4,4,12k_layer2_2,18,1.9254355763634932,Ga_O_04,"(0, 0, 0)"
2,group9_layer2_1__layer10_2,Ga,4,4,12k_layer2_2,25,1.925435575758716,Ga_O_04,"(0, 0, 0)"
2,group9_layer2_1__layer10_2,Ga,4,4,12k_layer2_2,31,2.094827515170506,Ga_O_09,"(0, 0, 0)"
2,group9_layer2_1__layer10_2,Ga,4,4,12k_layer2_2,32,2.0983234538709623,Ga_O_10,"(0, -1, 0)"
2,group9_layer2_1__layer10_2,Ga,4,4,12k_layer2_2,34,2.098323454408184,Ga_O_10,"(1, 0, 0)"
2,group9_layer2_1__layer10_2,Ga,5,5,12k_layer14_3,14,2.098322979539073,Ga_O_10,"(0, 0, 0)"
2,group9_layer2_1__layer10_2,Ga,5,5,12k_layer14_3,15,2.094827383098975,Ga_O_09,"(0, 0, 0)"
2,group9_layer2_1__layer10_2,Ga,5,5,12k_layer14_3,20,1.9844560439741377,Ga_O_05,"(0, 0, 0)"
2,group9_layer2_1__layer10_2,Ga,5,5,12k_layer14_3,24,2.098322979658534,Ga_O_10,"(0, 1, 0)"
2,group9_layer2_1__layer10_2,Ga,5,5,12k_layer14_3,27,1.925435983138288,Ga_O_04,"(0, 0, 0)"
2,group9_layer2_1__layer10_2,Ga,5,5,12k_layer14_3,30,1.9254359955204852,Ga_O_04,"(0, 0, 0)"
2,group9_layer2_1__layer10_2,Cr,1,6,12k_layer10_2,5,1.9254359120300575,Cr_O_04,"(0, 0, 0)"
2,group9_layer2_1__layer10_2,Cr,1,6,12k_layer10_2,12,1.98445595738215,Cr_O_05,"(-1, 0, 0)"
2,group9_layer2_1__layer10_2,Cr,1,6,12k_layer10_2,17,2.094827514410795,Cr_O_09,"(0, 0, 0)"
2,group9_layer2_1__layer10_2,Cr,1,6,12k_layer10_2,22,2.0983230321761726,Cr_O_10,"(-1, 0, 0)"
2,group9_layer2_1__layer10_2,Cr,1,6,12k_layer10_2,26,2.0983230324265865,Cr_O_10,"(0, 1, 0)"
2,group9_layer2_1__layer10_2,Cr,1,6,12k_layer10_2,33,1.9254359114895088,Cr_O_04,"(0, 0, 0)"
2,group9_layer2_1__layer10_2,Ga,6,7,12k_layer6_2,3,2.0983234538709605,Ga_O_10,"(0, -1, 0)"
2,group9_layer2_1__layer10_2,Ga,6,7,12k_layer6_2,4,1.9254355757587174,Ga_O_04,"(0, 0, 0)"
2,group9_layer2_1__layer10_2,Ga,6,7,12k_layer6_2,6,1.9844559567789064,Ga_O_05,"(0, -1, 0)"
2,group9_layer2_1__layer10_2,Ga,6,7,12k_layer6_2,13,2.0983234544081824,Ga_O_10,"(1, 0, 0)"
2,group9_layer2_1__layer10_2,Ga,6,7,12k_layer6_2,19,2.0948275151705045,Ga_O_09,"(0, 0, 0)"
2,group9_layer2_1__layer10_2,Ga,6,7,12k_layer6_2,38,1.9254355763634945,Ga_O_04,"(0, 0, 0)"
2,group9_layer2_1__layer10_2,Ga,7,8,12k_layer6_1,3,2.0983234541175877,Ga_O_10,"(0, 0, 0)"
2,group9_layer2_1__layer10_2,Ga,7,8,12k_layer6_1,6,1.9844559569613607,Ga_O_05,"(0, 0, 0)"
2,group9_layer2_1__layer10_2,Ga,7,8,12k_layer6_1,19,2.0948276379027013,Ga_O_09,"(0, 0, 0)"
2,group9_layer2_1__layer10_2,Ga,7,8,12k_layer6_1,28,1.9254355756093047,Ga_O_04,"(0, 0, 0)"
2,group9_layer2_1__layer10_2,Ga,7,8,12k_layer6_1,36,2.0983234546414,Ga_O_10,"(1, 0, 0)"
2,group9_layer2_1__layer10_2,Ga,7,8,12k_layer6_1,38,1.925435563604001,Ga_O_04,"(0, 0, 0)"
2,group9_layer2_1__layer10_2,Ga,8,9,12k_layer14_2,8,2.098322979647595,Ga_O_10,"(0, 1, 0)"
2,group9_layer2_1__layer10_2,Ga,8,9,12k_layer14_2,9,1.9254359955309297,Ga_O_04,"(0, 0, 0)"
2,group9_layer2_1__layer10_2,Ga,8,9,12k_layer14_2,14,2.098322979397181,Ga_O_10,"(-1, 0, 0)"
2,group9_layer2_1__layer10_2,Ga,8,9,12k_layer14_2,15,2.094827260728784,Ga_O_09,"(0, 0, 0)"
2,group9_layer2_1__layer10_2,Ga,8,9,12k_layer14_2,20,1.9844560438241048,Ga_O_05,"(-1, 0, 0)"
2,group9_layer2_1__layer10_2,Ga,8,9,12k_layer14_2,27,1.9254359960714784,Ga_O_04,"(0, 0, 0)"
2,group9_layer2_1__layer10_2,Ga,9,10,2a_layer16,8,1.9948520249218649,Ga_O_07,"(1, 1, 0)"
2,group9_layer2_1__layer10_2,Ga,9,10,2a_layer16,14,1.9948520252426432,Ga_O_07,"(0, 0, 0)"
2,group9_layer2_1__layer10_2,Ga,9,10,2a_layer16,24,1.9948520249218644,Ga_O_07,"(0, 1, 0)"
2,group9_layer2_1__layer10_2,Ga,9,10,2a_layer16,29,1.9948516604791149,Ga_O_07,"(1, 0, 1)"
2,group9_layer2_1__layer10_2,Ga,9,10,2a_layer16,32,1.9948516599281325,Ga_O_07,"(0, 0, 1)"
2,group9_layer2_1__layer10_2,Ga,9,10,2a_layer16,34,1.994851660087002,Ga_O_07,"(1, 1, 1)"
2,group9_layer2_1__layer10_2,Ga,10,11,12k_layer10_3,1,1.9254359114790642,Ga_O_04,"(0, 0, 0)"
2,group9_layer2_1__layer10_2,Ga,10,11,12k_layer10_3,5,1.9254358990968665,Ga_O_04,"(0, 0, 0)"
2,group9_layer2_1__layer10_2,Ga,10,11,12k_layer10_3,11,2.0983230324375253,Ga_O_10,"(0, 1, 0)"
2,group9_layer2_1__layer10_2,Ga,10,11,12k_layer10_3,12,1.9844559575321832,Ga_O_05,"(0, 0, 0)"
2,group9_layer2_1__layer10_2,Ga,10,11,12k_layer10_3,17,2.094827636780971,Ga_O_09,"(0, 0, 0)"
2,group9_layer2_1__layer10_2,Ga,10,11,12k_layer10_3,22,2.0983230323180644,Ga_O_10,"(0, 0, 0)"
2,group9_layer2_1__layer10_2,Ga,11,12,12k_layer10_1,1,1.9254359117748707,Ga_O_04,"(0, 0, 0)"
2,group9_layer2_1__layer10_2,Ga,11,12,12k_layer10_1,11,2.0983230324093904,Ga_O_10,"(-1, 0, 0)"
2,group9_layer2_1__layer10_2,Ga,11,12,12k_layer10_1,12,1.9844559572212264,Ga_O_05,"(-1, -1, 0)"
2,group9_layer2_1__layer10_2,Ga,11,12,12k_layer10_1,17,2.0948275137753765,Ga_O_09,"(0, 0, 0)"
2,group9_layer2_1__layer10_2,Ga,11,12,12k_layer10_1,26,2.098323031885578,Ga_O_10,"(0, 0, 0)"
2,group9_layer2_1__layer10_2,Ga,11,12,12k_layer10_1,33,1.9254359117748707,Ga_O_04,"(0, 0, 0)"
2,group9_layer2_1__layer10_2,Cr,2,13,12k_layer2_1,7,1.9844559569613596,Cr_O_05,"(0, 0, 0)"
2,group9_layer2_1__layer10_2,Cr,2,13,12k_layer2_1,18,1.925435563604,Cr_O_04,"(0, 0, 0)"
2,group9_layer2_1__layer10_2,Cr,2,13,12k_layer2_1,21,1.9254355756093033,Cr_O_04,"(0, 0, 0)"
2,group9_layer2_1__layer10_2,Cr,2,13,12k_layer2_1,29,2.0983234546414016,Cr_O_10,"(1, 0, 0)"
2,group9_layer2_1__layer10_2,Cr,2,13,12k_layer2_1,31,2.0948276379027027,Cr_O_09,"(0, 0, 0)"
2,group9_layer2_1__layer10_2,Cr,2,13,12k_layer2_1,32,2.0983234541175895,Cr_O_10,"(0, 0, 0)"
2,group9_layer2_1__layer10_2,Ga,12,14,2b_layer12,10,1.8700732788205217,Ga_O_01,"(0, 1, 0)"
2,group9_layer2_1__layer10_2,Ga,12,14,2b_layer12,12,2.2779384420000004,Ga_O_11,"(0, 0, 0)"
2,group9_layer2_1__layer10_2,Ga,12,14,2b_layer12,20,2.2779384410000003,Ga_O_11,"(0, 0, 0)"
2,group9_layer2_1__layer10_2,Ga,12,14,2b_layer12,23,1.870073507451236,Ga_O_01,"(1, 1, 0)"
2,group9_layer2_1__layer10_2,Ga,12,14,2b_layer12,37,1.870073355,Ga_O_01,"(0, 0, 0)"
2,group9_layer2_1__layer10_2,Ga,13,15,2a_layer8,3,1.9948516601706343,Ga_O_07,"(0, 0, 0)"
2,group9_layer2_1__layer10_2,Ga,13,15,2a_layer8,11,1.9948520770594027,Ga_O_07,"(0, 1, 0)"
2,group9_layer2_1__layer10_2,Ga,13,15,2a_layer8,13,1.994851660329504,Ga_O_07,"(1, 1, 0)"
2,group9_layer2_1__layer10_2,Ga,13,15,2a_layer8,22,1.9948520773801812,Ga_O_07,"(0, 0, 0)"
2,group9_layer2_1__layer10_2,Ga,13,15,2a_layer8,26,1.9948520770594032,Ga_O_07,"(1, 1, 0)"
2,group9_layer2_1__layer10_2,Ga,13,15,2a_layer8,36,1.9948516607216167,Ga_O_07,"(1, 0, 0)"
2,group9_layer2_1__layer10_2,Ga,14,16,2b_layer4,2,1.8700732794118144,Ga_O_01,"(1, 0, 0)"
2,group9_layer2_1__layer10_2,Ga,14,16,2b_layer4,6,2.277938441000001,Ga_O_11,"(0, 0, 0)"
2,group9_layer2_1__layer10_2,Ga,14,16,2b_layer4,7,2.2779384420000004,Ga_O_11,"(0, 0, 0)"
2,group9_layer2_1__layer10_2,Ga,14,16,2b_layer4,16,1.8700735073000085,Ga_O_01,"(1, 1, 0)"
2,group9_layer2_1__layer10_2,Ga,14,16,2b_layer4,35,1.870073355795254,Ga_O_01,"(0, 0, 0)"
2,group9_layer2_1__layer10_2,Ga,15,17,4f1_layer9,11,1.9084361294606749,Ga_O_02,"(0, 0, 0)"
2,group9_layer2_1__layer10_2,Ga,15,17,4f1_layer9,19,1.9091270429999996,Ga_O_03,"(0, 0, 0)"
2,group9_layer2_1__layer10_2,Ga,15,17,4f1_layer9,22,1.9084362745505044,Ga_O_02,"(0, 0, 0)"
2,group9_layer2_1__layer10_2,Ga,15,17,4f1_layer9,26,1.9084361294606744,Ga_O_02,"(0, 0, 0)"
2,group9_layer2_1__layer10_2,Ga,16,18,4f2_layer11,1,1.9849917587865524,Ga_O_06,"(0, 0, 0)"
2,group9_layer2_1__layer10_2,Ga,16,18,4f2_layer11,5,1.9849916384047732,Ga_O_06,"(0, -1, 0)"
2,group9_layer2_1__layer10_2,Ga,16,18,4f2_layer11,10,2.0663776487443304,Ga_O_08,"(0, 0, 0)"
2,group9_layer2_1__layer10_2,Ga,16,18,4f2_layer11,23,2.0663774783167193,Ga_O_08,"(0, 0, 0)"
2,group9_layer2_1__layer10_2,Ga,16,18,4f2_layer11,33,1.9849917593946298,Ga_O_06,"(1, 0, 0)"
2,group9_layer2_1__layer10_2,Ga,16,18,4f2_layer11,37,2.0663777054221355,Ga_O_08,"(0, 0, 0)"
2,group9_layer2_1__layer10_2,Ga,17,19,4f2_layer3,2,2.0663771907209756,Ga_O_08,"(0, 0, 0)"
2,group9_layer2_1__layer10_2,Ga,17,19,4f2_layer3,16,2.066377020121716,Ga_O_08,"(0, 0, 0)"
2,group9_layer2_1__layer10_2,Ga,17,19,4f2_layer3,18,1.9849922964805824,Ga_O_06,"(-1, 0, 0)"
2,group9_layer2_1__layer10_2,Ga,17,19,4f2_layer3,21,1.9849924174878968,Ga_O_06,"(0, 0, 0)"
2,group9_layer2_1__layer10_2,Ga,17,19,4f2_layer3,25,1.9849924184808014,Ga_O_06,"(0, 1, 0)"
2,group9_layer2_1__layer10_2,Ga,17,19,4f2_layer3,35,2.066377246884635,Ga_O_08,"(0, 0, 0)"
2,group9_layer2_1__layer10_2,Ga,18,20,4f1_layer7,3,1.9084360732701862,Ga_O_02,"(0, 0, 0)"
2,group9_layer2_1__layer10_2,Ga,18,20,4f1_layer7,13,1.9084359271385227,Ga_O_02,"(0, 0, 0)"
2,group9_layer2_1__layer10_2,Ga,18,20,4f1_layer7,17,1.909127043000001,Ga_O_03,"(0, 0, 0)"
2,group9_layer2_1__layer10_2,Ga,18,20,4f1_layer7,36,1.9084359275969722,Ga_O_02,"(0, 0, 0)"
2,group9_layer2_1__layer10_2,Ga,19,21,4f2_layer5,2,2.0663771900543897,Ga_O_08,"(0, 0, 0)"
2,group9_layer2_1__layer10_2,Ga,19,21,4f2_layer5,4,1.9849924184808014,Ga_O_06,"(0, 1, 0)"
2,group9_layer2_1__layer10_2,Ga,19,21,4f2_layer5,16,2.0663770194551296,Ga_O_08,"(0, 0, 0)"
2,group9_layer2_1__layer10_2,Ga,19,21,4f2_layer5,28,1.9849924174878968,Ga_O_06,"(0, 0, 0)"
2,group9_layer2_1__layer10_2,Ga,19,21,4f2_layer5,35,2.0663772462180487,Ga_O_08,"(0, 0, 0)"
2,group9_layer2_1__layer10_2,Ga,19,21,4f2_layer5,38,1.9849922964805824,Ga_O_06,"(-1, 0, 0)"
2,group9_layer2_1__layer10_2,Ga,20,22,4f1_layer1,15,1.9091273005999965,Ga_O_03,"(0, 0, -1)"
2,group9_layer2_1__layer10_2,Ga,20,22,4f1_layer1,29,1.9084359275969722,Ga_O_02,"(0, 0, 0)"
2,group9_layer2_1__layer10_2,Ga,20,22,4f1_layer1,32,1.9084360732701862,Ga_O_02,"(0, 0, 0)"
2,group9_layer2_1__layer10_2,Ga,20,22,4f1_layer1,34,1.9084359271385227,Ga_O_02,"(0, 0, 0)"
2,group9_layer2_1__layer10_2,Ga,21,23,4f2_layer13,9,1.9849917593946296,Ga_O_06,"(1, 0, 0)"
2,group9_layer2_1__layer10_2,Ga,21,23,4f2_layer13,10,2.0663776487443317,Ga_O_08,"(0, 0, 0)"
2,group9_layer2_1__layer10_2,Ga,21,23,4f2_layer13,23,2.0663774783167206,Ga_O_08,"(0, 0, 0)"
2,group9_layer2_1__layer10_2,Ga,21,23,4f2_layer13,27,1.984991638404773,Ga_O_06,"(0, -1, 0)"
2,group9_layer2_1__layer10_2,Ga,21,23,4f2_layer13,30,1.984991758786552,Ga_O_06,"(0, 0, 0)"
2,group9_layer2_1__layer10_2,Ga,21,23,4f2_layer13,37,2.066377705422137,Ga_O_08,"(0, 0, 0)"
2,group9_layer2_1__layer10_2,Ga,22,24,4f1_layer15,8,1.9084361547650497,Ga_O_02,"(0, 0, 0)"
2,group9_layer2_1__layer10_2,Ga,22,24,4f1_layer15,14,1.9084362998548778,Ga_O_02,"(0, 0, 0)"
2,group9_layer2_1__layer10_2,Ga,22,24,4f1_layer15,24,1.9084361547650501,Ga_O_02,"(0, 0, 0)"
2,group9_layer2_1__layer10_2,Ga,22,24,4f1_layer15,31,1.9091268705999949,Ga_O_03,"(0, 0, 1)"
4,group01,Sr,1,,,2,2.958098043228469,Sr_O_02,"(0, -1, 0)"
4,group01,Sr,1,,,4,2.864579795118219,Sr_O_01,"(0, 0, 0)"
4,group01,Sr,1,,,16,2.9580979326637595,Sr_O_02,"(1, 0, 0)"
4,group01,Sr,1,,,18,2.8645798765734263,Sr_O_01,"(0, 0, 0)"
4,group01,Sr,1,,,21,2.864579884642825,Sr_O_01,"(0, 0, 0)"
4,group01,Sr,1,,,25,2.8645797959311503,Sr_O_01,"(0, 0, 0)"
4,group01,Sr,1,,,28,2.864579883829894,Sr_O_01,"(0, 0, 0)"
4,group01,Sr,1,,,35,2.95809800345424,Sr_O_02,"(0, -1, 0)"
4,group01,Sr,1,,,38,2.8645798757604948,Sr_O_01,"(0, 0, 0)"
4,group01,Sr,2,,,1,2.8645793251769454,Sr_O_01,"(0, 0, 0)"
4,group01,Sr,2,,,5,2.8645793169995204,Sr_O_01,"(0, 0, 0)"
4,group01,Sr,2,,,9,2.8645792364135385,Sr_O_01,"(0, 0, 0)"
4,group01,Sr,2,,,10,2.9580980427214705,Sr_O_02,"(-1, 0, 0)"
4,group01,Sr,2,,,23,2.95809793284463,Sr_O_02,"(0, 1, 0)"
4,group01,Sr,2,,,27,2.8645793169995213,Sr_O_01,"(0, 0, 0)"
4,group01,Sr,2,,,30,2.8645793251769462,Sr_O_01,"(0, 0, 0)"
4,group01,Sr,2,,,33,2.864579236413537,Sr_O_01,"(0, 0, 0)"
4,group01,Sr,2,,,37,2.9580980035278155,Sr_O_02,"(-1, 0, 0)"
4,group01,Ga,1,1,12k_layer6_3,4,1.9254355757587174,Ga_O_04,"(0, 0, 0)"
4,group01,Ga,1,1,12k_layer6_3,6,1.9844559567789057,Ga_O_05,"(-1, -1, 0)"
4,group01,Ga,1,1,12k_layer6_3,13,2.0983234538406146,Ga_O_10,"(0, 0, 0)"
4,group01,Ga,1,1,12k_layer6_3,19,2.094827515170505,Ga_O_09,"(0, 0, 0)"
4,group01,Ga,1,1,12k_layer6_3,28,1.925435576196381,Ga_O_04,"(0, 0, 0)"
4,group01,Ga,1,1,12k_layer6_3,36,2.0983234538272053,Ga_O_10,"(0, -1, 0)"
4,group01,Ga,2,2,12k_layer2_3,7,1.9844559567789046,Ga_O_05,"(-1, -1, 0)"
4,group01,Ga,2,2,12k_layer2_3,21,1.9254355761963797,Ga_O_04,"(0, 0, 0)"
4,group01,Ga,2,2,12k_layer2_3,25,1.9254355757587163,Ga_O_04,"(0, 0, 0)"
4,group01,Ga,2,2,12k_layer2_3,29,2.098323453827207,Ga_O_10,"(0, -1, 0)"
4,group01,Ga,2,2,12k_layer2_3,31,2.0948275151705062,Ga_O_09,"(0, 0, 0)"
4,group01,Ga,2,2,12k_layer2_3,34,2.0983234538406164,Ga_O_10,"(0, 0, 0)"
4,group01,Ga,3,3,12k_layer14_1,8,2.0983229791065865,Ga_O_10,"(0, 0, 0)"
4,group01,Ga,3,3,12k_layer14_1,9,1.9254359958162917,Ga_O_04,"(0, 0, 0)"
4,group01,Ga,3,3,12k_layer14_1,15,2.094827260093365,Ga_O_09,"(0, 0, 0)"
4,group01,Ga,3,3,12k_layer14_1,20,1.9844560436631808,Ga_O_05,"(-1, -1, 0)"
4,group01,Ga,3,3,12k_layer14_1,24,2.0983229796303986,Ga_O_10,"(-1, 0, 0)"
4,group01,Ga,3,3,12k_layer14_1,30,1.9254359958162914,Ga_O_04,"(0, 0, 0)"
4,group01,Cr,1,4,12k_layer2_2,7,1.984455956778905,Cr_O_05,"(0, -1, 0)"
4,group01,Cr,1,4,12k_layer2_2,18,1.9254355763634932,Cr_O_04,"(0, 0, 0)"
4,group01,Cr,1,4,12k_layer2_2,25,1.925435575758716,Cr_O_04,"(0, 0, 0)"
4,group01,Cr,1,4,12k_layer2_2,31,2.094827515170506,Cr_O_09,"(0, 0, 0)"
4,group01,Cr,1,4,12k_layer2_2,32,2.0983234538709623,Cr_O_10,"(0, -1, 0)"
4,group01,Cr,1,4,12k_layer2_2,34,2.098323454408184,Cr_O_10,"(1, 0, 0)"
4,group01,Ga,4,5,12k_layer14_3,14,2.098322979539073,Ga_O_10,"(0, 0, 0)"
4,group01,Ga,4,5,12k_layer14_3,15,2.094827383098975,Ga_O_09,"(0, 0, 0)"
4,group01,Ga,4,5,12k_layer14_3,20,1.9844560439741377,Ga_O_05,"(0, 0, 0)"
4,group01,Ga,4,5,12k_layer14_3,24,2.098322979658534,Ga_O_10,"(0, 1, 0)"
4,group01,Ga,4,5,12k_layer14_3,27,1.925435983138288,Ga_O_04,"(0, 0, 0)"
4,group01,Ga,4,5,12k_layer14_3,30,1.9254359955204852,Ga_O_04,"(0, 0, 0)"
4,group01,Cr,2,6,12k_layer10_2,5,1.9254359120300575,Cr_O_04,"(0, 0, 0)"
4,group01,Cr,2,6,12k_layer10_2,12,1.98445595738215,Cr_O_05,"(-1, 0, 0)"
4,group01,Cr,2,6,12k_layer10_2,17,2.094827514410795,Cr_O_09,"(0, 0, 0)"
4,group01,Cr,2,6,12k_layer10_2,22,2.0983230321761726,Cr_O_10,"(-1, 0, 0)"
4,group01,Cr,2,6,12k_layer10_2,26,2.0983230324265865,Cr_O_10,"(0, 1, 0)"
4,group01,Cr,2,6,12k_layer10_2,33,1.9254359114895088,Cr_O_04,"(0, 0, 0)"
4,group01,Cr,3,7,12k_layer6_2,3,2.0983234538709605,Cr_O_10,"(0, -1, 0)"
4,group01,Cr,3,7,12k_layer6_2,4,1.9254355757587174,Cr_O_04,"(0, 0, 0)"
4,group01,Cr,3,7,12k_layer6_2,6,1.9844559567789064,Cr_O_05,"(0, -1, 0)"
4,group01,Cr,3,7,12k_layer6_2,13,2.0983234544081824,Cr_O_10,"(1, 0, 0)"
4,group01,Cr,3,7,12k_layer6_2,19,2.0948275151705045,Cr_O_09,"(0, 0, 0)"
4,group01,Cr,3,7,12k_layer6_2,38,1.9254355763634945,Cr_O_04,"(0, 0, 0)"
4,group01,Ga,5,8,12k_layer6_1,3,2.0983234541175877,Ga_O_10,"(0, 0, 0)"
4,group01,Ga,5,8,12k_layer6_1,6,1.9844559569613607,Ga_O_05,"(0, 0, 0)"
4,group01,Ga,5,8,12k_layer6_1,19,2.0948276379027013,Ga_O_09,"(0, 0, 0)"
4,group01,Ga,5,8,12k_layer6_1,28,1.9254355756093047,Ga_O_04,"(0, 0, 0)"
4,group01,Ga,5,8,12k_layer6_1,36,2.0983234546414,Ga_O_10,"(1, 0, 0)"
4,group01,Ga,5,8,12k_layer6_1,38,1.925435563604001,Ga_O_04,"(0, 0, 0)"
4,group01,Cr,4,9,12k_layer14_2,8,2.098322979647595,Cr_O_10,"(0, 1, 0)"
4,group01,Cr,4,9,12k_layer14_2,9,1.9254359955309297,Cr_O_04,"(0, 0, 0)"
4,group01,Cr,4,9,12k_layer14_2,14,2.098322979397181,Cr_O_10,"(-1, 0, 0)"
4,group01,Cr,4,9,12k_layer14_2,15,2.094827260728784,Cr_O_09,"(0, 0, 0)"
4,group01,Cr,4,9,12k_layer14_2,20,1.9844560438241048,Cr_O_05,"(-1, 0, 0)"
4,group01,Cr,4,9,12k_layer14_2,27,1.9254359960714784,Cr_O_04,"(0, 0, 0)"
4,group01,Ga,6,10,2a_layer16,8,1.9948520249218649,Ga_O_07,"(1, 1, 0)"
4,group01,Ga,6,10,2a_layer16,14,1.9948520252426432,Ga_O_07,"(0, 0, 0)"
4,group01,Ga,6,10,2a_layer16,24,1.9948520249218644,Ga_O_07,"(0, 1, 0)"
4,group01,Ga,6,10,2a_layer16,29,1.9948516604791149,Ga_O_07,"(1, 0, 1)"
4,group01,Ga,6,10,2a_layer16,32,1.9948516599281325,Ga_O_07,"(0, 0, 1)"
4,group01,Ga,6,10,2a_layer16,34,1.994851660087002,Ga_O_07,"(1, 1, 1)"
4,group01,Ga,7,11,12k_layer10_3,1,1.9254359114790642,Ga_O_04,"(0, 0, 0)"
4,group01,Ga,7,11,12k_layer10_3,5,1.9254358990968665,Ga_O_04,"(0, 0, 0)"
4,group01,Ga,7,11,12k_layer10_3,11,2.0983230324375253,Ga_O_10,"(0, 1, 0)"
4,group01,Ga,7,11,12k_layer10_3,12,1.9844559575321832,Ga_O_05,"(0, 0, 0)"
4,group01,Ga,7,11,12k_layer10_3,17,2.094827636780971,Ga_O_09,"(0, 0, 0)"
4,group01,Ga,7,11,12k_layer10_3,22,2.0983230323180644,Ga_O_10,"(0, 0, 0)"
4,group01,Ga,8,12,12k_layer10_1,1,1.9254359117748707,Ga_O_04,"(0, 0, 0)"
4,group01,Ga,8,12,12k_layer10_1,11,2.0983230324093904,Ga_O_10,"(-1, 0, 0)"
4,group01,Ga,8,12,12k_layer10_1,12,1.9844559572212264,Ga_O_05,"(-1, -1, 0)"
4,group01,Ga,8,12,12k_layer10_1,17,2.0948275137753765,Ga_O_09,"(0, 0, 0)"
4,group01,Ga,8,12,12k_layer10_1,26,2.098323031885578,Ga_O_10,"(0, 0, 0)"
4,group01,Ga,8,12,12k_layer10_1,33,1.9254359117748707,Ga_O_04,"(0, 0, 0)"
4,group01,Ga,9,13,12k_layer2_1,7,1.9844559569613596,Ga_O_05,"(0, 0, 0)"
4,group01,Ga,9,13,12k_layer2_1,18,1.925435563604,Ga_O_04,"(0, 0, 0)"
4,group01,Ga,9,13,12k_layer2_1,21,1.9254355756093033,Ga_O_04,"(0, 0, 0)"
4,group01,Ga,9,13,12k_layer2_1,29,2.0983234546414016,Ga_O_10,"(1, 0, 0)"
4,group01,Ga,9,13,12k_layer2_1,31,2.0948276379027027,Ga_O_09,"(0, 0, 0)"
4,group01,Ga,9,13,12k_layer2_1,32,2.0983234541175895,Ga_O_10,"(0, 0, 0)"
4,group01,Ga,10,14,2b_layer12,10,1.8700732788205217,Ga_O_01,"(0, 1, 0)"
4,group01,Ga,10,14,2b_layer12,12,2.2779384420000004,Ga_O_11,"(0, 0, 0)"
4,group01,Ga,10,14,2b_layer12,20,2.2779384410000003,Ga_O_11,"(0, 0, 0)"
4,group01,Ga,10,14,2b_layer12,23,1.870073507451236,Ga_O_01,"(1, 1, 0)"
4,group01,Ga,10,14,2b_layer12,37,1.870073355,Ga_O_01,"(0, 0, 0)"
4,group01,Ga,11,15,2a_layer8,3,1.9948516601706343,Ga_O_07,"(0, 0, 0)"
4,group01,Ga,11,15,2a_layer8,11,1.9948520770594027,Ga_O_07,"(0, 1, 0)"
4,group01,Ga,11,15,2a_layer8,13,1.994851660329504,Ga_O_07,"(1, 1, 0)"
4,group01,Ga,11,15,2a_layer8,22,1.9948520773801812,Ga_O_07,"(0, 0, 0)"
4,group01,Ga,11,15,2a_layer8,26,1.9948520770594032,Ga_O_07,"(1, 1, 0)"
4,group01,Ga,11,15,2a_layer8,36,1.9948516607216167,Ga_O_07,"(1, 0, 0)"
4,group01,Ga,12,16,2b_layer4,2,1.8700732794118144,Ga_O_01,"(1, 0, 0)"
4,group01,Ga,12,16,2b_layer4,6,2.277938441000001,Ga_O_11,"(0, 0, 0)"
4,group01,Ga,12,16,2b_layer4,7,2.2779384420000004,Ga_O_11,"(0, 0, 0)"
4,group01,Ga,12,16,2b_layer4,16,1.8700735073000085,Ga_O_01,"(1, 1, 0)"
4,group01,Ga,12,16,2b_layer4,35,1.870073355795254,Ga_O_01,"(0, 0, 0)"
4,group01,Ga,13,17,4f1_layer9,11,1.9084361294606749,Ga_O_02,"(0, 0, 0)"
4,group01,Ga,13,17,4f1_layer9,19,1.9091270429999996,Ga_O_03,"(0, 0, 0)"
4,group01,Ga,13,17,4f1_layer9,22,1.9084362745505044,Ga_O_02,"(0, 0, 0)"
4,group01,Ga,13,17,4f1_layer9,26,1.9084361294606744,Ga_O_02,"(0, 0, 0)"
4,group01,Ga,14,18,4f2_layer11,1,1.9849917587865524,Ga_O_06,"(0, 0, 0)"
4,group01,Ga,14,18,4f2_layer11,5,1.9849916384047732,Ga_O_06,"(0, -1, 0)"
4,group01,Ga,14,18,4f2_layer11,10,2.0663776487443304,Ga_O_08,"(0, 0, 0)"
4,group01,Ga,14,18,4f2_layer11,23,2.0663774783167193,Ga_O_08,"(0, 0, 0)"
4,group01,Ga,14,18,4f2_layer11,33,1.9849917593946298,Ga_O_06,"(1, 0, 0)"
4,group01,Ga,14,18,4f2_layer11,37,2.0663777054221355,Ga_O_08,"(0, 0, 0)"
4,group01,Ga,15,19,4f2_layer3,2,2.0663771907209756,Ga_O_08,"(0, 0, 0)"
4,group01,Ga,15,19,4f2_layer3,16,2.066377020121716,Ga_O_08,"(0, 0, 0)"
4,group01,Ga,15,19,4f2_layer3,18,1.9849922964805824,Ga_O_06,"(-1, 0, 0)"
4,group01,Ga,15,19,4f2_layer3,21,1.9849924174878968,Ga_O_06,"(0, 0, 0)"
4,group01,Ga,15,19,4f2_layer3,25,1.9849924184808014,Ga_O_06,"(0, 1, 0)"
4,group01,Ga,15,19,4f2_layer3,35,2.066377246884635,Ga_O_08,"(0, 0, 0)"
4,group01,Ga,16,20,4f1_layer7,3,1.9084360732701862,Ga_O_02,"(0, 0, 0)"
4,group01,Ga,16,20,4f1_layer7,13,1.9084359271385227,Ga_O_02,"(0, 0, 0)"
4,group01,Ga,16,20,4f1_layer7,17,1.909127043000001,Ga_O_03,"(0, 0, 0)"
4,group01,Ga,16,20,4f1_layer7,36,1.9084359275969722,Ga_O_02,"(0, 0, 0)"
4,group01,Ga,17,21,4f2_layer5,2,2.0663771900543897,Ga_O_08,"(0, 0, 0)"
4,group01,Ga,17,21,4f2_layer5,4,1.9849924184808014,Ga_O_06,"(0, 1, 0)"
4,group01,Ga,17,21,4f2_layer5,16,2.0663770194551296,Ga_O_08,"(0, 0, 0)"
4,group01,Ga,17,21,4f2_layer5,28,1.9849924174878968,Ga_O_06,"(0, 0, 0)"
4,group01,Ga,17,21,4f2_layer5,35,2.0663772462180487,Ga_O_08,"(0, 0, 0)"
4,group01,Ga,17,21,4f2_layer5,38,1.9849922964805824,Ga_O_06,"(-1, 0, 0)"
4,group01,Ga,18,22,4f1_layer1,15,1.9091273005999965,Ga_O_03,"(0, 0, -1)"
4,group01,Ga,18,22,4f1_layer1,29,1.9084359275969722,Ga_O_02,"(0, 0, 0)"
4,group01,Ga,18,22,4f1_layer1,32,1.9084360732701862,Ga_O_02,"(0, 0, 0)"
4,group01,Ga,18,22,4f1_layer1,34,1.9084359271385227,Ga_O_02,"(0, 0, 0)"
4,group01,Ga,19,23,4f2_layer13,9,1.9849917593946296,Ga_O_06,"(1, 0, 0)"
4,group01,Ga,19,23,4f2_layer13,10,2.0663776487443317,Ga_O_08,"(0, 0, 0)"
4,group01,Ga,19,23,4f2_layer13,23,2.0663774783167206,Ga_O_08,"(0, 0, 0)"
4,group01,Ga,19,23,4f2_layer13,27,1.984991638404773,Ga_O_06,"(0, -1, 0)"
4,group01,Ga,19,23,4f2_layer13,30,1.984991758786552,Ga_O_06,"(0, 0, 0)"
4,group01,Ga,19,23,4f2_layer13,37,2.066377705422137,Ga_O_08,"(0, 0, 0)"
4,group01,Ga,20,24,4f1_layer15,8,1.9084361547650497,Ga_O_02,"(0, 0, 0)"
4,group01,Ga,20,24,4f1_layer15,14,1.9084362998548778,Ga_O_02,"(0, 0, 0)"
4,group01,Ga,20,24,4f1_layer15,24,1.9084361547650501,Ga_O_02,"(0, 0, 0)"
4,group01,Ga,20,24,4f1_layer15,31,1.9091268705999949,Ga_O_03,"(0, 0, 1)"
4,group02,Sr,1,,,2,2.958098043228469,Sr_O_02,"(0, -1, 0)"
4,group02,Sr,1,,,4,2.864579795118219,Sr_O_01,"(0, 0, 0)"
4,group02,Sr,1,,,16,2.9580979326637595,Sr_O_02,"(1, 0, 0)"
4,group02,Sr,1,,,18,2.8645798765734263,Sr_O_01,"(0, 0, 0)"
4,group02,Sr,1,,,21,2.864579884642825,Sr_O_01,"(0, 0, 0)"
4,group02,Sr,1,,,25,2.8645797959311503,Sr_O_01,"(0, 0, 0)"
4,group02,Sr,1,,,28,2.864579883829894,Sr_O_01,"(0, 0, 0)"
4,group02,Sr,1,,,35,2.95809800345424,Sr_O_02,"(0, -1, 0)"
4,group02,Sr,1,,,38,2.8645798757604948,Sr_O_01,"(0, 0, 0)"
4,group02,Sr,2,,,1,2.8645793251769454,Sr_O_01,"(0, 0, 0)"
4,group02,Sr,2,,,5,2.8645793169995204,Sr_O_01,"(0, 0, 0)"
4,group02,Sr,2,,,9,2.8645792364135385,Sr_O_01,"(0, 0, 0)"
4,group02,Sr,2,,,10,2.9580980427214705,Sr_O_02,"(-1, 0, 0)"
4,group02,Sr,2,,,23,2.95809793284463,Sr_O_02,"(0, 1, 0)"
4,group02,Sr,2,,,27,2.8645793169995213,Sr_O_01,"(0, 0, 0)"
4,group02,Sr,2,,,30,2.8645793251769462,Sr_O_01,"(0, 0, 0)"
4,group02,Sr,2,,,33,2.864579236413537,Sr_O_01,"(0, 0, 0)"
4,group02,Sr,2,,,37,2.9580980035278155,Sr_O_02,"(-1, 0, 0)"
4,group02,Cr,1,1,12k_layer6_3,4,1.9254355757587174,Cr_O_04,"(0, 0, 0)"
4,group02,Cr,1,1,12k_layer6_3,6,1.9844559567789057,Cr_O_05,"(-1, -1, 0)"
4,group02,Cr,1,1,12k_layer6_3,13,2.0983234538406146,Cr_O_10,"(0, 0, 0)"
4,group02,Cr,1,1,12k_layer6_3,19,2.094827515170505,Cr_O_09,"(0, 0, 0)"
4,group02,Cr,1,1,12k_layer6_3,28,1.925435576196381,Cr_O_04,"(0, 0, 0)"
4,group02,Cr,1,1,12k_layer6_3,36,2.0983234538272053,Cr_O_10,"(0, -1, 0)"
4,group02,Ga,1,2,12k_layer2_3,7,1.9844559567789046,Ga_O_05,"(-1, -1, 0)"
4,group02,Ga,1,2,12k_layer2_3,21,1.9254355761963797,Ga_O_04,"(0, 0, 0)"
4,group02,Ga,1,2,12k_layer2_3,25,1.9254355757587163,Ga_O_04,"(0, 0, 0)"
4,group02,Ga,1,2,12k_layer2_3,29,2.098323453827207,Ga_O_10,"(0, -1, 0)"
4,group02,Ga,1,2,12k_layer2_3,31,2.0948275151705062,Ga_O_09,"(0, 0, 0)"
4,group02,Ga,1,2,12k_layer2_3,34,2.0983234538406164,Ga_O_10,"(0, 0, 0)"
4,group02,Cr,2,3,12k_layer14_1,8,2.0983229791065865,Cr_O_10,"(0, 0, 0)"
4,group02,Cr,2,3,12k_layer14_1,9,1.9254359958162917,Cr_O_04,"(0, 0, 0)"
4,group02,Cr,2,3,12k_layer14_1,15,2.094827260093365,Cr_O_09,"(0, 0, 0)"
4,group02,Cr,2,3,12k_layer14_1,20,1.9844560436631808,Cr_O_05,"(-1, -1, 0)"
4,group02,Cr,2,3,12k_layer14_1,24,2.0983229796303986,Cr_O_10,"(-1, 0, 0)"
4,group02,Cr,2,3,12k_layer14_1,30,1.9254359958162914,Cr_O_04,"(0, 0, 0)"
4,group02,Cr,3,4,12k_layer2_2,7,1.984455956778905,Cr_O_05,"(0, -1, 0)"
4,group02,Cr,3,4,12k_layer2_2,18,1.9254355763634932,Cr_O_04,"(0, 0, 0)"
4,group02,Cr,3,4,12k_layer2_2,25,1.925435575758716,Cr_O_04,"(0, 0, 0)"
4,group02,Cr,3,4,12k_layer2_2,31,2.094827515170506,Cr_O_09,"(0, 0, 0)"
4,group02,Cr,3,4,12k_layer2_2,32,2.0983234538709623,Cr_O_10,"(0, -1, 0)"
4,group02,Cr,3,4,12k_layer2_2,34,2.098323454408184,Cr_O_10,"(1, 0, 0)"
4,group02,Ga,2,5,12k_layer14_3,14,2.098322979539073,Ga_O_10,"(0, 0, 0)"
4,group02,Ga,2,5,12k_layer14_3,15,2.094827383098975,Ga_O_09,"(0, 0, 0)"
4,group02,Ga,2,5,12k_layer14_3,20,1.9844560439741377,Ga_O_05,"(0, 0, 0)"
4,group02,Ga,2,5,12k_layer14_3,24,2.098322979658534,Ga_O_10,"(0, 1, 0)"
4,group02,Ga,2,5,12k_layer14_3,27,1.925435983138288,Ga_O_04,"(0, 0, 0)"
4,group02,Ga,2,5,12k_layer14_3,30,1.9254359955204852,Ga_O_04,"(0, 0, 0)"
4,group02,Cr,4,6,12k_layer10_2,5,1.9254359120300575,Cr_O_04,"(0, 0, 0)"
4,group02,Cr,4,6,12k_layer10_2,12,1.98445595738215,Cr_O_05,"(-1, 0, 0)"
4,group02,Cr,4,6,12k_layer10_2,17,2.094827514410795,Cr_O_09,"(0, 0, 0)"
4,group02,Cr,4,6,12k_layer10_2,22,2.0983230321761726,Cr_O_10,"(-1, 0, 0)"
4,group02,Cr,4,6,12k_layer10_2,26,2.0983230324265865,Cr_O_10,"(0, 1, 0)"
4,group02,Cr,4,6,12k_layer10_2,33,1.9254359114895088,Cr_O_04,"(0, 0, 0)"
4,group02,Ga,3,7,12k_layer6_2,3,2.0983234538709605,Ga_O_10,"(0, -1, 0)"
4,group02,Ga,3,7,12k_layer6_2,4,1.9254355757587174,Ga_O_04,"(0, 0, 0)"
4,group02,Ga,3,7,12k_layer6_2,6,1.9844559567789064,Ga_O_05,"(0, -1, 0)"
4,group02,Ga,3,7,12k_layer6_2,13,2.0983234544081824,Ga_O_10,"(1, 0, 0)"
4,group02,Ga,3,7,12k_layer6_2,19,2.0948275151705045,Ga_O_09,"(0, 0, 0)"
4,group02,Ga,3,7,12k_layer6_2,38,1.9254355763634945,Ga_O_04,"(0, 0, 0)"
4,group02,Ga,4,8,12k_layer6_1,3,2.0983234541175877,Ga_O_10,"(0, 0, 0)"
4,group02,Ga,4,8,12k_layer6_1,6,1.9844559569613607,Ga_O_05,"(0, 0, 0)"
4,group02,Ga,4,8,12k_layer6_1,19,2.0948276379027013,Ga_O_09,"(0, 0, 0)"
4,group02,Ga,4,8,12k_layer6_1,28,1.9254355756093047,Ga_O_04,"(0, 0, 0)"
4,group02,Ga,4,8,12k_layer6_1,36,2.0983234546414,Ga_O_10,"(1, 0, 0)"
4,group02,Ga,4,8,12k_layer6_1,38,1.925435563604001,Ga_O_04,"(0, 0, 0)"
4,group02,Ga,5,9,12k_layer14_2,8,2.098322979647595,Ga_O_10,"(0, 1, 0)"
4,group02,Ga,5,9,12k_layer14_2,9,1.9254359955309297,Ga_O_04,"(0, 0, 0)"
4,group02,Ga,5,9,12k_layer14_2,14,2.098322979397181,Ga_O_10,"(-1, 0, 0)"
4,group02,Ga,5,9,12k_layer14_2,15,2.094827260728784,Ga_O_09,"(0, 0, 0)"
4,group02,Ga,5,9,12k_layer14_2,20,1.9844560438241048,Ga_O_05,"(-1, 0, 0)"
4,group02,Ga,5,9,12k_layer14_2,27,1.9254359960714784,Ga_O_04,"(0, 0, 0)"
4,group02,Ga,6,10,2a_layer16,8,1.9948520249218649,Ga_O_07,"(1, 1, 0)"
4,group02,Ga,6,10,2a_layer16,14,1.9948520252426432,Ga_O_07,"(0, 0, 0)"
4,group02,Ga,6,10,2a_layer16,24,1.9948520249218644,Ga_O_07,"(0, 1, 0)"
4,group02,Ga,6,10,2a_layer16,29,1.9948516604791149,Ga_O_07,"(1, 0, 1)"
4,group02,Ga,6,10,2a_layer16,32,1.9948516599281325,Ga_O_07,"(0, 0, 1)"
4,group02,Ga,6,10,2a_layer16,34,1.994851660087002,Ga_O_07,"(1, 1, 1)"
4,group02,Ga,7,11,12k_layer10_3,1,1.9254359114790642,Ga_O_04,"(0, 0, 0)"
4,group02,Ga,7,11,12k_layer10_3,5,1.9254358990968665,Ga_O_04,"(0, 0, 0)"
4,group02,Ga,7,11,12k_layer10_3,11,2.0983230324375253,Ga_O_10,"(0, 1, 0)"
4,group02,Ga,7,11,12k_layer10_3,12,1.9844559575321832,Ga_O_05,"(0, 0, 0)"
4,group02,Ga,7,11,12k_layer10_3,17,2.094827636780971,Ga_O_09,"(0, 0, 0)"
4,group02,Ga,7,11,12k_layer10_3,22,2.0983230323180644,Ga_O_10,"(0, 0, 0)"
4,group02,Ga,8,12,12k_layer10_1,1,1.9254359117748707,Ga_O_04,"(0, 0, 0)"
4,group02,Ga,8,12,12k_layer10_1,11,2.0983230324093904,Ga_O_10,"(-1, 0, 0)"
4,group02,Ga,8,12,12k_layer10_1,12,1.9844559572212264,Ga_O_05,"(-1, -1, 0)"
4,group02,Ga,8,12,12k_layer10_1,17,2.0948275137753765,Ga_O_09,"(0, 0, 0)"
4,group02,Ga,8,12,12k_layer10_1,26,2.098323031885578,Ga_O_10,"(0, 0, 0)"
4,group02,Ga,8,12,12k_layer10_1,33,1.9254359117748707,Ga_O_04,"(0, 0, 0)"
4,group02,Ga,9,13,12k_layer2_1,7,1.9844559569613596,Ga_O_05,"(0, 0, 0)"
4,group02,Ga,9,13,12k_layer2_1,18,1.925435563604,Ga_O_04,"(0, 0, 0)"
4,group02,Ga,9,13,12k_layer2_1,21,1.9254355756093033,Ga_O_04,"(0, 0, 0)"
4,group02,Ga,9,13,12k_layer2_1,29,2.0983234546414016,Ga_O_10,"(1, 0, 0)"
4,group02,Ga,9,13,12k_layer2_1,31,2.0948276379027027,Ga_O_09,"(0, 0, 0)"
4,group02,Ga,9,13,12k_layer2_1,32,2.0983234541175895,Ga_O_10,"(0, 0, 0)"
4,group02,Ga,10,14,2b_layer12,10,1.8700732788205217,Ga_O_01,"(0, 1, 0)"
4,group02,Ga,10,14,2b_layer12,12,2.2779384420000004,Ga_O_11,"(0, 0, 0)"
4,group02,Ga,10,14,2b_layer12,20,2.2779384410000003,Ga_O_11,"(0, 0, 0)"
4,group02,Ga,10,14,2b_layer12,23,1.870073507451236,Ga_O_01,"(1, 1, 0)"
4,group02,Ga,10,14,2b_layer12,37,1.870073355,Ga_O_01,"(0, 0, 0)"
4,group02,Ga,11,15,2a_layer8,3,1.9948516601706343,Ga_O_07,"(0, 0, 0)"
4,group02,Ga,11,15,2a_layer8,11,1.9948520770594027,Ga_O_07,"(0, 1, 0)"
4,group02,Ga,11,15,2a_layer8,13,1.994851660329504,Ga_O_07,"(1, 1, 0)"
4,group02,Ga,11,15,2a_layer8,22,1.9948520773801812,Ga_O_07,"(0, 0, 0)"
4,group02,Ga,11,15,2a_layer8,26,1.9948520770594032,Ga_O_07,"(1, 1, 0)"
4,group02,Ga,11,15,2a_layer8,36,1.9948516607216167,Ga_O_07,"(1, 0, 0)"
4,group02,Ga,12,16,2b_layer4,2,1.8700732794118144,Ga_O_01,"(1, 0, 0)"
4,group02,Ga,12,16,2b_layer4,6,2.277938441000001,Ga_O_11,"(0, 0, 0)"
4,group02,Ga,12,16,2b_layer4,7,2.2779384420000004,Ga_O_11,"(0, 0, 0)"
4,group02,Ga,12,16,2b_layer4,16,1.8700735073000085,Ga_O_01,"(1, 1, 0)"
4,group02,Ga,12,16,2b_layer4,35,1.870073355795254,Ga_O_01,"(0, 0, 0)"
4,group02,Ga,13,17,4f1_layer9,11,1.9084361294606749,Ga_O_02,"(0, 0, 0)"
4,group02,Ga,13,17,4f1_layer9,19,1.9091270429999996,Ga_O_03,"(0, 0, 0)"
4,group02,Ga,13,17,4f1_layer9,22,1.9084362745505044,Ga_O_02,"(0, 0, 0)"
4,group02,Ga,13,17,4f1_layer9,26,1.9084361294606744,Ga_O_02,"(0, 0, 0)"
4,group02,Ga,14,18,4f2_layer11,1,1.9849917587865524,Ga_O_06,"(0, 0, 0)"
4,group02,Ga,14,18,4f2_layer11,5,1.9849916384047732,Ga_O_06,"(0, -1, 0)"
4,group02,Ga,14,18,4f2_layer11,10,2.0663776487443304,Ga_O_08,"(0, 0, 0)"
4,group02,Ga,14,18,4f2_layer11,23,2.0663774783167193,Ga_O_08,"(0, 0, 0)"
4,group02,Ga,14,18,4f2_layer11,33,1.9849917593946298,Ga_O_06,"(1, 0, 0)"
4,group02,Ga,14,18,4f2_layer11,37,2.0663777054221355,Ga_O_08,"(0, 0, 0)"
4,group02,Ga,15,19,4f2_layer3,2,2.0663771907209756,Ga_O_08,"(0, 0, 0)"
4,group02,Ga,15,19,4f2_layer3,16,2.066377020121716,Ga_O_08,"(0, 0, 0)"
4,group02,Ga,15,19,4f2_layer3,18,1.9849922964805824,Ga_O_06,"(-1, 0, 0)"
4,group02,Ga,15,19,4f2_layer3,21,1.9849924174878968,Ga_O_06,"(0, 0, 0)"
4,group02,Ga,15,19,4f2_layer3,25,1.9849924184808014,Ga_O_06,"(0, 1, 0)"
4,group02,Ga,15,19,4f2_layer3,35,2.066377246884635,Ga_O_08,"(0, 0, 0)"
4,group02,Ga,16,20,4f1_layer7,3,1.9084360732701862,Ga_O_02,"(0, 0, 0)"
4,group02,Ga,16,20,4f1_layer7,13,1.9084359271385227,Ga_O_02,"(0, 0, 0)"
4,group02,Ga,16,20,4f1_layer7,17,1.909127043000001,Ga_O_03,"(0, 0, 0)"
4,group02,Ga,16,20,4f1_layer7,36,1.9084359275969722,Ga_O_02,"(0, 0, 0)"
4,group02,Ga,17,21,4f2_layer5,2,2.0663771900543897,Ga_O_08,"(0, 0, 0)"
4,group02,Ga,17,21,4f2_layer5,4,1.9849924184808014,Ga_O_06,"(0, 1, 0)"
4,group02,Ga,17,21,4f2_layer5,16,2.0663770194551296,Ga_O_08,"(0, 0, 0)"
4,group02,Ga,17,21,4f2_layer5,28,1.9849924174878968,Ga_O_06,"(0, 0, 0)"
4,group02,Ga,17,21,4f2_layer5,35,2.0663772462180487,Ga_O_08,"(0, 0, 0)"
4,group02,Ga,17,21,4f2_layer5,38,1.9849922964805824,Ga_O_06,"(-1, 0, 0)"
4,group02,Ga,18,22,4f1_layer1,15,1.9091273005999965,Ga_O_03,"(0, 0, -1)"
4,group02,Ga,18,22,4f1_layer1,29,1.9084359275969722,Ga_O_02,"(0, 0, 0)"
4,group02,Ga,18,22,4f1_layer1,32,1.9084360732701862,Ga_O_02,"(0, 0, 0)"
4,group02,Ga,18,22,4f1_layer1,34,1.9084359271385227,Ga_O_02,"(0, 0, 0)"
4,group02,Ga,19,23,4f2_layer13,9,1.9849917593946296,Ga_O_06,"(1, 0, 0)"
4,group02,Ga,19,23,4f2_layer13,10,2.0663776487443317,Ga_O_08,"(0, 0, 0)"
4,group02,Ga,19,23,4f2_layer13,23,2.0663774783167206,Ga_O_08,"(0, 0, 0)"
4,group02,Ga,19,23,4f2_layer13,27,1.984991638404773,Ga_O_06,"(0, -1, 0)"
4,group02,Ga,19,23,4f2_layer13,30,1.984991758786552,Ga_O_06,"(0, 0, 0)"
4,group02,Ga,19,23,4f2_layer13,37,2.066377705422137,Ga_O_08,"(0, 0, 0)"
4,group02,Ga,20,24,4f1_layer15,8,1.9084361547650497,Ga_O_02,"(0, 0, 0)"
4,group02,Ga,20,24,4f1_layer15,14,1.9084362998548778,Ga_O_02,"(0, 0, 0)"
4,group02,Ga,20,24,4f1_layer15,24,1.9084361547650501,Ga_O_02,"(0, 0, 0)"
4,group02,Ga,20,24,4f1_layer15,31,1.9091268705999949,Ga_O_03,"(0, 0, 1)"
4,group03,Sr,1,,,2,2.958098043228469,Sr_O_02,"(0, -1, 0)"
4,group03,Sr,1,,,4,2.864579795118219,Sr_O_01,"(0, 0, 0)"
4,group03,Sr,1,,,16,2.9580979326637595,Sr_O_02,"(1, 0, 0)"
4,group03,Sr,1,,,18,2.8645798765734263,Sr_O_01,"(0, 0, 0)"
4,group03,Sr,1,,,21,2.864579884642825,Sr_O_01,"(0, 0, 0)"
4,group03,Sr,1,,,25,2.8645797959311503,Sr_O_01,"(0, 0, 0)"
4,group03,Sr,1,,,28,2.864579883829894,Sr_O_01,"(0, 0, 0)"
4,group03,Sr,1,,,35,2.95809800345424,Sr_O_02,"(0, -1, 0)"
4,group03,Sr,1,,,38,2.8645798757604948,Sr_O_01,"(0, 0, 0)"
4,group03,Sr,2,,,1,2.8645793251769454,Sr_O_01,"(0, 0, 0)"
4,group03,Sr,2,,,5,2.8645793169995204,Sr_O_01,"(0, 0, 0)"
4,group03,Sr,2,,,9,2.8645792364135385,Sr_O_01,"(0, 0, 0)"
4,group03,Sr,2,,,10,2.9580980427214705,Sr_O_02,"(-1, 0, 0)"
4,group03,Sr,2,,,23,2.95809793284463,Sr_O_02,"(0, 1, 0)"
4,group03,Sr,2,,,27,2.8645793169995213,Sr_O_01,"(0, 0, 0)"
4,group03,Sr,2,,,30,2.8645793251769462,Sr_O_01,"(0, 0, 0)"
4,group03,Sr,2,,,33,2.864579236413537,Sr_O_01,"(0, 0, 0)"
4,group03,Sr,2,,,37,2.9580980035278155,Sr_O_02,"(-1, 0, 0)"
4,group03,Ga,1,1,12k_layer6_3,4,1.9254355757587174,Ga_O_04,"(0, 0, 0)"
4,group03,Ga,1,1,12k_layer6_3,6,1.9844559567789057,Ga_O_05,"(-1, -1, 0)"
4,group03,Ga,1,1,12k_layer6_3,13,2.0983234538406146,Ga_O_10,"(0, 0, 0)"
4,group03,Ga,1,1,12k_layer6_3,19,2.094827515170505,Ga_O_09,"(0, 0, 0)"
4,group03,Ga,1,1,12k_layer6_3,28,1.925435576196381,Ga_O_04,"(0, 0, 0)"
4,group03,Ga,1,1,12k_layer6_3,36,2.0983234538272053,Ga_O_10,"(0, -1, 0)"
4,group03,Cr,1,2,12k_layer2_3,7,1.9844559567789046,Cr_O_05,"(-1, -1, 0)"
4,group03,Cr,1,2,12k_layer2_3,21,1.9254355761963797,Cr_O_04,"(0, 0, 0)"
4,group03,Cr,1,2,12k_layer2_3,25,1.9254355757587163,Cr_O_04,"(0, 0, 0)"
4,group03,Cr,1,2,12k_layer2_3,29,2.098323453827207,Cr_O_10,"(0, -1, 0)"
4,group03,Cr,1,2,12k_layer2_3,31,2.0948275151705062,Cr_O_09,"(0, 0, 0)"
4,group03,Cr,1,2,12k_layer2_3,34,2.0983234538406164,Cr_O_10,"(0, 0, 0)"
4,group03,Ga,2,3,12k_layer14_1,8,2.0983229791065865,Ga_O_10,"(0, 0, 0)"
4,group03,Ga,2,3,12k_layer14_1,9,1.9254359958162917,Ga_O_04,"(0, 0, 0)"
4,group03,Ga,2,3,12k_layer14_1,15,2.094827260093365,Ga_O_09,"(0, 0, 0)"
4,group03,Ga,2,3,12k_layer14_1,20,1.9844560436631808,Ga_O_05,"(-1, -1, 0)"
4,group03,Ga,2,3,12k_layer14_1,24,2.0983229796303986,Ga_O_10,"(-1, 0, 0)"
4,group03,Ga,2,3,12k_layer14_1,30,1.9254359958162914,Ga_O_04,"(0, 0, 0)"
4,group03,Ga,3,4,12k_layer2_2,7,1.984455956778905,Ga_O_05,"(0, -1, 0)"
4,group03,Ga,3,4,12k_layer2_2,18,1.9254355763634932,Ga_O_04,"(0, 0, 0)"
4,group03,Ga,3,4,12k_layer2_2,25,1.925435575758716,Ga_O_04,"(0, 0, 0)"
4,group03,Ga,3,4,12k_layer2_2,31,2.094827515170506,Ga_O_09,"(0, 0, 0)"
4,group03,Ga,3,4,12k_layer2_2,32,2.0983234538709623,Ga_O_10,"(0, -1, 0)"
4,group03,Ga,3,4,12k_layer2_2,34,2.098323454408184,Ga_O_10,"(1, 0, 0)"
4,group03,Ga,4,5,12k_layer14_3,14,2.098322979539073,Ga_O_10,"(0, 0, 0)"
4,group03,Ga,4,5,12k_layer14_3,15,2.094827383098975,Ga_O_09,"(0, 0, 0)"
4,group03,Ga,4,5,12k_layer14_3,20,1.9844560439741377,Ga_O_05,"(0, 0, 0)"
4,group03,Ga,4,5,12k_layer14_3,24,2.098322979658534,Ga_O_10,"(0, 1, 0)"
4,group03,Ga,4,5,12k_layer14_3,27,1.925435983138288,Ga_O_04,"(0, 0, 0)"
4,group03,Ga,4,5,12k_layer14_3,30,1.9254359955204852,Ga_O_04,"(0, 0, 0)"
4,group03,Ga,5,6,12k_layer10_2,5,1.9254359120300575,Ga_O_04,"(0, 0, 0)"
4,group03,Ga,5,6,12k_layer10_2,12,1.98445595738215,Ga_O_05,"(-1, 0, 0)"
4,group03,Ga,5,6,12k_layer10_2,17,2.094827514410795,Ga_O_09,"(0, 0, 0)"
4,group03,Ga,5,6,12k_layer10_2,22,2.0983230321761726,Ga_O_10,"(-1, 0, 0)"
4,group03,Ga,5,6,12k_layer10_2,26,2.0983230324265865,Ga_O_10,"(0, 1, 0)"
4,group03,Ga,5,6,12k_layer10_2,33,1.9254359114895088,Ga_O_04,"(0, 0, 0)"
4,group03,Cr,2,7,12k_layer6_2,3,2.0983234538709605,Cr_O_10,"(0, -1, 0)"
4,group03,Cr,2,7,12k_layer6_2,4,1.9254355757587174,Cr_O_04,"(0, 0, 0)"
4,group03,Cr,2,7,12k_layer6_2,6,1.9844559567789064,Cr_O_05,"(0, -1, 0)"
4,group03,Cr,2,7,12k_layer6_2,13,2.0983234544081824,Cr_O_10,"(1, 0, 0)"
4,group03,Cr,2,7,12k_layer6_2,19,2.0948275151705045,Cr_O_09,"(0, 0, 0)"
4,group03,Cr,2,7,12k_layer6_2,38,1.9254355763634945,Cr_O_04,"(0, 0, 0)"
4,group03,Cr,3,8,12k_layer6_1,3,2.0983234541175877,Cr_O_10,"(0, 0, 0)"
4,group03,Cr,3,8,12k_layer6_1,6,1.9844559569613607,Cr_O_05,"(0, 0, 0)"
4,group03,Cr,3,8,12k_layer6_1,19,2.0948276379027013,Cr_O_09,"(0, 0, 0)"
4,group03,Cr,3,8,12k_layer6_1,28,1.9254355756093047,Cr_O_04,"(0, 0, 0)"
4,group03,Cr,3,8,12k_layer6_1,36,2.0983234546414,Cr_O_10,"(1, 0, 0)"
4,group03,Cr,3,8,12k_layer6_1,38,1.925435563604001,Cr_O_04,"(0, 0, 0)"
4,group03,Ga,6,9,12k_layer14_2,8,2.098322979647595,Ga_O_10,"(0, 1, 0)"
4,group03,Ga,6,9,12k_layer14_2,9,1.9254359955309297,Ga_O_04,"(0, 0, 0)"
4,group03,Ga,6,9,12k_layer14_2,14,2.098322979397181,Ga_O_10,"(-1, 0, 0)"
4,group03,Ga,6,9,12k_layer14_2,15,2.094827260728784,Ga_O_09,"(0, 0, 0)"
4,group03,Ga,6,9,12k_layer14_2,20,1.9844560438241048,Ga_O_05,"(-1, 0, 0)"
4,group03,Ga,6,9,12k_layer14_2,27,1.9254359960714784,Ga_O_04,"(0, 0, 0)"
4,group03,Ga,7,10,2a_layer16,8,1.9948520249218649,Ga_O_07,"(1, 1, 0)"
4,group03,Ga,7,10,2a_layer16,14,1.9948520252426432,Ga_O_07,"(0, 0, 0)"
4,group03,Ga,7,10,2a_layer16,24,1.9948520249218644,Ga_O_07,"(0, 1, 0)"
4,group03,Ga,7,10,2a_layer16,29,1.9948516604791149,Ga_O_07,"(1, 0, 1)"
4,group03,Ga,7,10,2a_layer16,32,1.9948516599281325,Ga_O_07,"(0, 0, 1)"
4,group03,Ga,7,10,2a_layer16,34,1.994851660087002,Ga_O_07,"(1, 1, 1)"
4,group03,Cr,4,11,12k_layer10_3,1,1.9254359114790642,Cr_O_04,"(0, 0, 0)"
4,group03,Cr,4,11,12k_layer10_3,5,1.9254358990968665,Cr_O_04,"(0, 0, 0)"
4,group03,Cr,4,11,12k_layer10_3,11,2.0983230324375253,Cr_O_10,"(0, 1, 0)"
4,group03,Cr,4,11,12k_layer10_3,12,1.9844559575321832,Cr_O_05,"(0, 0, 0)"
4,group03,Cr,4,11,12k_layer10_3,17,2.094827636780971,Cr_O_09,"(0, 0, 0)"
4,group03,Cr,4,11,12k_layer10_3,22,2.0983230323180644,Cr_O_10,"(0, 0, 0)"
4,group03,Ga,8,12,12k_layer10_1,1,1.9254359117748707,Ga_O_04,"(0, 0, 0)"
4,group03,Ga,8,12,12k_layer10_1,11,2.0983230324093904,Ga_O_10,"(-1, 0, 0)"
4,group03,Ga,8,12,12k_layer10_1,12,1.9844559572212264,Ga_O_05,"(-1, -1, 0)"
4,group03,Ga,8,12,12k_layer10_1,17,2.0948275137753765,Ga_O_09,"(0, 0, 0)"
4,group03,Ga,8,12,12k_layer10_1,26,2.098323031885578,Ga_O_10,"(0, 0, 0)"
4,group03,Ga,8,12,12k_layer10_1,33,1.9254359117748707,Ga_O_04,"(0, 0, 0)"
4,group03,Ga,9,13,12k_layer2_1,7,1.9844559569613596,Ga_O_05,"(0, 0, 0)"
4,group03,Ga,9,13,12k_layer2_1,18,1.925435563604,Ga_O_04,"(0, 0, 0)"
4,group03,Ga,9,13,12k_layer2_1,21,1.9254355756093033,Ga_O_04,"(0, 0, 0)"
4,group03,Ga,9,13,12k_layer2_1,29,2.0983234546414016,Ga_O_10,"(1, 0, 0)"
4,group03,Ga,9,13,12k_layer2_1,31,2.0948276379027027,Ga_O_09,"(0, 0, 0)"
4,group03,Ga,9,13,12k_layer2_1,32,2.0983234541175895,Ga_O_10,"(0, 0, 0)"
4,group03,Ga,10,14,2b_layer12,10,1.8700732788205217,Ga_O_01,"(0, 1, 0)"
4,group03,Ga,10,14,2b_layer12,12,2.2779384420000004,Ga_O_11,"(0, 0, 0)"
4,group03,Ga,10,14,2b_layer12,20,2.2779384410000003,Ga_O_11,"(0, 0, 0)"
4,group03,Ga,10,14,2b_layer12,23,1.870073507451236,Ga_O_01,"(1, 1, 0)"
4,group03,Ga,10,14,2b_layer12,37,1.870073355,Ga_O_01,"(0, 0, 0)"
4,group03,Ga,11,15,2a_layer8,3,1.9948516601706343,Ga_O_07,"(0, 0, 0)"
4,group03,Ga,11,15,2a_layer8,11,1.9948520770594027,Ga_O_07,"(0, 1, 0)"
4,group03,Ga,11,15,2a_layer8,13,1.994851660329504,Ga_O_07,"(1, 1, 0)"
4,group03,Ga,11,15,2a_layer8,22,1.9948520773801812,Ga_O_07,"(0, 0, 0)"
4,group03,Ga,11,15,2a_layer8,26,1.9948520770594032,Ga_O_07,"(1, 1, 0)"
4,group03,Ga,11,15,2a_layer8,36,1.9948516607216167,Ga_O_07,"(1, 0, 0)"
4,group03,Ga,12,16,2b_layer4,2,1.8700732794118144,Ga_O_01,"(1, 0, 0)"
4,group03,Ga,12,16,2b_layer4,6,2.277938441000001,Ga_O_11,"(0, 0, 0)"
4,group03,Ga,12,16,2b_layer4,7,2.2779384420000004,Ga_O_11,"(0, 0, 0)"
4,group03,Ga,12,16,2b_layer4,16,1.8700735073000085,Ga_O_01,"(1, 1, 0)"
4,group03,Ga,12,16,2b_layer4,35,1.870073355795254,Ga_O_01,"(0, 0, 0)"
4,group03,Ga,13,17,4f1_layer9,11,1.9084361294606749,Ga_O_02,"(0, 0, 0)"
4,group03,Ga,13,17,4f1_layer9,19,1.9091270429999996,Ga_O_03,"(0, 0, 0)"
4,group03,Ga,13,17,4f1_layer9,22,1.9084362745505044,Ga_O_02,"(0, 0, 0)"
4,group03,Ga,13,17,4f1_layer9,26,1.9084361294606744,Ga_O_02,"(0, 0, 0)"
4,group03,Ga,14,18,4f2_layer11,1,1.9849917587865524,Ga_O_06,"(0, 0, 0)"
4,group03,Ga,14,18,4f2_layer11,5,1.9849916384047732,Ga_O_06,"(0, -1, 0)"
4,group03,Ga,14,18,4f2_layer11,10,2.0663776487443304,Ga_O_08,"(0, 0, 0)"
4,group03,Ga,14,18,4f2_layer11,23,2.0663774783167193,Ga_O_08,"(0, 0, 0)"
4,group03,Ga,14,18,4f2_layer11,33,1.9849917593946298,Ga_O_06,"(1, 0, 0)"
4,group03,Ga,14,18,4f2_layer11,37,2.0663777054221355,Ga_O_08,"(0, 0, 0)"
4,group03,Ga,15,19,4f2_layer3,2,2.0663771907209756,Ga_O_08,"(0, 0, 0)"
4,group03,Ga,15,19,4f2_layer3,16,2.066377020121716,Ga_O_08,"(0, 0, 0)"
4,group03,Ga,15,19,4f2_layer3,18,1.9849922964805824,Ga_O_06,"(-1, 0, 0)"
4,group03,Ga,15,19,4f2_layer3,21,1.9849924174878968,Ga_O_06,"(0, 0, 0)"
4,group03,Ga,15,19,4f2_layer3,25,1.9849924184808014,Ga_O_06,"(0, 1, 0)"
4,group03,Ga,15,19,4f2_layer3,35,2.066377246884635,Ga_O_08,"(0, 0, 0)"
4,group03,Ga,16,20,4f1_layer7,3,1.9084360732701862,Ga_O_02,"(0, 0, 0)"
4,group03,Ga,16,20,4f1_layer7,13,1.9084359271385227,Ga_O_02,"(0, 0, 0)"
4,group03,Ga,16,20,4f1_layer7,17,1.909127043000001,Ga_O_03,"(0, 0, 0)"
4,group03,Ga,16,20,4f1_layer7,36,1.9084359275969722,Ga_O_02,"(0, 0, 0)"
4,group03,Ga,17,21,4f2_layer5,2,2.0663771900543897,Ga_O_08,"(0, 0, 0)"
4,group03,Ga,17,21,4f2_layer5,4,1.9849924184808014,Ga_O_06,"(0, 1, 0)"
4,group03,Ga,17,21,4f2_layer5,16,2.0663770194551296,Ga_O_08,"(0, 0, 0)"
4,group03,Ga,17,21,4f2_layer5,28,1.9849924174878968,Ga_O_06,"(0, 0, 0)"
4,group03,Ga,17,21,4f2_layer5,35,2.0663772462180487,Ga_O_08,"(0, 0, 0)"
4,group03,Ga,17,21,4f2_layer5,38,1.9849922964805824,Ga_O_06,"(-1, 0, 0)"
4,group03,Ga,18,22,4f1_layer1,15,1.9091273005999965,Ga_O_03,"(0, 0, -1)"
4,group03,Ga,18,22,4f1_layer1,29,1.9084359275969722,Ga_O_02,"(0, 0, 0)"
4,group03,Ga,18,22,4f1_layer1,32,1.9084360732701862,Ga_O_02,"(0, 0, 0)"
4,group03,Ga,18,22,4f1_layer1,34,1.9084359271385227,Ga_O_02,"(0, 0, 0)"
4,group03,Ga,19,23,4f2_layer13,9,1.9849917593946296,Ga_O_06,"(1, 0, 0)"
4,group03,Ga,19,23,4f2_layer13,10,2.0663776487443317,Ga_O_08,"(0, 0, 0)"
4,group03,Ga,19,23,4f2_layer13,23,2.0663774783167206,Ga_O_08,"(0, 0, 0)"
4,group03,Ga,19,23,4f2_layer13,27,1.984991638404773,Ga_O_06,"(0, -1, 0)"
4,group03,Ga,19,23,4f2_layer13,30,1.984991758786552,Ga_O_06,"(0, 0, 0)"
4,group03,Ga,19,23,4f2_layer13,37,2.066377705422137,Ga_O_08,"(0, 0, 0)"
4,group03,Ga,20,24,4f1_layer15,8,1.9084361547650497,Ga_O_02,"(0, 0, 0)"
4,group03,Ga,20,24,4f1_layer15,14,1.9084362998548778,Ga_O_02,"(0, 0, 0)"
4,group03,Ga,20,24,4f1_layer15,24,1.9084361547650501,Ga_O_02,"(0, 0, 0)"
4,group03,Ga,20,24,4f1_layer15,31,1.9091268705999949,Ga_O_03,"(0, 0, 1)"
4,group04,Sr,1,,,2,2.958098043228469,Sr_O_02,"(0, -1, 0)"
4,group04,Sr,1,,,4,2.864579795118219,Sr_O_01,"(0, 0, 0)"
4,group04,Sr,1,,,16,2.9580979326637595,Sr_O_02,"(1, 0, 0)"
4,group04,Sr,1,,,18,2.8645798765734263,Sr_O_01,"(0, 0, 0)"
4,group04,Sr,1,,,21,2.864579884642825,Sr_O_01,"(0, 0, 0)"
4,group04,Sr,1,,,25,2.8645797959311503,Sr_O_01,"(0, 0, 0)"
4,group04,Sr,1,,,28,2.864579883829894,Sr_O_01,"(0, 0, 0)"
4,group04,Sr,1,,,35,2.95809800345424,Sr_O_02,"(0, -1, 0)"
4,group04,Sr,1,,,38,2.8645798757604948,Sr_O_01,"(0, 0, 0)"
4,group04,Sr,2,,,1,2.8645793251769454,Sr_O_01,"(0, 0, 0)"
4,group04,Sr,2,,,5,2.8645793169995204,Sr_O_01,"(0, 0, 0)"
4,group04,Sr,2,,,9,2.8645792364135385,Sr_O_01,"(0, 0, 0)"
4,group04,Sr,2,,,10,2.9580980427214705,Sr_O_02,"(-1, 0, 0)"
4,group04,Sr,2,,,23,2.95809793284463,Sr_O_02,"(0, 1, 0)"
4,group04,Sr,2,,,27,2.8645793169995213,Sr_O_01,"(0, 0, 0)"
4,group04,Sr,2,,,30,2.8645793251769462,Sr_O_01,"(0, 0, 0)"
4,group04,Sr,2,,,33,2.864579236413537,Sr_O_01,"(0, 0, 0)"
4,group04,Sr,2,,,37,2.9580980035278155,Sr_O_02,"(-1, 0, 0)"
4,group04,Ga,1,1,12k_layer6_3,4,1.9254355757587174,Ga_O_04,"(0, 0, 0)"
4,group04,Ga,1,1,12k_layer6_3,6,1.9844559567789057,Ga_O_05,"(-1, -1, 0)"
4,group04,Ga,1,1,12k_layer6_3,13,2.0983234538406146,Ga_O_10,"(0, 0, 0)"
4,group04,Ga,1,1,12k_layer6_3,19,2.094827515170505,Ga_O_09,"(0, 0, 0)"
4,group04,Ga,1,1,12k_layer6_3,28,1.925435576196381,Ga_O_04,"(0, 0, 0)"
4,group04,Ga,1,1,12k_layer6_3,36,2.0983234538272053,Ga_O_10,"(0, -1, 0)"
4,group04,Ga,2,2,12k_layer2_3,7,1.9844559567789046,Ga_O_05,"(-1, -1, 0)"
4,group04,Ga,2,2,12k_layer2_3,21,1.9254355761963797,Ga_O_04,"(0, 0, 0)"
4,group04,Ga,2,2,12k_layer2_3,25,1.9254355757587163,Ga_O_04,"(0, 0, 0)"
4,group04,Ga,2,2,12k_layer2_3,29,2.098323453827207,Ga_O_10,"(0, -1, 0)"
4,group04,Ga,2,2,12k_layer2_3,31,2.0948275151705062,Ga_O_09,"(0, 0, 0)"
4,group04,Ga,2,2,12k_layer2_3,34,2.0983234538406164,Ga_O_10,"(0, 0, 0)"
4,group04,Ga,3,3,12k_layer14_1,8,2.0983229791065865,Ga_O_10,"(0, 0, 0)"
4,group04,Ga,3,3,12k_layer14_1,9,1.9254359958162917,Ga_O_04,"(0, 0, 0)"
4,group04,Ga,3,3,12k_layer14_1,15,2.094827260093365,Ga_O_09,"(0, 0, 0)"
4,group04,Ga,3,3,12k_layer14_1,20,1.9844560436631808,Ga_O_05,"(-1, -1, 0)"
4,group04,Ga,3,3,12k_layer14_1,24,2.0983229796303986,Ga_O_10,"(-1, 0, 0)"
4,group04,Ga,3,3,12k_layer14_1,30,1.9254359958162914,Ga_O_04,"(0, 0, 0)"
4,group04,Ga,4,4,12k_layer2_2,7,1.984455956778905,Ga_O_05,"(0, -1, 0)"
4,group04,Ga,4,4,12k_layer2_2,18,1.9254355763634932,Ga_O_04,"(0, 0, 0)"
4,group04,Ga,4,4,12k_layer2_2,25,1.925435575758716,Ga_O_04,"(0, 0, 0)"
4,group04,Ga,4,4,12k_layer2_2,31,2.094827515170506,Ga_O_09,"(0, 0, 0)"
4,group04,Ga,4,4,12k_layer2_2,32,2.0983234538709623,Ga_O_10,"(0, -1, 0)"
4,group04,Ga,4,4,12k_layer2_2,34,2.098323454408184,Ga_O_10,"(1, 0, 0)"
4,group04,Ga,5,5,12k_layer14_3,14,2.098322979539073,Ga_O_10,"(0, 0, 0)"
4,group04,Ga,5,5,12k_layer14_3,15,2.094827383098975,Ga_O_09,"(0, 0, 0)"
4,group04,Ga,5,5,12k_layer14_3,20,1.9844560439741377,Ga_O_05,"(0, 0, 0)"
4,group04,Ga,5,5,12k_layer14_3,24,2.098322979658534,Ga_O_10,"(0, 1, 0)"
4,group04,Ga,5,5,12k_layer14_3,27,1.925435983138288,Ga_O_04,"(0, 0, 0)"
4,group04,Ga,5,5,12k_layer14_3,30,1.9254359955204852,Ga_O_04,"(0, 0, 0)"
4,group04,Ga,6,6,12k_layer10_2,5,1.9254359120300575,Ga_O_04,"(0, 0, 0)"
4,group04,Ga,6,6,12k_layer10_2,12,1.98445595738215,Ga_O_05,"(-1, 0, 0)"
4,group04,Ga,6,6,12k_layer10_2,17,2.094827514410795,Ga_O_09,"(0, 0, 0)"
4,group04,Ga,6,6,12k_layer10_2,22,2.0983230321761726,Ga_O_10,"(-1, 0, 0)"
4,group04,Ga,6,6,12k_layer10_2,26,2.0983230324265865,Ga_O_10,"(0, 1, 0)"
4,group04,Ga,6,6,12k_layer10_2,33,1.9254359114895088,Ga_O_04,"(0, 0, 0)"
4,group04,Ga,7,7,12k_layer6_2,3,2.0983234538709605,Ga_O_10,"(0, -1, 0)"
4,group04,Ga,7,7,12k_layer6_2,4,1.9254355757587174,Ga_O_04,"(0, 0, 0)"
4,group04,Ga,7,7,12k_layer6_2,6,1.9844559567789064,Ga_O_05,"(0, -1, 0)"
4,group04,Ga,7,7,12k_layer6_2,13,2.0983234544081824,Ga_O_10,"(1, 0, 0)"
4,group04,Ga,7,7,12k_layer6_2,19,2.0948275151705045,Ga_O_09,"(0, 0, 0)"
4,group04,Ga,7,7,12k_layer6_2,38,1.9254355763634945,Ga_O_04,"(0, 0, 0)"
4,group04,Ga,8,8,12k_layer6_1,3,2.0983234541175877,Ga_O_10,"(0, 0, 0)"
4,group04,Ga,8,8,12k_layer6_1,6,1.9844559569613607,Ga_O_05,"(0, 0, 0)"
4,group04,Ga,8,8,12k_layer6_1,19,2.0948276379027013,Ga_O_09,"(0, 0, 0)"
4,group04,Ga,8,8,12k_layer6_1,28,1.9254355756093047,Ga_O_04,"(0, 0, 0)"
4,group04,Ga,8,8,12k_layer6_1,36,2.0983234546414,Ga_O_10,"(1, 0, 0)"
4,group04,Ga,8,8,12k_layer6_1,38,1.925435563604001,Ga_O_04,"(0, 0, 0)"
4,group04,Ga,9,9,12k_layer14_2,8,2.098322979647595,Ga_O_10,"(0, 1, 0)"
4,group04,Ga,9,9,12k_layer14_2,9,1.9254359955309297,Ga_O_04,"(0, 0, 0)"
4,group04,Ga,9,9,12k_layer14_2,14,2.098322979397181,Ga_O_10,"(-1, 0, 0)"
4,group04,Ga,9,9,12k_layer14_2,15,2.094827260728784,Ga_O_09,"(0, 0, 0)"
4,group04,Ga,9,9,12k_layer14_2,20,1.9844560438241048,Ga_O_05,"(-1, 0, 0)"
4,group04,Ga,9,9,12k_layer14_2,27,1.9254359960714784,Ga_O_04,"(0, 0, 0)"
4,group04,Ga,10,10,2a_layer16,8,1.9948520249218649,Ga_O_07,"(1, 1, 0)"
4,group04,Ga,10,10,2a_layer16,14,1.9948520252426432,Ga_O_07,"(0, 0, 0)"
4,group04,Ga,10,10,2a_layer16,24,1.9948520249218644,Ga_O_07,"(0, 1, 0)"
4,group04,Ga,10,10,2a_layer16,29,1.9948516604791149,Ga_O_07,"(1, 0, 1)"
4,group04,Ga,10,10,2a_layer16,32,1.9948516599281325,Ga_O_07,"(0, 0, 1)"
4,group04,Ga,10,10,2a_layer16,34,1.994851660087002,Ga_O_07,"(1, 1, 1)"
4,group04,Ga,11,11,12k_layer10_3,1,1.9254359114790642,Ga_O_04,"(0, 0, 0)"
4,group04,Ga,11,11,12k_layer10_3,5,1.9254358990968665,Ga_O_04,"(0, 0, 0)"
4,group04,Ga,11,11,12k_layer10_3,11,2.0983230324375253,Ga_O_10,"(0, 1, 0)"
4,group04,Ga,11,11,12k_layer10_3,12,1.9844559575321832,Ga_O_05,"(0, 0, 0)"
4,group04,Ga,11,11,12k_layer10_3,17,2.094827636780971,Ga_O_09,"(0, 0, 0)"
4,group04,Ga,11,11,12k_layer10_3,22,2.0983230323180644,Ga_O_10,"(0, 0, 0)"
4,group04,Ga,12,12,12k_layer10_1,1,1.9254359117748707,Ga_O_04,"(0, 0, 0)"
4,group04,Ga,12,12,12k_layer10_1,11,2.0983230324093904,Ga_O_10,"(-1, 0, 0)"
4,group04,Ga,12,12,12k_layer10_1,12,1.9844559572212264,Ga_O_05,"(-1, -1, 0)"
4,group04,Ga,12,12,12k_layer10_1,17,2.0948275137753765,Ga_O_09,"(0, 0, 0)"
4,group04,Ga,12,12,12k_layer10_1,26,2.098323031885578,Ga_O_10,"(0, 0, 0)"
4,group04,Ga,12,12,12k_layer10_1,33,1.9254359117748707,Ga_O_04,"(0, 0, 0)"
4,group04,Ga,13,13,12k_layer2_1,7,1.9844559569613596,Ga_O_05,"(0, 0, 0)"
4,group04,Ga,13,13,12k_layer2_1,18,1.925435563604,Ga_O_04,"(0, 0, 0)"
4,group04,Ga,13,13,12k_layer2_1,21,1.9254355756093033,Ga_O_04,"(0, 0, 0)"
4,group04,Ga,13,13,12k_layer2_1,29,2.0983234546414016,Ga_O_10,"(1, 0, 0)"
4,group04,Ga,13,13,12k_layer2_1,31,2.0948276379027027,Ga_O_09,"(0, 0, 0)"
4,group04,Ga,13,13,12k_layer2_1,32,2.0983234541175895,Ga_O_10,"(0, 0, 0)"
4,group04,Ga,14,14,2b_layer12,10,1.8700732788205217,Ga_O_01,"(0, 1, 0)"
4,group04,Ga,14,14,2b_layer12,12,2.2779384420000004,Ga_O_11,"(0, 0, 0)"
4,group04,Ga,14,14,2b_layer12,20,2.2779384410000003,Ga_O_11,"(0, 0, 0)"
4,group04,Ga,14,14,2b_layer12,23,1.870073507451236,Ga_O_01,"(1, 1, 0)"
4,group04,Ga,14,14,2b_layer12,37,1.870073355,Ga_O_01,"(0, 0, 0)"
4,group04,Ga,15,15,2a_layer8,3,1.9948516601706343,Ga_O_07,"(0, 0, 0)"
4,group04,Ga,15,15,2a_layer8,11,1.9948520770594027,Ga_O_07,"(0, 1, 0)"
4,group04,Ga,15,15,2a_layer8,13,1.994851660329504,Ga_O_07,"(1, 1, 0)"
4,group04,Ga,15,15,2a_layer8,22,1.9948520773801812,Ga_O_07,"(0, 0, 0)"
4,group04,Ga,15,15,2a_layer8,26,1.9948520770594032,Ga_O_07,"(1, 1, 0)"
4,group04,Ga,15,15,2a_layer8,36,1.9948516607216167,Ga_O_07,"(1, 0, 0)"
4,group04,Ga,16,16,2b_layer4,2,1.8700732794118144,Ga_O_01,"(1, 0, 0)"
4,group04,Ga,16,16,2b_layer4,6,2.277938441000001,Ga_O_11,"(0, 0, 0)"
4,group04,Ga,16,16,2b_layer4,7,2.2779384420000004,Ga_O_11,"(0, 0, 0)"
4,group04,Ga,16,16,2b_layer4,16,1.8700735073000085,Ga_O_01,"(1, 1, 0)"
4,group04,Ga,16,16,2b_layer4,35,1.870073355795254,Ga_O_01,"(0, 0, 0)"
4,group04,Ga,17,17,4f1_layer9,11,1.9084361294606749,Ga_O_02,"(0, 0, 0)"
4,group04,Ga,17,17,4f1_layer9,19,1.9091270429999996,Ga_O_03,"(0, 0, 0)"
4,group04,Ga,17,17,4f1_layer9,22,1.9084362745505044,Ga_O_02,"(0, 0, 0)"
4,group04,Ga,17,17,4f1_layer9,26,1.9084361294606744,Ga_O_02,"(0, 0, 0)"
4,group04,Cr,1,18,4f2_layer11,1,1.9849917587865524,Cr_O_06,"(0, 0, 0)"
4,group04,Cr,1,18,4f2_layer11,5,1.9849916384047732,Cr_O_06,"(0, -1, 0)"
4,group04,Cr,1,18,4f2_layer11,10,2.0663776487443304,Cr_O_08,"(0, 0, 0)"
4,group04,Cr,1,18,4f2_layer11,23,2.0663774783167193,Cr_O_08,"(0, 0, 0)"
4,group04,Cr,1,18,4f2_layer11,33,1.9849917593946298,Cr_O_06,"(1, 0, 0)"
4,group04,Cr,1,18,4f2_layer11,37,2.0663777054221355,Cr_O_08,"(0, 0, 0)"
4,group04,Cr,2,19,4f2_layer3,2,2.0663771907209756,Cr_O_08,"(0, 0, 0)"
4,group04,Cr,2,19,4f2_layer3,16,2.066377020121716,Cr_O_08,"(0, 0, 0)"
4,group04,Cr,2,19,4f2_layer3,18,1.9849922964805824,Cr_O_06,"(-1, 0, 0)"
4,group04,Cr,2,19,4f2_layer3,21,1.9849924174878968,Cr_O_06,"(0, 0, 0)"
4,group04,Cr,2,19,4f2_layer3,25,1.9849924184808014,Cr_O_06,"(0, 1, 0)"
4,group04,Cr,2,19,4f2_layer3,35,2.066377246884635,Cr_O_08,"(0, 0, 0)"
4,group04,Ga,18,20,4f1_layer7,3,1.9084360732701862,Ga_O_02,"(0, 0, 0)"
4,group04,Ga,18,20,4f1_layer7,13,1.9084359271385227,Ga_O_02,"(0, 0, 0)"
4,group04,Ga,18,20,4f1_layer7,17,1.909127043000001,Ga_O_03,"(0, 0, 0)"
4,group04,Ga,18,20,4f1_layer7,36,1.9084359275969722,Ga_O_02,"(0, 0, 0)"
4,group04,Cr,3,21,4f2_layer5,2,2.0663771900543897,Cr_O_08,"(0, 0, 0)"
4,group04,Cr,3,21,4f2_layer5,4,1.9849924184808014,Cr_O_06,"(0, 1, 0)"
4,group04,Cr,3,21,4f2_layer5,16,2.0663770194551296,Cr_O_08,"(0, 0, 0)"
4,group04,Cr,3,21,4f2_layer5,28,1.9849924174878968,Cr_O_06,"(0, 0, 0)"
4,group04,Cr,3,21,4f2_layer5,35,2.0663772462180487,Cr_O_08,"(0, 0, 0)"
4,group04,Cr,3,21,4f2_layer5,38,1.9849922964805824,Cr_O_06,"(-1, 0, 0)"
4,group04,Ga,19,22,4f1_layer1,15,1.9091273005999965,Ga_O_03,"(0, 0, -1)"
4,group04,Ga,19,22,4f1_layer1,29,1.9084359275969722,Ga_O_02,"(0, 0, 0)"
4,group04,Ga,19,22,4f1_layer1,32,1.9084360732701862,Ga_O_02,"(0, 0, 0)"
4,group04,Ga,19,22,4f1_layer1,34,1.9084359271385227,Ga_O_02,"(0, 0, 0)"
4,group04,Cr,4,23,4f2_layer13,9,1.9849917593946296,Cr_O_06,"(1, 0, 0)"
4,group04,Cr,4,23,4f2_layer13,10,2.0663776487443317,Cr_O_08,"(0, 0, 0)"
4,group04,Cr,4,23,4f2_layer13,23,2.0663774783167206,Cr_O_08,"(0, 0, 0)"
4,group04,Cr,4,23,4f2_layer13,27,1.984991638404773,Cr_O_06,"(0, -1, 0)"
4,group04,Cr,4,23,4f2_layer13,30,1.984991758786552,Cr_O_06,"(0, 0, 0)"
4,group04,Cr,4,23,4f2_layer13,37,2.066377705422137,Cr_O_08,"(0, 0, 0)"
4,group04,Ga,20,24,4f1_layer15,8,1.9084361547650497,Ga_O_02,"(0, 0, 0)"
4,group04,Ga,20,24,4f1_layer15,14,1.9084362998548778,Ga_O_02,"(0, 0, 0)"
4,group04,Ga,20,24,4f1_layer15,24,1.9084361547650501,Ga_O_02,"(0, 0, 0)"
4,group04,Ga,20,24,4f1_layer15,31,1.9091268705999949,Ga_O_03,"(0, 0, 1)"
4,group05,Sr,1,,,2,2.958098043228469,Sr_O_02,"(0, -1, 0)"
4,group05,Sr,1,,,4,2.864579795118219,Sr_O_01,"(0, 0, 0)"
4,group05,Sr,1,,,16,2.9580979326637595,Sr_O_02,"(1, 0, 0)"
4,group05,Sr,1,,,18,2.8645798765734263,Sr_O_01,"(0, 0, 0)"
4,group05,Sr,1,,,21,2.864579884642825,Sr_O_01,"(0, 0, 0)"
4,group05,Sr,1,,,25,2.8645797959311503,Sr_O_01,"(0, 0, 0)"
4,group05,Sr,1,,,28,2.864579883829894,Sr_O_01,"(0, 0, 0)"
4,group05,Sr,1,,,35,2.95809800345424,Sr_O_02,"(0, -1, 0)"
4,group05,Sr,1,,,38,2.8645798757604948,Sr_O_01,"(0, 0, 0)"
4,group05,Sr,2,,,1,2.8645793251769454,Sr_O_01,"(0, 0, 0)"
4,group05,Sr,2,,,5,2.8645793169995204,Sr_O_01,"(0, 0, 0)"
4,group05,Sr,2,,,9,2.8645792364135385,Sr_O_01,"(0, 0, 0)"
4,group05,Sr,2,,,10,2.9580980427214705,Sr_O_02,"(-1, 0, 0)"
4,group05,Sr,2,,,23,2.95809793284463,Sr_O_02,"(0, 1, 0)"
4,group05,Sr,2,,,27,2.8645793169995213,Sr_O_01,"(0, 0, 0)"
4,group05,Sr,2,,,30,2.8645793251769462,Sr_O_01,"(0, 0, 0)"
4,group05,Sr,2,,,33,2.864579236413537,Sr_O_01,"(0, 0, 0)"
4,group05,Sr,2,,,37,2.9580980035278155,Sr_O_02,"(-1, 0, 0)"
4,group05,Ga,1,1,12k_layer6_3,4,1.9254355757587174,Ga_O_04,"(0, 0, 0)"
4,group05,Ga,1,1,12k_layer6_3,6,1.9844559567789057,Ga_O_05,"(-1, -1, 0)"
4,group05,Ga,1,1,12k_layer6_3,13,2.0983234538406146,Ga_O_10,"(0, 0, 0)"
4,group05,Ga,1,1,12k_layer6_3,19,2.094827515170505,Ga_O_09,"(0, 0, 0)"
4,group05,Ga,1,1,12k_layer6_3,28,1.925435576196381,Ga_O_04,"(0, 0, 0)"
4,group05,Ga,1,1,12k_layer6_3,36,2.0983234538272053,Ga_O_10,"(0, -1, 0)"
4,group05,Ga,2,2,12k_layer2_3,7,1.9844559567789046,Ga_O_05,"(-1, -1, 0)"
4,group05,Ga,2,2,12k_layer2_3,21,1.9254355761963797,Ga_O_04,"(0, 0, 0)"
4,group05,Ga,2,2,12k_layer2_3,25,1.9254355757587163,Ga_O_04,"(0, 0, 0)"
4,group05,Ga,2,2,12k_layer2_3,29,2.098323453827207,Ga_O_10,"(0, -1, 0)"
4,group05,Ga,2,2,12k_layer2_3,31,2.0948275151705062,Ga_O_09,"(0, 0, 0)"
4,group05,Ga,2,2,12k_layer2_3,34,2.0983234538406164,Ga_O_10,"(0, 0, 0)"
4,group05,Ga,3,3,12k_layer14_1,8,2.0983229791065865,Ga_O_10,"(0, 0, 0)"
4,group05,Ga,3,3,12k_layer14_1,9,1.9254359958162917,Ga_O_04,"(0, 0, 0)"
4,group05,Ga,3,3,12k_layer14_1,15,2.094827260093365,Ga_O_09,"(0, 0, 0)"
4,group05,Ga,3,3,12k_layer14_1,20,1.9844560436631808,Ga_O_05,"(-1, -1, 0)"
4,group05,Ga,3,3,12k_layer14_1,24,2.0983229796303986,Ga_O_10,"(-1, 0, 0)"
4,group05,Ga,3,3,12k_layer14_1,30,1.9254359958162914,Ga_O_04,"(0, 0, 0)"
4,group05,Ga,4,4,12k_layer2_2,7,1.984455956778905,Ga_O_05,"(0, -1, 0)"
4,group05,Ga,4,4,12k_layer2_2,18,1.9254355763634932,Ga_O_04,"(0, 0, 0)"
4,group05,Ga,4,4,12k_layer2_2,25,1.925435575758716,Ga_O_04,"(0, 0, 0)"
4,group05,Ga,4,4,12k_layer2_2,31,2.094827515170506,Ga_O_09,"(0, 0, 0)"
4,group05,Ga,4,4,12k_layer2_2,32,2.0983234538709623,Ga_O_10,"(0, -1, 0)"
4,group05,Ga,4,4,12k_layer2_2,34,2.098323454408184,Ga_O_10,"(1, 0, 0)"
4,group05,Ga,5,5,12k_layer14_3,14,2.098322979539073,Ga_O_10,"(0, 0, 0)"
4,group05,Ga,5,5,12k_layer14_3,15,2.094827383098975,Ga_O_09,"(0, 0, 0)"
4,group05,Ga,5,5,12k_layer14_3,20,1.9844560439741377,Ga_O_05,"(0, 0, 0)"
4,group05,Ga,5,5,12k_layer14_3,24,2.098322979658534,Ga_O_10,"(0, 1, 0)"
4,group05,Ga,5,5,12k_layer14_3,27,1.925435983138288,Ga_O_04,"(0, 0, 0)"
4,group05,Ga,5,5,12k_layer14_3,30,1.9254359955204852,Ga_O_04,"(0, 0, 0)"
4,group05,Ga,6,6,12k_layer10_2,5,1.9254359120300575,Ga_O_04,"(0, 0, 0)"
4,group05,Ga,6,6,12k_layer10_2,12,1.98445595738215,Ga_O_05,"(-1, 0, 0)"
4,group05,Ga,6,6,12k_layer10_2,17,2.094827514410795,Ga_O_09,"(0, 0, 0)"
4,group05,Ga,6,6,12k_layer10_2,22,2.0983230321761726,Ga_O_10,"(-1, 0, 0)"
4,group05,Ga,6,6,12k_layer10_2,26,2.0983230324265865,Ga_O_10,"(0, 1, 0)"
4,group05,Ga,6,6,12k_layer10_2,33,1.9254359114895088,Ga_O_04,"(0, 0, 0)"
4,group05,Ga,7,7,12k_layer6_2,3,2.0983234538709605,Ga_O_10,"(0, -1, 0)"
4,group05,Ga,7,7,12k_layer6_2,4,1.9254355757587174,Ga_O_04,"(0, 0, 0)"
4,group05,Ga,7,7,12k_layer6_2,6,1.9844559567789064,Ga_O_05,"(0, -1, 0)"
4,group05,Ga,7,7,12k_layer6_2,13,2.0983234544081824,Ga_O_10,"(1, 0, 0)"
4,group05,Ga,7,7,12k_layer6_2,19,2.0948275151705045,Ga_O_09,"(0, 0, 0)"
4,group05,Ga,7,7,12k_layer6_2,38,1.9254355763634945,Ga_O_04,"(0, 0, 0)"
4,group05,Ga,8,8,12k_layer6_1,3,2.0983234541175877,Ga_O_10,"(0, 0, 0)"
4,group05,Ga,8,8,12k_layer6_1,6,1.9844559569613607,Ga_O_05,"(0, 0, 0)"
4,group05,Ga,8,8,12k_layer6_1,19,2.0948276379027013,Ga_O_09,"(0, 0, 0)"
4,group05,Ga,8,8,12k_layer6_1,28,1.9254355756093047,Ga_O_04,"(0, 0, 0)"
4,group05,Ga,8,8,12k_layer6_1,36,2.0983234546414,Ga_O_10,"(1, 0, 0)"
4,group05,Ga,8,8,12k_layer6_1,38,1.925435563604001,Ga_O_04,"(0, 0, 0)"
4,group05,Ga,9,9,12k_layer14_2,8,2.098322979647595,Ga_O_10,"(0, 1, 0)"
4,group05,Ga,9,9,12k_layer14_2,9,1.9254359955309297,Ga_O_04,"(0, 0, 0)"
4,group05,Ga,9,9,12k_layer14_2,14,2.098322979397181,Ga_O_10,"(-1, 0, 0)"
4,group05,Ga,9,9,12k_layer14_2,15,2.094827260728784,Ga_O_09,"(0, 0, 0)"
4,group05,Ga,9,9,12k_layer14_2,20,1.9844560438241048,Ga_O_05,"(-1, 0, 0)"
4,group05,Ga,9,9,12k_layer14_2,27,1.9254359960714784,Ga_O_04,"(0, 0, 0)"
4,group05,Cr,1,10,2a_layer16,8,1.9948520249218649,Cr_O_07,"(1, 1, 0)"
4,group05,Cr,1,10,2a_layer16,14,1.9948520252426432,Cr_O_07,"(0, 0, 0)"
4,group05,Cr,1,10,2a_layer16,24,1.9948520249218644,Cr_O_07,"(0, 1, 0)"
4,group05,Cr,1,10,2a_layer16,29,1.9948516604791149,Cr_O_07,"(1, 0, 1)"
4,group05,Cr,1,10,2a_layer16,32,1.9948516599281325,Cr_O_07,"(0, 0, 1)"
4,group05,Cr,1,10,2a_layer16,34,1.994851660087002,Cr_O_07,"(1, 1, 1)"
4,group05,Ga,10,11,12k_layer10_3,1,1.9254359114790642,Ga_O_04,"(0, 0, 0)"
4,group05,Ga,10,11,12k_layer10_3,5,1.9254358990968665,Ga_O_04,"(0, 0, 0)"
4,group05,Ga,10,11,12k_layer10_3,11,2.0983230324375253,Ga_O_10,"(0, 1, 0)"
4,group05,Ga,10,11,12k_layer10_3,12,1.9844559575321832,Ga_O_05,"(0, 0, 0)"
4,group05,Ga,10,11,12k_layer10_3,17,2.094827636780971,Ga_O_09,"(0, 0, 0)"
4,group05,Ga,10,11,12k_layer10_3,22,2.0983230323180644,Ga_O_10,"(0, 0, 0)"
4,group05,Ga,11,12,12k_layer10_1,1,1.9254359117748707,Ga_O_04,"(0, 0, 0)"
4,group05,Ga,11,12,12k_layer10_1,11,2.0983230324093904,Ga_O_10,"(-1, 0, 0)"
4,group05,Ga,11,12,12k_layer10_1,12,1.9844559572212264,Ga_O_05,"(-1, -1, 0)"
4,group05,Ga,11,12,12k_layer10_1,17,2.0948275137753765,Ga_O_09,"(0, 0, 0)"
4,group05,Ga,11,12,12k_layer10_1,26,2.098323031885578,Ga_O_10,"(0, 0, 0)"
4,group05,Ga,11,12,12k_layer10_1,33,1.9254359117748707,Ga_O_04,"(0, 0, 0)"
4,group05,Ga,12,13,12k_layer2_1,7,1.9844559569613596,Ga_O_05,"(0, 0, 0)"
4,group05,Ga,12,13,12k_layer2_1,18,1.925435563604,Ga_O_04,"(0, 0, 0)"
4,group05,Ga,12,13,12k_layer2_1,21,1.9254355756093033,Ga_O_04,"(0, 0, 0)"
4,group05,Ga,12,13,12k_layer2_1,29,2.0983234546414016,Ga_O_10,"(1, 0, 0)"
4,group05,Ga,12,13,12k_layer2_1,31,2.0948276379027027,Ga_O_09,"(0, 0, 0)"
4,group05,Ga,12,13,12k_layer2_1,32,2.0983234541175895,Ga_O_10,"(0, 0, 0)"
4,group05,Ga,13,14,2b_layer12,10,1.8700732788205217,Ga_O_01,"(0, 1, 0)"
4,group05,Ga,13,14,2b_layer12,12,2.2779384420000004,Ga_O_11,"(0, 0, 0)"
4,group05,Ga,13,14,2b_layer12,20,2.2779384410000003,Ga_O_11,"(0, 0, 0)"
4,group05,Ga,13,14,2b_layer12,23,1.870073507451236,Ga_O_01,"(1, 1, 0)"
4,group05,Ga,13,14,2b_layer12,37,1.870073355,Ga_O_01,"(0, 0, 0)"
4,group05,Cr,2,15,2a_layer8,3,1.9948516601706343,Cr_O_07,"(0, 0, 0)"
4,group05,Cr,2,15,2a_layer8,11,1.9948520770594027,Cr_O_07,"(0, 1, 0)"
4,group05,Cr,2,15,2a_layer8,13,1.994851660329504,Cr_O_07,"(1, 1, 0)"
4,group05,Cr,2,15,2a_layer8,22,1.9948520773801812,Cr_O_07,"(0, 0, 0)"
4,group05,Cr,2,15,2a_layer8,26,1.9948520770594032,Cr_O_07,"(1, 1, 0)"
4,group05,Cr,2,15,2a_layer8,36,1.9948516607216167,Cr_O_07,"(1, 0, 0)"
4,group05,Ga,14,16,2b_layer4,2,1.8700732794118144,Ga_O_01,"(1, 0, 0)"
4,group05,Ga,14,16,2b_layer4,6,2.277938441000001,Ga_O_11,"(0, 0, 0)"
4,group05,Ga,14,16,2b_layer4,7,2.2779384420000004,Ga_O_11,"(0, 0, 0)"
4,group05,Ga,14,16,2b_layer4,16,1.8700735073000085,Ga_O_01,"(1, 1, 0)"
4,group05,Ga,14,16,2b_layer4,35,1.870073355795254,Ga_O_01,"(0, 0, 0)"
4,group05,Ga,15,17,4f1_layer9,11,1.9084361294606749,Ga_O_02,"(0, 0, 0)"
4,group05,Ga,15,17,4f1_layer9,19,1.9091270429999996,Ga_O_03,"(0, 0, 0)"
4,group05,Ga,15,17,4f1_layer9,22,1.9084362745505044,Ga_O_02,"(0, 0, 0)"
4,group05,Ga,15,17,4f1_layer9,26,1.9084361294606744,Ga_O_02,"(0, 0, 0)"
4,group05,Cr,3,18,4f2_layer11,1,1.9849917587865524,Cr_O_06,"(0, 0, 0)"
4,group05,Cr,3,18,4f2_layer11,5,1.9849916384047732,Cr_O_06,"(0, -1, 0)"
4,group05,Cr,3,18,4f2_layer11,10,2.0663776487443304,Cr_O_08,"(0, 0, 0)"
4,group05,Cr,3,18,4f2_layer11,23,2.0663774783167193,Cr_O_08,"(0, 0, 0)"
4,group05,Cr,3,18,4f2_layer11,33,1.9849917593946298,Cr_O_06,"(1, 0, 0)"
4,group05,Cr,3,18,4f2_layer11,37,2.0663777054221355,Cr_O_08,"(0, 0, 0)"
4,group05,Ga,16,19,4f2_layer3,2,2.0663771907209756,Ga_O_08,"(0, 0, 0)"
4,group05,Ga,16,19,4f2_layer3,16,2.066377020121716,Ga_O_08,"(0, 0, 0)"
4,group05,Ga,16,19,4f2_layer3,18,1.9849922964805824,Ga_O_06,"(-1, 0, 0)"
4,group05,Ga,16,19,4f2_layer3,21,1.9849924174878968,Ga_O_06,"(0, 0, 0)"
4,group05,Ga,16,19,4f2_layer3,25,1.9849924184808014,Ga_O_06,"(0, 1, 0)"
4,group05,Ga,16,19,4f2_layer3,35,2.066377246884635,Ga_O_08,"(0, 0, 0)"
4,group05,Ga,17,20,4f1_layer7,3,1.9084360732701862,Ga_O_02,"(0, 0, 0)"
4,group05,Ga,17,20,4f1_layer7,13,1.9084359271385227,Ga_O_02,"(0, 0, 0)"
4,group05,Ga,17,20,4f1_layer7,17,1.909127043000001,Ga_O_03,"(0, 0, 0)"
4,group05,Ga,17,20,4f1_layer7,36,1.9084359275969722,Ga_O_02,"(0, 0, 0)"
4,group05,Ga,18,21,4f2_layer5,2,2.0663771900543897,Ga_O_08,"(0, 0, 0)"
4,group05,Ga,18,21,4f2_layer5,4,1.9849924184808014,Ga_O_06,"(0, 1, 0)"
4,group05,Ga,18,21,4f2_layer5,16,2.0663770194551296,Ga_O_08,"(0, 0, 0)"
4,group05,Ga,18,21,4f2_layer5,28,1.9849924174878968,Ga_O_06,"(0, 0, 0)"
4,group05,Ga,18,21,4f2_layer5,35,2.0663772462180487,Ga_O_08,"(0, 0, 0)"
4,group05,Ga,18,21,4f2_layer5,38,1.9849922964805824,Ga_O_06,"(-1, 0, 0)"
4,group05,Ga,19,22,4f1_layer1,15,1.9091273005999965,Ga_O_03,"(0, 0, -1)"
4,group05,Ga,19,22,4f1_layer1,29,1.9084359275969722,Ga_O_02,"(0, 0, 0)"
4,group05,Ga,19,22,4f1_layer1,32,1.9084360732701862,Ga_O_02,"(0, 0, 0)"
4,group05,Ga,19,22,4f1_layer1,34,1.9084359271385227,Ga_O_02,"(0, 0, 0)"
4,group05,Cr,4,23,4f2_layer13,9,1.9849917593946296,Cr_O_06,"(1, 0, 0)"
4,group05,Cr,4,23,4f2_layer13,10,2.0663776487443317,Cr_O_08,"(0, 0, 0)"
4,group05,Cr,4,23,4f2_layer13,23,2.0663774783167206,Cr_O_08,"(0, 0, 0)"
4,group05,Cr,4,23,4f2_layer13,27,1.984991638404773,Cr_O_06,"(0, -1, 0)"
4,group05,Cr,4,23,4f2_layer13,30,1.984991758786552,Cr_O_06,"(0, 0, 0)"
4,group05,Cr,4,23,4f2_layer13,37,2.066377705422137,Cr_O_08,"(0, 0, 0)"
4,group05,Ga,20,24,4f1_layer15,8,1.9084361547650497,Ga_O_02,"(0, 0, 0)"
4,group05,Ga,20,24,4f1_layer15,14,1.9084362998548778,Ga_O_02,"(0, 0, 0)"
4,group05,Ga,20,24,4f1_layer15,24,1.9084361547650501,Ga_O_02,"(0, 0, 0)"
4,group05,Ga,20,24,4f1_layer15,31,1.9091268705999949,Ga_O_03,"(0, 0, 1)"
4,group06,Sr,1,,,2,2.958098043228469,Sr_O_02,"(0, -1, 0)"
4,group06,Sr,1,,,4,2.864579795118219,Sr_O_01,"(0, 0, 0)"
4,group06,Sr,1,,,16,2.9580979326637595,Sr_O_02,"(1, 0, 0)"
4,group06,Sr,1,,,18,2.8645798765734263,Sr_O_01,"(0, 0, 0)"
4,group06,Sr,1,,,21,2.864579884642825,Sr_O_01,"(0, 0, 0)"
4,group06,Sr,1,,,25,2.8645797959311503,Sr_O_01,"(0, 0, 0)"
4,group06,Sr,1,,,28,2.864579883829894,Sr_O_01,"(0, 0, 0)"
4,group06,Sr,1,,,35,2.95809800345424,Sr_O_02,"(0, -1, 0)"
4,group06,Sr,1,,,38,2.8645798757604948,Sr_O_01,"(0, 0, 0)"
4,group06,Sr,2,,,1,2.8645793251769454,Sr_O_01,"(0, 0, 0)"
4,group06,Sr,2,,,5,2.8645793169995204,Sr_O_01,"(0, 0, 0)"
4,group06,Sr,2,,,9,2.8645792364135385,Sr_O_01,"(0, 0, 0)"
4,group06,Sr,2,,,10,2.9580980427214705,Sr_O_02,"(-1, 0, 0)"
4,group06,Sr,2,,,23,2.95809793284463,Sr_O_02,"(0, 1, 0)"
4,group06,Sr,2,,,27,2.8645793169995213,Sr_O_01,"(0, 0, 0)"
4,group06,Sr,2,,,30,2.8645793251769462,Sr_O_01,"(0, 0, 0)"
4,group06,Sr,2,,,33,2.864579236413537,Sr_O_01,"(0, 0, 0)"
4,group06,Sr,2,,,37,2.9580980035278155,Sr_O_02,"(-1, 0, 0)"
4,group06,Ga,1,1,12k_layer6_3,4,1.9254355757587174,Ga_O_04,"(0, 0, 0)"
4,group06,Ga,1,1,12k_layer6_3,6,1.9844559567789057,Ga_O_05,"(-1, -1, 0)"
4,group06,Ga,1,1,12k_layer6_3,13,2.0983234538406146,Ga_O_10,"(0, 0, 0)"
4,group06,Ga,1,1,12k_layer6_3,19,2.094827515170505,Ga_O_09,"(0, 0, 0)"
4,group06,Ga,1,1,12k_layer6_3,28,1.925435576196381,Ga_O_04,"(0, 0, 0)"
4,group06,Ga,1,1,12k_layer6_3,36,2.0983234538272053,Ga_O_10,"(0, -1, 0)"
4,group06,Ga,2,2,12k_layer2_3,7,1.9844559567789046,Ga_O_05,"(-1, -1, 0)"
4,group06,Ga,2,2,12k_layer2_3,21,1.9254355761963797,Ga_O_04,"(0, 0, 0)"
4,group06,Ga,2,2,12k_layer2_3,25,1.9254355757587163,Ga_O_04,"(0, 0, 0)"
4,group06,Ga,2,2,12k_layer2_3,29,2.098323453827207,Ga_O_10,"(0, -1, 0)"
4,group06,Ga,2,2,12k_layer2_3,31,2.0948275151705062,Ga_O_09,"(0, 0, 0)"
4,group06,Ga,2,2,12k_layer2_3,34,2.0983234538406164,Ga_O_10,"(0, 0, 0)"
4,group06,Ga,3,3,12k_layer14_1,8,2.0983229791065865,Ga_O_10,"(0, 0, 0)"
4,group06,Ga,3,3,12k_layer14_1,9,1.9254359958162917,Ga_O_04,"(0, 0, 0)"
4,group06,Ga,3,3,12k_layer14_1,15,2.094827260093365,Ga_O_09,"(0, 0, 0)"
4,group06,Ga,3,3,12k_layer14_1,20,1.9844560436631808,Ga_O_05,"(-1, -1, 0)"
4,group06,Ga,3,3,12k_layer14_1,24,2.0983229796303986,Ga_O_10,"(-1, 0, 0)"
4,group06,Ga,3,3,12k_layer14_1,30,1.9254359958162914,Ga_O_04,"(0, 0, 0)"
4,group06,Ga,4,4,12k_layer2_2,7,1.984455956778905,Ga_O_05,"(0, -1, 0)"
4,group06,Ga,4,4,12k_layer2_2,18,1.9254355763634932,Ga_O_04,"(0, 0, 0)"
4,group06,Ga,4,4,12k_layer2_2,25,1.925435575758716,Ga_O_04,"(0, 0, 0)"
4,group06,Ga,4,4,12k_layer2_2,31,2.094827515170506,Ga_O_09,"(0, 0, 0)"
4,group06,Ga,4,4,12k_layer2_2,32,2.0983234538709623,Ga_O_10,"(0, -1, 0)"
4,group06,Ga,4,4,12k_layer2_2,34,2.098323454408184,Ga_O_10,"(1, 0, 0)"
4,group06,Ga,5,5,12k_layer14_3,14,2.098322979539073,Ga_O_10,"(0, 0, 0)"
4,group06,Ga,5,5,12k_layer14_3,15,2.094827383098975,Ga_O_09,"(0, 0, 0)"
4,group06,Ga,5,5,12k_layer14_3,20,1.9844560439741377,Ga_O_05,"(0, 0, 0)"
4,group06,Ga,5,5,12k_layer14_3,24,2.098322979658534,Ga_O_10,"(0, 1, 0)"
4,group06,Ga,5,5,12k_layer14_3,27,1.925435983138288,Ga_O_04,"(0, 0, 0)"
4,group06,Ga,5,5,12k_layer14_3,30,1.9254359955204852,Ga_O_04,"(0, 0, 0)"
4,group06,Ga,6,6,12k_layer10_2,5,1.9254359120300575,Ga_O_04,"(0, 0, 0)"
4,group06,Ga,6,6,12k_layer10_2,12,1.98445595738215,Ga_O_05,"(-1, 0, 0)"
4,group06,Ga,6,6,12k_layer10_2,17,2.094827514410795,Ga_O_09,"(0, 0, 0)"
4,group06,Ga,6,6,12k_layer10_2,22,2.0983230321761726,Ga_O_10,"(-1, 0, 0)"
4,group06,Ga,6,6,12k_layer10_2,26,2.0983230324265865,Ga_O_10,"(0, 1, 0)"
4,group06,Ga,6,6,12k_layer10_2,33,1.9254359114895088,Ga_O_04,"(0, 0, 0)"
4,group06,Ga,7,7,12k_layer6_2,3,2.0983234538709605,Ga_O_10,"(0, -1, 0)"
4,group06,Ga,7,7,12k_layer6_2,4,1.9254355757587174,Ga_O_04,"(0, 0, 0)"
4,group06,Ga,7,7,12k_layer6_2,6,1.9844559567789064,Ga_O_05,"(0, -1, 0)"
4,group06,Ga,7,7,12k_layer6_2,13,2.0983234544081824,Ga_O_10,"(1, 0, 0)"
4,group06,Ga,7,7,12k_layer6_2,19,2.0948275151705045,Ga_O_09,"(0, 0, 0)"
4,group06,Ga,7,7,12k_layer6_2,38,1.9254355763634945,Ga_O_04,"(0, 0, 0)"
4,group06,Ga,8,8,12k_layer6_1,3,2.0983234541175877,Ga_O_10,"(0, 0, 0)"
4,group06,Ga,8,8,12k_layer6_1,6,1.9844559569613607,Ga_O_05,"(0, 0, 0)"
4,group06,Ga,8,8,12k_layer6_1,19,2.0948276379027013,Ga_O_09,"(0, 0, 0)"
4,group06,Ga,8,8,12k_layer6_1,28,1.9254355756093047,Ga_O_04,"(0, 0, 0)"
4,group06,Ga,8,8,12k_layer6_1,36,2.0983234546414,Ga_O_10,"(1, 0, 0)"
4,group06,Ga,8,8,12k_layer6_1,38,1.925435563604001,Ga_O_04,"(0, 0, 0)"
4,group06,Ga,9,9,12k_layer14_2,8,2.098322979647595,Ga_O_10,"(0, 1, 0)"
4,group06,Ga,9,9,12k_layer14_2,9,1.9254359955309297,Ga_O_04,"(0, 0, 0)"
4,group06,Ga,9,9,12k_layer14_2,14,2.098322979397181,Ga_O_10,"(-1, 0, 0)"
4,group06,Ga,9,9,12k_layer14_2,15,2.094827260728784,Ga_O_09,"(0, 0, 0)"
4,group06,Ga,9,9,12k_layer14_2,20,1.9844560438241048,Ga_O_05,"(-1, 0, 0)"
4,group06,Ga,9,9,12k_layer14_2,27,1.9254359960714784,Ga_O_04,"(0, 0, 0)"
4,group06,Cr,1,10,2a_layer16,8,1.9948520249218649,Cr_O_07,"(1, 1, 0)"
4,group06,Cr,1,10,2a_layer16,14,1.9948520252426432,Cr_O_07,"(0, 0, 0)"
4,group06,Cr,1,10,2a_layer16,24,1.9948520249218644,Cr_O_07,"(0, 1, 0)"
4,group06,Cr,1,10,2a_layer16,29,1.9948516604791149,Cr_O_07,"(1, 0, 1)"
4,group06,Cr,1,10,2a_layer16,32,1.9948516599281325,Cr_O_07,"(0, 0, 1)"
4,group06,Cr,1,10,2a_layer16,34,1.994851660087002,Cr_O_07,"(1, 1, 1)"
4,group06,Ga,10,11,12k_layer10_3,1,1.9254359114790642,Ga_O_04,"(0, 0, 0)"
4,group06,Ga,10,11,12k_layer10_3,5,1.9254358990968665,Ga_O_04,"(0, 0, 0)"
4,group06,Ga,10,11,12k_layer10_3,11,2.0983230324375253,Ga_O_10,"(0, 1, 0)"
4,group06,Ga,10,11,12k_layer10_3,12,1.9844559575321832,Ga_O_05,"(0, 0, 0)"
4,group06,Ga,10,11,12k_layer10_3,17,2.094827636780971,Ga_O_09,"(0, 0, 0)"
4,group06,Ga,10,11,12k_layer10_3,22,2.0983230323180644,Ga_O_10,"(0, 0, 0)"
4,group06,Ga,11,12,12k_layer10_1,1,1.9254359117748707,Ga_O_04,"(0, 0, 0)"
4,group06,Ga,11,12,12k_layer10_1,11,2.0983230324093904,Ga_O_10,"(-1, 0, 0)"
4,group06,Ga,11,12,12k_layer10_1,12,1.9844559572212264,Ga_O_05,"(-1, -1, 0)"
4,group06,Ga,11,12,12k_layer10_1,17,2.0948275137753765,Ga_O_09,"(0, 0, 0)"
4,group06,Ga,11,12,12k_layer10_1,26,2.098323031885578,Ga_O_10,"(0, 0, 0)"
4,group06,Ga,11,12,12k_layer10_1,33,1.9254359117748707,Ga_O_04,"(0, 0, 0)"
4,group06,Ga,12,13,12k_layer2_1,7,1.9844559569613596,Ga_O_05,"(0, 0, 0)"
4,group06,Ga,12,13,12k_layer2_1,18,1.925435563604,Ga_O_04,"(0, 0, 0)"
4,group06,Ga,12,13,12k_layer2_1,21,1.9254355756093033,Ga_O_04,"(0, 0, 0)"
4,group06,Ga,12,13,12k_layer2_1,29,2.0983234546414016,Ga_O_10,"(1, 0, 0)"
4,group06,Ga,12,13,12k_layer2_1,31,2.0948276379027027,Ga_O_09,"(0, 0, 0)"
4,group06,Ga,12,13,12k_layer2_1,32,2.0983234541175895,Ga_O_10,"(0, 0, 0)"
4,group06,Ga,13,14,2b_layer12,10,1.8700732788205217,Ga_O_01,"(0, 1, 0)"
4,group06,Ga,13,14,2b_layer12,12,2.2779384420000004,Ga_O_11,"(0, 0, 0)"
4,group06,Ga,13,14,2b_layer12,20,2.2779384410000003,Ga_O_11,"(0, 0, 0)"
4,group06,Ga,13,14,2b_layer12,23,1.870073507451236,Ga_O_01,"(1, 1, 0)"
4,group06,Ga,13,14,2b_layer12,37,1.870073355,Ga_O_01,"(0, 0, 0)"
4,group06,Cr,2,15,2a_layer8,3,1.9948516601706343,Cr_O_07,"(0, 0, 0)"
4,group06,Cr,2,15,2a_layer8,11,1.9948520770594027,Cr_O_07,"(0, 1, 0)"
4,group06,Cr,2,15,2a_layer8,13,1.994851660329504,Cr_O_07,"(1, 1, 0)"
4,group06,Cr,2,15,2a_layer8,22,1.9948520773801812,Cr_O_07,"(0, 0, 0)"
4,group06,Cr,2,15,2a_layer8,26,1.9948520770594032,Cr_O_07,"(1, 1, 0)"
4,group06,Cr,2,15,2a_layer8,36,1.9948516607216167,Cr_O_07,"(1, 0, 0)"
4,group06,Ga,14,16,2b_layer4,2,1.8700732794118144,Ga_O_01,"(1, 0, 0)"
4,group06,Ga,14,16,2b_layer4,6,2.277938441000001,Ga_O_11,"(0, 0, 0)"
4,group06,Ga,14,16,2b_layer4,7,2.2779384420000004,Ga_O_11,"(0, 0, 0)"
4,group06,Ga,14,16,2b_layer4,16,1.8700735073000085,Ga_O_01,"(1, 1, 0)"
4,group06,Ga,14,16,2b_layer4,35,1.870073355795254,Ga_O_01,"(0, 0, 0)"
4,group06,Ga,15,17,4f1_layer9,11,1.9084361294606749,Ga_O_02,"(0, 0, 0)"
4,group06,Ga,15,17,4f1_layer9,19,1.9091270429999996,Ga_O_03,"(0, 0, 0)"
4,group06,Ga,15,17,4f1_layer9,22,1.9084362745505044,Ga_O_02,"(0, 0, 0)"
4,group06,Ga,15,17,4f1_layer9,26,1.9084361294606744,Ga_O_02,"(0, 0, 0)"
4,group06,Cr,3,18,4f2_layer11,1,1.9849917587865524,Cr_O_06,"(0, 0, 0)"
4,group06,Cr,3,18,4f2_layer11,5,1.9849916384047732,Cr_O_06,"(0, -1, 0)"
4,group06,Cr,3,18,4f2_layer11,10,2.0663776487443304,Cr_O_08,"(0, 0, 0)"
4,group06,Cr,3,18,4f2_layer11,23,2.0663774783167193,Cr_O_08,"(0, 0, 0)"
4,group06,Cr,3,18,4f2_layer11,33,1.9849917593946298,Cr_O_06,"(1, 0, 0)"
4,group06,Cr,3,18,4f2_layer11,37,2.0663777054221355,Cr_O_08,"(0, 0, 0)"
4,group06,Ga,16,19,4f2_layer3,2,2.0663771907209756,Ga_O_08,"(0, 0, 0)"
4,group06,Ga,16,19,4f2_layer3,16,2.066377020121716,Ga_O_08,"(0, 0, 0)"
4,group06,Ga,16,19,4f2_layer3,18,1.9849922964805824,Ga_O_06,"(-1, 0, 0)"
4,group06,Ga,16,19,4f2_layer3,21,1.9849924174878968,Ga_O_06,"(0, 0, 0)"
4,group06,Ga,16,19,4f2_layer3,25,1.9849924184808014,Ga_O_06,"(0, 1, 0)"
4,group06,Ga,16,19,4f2_layer3,35,2.066377246884635,Ga_O_08,"(0, 0, 0)"
4,group06,Ga,17,20,4f1_layer7,3,1.9084360732701862,Ga_O_02,"(0, 0, 0)"
4,group06,Ga,17,20,4f1_layer7,13,1.9084359271385227,Ga_O_02,"(0, 0, 0)"
4,group06,Ga,17,20,4f1_layer7,17,1.909127043000001,Ga_O_03,"(0, 0, 0)"
4,group06,Ga,17,20,4f1_layer7,36,1.9084359275969722,Ga_O_02,"(0, 0, 0)"
4,group06,Cr,4,21,4f2_layer5,2,2.0663771900543897,Cr_O_08,"(0, 0, 0)"
4,group06,Cr,4,21,4f2_layer5,4,1.9849924184808014,Cr_O_06,"(0, 1, 0)"
4,group06,Cr,4,21,4f2_layer5,16,2.0663770194551296,Cr_O_08,"(0, 0, 0)"
4,group06,Cr,4,21,4f2_layer5,28,1.9849924174878968,Cr_O_06,"(0, 0, 0)"
4,group06,Cr,4,21,4f2_layer5,35,2.0663772462180487,Cr_O_08,"(0, 0, 0)"
4,group06,Cr,4,21,4f2_layer5,38,1.9849922964805824,Cr_O_06,"(-1, 0, 0)"
4,group06,Ga,18,22,4f1_layer1,15,1.9091273005999965,Ga_O_03,"(0, 0, -1)"
4,group06,Ga,18,22,4f1_layer1,29,1.9084359275969722,Ga_O_02,"(0, 0, 0)"
4,group06,Ga,18,22,4f1_layer1,32,1.9084360732701862,Ga_O_02,"(0, 0, 0)"
4,group06,Ga,18,22,4f1_layer1,34,1.9084359271385227,Ga_O_02,"(0, 0, 0)"
4,group06,Ga,19,23,4f2_layer13,9,1.9849917593946296,Ga_O_06,"(1, 0, 0)"
4,group06,Ga,19,23,4f2_layer13,10,2.0663776487443317,Ga_O_08,"(0, 0, 0)"
4,group06,Ga,19,23,4f2_layer13,23,2.0663774783167206,Ga_O_08,"(0, 0, 0)"
4,group06,Ga,19,23,4f2_layer13,27,1.984991638404773,Ga_O_06,"(0, -1, 0)"
4,group06,Ga,19,23,4f2_layer13,30,1.984991758786552,Ga_O_06,"(0, 0, 0)"
4,group06,Ga,19,23,4f2_layer13,37,2.066377705422137,Ga_O_08,"(0, 0, 0)"
4,group06,Ga,20,24,4f1_layer15,8,1.9084361547650497,Ga_O_02,"(0, 0, 0)"
4,group06,Ga,20,24,4f1_layer15,14,1.9084362998548778,Ga_O_02,"(0, 0, 0)"
4,group06,Ga,20,24,4f1_layer15,24,1.9084361547650501,Ga_O_02,"(0, 0, 0)"
4,group06,Ga,20,24,4f1_layer15,31,1.9091268705999949,Ga_O_03,"(0, 0, 1)"
4,group07,Sr,1,,,2,2.958098043228469,Sr_O_02,"(0, -1, 0)"
4,group07,Sr,1,,,4,2.864579795118219,Sr_O_01,"(0, 0, 0)"
4,group07,Sr,1,,,16,2.9580979326637595,Sr_O_02,"(1, 0, 0)"
4,group07,Sr,1,,,18,2.8645798765734263,Sr_O_01,"(0, 0, 0)"
4,group07,Sr,1,,,21,2.864579884642825,Sr_O_01,"(0, 0, 0)"
4,group07,Sr,1,,,25,2.8645797959311503,Sr_O_01,"(0, 0, 0)"
4,group07,Sr,1,,,28,2.864579883829894,Sr_O_01,"(0, 0, 0)"
4,group07,Sr,1,,,35,2.95809800345424,Sr_O_02,"(0, -1, 0)"
4,group07,Sr,1,,,38,2.8645798757604948,Sr_O_01,"(0, 0, 0)"
4,group07,Sr,2,,,1,2.8645793251769454,Sr_O_01,"(0, 0, 0)"
4,group07,Sr,2,,,5,2.8645793169995204,Sr_O_01,"(0, 0, 0)"
4,group07,Sr,2,,,9,2.8645792364135385,Sr_O_01,"(0, 0, 0)"
4,group07,Sr,2,,,10,2.9580980427214705,Sr_O_02,"(-1, 0, 0)"
4,group07,Sr,2,,,23,2.95809793284463,Sr_O_02,"(0, 1, 0)"
4,group07,Sr,2,,,27,2.8645793169995213,Sr_O_01,"(0, 0, 0)"
4,group07,Sr,2,,,30,2.8645793251769462,Sr_O_01,"(0, 0, 0)"
4,group07,Sr,2,,,33,2.864579236413537,Sr_O_01,"(0, 0, 0)"
4,group07,Sr,2,,,37,2.9580980035278155,Sr_O_02,"(-1, 0, 0)"
4,group07,Ga,1,1,12k_layer6_3,4,1.9254355757587174,Ga_O_04,"(0, 0, 0)"
4,group07,Ga,1,1,12k_layer6_3,6,1.9844559567789057,Ga_O_05,"(-1, -1, 0)"
4,group07,Ga,1,1,12k_layer6_3,13,2.0983234538406146,Ga_O_10,"(0, 0, 0)"
4,group07,Ga,1,1,12k_layer6_3,19,2.094827515170505,Ga_O_09,"(0, 0, 0)"
4,group07,Ga,1,1,12k_layer6_3,28,1.925435576196381,Ga_O_04,"(0, 0, 0)"
4,group07,Ga,1,1,12k_layer6_3,36,2.0983234538272053,Ga_O_10,"(0, -1, 0)"
4,group07,Ga,2,2,12k_layer2_3,7,1.9844559567789046,Ga_O_05,"(-1, -1, 0)"
4,group07,Ga,2,2,12k_layer2_3,21,1.9254355761963797,Ga_O_04,"(0, 0, 0)"
4,group07,Ga,2,2,12k_layer2_3,25,1.9254355757587163,Ga_O_04,"(0, 0, 0)"
4,group07,Ga,2,2,12k_layer2_3,29,2.098323453827207,Ga_O_10,"(0, -1, 0)"
4,group07,Ga,2,2,12k_layer2_3,31,2.0948275151705062,Ga_O_09,"(0, 0, 0)"
4,group07,Ga,2,2,12k_layer2_3,34,2.0983234538406164,Ga_O_10,"(0, 0, 0)"
4,group07,Ga,3,3,12k_layer14_1,8,2.0983229791065865,Ga_O_10,"(0, 0, 0)"
4,group07,Ga,3,3,12k_layer14_1,9,1.9254359958162917,Ga_O_04,"(0, 0, 0)"
4,group07,Ga,3,3,12k_layer14_1,15,2.094827260093365,Ga_O_09,"(0, 0, 0)"
4,group07,Ga,3,3,12k_layer14_1,20,1.9844560436631808,Ga_O_05,"(-1, -1, 0)"
4,group07,Ga,3,3,12k_layer14_1,24,2.0983229796303986,Ga_O_10,"(-1, 0, 0)"
4,group07,Ga,3,3,12k_layer14_1,30,1.9254359958162914,Ga_O_04,"(0, 0, 0)"
4,group07,Ga,4,4,12k_layer2_2,7,1.984455956778905,Ga_O_05,"(0, -1, 0)"
4,group07,Ga,4,4,12k_layer2_2,18,1.9254355763634932,Ga_O_04,"(0, 0, 0)"
4,group07,Ga,4,4,12k_layer2_2,25,1.925435575758716,Ga_O_04,"(0, 0, 0)"
4,group07,Ga,4,4,12k_layer2_2,31,2.094827515170506,Ga_O_09,"(0, 0, 0)"
4,group07,Ga,4,4,12k_layer2_2,32,2.0983234538709623,Ga_O_10,"(0, -1, 0)"
4,group07,Ga,4,4,12k_layer2_2,34,2.098323454408184,Ga_O_10,"(1, 0, 0)"
4,group07,Ga,5,5,12k_layer14_3,14,2.098322979539073,Ga_O_10,"(0, 0, 0)"
4,group07,Ga,5,5,12k_layer14_3,15,2.094827383098975,Ga_O_09,"(0, 0, 0)"
4,group07,Ga,5,5,12k_layer14_3,20,1.9844560439741377,Ga_O_05,"(0, 0, 0)"
4,group07,Ga,5,5,12k_layer14_3,24,2.098322979658534,Ga_O_10,"(0, 1, 0)"
4,group07,Ga,5,5,12k_layer14_3,27,1.925435983138288,Ga_O_04,"(0, 0, 0)"
4,group07,Ga,5,5,12k_layer14_3,30,1.9254359955204852,Ga_O_04,"(0, 0, 0)"
4,group07,Ga,6,6,12k_layer10_2,5,1.9254359120300575,Ga_O_04,"(0, 0, 0)"
4,group07,Ga,6,6,12k_layer10_2,12,1.98445595738215,Ga_O_05,"(-1, 0, 0)"
4,group07,Ga,6,6,12k_layer10_2,17,2.094827514410795,Ga_O_09,"(0, 0, 0)"
4,group07,Ga,6,6,12k_layer10_2,22,2.0983230321761726,Ga_O_10,"(-1, 0, 0)"
4,group07,Ga,6,6,12k_layer10_2,26,2.0983230324265865,Ga_O_10,"(0, 1, 0)"
4,group07,Ga,6,6,12k_layer10_2,33,1.9254359114895088,Ga_O_04,"(0, 0, 0)"
4,group07,Cr,1,7,12k_layer6_2,3,2.0983234538709605,Cr_O_10,"(0, -1, 0)"
4,group07,Cr,1,7,12k_layer6_2,4,1.9254355757587174,Cr_O_04,"(0, 0, 0)"
4,group07,Cr,1,7,12k_layer6_2,6,1.9844559567789064,Cr_O_05,"(0, -1, 0)"
4,group07,Cr,1,7,12k_layer6_2,13,2.0983234544081824,Cr_O_10,"(1, 0, 0)"
4,group07,Cr,1,7,12k_layer6_2,19,2.0948275151705045,Cr_O_09,"(0, 0, 0)"
4,group07,Cr,1,7,12k_layer6_2,38,1.9254355763634945,Cr_O_04,"(0, 0, 0)"
4,group07,Cr,2,8,12k_layer6_1,3,2.0983234541175877,Cr_O_10,"(0, 0, 0)"
4,group07,Cr,2,8,12k_layer6_1,6,1.9844559569613607,Cr_O_05,"(0, 0, 0)"
4,group07,Cr,2,8,12k_layer6_1,19,2.0948276379027013,Cr_O_09,"(0, 0, 0)"
4,group07,Cr,2,8,12k_layer6_1,28,1.9254355756093047,Cr_O_04,"(0, 0, 0)"
4,group07,Cr,2,8,12k_layer6_1,36,2.0983234546414,Cr_O_10,"(1, 0, 0)"
4,group07,Cr,2,8,12k_layer6_1,38,1.925435563604001,Cr_O_04,"(0, 0, 0)"
4,group07,Ga,7,9,12k_layer14_2,8,2.098322979647595,Ga_O_10,"(0, 1, 0)"
4,group07,Ga,7,9,12k_layer14_2,9,1.9254359955309297,Ga_O_04,"(0, 0, 0)"
4,group07,Ga,7,9,12k_layer14_2,14,2.098322979397181,Ga_O_10,"(-1, 0, 0)"
4,group07,Ga,7,9,12k_layer14_2,15,2.094827260728784,Ga_O_09,"(0, 0, 0)"
4,group07,Ga,7,9,12k_layer14_2,20,1.9844560438241048,Ga_O_05,"(-1, 0, 0)"
4,group07,Ga,7,9,12k_layer14_2,27,1.9254359960714784,Ga_O_04,"(0, 0, 0)"
4,group07,Cr,3,10,2a_layer16,8,1.9948520249218649,Cr_O_07,"(1, 1, 0)"
4,group07,Cr,3,10,2a_layer16,14,1.9948520252426432,Cr_O_07,"(0, 0, 0)"
4,group07,Cr,3,10,2a_layer16,24,1.9948520249218644,Cr_O_07,"(0, 1, 0)"
4,group07,Cr,3,10,2a_layer16,29,1.9948516604791149,Cr_O_07,"(1, 0, 1)"
4,group07,Cr,3,10,2a_layer16,32,1.9948516599281325,Cr_O_07,"(0, 0, 1)"
4,group07,Cr,3,10,2a_layer16,34,1.994851660087002,Cr_O_07,"(1, 1, 1)"
4,group07,Ga,8,11,12k_layer10_3,1,1.9254359114790642,Ga_O_04,"(0, 0, 0)"
4,group07,Ga,8,11,12k_layer10_3,5,1.9254358990968665,Ga_O_04,"(0, 0, 0)"
4,group07,Ga,8,11,12k_layer10_3,11,2.0983230324375253,Ga_O_10,"(0, 1, 0)"
4,group07,Ga,8,11,12k_layer10_3,12,1.9844559575321832,Ga_O_05,"(0, 0, 0)"
4,group07,Ga,8,11,12k_layer10_3,17,2.094827636780971,Ga_O_09,"(0, 0, 0)"
4,group07,Ga,8,11,12k_layer10_3,22,2.0983230323180644,Ga_O_10,"(0, 0, 0)"
4,group07,Ga,9,12,12k_layer10_1,1,1.9254359117748707,Ga_O_04,"(0, 0, 0)"
4,group07,Ga,9,12,12k_layer10_1,11,2.0983230324093904,Ga_O_10,"(-1, 0, 0)"
4,group07,Ga,9,12,12k_layer10_1,12,1.9844559572212264,Ga_O_05,"(-1, -1, 0)"
4,group07,Ga,9,12,12k_layer10_1,17,2.0948275137753765,Ga_O_09,"(0, 0, 0)"
4,group07,Ga,9,12,12k_layer10_1,26,2.098323031885578,Ga_O_10,"(0, 0, 0)"
4,group07,Ga,9,12,12k_layer10_1,33,1.9254359117748707,Ga_O_04,"(0, 0, 0)"
4,group07,Ga,10,13,12k_layer2_1,7,1.9844559569613596,Ga_O_05,"(0, 0, 0)"
4,group07,Ga,10,13,12k_layer2_1,18,1.925435563604,Ga_O_04,"(0, 0, 0)"
4,group07,Ga,10,13,12k_layer2_1,21,1.9254355756093033,Ga_O_04,"(0, 0, 0)"
4,group07,Ga,10,13,12k_layer2_1,29,2.0983234546414016,Ga_O_10,"(1, 0, 0)"
4,group07,Ga,10,13,12k_layer2_1,31,2.0948276379027027,Ga_O_09,"(0, 0, 0)"
4,group07,Ga,10,13,12k_layer2_1,32,2.0983234541175895,Ga_O_10,"(0, 0, 0)"
4,group07,Ga,11,14,2b_layer12,10,1.8700732788205217,Ga_O_01,"(0, 1, 0)"
4,group07,Ga,11,14,2b_layer12,12,2.2779384420000004,Ga_O_11,"(0, 0, 0)"
4,group07,Ga,11,14,2b_layer12,20,2.2779384410000003,Ga_O_11,"(0, 0, 0)"
4,group07,Ga,11,14,2b_layer12,23,1.870073507451236,Ga_O_01,"(1, 1, 0)"
4,group07,Ga,11,14,2b_layer12,37,1.870073355,Ga_O_01,"(0, 0, 0)"
4,group07,Cr,4,15,2a_layer8,3,1.9948516601706343,Cr_O_07,"(0, 0, 0)"
4,group07,Cr,4,15,2a_layer8,11,1.9948520770594027,Cr_O_07,"(0, 1, 0)"
4,group07,Cr,4,15,2a_layer8,13,1.994851660329504,Cr_O_07,"(1, 1, 0)"
4,group07,Cr,4,15,2a_layer8,22,1.9948520773801812,Cr_O_07,"(0, 0, 0)"
4,group07,Cr,4,15,2a_layer8,26,1.9948520770594032,Cr_O_07,"(1, 1, 0)"
4,group07,Cr,4,15,2a_layer8,36,1.9948516607216167,Cr_O_07,"(1, 0, 0)"
4,group07,Ga,12,16,2b_layer4,2,1.8700732794118144,Ga_O_01,"(1, 0, 0)"
4,group07,Ga,12,16,2b_layer4,6,2.277938441000001,Ga_O_11,"(0, 0, 0)"
4,group07,Ga,12,16,2b_layer4,7,2.2779384420000004,Ga_O_11,"(0, 0, 0)"
4,group07,Ga,12,16,2b_layer4,16,1.8700735073000085,Ga_O_01,"(1, 1, 0)"
4,group07,Ga,12,16,2b_layer4,35,1.870073355795254,Ga_O_01,"(0, 0, 0)"
4,group07,Ga,13,17,4f1_layer9,11,1.9084361294606749,Ga_O_02,"(0, 0, 0)"
4,group07,Ga,13,17,4f1_layer9,19,1.9091270429999996,Ga_O_03,"(0, 0, 0)"
4,group07,Ga,13,17,4f1_layer9,22,1.9084362745505044,Ga_O_02,"(0, 0, 0)"
4,group07,Ga,13,17,4f1_layer9,26,1.9084361294606744,Ga_O_02,"(0, 0, 0)"
4,group07,Ga,14,18,4f2_layer11,1,1.9849917587865524,Ga_O_06,"(0, 0, 0)"
4,group07,Ga,14,18,4f2_layer11,5,1.9849916384047732,Ga_O_06,"(0, -1, 0)"
4,group07,Ga,14,18,4f2_layer11,10,2.0663776487443304,Ga_O_08,"(0, 0, 0)"
4,group07,Ga,14,18,4f2_layer11,23,2.0663774783167193,Ga_O_08,"(0, 0, 0)"
4,group07,Ga,14,18,4f2_layer11,33,1.9849917593946298,Ga_O_06,"(1, 0, 0)"
4,group07,Ga,14,18,4f2_layer11,37,2.0663777054221355,Ga_O_08,"(0, 0, 0)"
4,group07,Ga,15,19,4f2_layer3,2,2.0663771907209756,Ga_O_08,"(0, 0, 0)"
4,group07,Ga,15,19,4f2_layer3,16,2.066377020121716,Ga_O_08,"(0, 0, 0)"
4,group07,Ga,15,19,4f2_layer3,18,1.9849922964805824,Ga_O_06,"(-1, 0, 0)"
4,group07,Ga,15,19,4f2_layer3,21,1.9849924174878968,Ga_O_06,"(0, 0, 0)"
4,group07,Ga,15,19,4f2_layer3,25,1.9849924184808014,Ga_O_06,"(0, 1, 0)"
4,group07,Ga,15,19,4f2_layer3,35,2.066377246884635,Ga_O_08,"(0, 0, 0)"
4,group07,Ga,16,20,4f1_layer7,3,1.9084360732701862,Ga_O_02,"(0, 0, 0)"
4,group07,Ga,16,20,4f1_layer7,13,1.9084359271385227,Ga_O_02,"(0, 0, 0)"
4,group07,Ga,16,20,4f1_layer7,17,1.909127043000001,Ga_O_03,"(0, 0, 0)"
4,group07,Ga,16,20,4f1_layer7,36,1.9084359275969722,Ga_O_02,"(0, 0, 0)"
4,group07,Ga,17,21,4f2_layer5,2,2.0663771900543897,Ga_O_08,"(0, 0, 0)"
4,group07,Ga,17,21,4f2_layer5,4,1.9849924184808014,Ga_O_06,"(0, 1, 0)"
4,group07,Ga,17,21,4f2_layer5,16,2.0663770194551296,Ga_O_08,"(0, 0, 0)"
4,group07,Ga,17,21,4f2_layer5,28,1.9849924174878968,Ga_O_06,"(0, 0, 0)"
4,group07,Ga,17,21,4f2_layer5,35,2.0663772462180487,Ga_O_08,"(0, 0, 0)"
4,group07,Ga,17,21,4f2_layer5,38,1.9849922964805824,Ga_O_06,"(-1, 0, 0)"
4,group07,Ga,18,22,4f1_layer1,15,1.9091273005999965,Ga_O_03,"(0, 0, -1)"
4,group07,Ga,18,22,4f1_layer1,29,1.9084359275969722,Ga_O_02,"(0, 0, 0)"
4,group07,Ga,18,22,4f1_layer1,32,1.9084360732701862,Ga_O_02,"(0, 0, 0)"
4,group07,Ga,18,22,4f1_layer1,34,1.9084359271385227,Ga_O_02,"(0, 0, 0)"
4,group07,Ga,19,23,4f2_layer13,9,1.9849917593946296,Ga_O_06,"(1, 0, 0)"
4,group07,Ga,19,23,4f2_layer13,10,2.0663776487443317,Ga_O_08,"(0, 0, 0)"
4,group07,Ga,19,23,4f2_layer13,23,2.0663774783167206,Ga_O_08,"(0, 0, 0)"
4,group07,Ga,19,23,4f2_layer13,27,1.984991638404773,Ga_O_06,"(0, -1, 0)"
4,group07,Ga,19,23,4f2_layer13,30,1.984991758786552,Ga_O_06,"(0, 0, 0)"
4,group07,Ga,19,23,4f2_layer13,37,2.066377705422137,Ga_O_08,"(0, 0, 0)"
4,group07,Ga,20,24,4f1_layer15,8,1.9084361547650497,Ga_O_02,"(0, 0, 0)"
4,group07,Ga,20,24,4f1_layer15,14,1.9084362998548778,Ga_O_02,"(0, 0, 0)"
4,group07,Ga,20,24,4f1_layer15,24,1.9084361547650501,Ga_O_02,"(0, 0, 0)"
4,group07,Ga,20,24,4f1_layer15,31,1.9091268705999949,Ga_O_03,"(0, 0, 1)"
4,group08,Sr,1,,,2,2.958098043228469,Sr_O_02,"(0, -1, 0)"
4,group08,Sr,1,,,4,2.864579795118219,Sr_O_01,"(0, 0, 0)"
4,group08,Sr,1,,,16,2.9580979326637595,Sr_O_02,"(1, 0, 0)"
4,group08,Sr,1,,,18,2.8645798765734263,Sr_O_01,"(0, 0, 0)"
4,group08,Sr,1,,,21,2.864579884642825,Sr_O_01,"(0, 0, 0)"
4,group08,Sr,1,,,25,2.8645797959311503,Sr_O_01,"(0, 0, 0)"
4,group08,Sr,1,,,28,2.864579883829894,Sr_O_01,"(0, 0, 0)"
4,group08,Sr,1,,,35,2.95809800345424,Sr_O_02,"(0, -1, 0)"
4,group08,Sr,1,,,38,2.8645798757604948,Sr_O_01,"(0, 0, 0)"
4,group08,Sr,2,,,1,2.8645793251769454,Sr_O_01,"(0, 0, 0)"
4,group08,Sr,2,,,5,2.8645793169995204,Sr_O_01,"(0, 0, 0)"
4,group08,Sr,2,,,9,2.8645792364135385,Sr_O_01,"(0, 0, 0)"
4,group08,Sr,2,,,10,2.9580980427214705,Sr_O_02,"(-1, 0, 0)"
4,group08,Sr,2,,,23,2.95809793284463,Sr_O_02,"(0, 1, 0)"
4,group08,Sr,2,,,27,2.8645793169995213,Sr_O_01,"(0, 0, 0)"
4,group08,Sr,2,,,30,2.8645793251769462,Sr_O_01,"(0, 0, 0)"
4,group08,Sr,2,,,33,2.864579236413537,Sr_O_01,"(0, 0, 0)"
4,group08,Sr,2,,,37,2.9580980035278155,Sr_O_02,"(-1, 0, 0)"
4,group08,Ga,1,1,12k_layer6_3,4,1.9254355757587174,Ga_O_04,"(0, 0, 0)"
4,group08,Ga,1,1,12k_layer6_3,6,1.9844559567789057,Ga_O_05,"(-1, -1, 0)"
4,group08,Ga,1,1,12k_layer6_3,13,2.0983234538406146,Ga_O_10,"(0, 0, 0)"
4,group08,Ga,1,1,12k_layer6_3,19,2.094827515170505,Ga_O_09,"(0, 0, 0)"
4,group08,Ga,1,1,12k_layer6_3,28,1.925435576196381,Ga_O_04,"(0, 0, 0)"
4,group08,Ga,1,1,12k_layer6_3,36,2.0983234538272053,Ga_O_10,"(0, -1, 0)"
4,group08,Cr,1,2,12k_layer2_3,7,1.9844559567789046,Cr_O_05,"(-1, -1, 0)"
4,group08,Cr,1,2,12k_layer2_3,21,1.9254355761963797,Cr_O_04,"(0, 0, 0)"
4,group08,Cr,1,2,12k_layer2_3,25,1.9254355757587163,Cr_O_04,"(0, 0, 0)"
4,group08,Cr,1,2,12k_layer2_3,29,2.098323453827207,Cr_O_10,"(0, -1, 0)"
4,group08,Cr,1,2,12k_layer2_3,31,2.0948275151705062,Cr_O_09,"(0, 0, 0)"
4,group08,Cr,1,2,12k_layer2_3,34,2.0983234538406164,Cr_O_10,"(0, 0, 0)"
4,group08,Ga,2,3,12k_layer14_1,8,2.0983229791065865,Ga_O_10,"(0, 0, 0)"
4,group08,Ga,2,3,12k_layer14_1,9,1.9254359958162917,Ga_O_04,"(0, 0, 0)"
4,group08,Ga,2,3,12k_layer14_1,15,2.094827260093365,Ga_O_09,"(0, 0, 0)"
4,group08,Ga,2,3,12k_layer14_1,20,1.9844560436631808,Ga_O_05,"(-1, -1, 0)"
4,group08,Ga,2,3,12k_layer14_1,24,2.0983229796303986,Ga_O_10,"(-1, 0, 0)"
4,group08,Ga,2,3,12k_layer14_1,30,1.9254359958162914,Ga_O_04,"(0, 0, 0)"
4,group08,Ga,3,4,12k_layer2_2,7,1.984455956778905,Ga_O_05,"(0, -1, 0)"
4,group08,Ga,3,4,12k_layer2_2,18,1.9254355763634932,Ga_O_04,"(0, 0, 0)"
4,group08,Ga,3,4,12k_layer2_2,25,1.925435575758716,Ga_O_04,"(0, 0, 0)"
4,group08,Ga,3,4,12k_layer2_2,31,2.094827515170506,Ga_O_09,"(0, 0, 0)"
4,group08,Ga,3,4,12k_layer2_2,32,2.0983234538709623,Ga_O_10,"(0, -1, 0)"
4,group08,Ga,3,4,12k_layer2_2,34,2.098323454408184,Ga_O_10,"(1, 0, 0)"
4,group08,Ga,4,5,12k_layer14_3,14,2.098322979539073,Ga_O_10,"(0, 0, 0)"
4,group08,Ga,4,5,12k_layer14_3,15,2.094827383098975,Ga_O_09,"(0, 0, 0)"
4,group08,Ga,4,5,12k_layer14_3,20,1.9844560439741377,Ga_O_05,"(0, 0, 0)"
4,group08,Ga,4,5,12k_layer14_3,24,2.098322979658534,Ga_O_10,"(0, 1, 0)"
4,group08,Ga,4,5,12k_layer14_3,27,1.925435983138288,Ga_O_04,"(0, 0, 0)"
4,group08,Ga,4,5,12k_layer14_3,30,1.9254359955204852,Ga_O_04,"(0, 0, 0)"
4,group08,Ga,5,6,12k_layer10_2,5,1.9254359120300575,Ga_O_04,"(0, 0, 0)"
4,group08,Ga,5,6,12k_layer10_2,12,1.98445595738215,Ga_O_05,"(-1, 0, 0)"
4,group08,Ga,5,6,12k_layer10_2,17,2.094827514410795,Ga_O_09,"(0, 0, 0)"
4,group08,Ga,5,6,12k_layer10_2,22,2.0983230321761726,Ga_O_10,"(-1, 0, 0)"
4,group08,Ga,5,6,12k_layer10_2,26,2.0983230324265865,Ga_O_10,"(0, 1, 0)"
4,group08,Ga,5,6,12k_layer10_2,33,1.9254359114895088,Ga_O_04,"(0, 0, 0)"
4,group08,Ga,6,7,12k_layer6_2,3,2.0983234538709605,Ga_O_10,"(0, -1, 0)"
4,group08,Ga,6,7,12k_layer6_2,4,1.9254355757587174,Ga_O_04,"(0, 0, 0)"
4,group08,Ga,6,7,12k_layer6_2,6,1.9844559567789064,Ga_O_05,"(0, -1, 0)"
4,group08,Ga,6,7,12k_layer6_2,13,2.0983234544081824,Ga_O_10,"(1, 0, 0)"
4,group08,Ga,6,7,12k_layer6_2,19,2.0948275151705045,Ga_O_09,"(0, 0, 0)"
4,group08,Ga,6,7,12k_layer6_2,38,1.9254355763634945,Ga_O_04,"(0, 0, 0)"
4,group08,Ga,7,8,12k_layer6_1,3,2.0983234541175877,Ga_O_10,"(0, 0, 0)"
4,group08,Ga,7,8,12k_layer6_1,6,1.9844559569613607,Ga_O_05,"(0, 0, 0)"
4,group08,Ga,7,8,12k_layer6_1,19,2.0948276379027013,Ga_O_09,"(0, 0, 0)"
4,group08,Ga,7,8,12k_layer6_1,28,1.9254355756093047,Ga_O_04,"(0, 0, 0)"
4,group08,Ga,7,8,12k_layer6_1,36,2.0983234546414,Ga_O_10,"(1, 0, 0)"
4,group08,Ga,7,8,12k_layer6_1,38,1.925435563604001,Ga_O_04,"(0, 0, 0)"
4,group08,Ga,8,9,12k_layer14_2,8,2.098322979647595,Ga_O_10,"(0, 1, 0)"
4,group08,Ga,8,9,12k_layer14_2,9,1.9254359955309297,Ga_O_04,"(0, 0, 0)"
4,group08,Ga,8,9,12k_layer14_2,14,2.098322979397181,Ga_O_10,"(-1, 0, 0)"
4,group08,Ga,8,9,12k_layer14_2,15,2.094827260728784,Ga_O_09,"(0, 0, 0)"
4,group08,Ga,8,9,12k_layer14_2,20,1.9844560438241048,Ga_O_05,"(-1, 0, 0)"
4,group08,Ga,8,9,12k_layer14_2,27,1.9254359960714784,Ga_O_04,"(0, 0, 0)"
4,group08,Cr,2,10,2a_layer16,8,1.9948520249218649,Cr_O_07,"(1, 1, 0)"
4,group08,Cr,2,10,2a_layer16,14,1.9948520252426432,Cr_O_07,"(0, 0, 0)"
4,group08,Cr,2,10,2a_layer16,24,1.9948520249218644,Cr_O_07,"(0, 1, 0)"
4,group08,Cr,2,10,2a_layer16,29,1.9948516604791149,Cr_O_07,"(1, 0, 1)"
4,group08,Cr,2,10,2a_layer16,32,1.9948516599281325,Cr_O_07,"(0, 0, 1)"
4,group08,Cr,2,10,2a_layer16,34,1.994851660087002,Cr_O_07,"(1, 1, 1)"
4,group08,Ga,9,11,12k_layer10_3,1,1.9254359114790642,Ga_O_04,"(0, 0, 0)"
4,group08,Ga,9,11,12k_layer10_3,5,1.9254358990968665,Ga_O_04,"(0, 0, 0)"
4,group08,Ga,9,11,12k_layer10_3,11,2.0983230324375253,Ga_O_10,"(0, 1, 0)"
4,group08,Ga,9,11,12k_layer10_3,12,1.9844559575321832,Ga_O_05,"(0, 0, 0)"
4,group08,Ga,9,11,12k_layer10_3,17,2.094827636780971,Ga_O_09,"(0, 0, 0)"
4,group08,Ga,9,11,12k_layer10_3,22,2.0983230323180644,Ga_O_10,"(0, 0, 0)"
4,group08,Cr,3,12,12k_layer10_1,1,1.9254359117748707,Cr_O_04,"(0, 0, 0)"
4,group08,Cr,3,12,12k_layer10_1,11,2.0983230324093904,Cr_O_10,"(-1, 0, 0)"
4,group08,Cr,3,12,12k_layer10_1,12,1.9844559572212264,Cr_O_05,"(-1, -1, 0)"
4,group08,Cr,3,12,12k_layer10_1,17,2.0948275137753765,Cr_O_09,"(0, 0, 0)"
4,group08,Cr,3,12,12k_layer10_1,26,2.098323031885578,Cr_O_10,"(0, 0, 0)"
4,group08,Cr,3,12,12k_layer10_1,33,1.9254359117748707,Cr_O_04,"(0, 0, 0)"
4,group08,Ga,10,13,12k_layer2_1,7,1.9844559569613596,Ga_O_05,"(0, 0, 0)"
4,group08,Ga,10,13,12k_layer2_1,18,1.925435563604,Ga_O_04,"(0, 0, 0)"
4,group08,Ga,10,13,12k_layer2_1,21,1.9254355756093033,Ga_O_04,"(0, 0, 0)"
4,group08,Ga,10,13,12k_layer2_1,29,2.0983234546414016,Ga_O_10,"(1, 0, 0)"
4,group08,Ga,10,13,12k_layer2_1,31,2.0948276379027027,Ga_O_09,"(0, 0, 0)"
4,group08,Ga,10,13,12k_layer2_1,32,2.0983234541175895,Ga_O_10,"(0, 0, 0)"
4,group08,Ga,11,14,2b_layer12,10,1.8700732788205217,Ga_O_01,"(0, 1, 0)"
4,group08,Ga,11,14,2b_layer12,12,2.2779384420000004,Ga_O_11,"(0, 0, 0)"
4,group08,Ga,11,14,2b_layer12,20,2.2779384410000003,Ga_O_11,"(0, 0, 0)"
4,group08,Ga,11,14,2b_layer12,23,1.870073507451236,Ga_O_01,"(1, 1, 0)"
4,group08,Ga,11,14,2b_layer12,37,1.870073355,Ga_O_01,"(0, 0, 0)"
4,group08,Cr,4,15,2a_layer8,3,1.9948516601706343,Cr_O_07,"(0, 0, 0)"
4,group08,Cr,4,15,2a_layer8,11,1.9948520770594027,Cr_O_07,"(0, 1, 0)"
4,group08,Cr,4,15,2a_layer8,13,1.994851660329504,Cr_O_07,"(1, 1, 0)"
4,group08,Cr,4,15,2a_layer8,22,1.9948520773801812,Cr_O_07,"(0, 0, 0)"
4,group08,Cr,4,15,2a_layer8,26,1.9948520770594032,Cr_O_07,"(1, 1, 0)"
4,group08,Cr,4,15,2a_layer8,36,1.9948516607216167,Cr_O_07,"(1, 0, 0)"
4,group08,Ga,12,16,2b_layer4,2,1.8700732794118144,Ga_O_01,"(1, 0, 0)"
4,group08,Ga,12,16,2b_layer4,6,2.277938441000001,Ga_O_11,"(0, 0, 0)"
4,group08,Ga,12,16,2b_layer4,7,2.2779384420000004,Ga_O_11,"(0, 0, 0)"
4,group08,Ga,12,16,2b_layer4,16,1.8700735073000085,Ga_O_01,"(1, 1, 0)"
4,group08,Ga,12,16,2b_layer4,35,1.870073355795254,Ga_O_01,"(0, 0, 0)"
4,group08,Ga,13,17,4f1_layer9,11,1.9084361294606749,Ga_O_02,"(0, 0, 0)"
4,group08,Ga,13,17,4f1_layer9,19,1.9091270429999996,Ga_O_03,"(0, 0, 0)"
4,group08,Ga,13,17,4f1_layer9,22,1.9084362745505044,Ga_O_02,"(0, 0, 0)"
4,group08,Ga,13,17,4f1_layer9,26,1.9084361294606744,Ga_O_02,"(0, 0, 0)"
4,group08,Ga,14,18,4f2_layer11,1,1.9849917587865524,Ga_O_06,"(0, 0, 0)"
4,group08,Ga,14,18,4f2_layer11,5,1.9849916384047732,Ga_O_06,"(0, -1, 0)"
4,group08,Ga,14,18,4f2_layer11,10,2.0663776487443304,Ga_O_08,"(0, 0, 0)"
4,group08,Ga,14,18,4f2_layer11,23,2.0663774783167193,Ga_O_08,"(0, 0, 0)"
4,group08,Ga,14,18,4f2_layer11,33,1.9849917593946298,Ga_O_06,"(1, 0, 0)"
4,group08,Ga,14,18,4f2_layer11,37,2.0663777054221355,Ga_O_08,"(0, 0, 0)"
4,group08,Ga,15,19,4f2_layer3,2,2.0663771907209756,Ga_O_08,"(0, 0, 0)"
4,group08,Ga,15,19,4f2_layer3,16,2.066377020121716,Ga_O_08,"(0, 0, 0)"
4,group08,Ga,15,19,4f2_layer3,18,1.9849922964805824,Ga_O_06,"(-1, 0, 0)"
4,group08,Ga,15,19,4f2_layer3,21,1.9849924174878968,Ga_O_06,"(0, 0, 0)"
4,group08,Ga,15,19,4f2_layer3,25,1.9849924184808014,Ga_O_06,"(0, 1, 0)"
4,group08,Ga,15,19,4f2_layer3,35,2.066377246884635,Ga_O_08,"(0, 0, 0)"
4,group08,Ga,16,20,4f1_layer7,3,1.9084360732701862,Ga_O_02,"(0, 0, 0)"
4,group08,Ga,16,20,4f1_layer7,13,1.9084359271385227,Ga_O_02,"(0, 0, 0)"
4,group08,Ga,16,20,4f1_layer7,17,1.909127043000001,Ga_O_03,"(0, 0, 0)"
4,group08,Ga,16,20,4f1_layer7,36,1.9084359275969722,Ga_O_02,"(0, 0, 0)"
4,group08,Ga,17,21,4f2_layer5,2,2.0663771900543897,Ga_O_08,"(0, 0, 0)"
4,group08,Ga,17,21,4f2_layer5,4,1.9849924184808014,Ga_O_06,"(0, 1, 0)"
4,group08,Ga,17,21,4f2_layer5,16,2.0663770194551296,Ga_O_08,"(0, 0, 0)"
4,group08,Ga,17,21,4f2_layer5,28,1.9849924174878968,Ga_O_06,"(0, 0, 0)"
4,group08,Ga,17,21,4f2_layer5,35,2.0663772462180487,Ga_O_08,"(0, 0, 0)"
4,group08,Ga,17,21,4f2_layer5,38,1.9849922964805824,Ga_O_06,"(-1, 0, 0)"
4,group08,Ga,18,22,4f1_layer1,15,1.9091273005999965,Ga_O_03,"(0, 0, -1)"
4,group08,Ga,18,22,4f1_layer1,29,1.9084359275969722,Ga_O_02,"(0, 0, 0)"
4,group08,Ga,18,22,4f1_layer1,32,1.9084360732701862,Ga_O_02,"(0, 0, 0)"
4,group08,Ga,18,22,4f1_layer1,34,1.9084359271385227,Ga_O_02,"(0, 0, 0)"
4,group08,Ga,19,23,4f2_layer13,9,1.9849917593946296,Ga_O_06,"(1, 0, 0)"
4,group08,Ga,19,23,4f2_layer13,10,2.0663776487443317,Ga_O_08,"(0, 0, 0)"
4,group08,Ga,19,23,4f2_layer13,23,2.0663774783167206,Ga_O_08,"(0, 0, 0)"
4,group08,Ga,19,23,4f2_layer13,27,1.984991638404773,Ga_O_06,"(0, -1, 0)"
4,group08,Ga,19,23,4f2_layer13,30,1.984991758786552,Ga_O_06,"(0, 0, 0)"
4,group08,Ga,19,23,4f2_layer13,37,2.066377705422137,Ga_O_08,"(0, 0, 0)"
4,group08,Ga,20,24,4f1_layer15,8,1.9084361547650497,Ga_O_02,"(0, 0, 0)"
4,group08,Ga,20,24,4f1_layer15,14,1.9084362998548778,Ga_O_02,"(0, 0, 0)"
4,group08,Ga,20,24,4f1_layer15,24,1.9084361547650501,Ga_O_02,"(0, 0, 0)"
4,group08,Ga,20,24,4f1_layer15,31,1.9091268705999949,Ga_O_03,"(0, 0, 1)"
4,group09_case1,Sr,1,,,2,2.958098043228469,Sr_O_02,"(0, -1, 0)"
4,group09_case1,Sr,1,,,4,2.864579795118219,Sr_O_01,"(0, 0, 0)"
4,group09_case1,Sr,1,,,16,2.9580979326637595,Sr_O_02,"(1, 0, 0)"
4,group09_case1,Sr,1,,,18,2.8645798765734263,Sr_O_01,"(0, 0, 0)"
4,group09_case1,Sr,1,,,21,2.864579884642825,Sr_O_01,"(0, 0, 0)"
4,group09_case1,Sr,1,,,25,2.8645797959311503,Sr_O_01,"(0, 0, 0)"
4,group09_case1,Sr,1,,,28,2.864579883829894,Sr_O_01,"(0, 0, 0)"
4,group09_case1,Sr,1,,,35,2.95809800345424,Sr_O_02,"(0, -1, 0)"
4,group09_case1,Sr,1,,,38,2.8645798757604948,Sr_O_01,"(0, 0, 0)"
4,group09_case1,Sr,2,,,1,2.8645793251769454,Sr_O_01,"(0, 0, 0)"
4,group09_case1,Sr,2,,,5,2.8645793169995204,Sr_O_01,"(0, 0, 0)"
4,group09_case1,Sr,2,,,9,2.8645792364135385,Sr_O_01,"(0, 0, 0)"
4,group09_case1,Sr,2,,,10,2.9580980427214705,Sr_O_02,"(-1, 0, 0)"
4,group09_case1,Sr,2,,,23,2.95809793284463,Sr_O_02,"(0, 1, 0)"
4,group09_case1,Sr,2,,,27,2.8645793169995213,Sr_O_01,"(0, 0, 0)"
4,group09_case1,Sr,2,,,30,2.8645793251769462,Sr_O_01,"(0, 0, 0)"
4,group09_case1,Sr,2,,,33,2.864579236413537,Sr_O_01,"(0, 0, 0)"
4,group09_case1,Sr,2,,,37,2.9580980035278155,Sr_O_02,"(-1, 0, 0)"
4,group09_case1,Ga,1,1,12k_layer6_3,4,1.9254355757587174,Ga_O_04,"(0, 0, 0)"
4,group09_case1,Ga,1,1,12k_layer6_3,6,1.9844559567789057,Ga_O_05,"(-1, -1, 0)"
4,group09_case1,Ga,1,1,12k_layer6_3,13,2.0983234538406146,Ga_O_10,"(0, 0, 0)"
4,group09_case1,Ga,1,1,12k_layer6_3,19,2.094827515170505,Ga_O_09,"(0, 0, 0)"
4,group09_case1,Ga,1,1,12k_layer6_3,28,1.925435576196381,Ga_O_04,"(0, 0, 0)"
4,group09_case1,Ga,1,1,12k_layer6_3,36,2.0983234538272053,Ga_O_10,"(0, -1, 0)"
4,group09_case1,Ga,2,2,12k_layer2_3,7,1.9844559567789046,Ga_O_05,"(-1, -1, 0)"
4,group09_case1,Ga,2,2,12k_layer2_3,21,1.9254355761963797,Ga_O_04,"(0, 0, 0)"
4,group09_case1,Ga,2,2,12k_layer2_3,25,1.9254355757587163,Ga_O_04,"(0, 0, 0)"
4,group09_case1,Ga,2,2,12k_layer2_3,29,2.098323453827207,Ga_O_10,"(0, -1, 0)"
4,group09_case1,Ga,2,2,12k_layer2_3,31,2.0948275151705062,Ga_O_09,"(0, 0, 0)"
4,group09_case1,Ga,2,2,12k_layer2_3,34,2.0983234538406164,Ga_O_10,"(0, 0, 0)"
4,group09_case1,Ga,3,3,12k_layer14_1,8,2.0983229791065865,Ga_O_10,"(0, 0, 0)"
4,group09_case1,Ga,3,3,12k_layer14_1,9,1.9254359958162917,Ga_O_04,"(0, 0, 0)"
4,group09_case1,Ga,3,3,12k_layer14_1,15,2.094827260093365,Ga_O_09,"(0, 0, 0)"
4,group09_case1,Ga,3,3,12k_layer14_1,20,1.9844560436631808,Ga_O_05,"(-1, -1, 0)"
4,group09_case1,Ga,3,3,12k_layer14_1,24,2.0983229796303986,Ga_O_10,"(-1, 0, 0)"
4,group09_case1,Ga,3,3,12k_layer14_1,30,1.9254359958162914,Ga_O_04,"(0, 0, 0)"
4,group09_case1,Ga,4,4,12k_layer2_2,7,1.984455956778905,Ga_O_05,"(0, -1, 0)"
4,group09_case1,Ga,4,4,12k_layer2_2,18,1.9254355763634932,Ga_O_04,"(0, 0, 0)"
4,group09_case1,Ga,4,4,12k_layer2_2,25,1.925435575758716,Ga_O_04,"(0, 0, 0)"
4,group09_case1,Ga,4,4,12k_layer2_2,31,2.094827515170506,Ga_O_09,"(0, 0, 0)"
4,group09_case1,Ga,4,4,12k_layer2_2,32,2.0983234538709623,Ga_O_10,"(0, -1, 0)"
4,group09_case1,Ga,4,4,12k_layer2_2,34,2.098323454408184,Ga_O_10,"(1, 0, 0)"
4,group09_case1,Ga,5,5,12k_layer14_3,14,2.098322979539073,Ga_O_10,"(0, 0, 0)"
4,group09_case1,Ga,5,5,12k_layer14_3,15,2.094827383098975,Ga_O_09,"(0, 0, 0)"
4,group09_case1,Ga,5,5,12k_layer14_3,20,1.9844560439741377,Ga_O_05,"(0, 0, 0)"
4,group09_case1,Ga,5,5,12k_layer14_3,24,2.098322979658534,Ga_O_10,"(0, 1, 0)"
4,group09_case1,Ga,5,5,12k_layer14_3,27,1.925435983138288,Ga_O_04,"(0, 0, 0)"
4,group09_case1,Ga,5,5,12k_layer14_3,30,1.9254359955204852,Ga_O_04,"(0, 0, 0)"
4,group09_case1,Ga,6,6,12k_layer10_2,5,1.9254359120300575,Ga_O_04,"(0, 0, 0)"
4,group09_case1,Ga,6,6,12k_layer10_2,12,1.98445595738215,Ga_O_05,"(-1, 0, 0)"
4,group09_case1,Ga,6,6,12k_layer10_2,17,2.094827514410795,Ga_O_09,"(0, 0, 0)"
4,group09_case1,Ga,6,6,12k_layer10_2,22,2.0983230321761726,Ga_O_10,"(-1, 0, 0)"
4,group09_case1,Ga,6,6,12k_layer10_2,26,2.0983230324265865,Ga_O_10,"(0, 1, 0)"
4,group09_case1,Ga,6,6,12k_layer10_2,33,1.9254359114895088,Ga_O_04,"(0, 0, 0)"
4,group09_case1,Cr,1,7,12k_layer6_2,3,2.0983234538709605,Cr_O_10,"(0, -1, 0)"
4,group09_case1,Cr,1,7,12k_layer6_2,4,1.9254355757587174,Cr_O_04,"(0, 0, 0)"
4,group09_case1,Cr,1,7,12k_layer6_2,6,1.9844559567789064,Cr_O_05,"(0, -1, 0)"
4,group09_case1,Cr,1,7,12k_layer6_2,13,2.0983234544081824,Cr_O_10,"(1, 0, 0)"
4,group09_case1,Cr,1,7,12k_layer6_2,19,2.0948275151705045,Cr_O_09,"(0, 0, 0)"
4,group09_case1,Cr,1,7,12k_layer6_2,38,1.9254355763634945,Cr_O_04,"(0, 0, 0)"
4,group09_case1,Ga,7,8,12k_layer6_1,3,2.0983234541175877,Ga_O_10,"(0, 0, 0)"
4,group09_case1,Ga,7,8,12k_layer6_1,6,1.9844559569613607,Ga_O_05,"(0, 0, 0)"
4,group09_case1,Ga,7,8,12k_layer6_1,19,2.0948276379027013,Ga_O_09,"(0, 0, 0)"
4,group09_case1,Ga,7,8,12k_layer6_1,28,1.9254355756093047,Ga_O_04,"(0, 0, 0)"
4,group09_case1,Ga,7,8,12k_layer6_1,36,2.0983234546414,Ga_O_10,"(1, 0, 0)"
4,group09_case1,Ga,7,8,12k_layer6_1,38,1.925435563604001,Ga_O_04,"(0, 0, 0)"
4,group09_case1,Ga,8,9,12k_layer14_2,8,2.098322979647595,Ga_O_10,"(0, 1, 0)"
4,group09_case1,Ga,8,9,12k_layer14_2,9,1.9254359955309297,Ga_O_04,"(0, 0, 0)"
4,group09_case1,Ga,8,9,12k_layer14_2,14,2.098322979397181,Ga_O_10,"(-1, 0, 0)"
4,group09_case1,Ga,8,9,12k_layer14_2,15,2.094827260728784,Ga_O_09,"(0, 0, 0)"
4,group09_case1,Ga,8,9,12k_layer14_2,20,1.9844560438241048,Ga_O_05,"(-1, 0, 0)"
4,group09_case1,Ga,8,9,12k_layer14_2,27,1.9254359960714784,Ga_O_04,"(0, 0, 0)"
4,group09_case1,Cr,2,10,2a_layer16,8,1.9948520249218649,Cr_O_07,"(1, 1, 0)"
4,group09_case1,Cr,2,10,2a_layer16,14,1.9948520252426432,Cr_O_07,"(0, 0, 0)"
4,group09_case1,Cr,2,10,2a_layer16,24,1.9948520249218644,Cr_O_07,"(0, 1, 0)"
4,group09_case1,Cr,2,10,2a_layer16,29,1.9948516604791149,Cr_O_07,"(1, 0, 1)"
4,group09_case1,Cr,2,10,2a_layer16,32,1.9948516599281325,Cr_O_07,"(0, 0, 1)"
4,group09_case1,Cr,2,10,2a_layer16,34,1.994851660087002,Cr_O_07,"(1, 1, 1)"
4,group09_case1,Ga,9,11,12k_layer10_3,1,1.9254359114790642,Ga_O_04,"(0, 0, 0)"
4,group09_case1,Ga,9,11,12k_layer10_3,5,1.9254358990968665,Ga_O_04,"(0, 0, 0)"
4,group09_case1,Ga,9,11,12k_layer10_3,11,2.0983230324375253,Ga_O_10,"(0, 1, 0)"
4,group09_case1,Ga,9,11,12k_layer10_3,12,1.9844559575321832,Ga_O_05,"(0, 0, 0)"
4,group09_case1,Ga,9,11,12k_layer10_3,17,2.094827636780971,Ga_O_09,"(0, 0, 0)"
4,group09_case1,Ga,9,11,12k_layer10_3,22,2.0983230323180644,Ga_O_10,"(0, 0, 0)"
4,group09_case1,Ga,10,12,12k_layer10_1,1,1.9254359117748707,Ga_O_04,"(0, 0, 0)"
4,group09_case1,Ga,10,12,12k_layer10_1,11,2.0983230324093904,Ga_O_10,"(-1, 0, 0)"
4,group09_case1,Ga,10,12,12k_layer10_1,12,1.9844559572212264,Ga_O_05,"(-1, -1, 0)"
4,group09_case1,Ga,10,12,12k_layer10_1,17,2.0948275137753765,Ga_O_09,"(0, 0, 0)"
4,group09_case1,Ga,10,12,12k_layer10_1,26,2.098323031885578,Ga_O_10,"(0, 0, 0)"
4,group09_case1,Ga,10,12,12k_layer10_1,33,1.9254359117748707,Ga_O_04,"(0, 0, 0)"
4,group09_case1,Ga,11,13,12k_layer2_1,7,1.9844559569613596,Ga_O_05,"(0, 0, 0)"
4,group09_case1,Ga,11,13,12k_layer2_1,18,1.925435563604,Ga_O_04,"(0, 0, 0)"
4,group09_case1,Ga,11,13,12k_layer2_1,21,1.9254355756093033,Ga_O_04,"(0, 0, 0)"
4,group09_case1,Ga,11,13,12k_layer2_1,29,2.0983234546414016,Ga_O_10,"(1, 0, 0)"
4,group09_case1,Ga,11,13,12k_layer2_1,31,2.0948276379027027,Ga_O_09,"(0, 0, 0)"
4,group09_case1,Ga,11,13,12k_layer2_1,32,2.0983234541175895,Ga_O_10,"(0, 0, 0)"
4,group09_case1,Ga,12,14,2b_layer12,10,1.8700732788205217,Ga_O_01,"(0, 1, 0)"
4,group09_case1,Ga,12,14,2b_layer12,12,2.2779384420000004,Ga_O_11,"(0, 0, 0)"
4,group09_case1,Ga,12,14,2b_layer12,20,2.2779384410000003,Ga_O_11,"(0, 0, 0)"
4,group09_case1,Ga,12,14,2b_layer12,23,1.870073507451236,Ga_O_01,"(1, 1, 0)"
4,group09_case1,Ga,12,14,2b_layer12,37,1.870073355,Ga_O_01,"(0, 0, 0)"
4,group09_case1,Cr,3,15,2a_layer8,3,1.9948516601706343,Cr_O_07,"(0, 0, 0)"
4,group09_case1,Cr,3,15,2a_layer8,11,1.9948520770594027,Cr_O_07,"(0, 1, 0)"
4,group09_case1,Cr,3,15,2a_layer8,13,1.994851660329504,Cr_O_07,"(1, 1, 0)"
4,group09_case1,Cr,3,15,2a_layer8,22,1.9948520773801812,Cr_O_07,"(0, 0, 0)"
4,group09_case1,Cr,3,15,2a_layer8,26,1.9948520770594032,Cr_O_07,"(1, 1, 0)"
4,group09_case1,Cr,3,15,2a_layer8,36,1.9948516607216167,Cr_O_07,"(1, 0, 0)"
4,group09_case1,Ga,13,16,2b_layer4,2,1.8700732794118144,Ga_O_01,"(1, 0, 0)"
4,group09_case1,Ga,13,16,2b_layer4,6,2.277938441000001,Ga_O_11,"(0, 0, 0)"
4,group09_case1,Ga,13,16,2b_layer4,7,2.2779384420000004,Ga_O_11,"(0, 0, 0)"
4,group09_case1,Ga,13,16,2b_layer4,16,1.8700735073000085,Ga_O_01,"(1, 1, 0)"
4,group09_case1,Ga,13,16,2b_layer4,35,1.870073355795254,Ga_O_01,"(0, 0, 0)"
4,group09_case1,Ga,14,17,4f1_layer9,11,1.9084361294606749,Ga_O_02,"(0, 0, 0)"
4,group09_case1,Ga,14,17,4f1_layer9,19,1.9091270429999996,Ga_O_03,"(0, 0, 0)"
4,group09_case1,Ga,14,17,4f1_layer9,22,1.9084362745505044,Ga_O_02,"(0, 0, 0)"
4,group09_case1,Ga,14,17,4f1_layer9,26,1.9084361294606744,Ga_O_02,"(0, 0, 0)"
4,group09_case1,Ga,15,18,4f2_layer11,1,1.9849917587865524,Ga_O_06,"(0, 0, 0)"
4,group09_case1,Ga,15,18,4f2_layer11,5,1.9849916384047732,Ga_O_06,"(0, -1, 0)"
4,group09_case1,Ga,15,18,4f2_layer11,10,2.0663776487443304,Ga_O_08,"(0, 0, 0)"
4,group09_case1,Ga,15,18,4f2_layer11,23,2.0663774783167193,Ga_O_08,"(0, 0, 0)"
4,group09_case1,Ga,15,18,4f2_layer11,33,1.9849917593946298,Ga_O_06,"(1, 0, 0)"
4,group09_case1,Ga,15,18,4f2_layer11,37,2.0663777054221355,Ga_O_08,"(0, 0, 0)"
4,group09_case1,Ga,16,19,4f2_layer3,2,2.0663771907209756,Ga_O_08,"(0, 0, 0)"
4,group09_case1,Ga,16,19,4f2_layer3,16,2.066377020121716,Ga_O_08,"(0, 0, 0)"
4,group09_case1,Ga,16,19,4f2_layer3,18,1.9849922964805824,Ga_O_06,"(-1, 0, 0)"
4,group09_case1,Ga,16,19,4f2_layer3,21,1.9849924174878968,Ga_O_06,"(0, 0, 0)"
4,group09_case1,Ga,16,19,4f2_layer3,25,1.9849924184808014,Ga_O_06,"(0, 1, 0)"
4,group09_case1,Ga,16,19,4f2_layer3,35,2.066377246884635,Ga_O_08,"(0, 0, 0)"
4,group09_case1,Ga,17,20,4f1_layer7,3,1.9084360732701862,Ga_O_02,"(0, 0, 0)"
4,group09_case1,Ga,17,20,4f1_layer7,13,1.9084359271385227,Ga_O_02,"(0, 0, 0)"
4,group09_case1,Ga,17,20,4f1_layer7,17,1.909127043000001,Ga_O_03,"(0, 0, 0)"
4,group09_case1,Ga,17,20,4f1_layer7,36,1.9084359275969722,Ga_O_02,"(0, 0, 0)"
4,group09_case1,Ga,18,21,4f2_layer5,2,2.0663771900543897,Ga_O_08,"(0, 0, 0)"
4,group09_case1,Ga,18,21,4f2_layer5,4,1.9849924184808014,Ga_O_06,"(0, 1, 0)"
4,group09_case1,Ga,18,21,4f2_layer5,16,2.0663770194551296,Ga_O_08,"(0, 0, 0)"
4,group09_case1,Ga,18,21,4f2_layer5,28,1.9849924174878968,Ga_O_06,"(0, 0, 0)"
4,group09_case1,Ga,18,21,4f2_layer5,35,2.0663772462180487,Ga_O_08,"(0, 0, 0)"
4,group09_case1,Ga,18,21,4f2_layer5,38,1.9849922964805824,Ga_O_06,"(-1, 0, 0)"
4,group09_case1,Ga,19,22,4f1_layer1,15,1.9091273005999965,Ga_O_03,"(0, 0, -1)"
4,group09_case1,Ga,19,22,4f1_layer1,29,1.9084359275969722,Ga_O_02,"(0, 0, 0)"
4,group09_case1,Ga,19,22,4f1_layer1,32,1.9084360732701862,Ga_O_02,"(0, 0, 0)"
4,group09_case1,Ga,19,22,4f1_layer1,34,1.9084359271385227,Ga_O_02,"(0, 0, 0)"
4,group09_case1,Cr,4,23,4f2_layer13,9,1.9849917593946296,Cr_O_06,"(1, 0, 0)"
4,group09_case1,Cr,4,23,4f2_layer13,10,2.0663776487443317,Cr_O_08,"(0, 0, 0)"
4,group09_case1,Cr,4,23,4f2_layer13,23,2.0663774783167206,Cr_O_08,"(0, 0, 0)"
4,group09_case1,Cr,4,23,4f2_layer13,27,1.984991638404773,Cr_O_06,"(0, -1, 0)"
4,group09_case1,Cr,4,23,4f2_layer13,30,1.984991758786552,Cr_O_06,"(0, 0, 0)"
4,group09_case1,Cr,4,23,4f2_layer13,37,2.066377705422137,Cr_O_08,"(0, 0, 0)"
4,group09_case1,Ga,20,24,4f1_layer15,8,1.9084361547650497,Ga_O_02,"(0, 0, 0)"
4,group09_case1,Ga,20,24,4f1_layer15,14,1.9084362998548778,Ga_O_02,"(0, 0, 0)"
4,group09_case1,Ga,20,24,4f1_layer15,24,1.9084361547650501,Ga_O_02,"(0, 0, 0)"
4,group09_case1,Ga,20,24,4f1_layer15,31,1.9091268705999949,Ga_O_03,"(0, 0, 1)"
4,group09_case2,Sr,1,,,2,2.958098043228469,Sr_O_02,"(0, -1, 0)"
4,group09_case2,Sr,1,,,4,2.864579795118219,Sr_O_01,"(0, 0, 0)"
4,group09_case2,Sr,1,,,16,2.9580979326637595,Sr_O_02,"(1, 0, 0)"
4,group09_case2,Sr,1,,,18,2.8645798765734263,Sr_O_01,"(0, 0, 0)"
4,group09_case2,Sr,1,,,21,2.864579884642825,Sr_O_01,"(0, 0, 0)"
4,group09_case2,Sr,1,,,25,2.8645797959311503,Sr_O_01,"(0, 0, 0)"
4,group09_case2,Sr,1,,,28,2.864579883829894,Sr_O_01,"(0, 0, 0)"
4,group09_case2,Sr,1,,,35,2.95809800345424,Sr_O_02,"(0, -1, 0)"
4,group09_case2,Sr,1,,,38,2.8645798757604948,Sr_O_01,"(0, 0, 0)"
4,group09_case2,Sr,2,,,1,2.8645793251769454,Sr_O_01,"(0, 0, 0)"
4,group09_case2,Sr,2,,,5,2.8645793169995204,Sr_O_01,"(0, 0, 0)"
4,group09_case2,Sr,2,,,9,2.8645792364135385,Sr_O_01,"(0, 0, 0)"
4,group09_case2,Sr,2,,,10,2.9580980427214705,Sr_O_02,"(-1, 0, 0)"
4,group09_case2,Sr,2,,,23,2.95809793284463,Sr_O_02,"(0, 1, 0)"
4,group09_case2,Sr,2,,,27,2.8645793169995213,Sr_O_01,"(0, 0, 0)"
4,group09_case2,Sr,2,,,30,2.8645793251769462,Sr_O_01,"(0, 0, 0)"
4,group09_case2,Sr,2,,,33,2.864579236413537,Sr_O_01,"(0, 0, 0)"
4,group09_case2,Sr,2,,,37,2.9580980035278155,Sr_O_02,"(-1, 0, 0)"
4,group09_case2,Ga,1,1,12k_layer6_3,4,1.9254355757587174,Ga_O_04,"(0, 0, 0)"
4,group09_case2,Ga,1,1,12k_layer6_3,6,1.9844559567789057,Ga_O_05,"(-1, -1, 0)"
4,group09_case2,Ga,1,1,12k_layer6_3,13,2.0983234538406146,Ga_O_10,"(0, 0, 0)"
4,group09_case2,Ga,1,1,12k_layer6_3,19,2.094827515170505,Ga_O_09,"(0, 0, 0)"
4,group09_case2,Ga,1,1,12k_layer6_3,28,1.925435576196381,Ga_O_04,"(0, 0, 0)"
4,group09_case2,Ga,1,1,12k_layer6_3,36,2.0983234538272053,Ga_O_10,"(0, -1, 0)"
4,group09_case2,Ga,2,2,12k_layer2_3,7,1.9844559567789046,Ga_O_05,"(-1, -1, 0)"
4,group09_case2,Ga,2,2,12k_layer2_3,21,1.9254355761963797,Ga_O_04,"(0, 0, 0)"
4,group09_case2,Ga,2,2,12k_layer2_3,25,1.9254355757587163,Ga_O_04,"(0, 0, 0)"
4,group09_case2,Ga,2,2,12k_layer2_3,29,2.098323453827207,Ga_O_10,"(0, -1, 0)"
4,group09_case2,Ga,2,2,12k_layer2_3,31,2.0948275151705062,Ga_O_09,"(0, 0, 0)"
4,group09_case2,Ga,2,2,12k_layer2_3,34,2.0983234538406164,Ga_O_10,"(0, 0, 0)"
4,group09_case2,Ga,3,3,12k_layer14_1,8,2.0983229791065865,Ga_O_10,"(0, 0, 0)"
4,group09_case2,Ga,3,3,12k_layer14_1,9,1.9254359958162917,Ga_O_04,"(0, 0, 0)"
4,group09_case2,Ga,3,3,12k_layer14_1,15,2.094827260093365,Ga_O_09,"(0, 0, 0)"
4,group09_case2,Ga,3,3,12k_layer14_1,20,1.9844560436631808,Ga_O_05,"(-1, -1, 0)"
4,group09_case2,Ga,3,3,12k_layer14_1,24,2.0983229796303986,Ga_O_10,"(-1, 0, 0)"
4,group09_case2,Ga,3,3,12k_layer14_1,30,1.9254359958162914,Ga_O_04,"(0, 0, 0)"
4,group09_case2,Ga,4,4,12k_layer2_2,7,1.984455956778905,Ga_O_05,"(0, -1, 0)"
4,group09_case2,Ga,4,4,12k_layer2_2,18,1.9254355763634932,Ga_O_04,"(0, 0, 0)"
4,group09_case2,Ga,4,4,12k_layer2_2,25,1.925435575758716,Ga_O_04,"(0, 0, 0)"
4,group09_case2,Ga,4,4,12k_layer2_2,31,2.094827515170506,Ga_O_09,"(0, 0, 0)"
4,group09_case2,Ga,4,4,12k_layer2_2,32,2.0983234538709623,Ga_O_10,"(0, -1, 0)"
4,group09_case2,Ga,4,4,12k_layer2_2,34,2.098323454408184,Ga_O_10,"(1, 0, 0)"
4,group09_case2,Ga,5,5,12k_layer14_3,14,2.098322979539073,Ga_O_10,"(0, 0, 0)"
4,group09_case2,Ga,5,5,12k_layer14_3,15,2.094827383098975,Ga_O_09,"(0, 0, 0)"
4,group09_case2,Ga,5,5,12k_layer14_3,20,1.9844560439741377,Ga_O_05,"(0, 0, 0)"
4,group09_case2,Ga,5,5,12k_layer14_3,24,2.098322979658534,Ga_O_10,"(0, 1, 0)"
4,group09_case2,Ga,5,5,12k_layer14_3,27,1.925435983138288,Ga_O_04,"(0, 0, 0)"
4,group09_case2,Ga,5,5,12k_layer14_3,30,1.9254359955204852,Ga_O_04,"(0, 0, 0)"
4,group09_case2,Ga,6,6,12k_layer10_2,5,1.9254359120300575,Ga_O_04,"(0, 0, 0)"
4,group09_case2,Ga,6,6,12k_layer10_2,12,1.98445595738215,Ga_O_05,"(-1, 0, 0)"
4,group09_case2,Ga,6,6,12k_layer10_2,17,2.094827514410795,Ga_O_09,"(0, 0, 0)"
4,group09_case2,Ga,6,6,12k_layer10_2,22,2.0983230321761726,Ga_O_10,"(-1, 0, 0)"
4,group09_case2,Ga,6,6,12k_layer10_2,26,2.0983230324265865,Ga_O_10,"(0, 1, 0)"
4,group09_case2,Ga,6,6,12k_layer10_2,33,1.9254359114895088,Ga_O_04,"(0, 0, 0)"
4,group09_case2,Ga,7,7,12k_layer6_2,3,2.0983234538709605,Ga_O_10,"(0, -1, 0)"
4,group09_case2,Ga,7,7,12k_layer6_2,4,1.9254355757587174,Ga_O_04,"(0, 0, 0)"
4,group09_case2,Ga,7,7,12k_layer6_2,6,1.9844559567789064,Ga_O_05,"(0, -1, 0)"
4,group09_case2,Ga,7,7,12k_layer6_2,13,2.0983234544081824,Ga_O_10,"(1, 0, 0)"
4,group09_case2,Ga,7,7,12k_layer6_2,19,2.0948275151705045,Ga_O_09,"(0, 0, 0)"
4,group09_case2,Ga,7,7,12k_layer6_2,38,1.9254355763634945,Ga_O_04,"(0, 0, 0)"
4,group09_case2,Ga,8,8,12k_layer6_1,3,2.0983234541175877,Ga_O_10,"(0, 0, 0)"
4,group09_case2,Ga,8,8,12k_layer6_1,6,1.9844559569613607,Ga_O_05,"(0, 0, 0)"
4,group09_case2,Ga,8,8,12k_layer6_1,19,2.0948276379027013,Ga_O_09,"(0, 0, 0)"
4,group09_case2,Ga,8,8,12k_layer6_1,28,1.9254355756093047,Ga_O_04,"(0, 0, 0)"
4,group09_case2,Ga,8,8,12k_layer6_1,36,2.0983234546414,Ga_O_10,"(1, 0, 0)"
4,group09_case2,Ga,8,8,12k_layer6_1,38,1.925435563604001,Ga_O_04,"(0, 0, 0)"
4,group09_case2,Ga,9,9,12k_layer14_2,8,2.098322979647595,Ga_O_10,"(0, 1, 0)"
4,group09_case2,Ga,9,9,12k_layer14_2,9,1.9254359955309297,Ga_O_04,"(0, 0, 0)"
4,group09_case2,Ga,9,9,12k_layer14_2,14,2.098322979397181,Ga_O_10,"(-1, 0, 0)"
4,group09_case2,Ga,9,9,12k_layer14_2,15,2.094827260728784,Ga_O_09,"(0, 0, 0)"
4,group09_case2,Ga,9,9,12k_layer14_2,20,1.9844560438241048,Ga_O_05,"(-1, 0, 0)"
4,group09_case2,Ga,9,9,12k_layer14_2,27,1.9254359960714784,Ga_O_04,"(0, 0, 0)"
4,group09_case2,Cr,1,10,2a_layer16,8,1.9948520249218649,Cr_O_07,"(1, 1, 0)"
4,group09_case2,Cr,1,10,2a_layer16,14,1.9948520252426432,Cr_O_07,"(0, 0, 0)"
4,group09_case2,Cr,1,10,2a_layer16,24,1.9948520249218644,Cr_O_07,"(0, 1, 0)"
4,group09_case2,Cr,1,10,2a_layer16,29,1.9948516604791149,Cr_O_07,"(1, 0, 1)"
4,group09_case2,Cr,1,10,2a_layer16,32,1.9948516599281325,Cr_O_07,"(0, 0, 1)"
4,group09_case2,Cr,1,10,2a_layer16,34,1.994851660087002,Cr_O_07,"(1, 1, 1)"
4,group09_case2,Cr,2,11,12k_layer10_3,1,1.9254359114790642,Cr_O_04,"(0, 0, 0)"
4,group09_case2,Cr,2,11,12k_layer10_3,5,1.9254358990968665,Cr_O_04,"(0, 0, 0)"
4,group09_case2,Cr,2,11,12k_layer10_3,11,2.0983230324375253,Cr_O_10,"(0, 1, 0)"
4,group09_case2,Cr,2,11,12k_layer10_3,12,1.9844559575321832,Cr_O_05,"(0, 0, 0)"
4,group09_case2,Cr,2,11,12k_layer10_3,17,2.094827636780971,Cr_O_09,"(0, 0, 0)"
4,group09_case2,Cr,2,11,12k_layer10_3,22,2.0983230323180644,Cr_O_10,"(0, 0, 0)"
4,group09_case2,Ga,10,12,12k_layer10_1,1,1.9254359117748707,Ga_O_04,"(0, 0, 0)"
4,group09_case2,Ga,10,12,12k_layer10_1,11,2.0983230324093904,Ga_O_10,"(-1, 0, 0)"
4,group09_case2,Ga,10,12,12k_layer10_1,12,1.9844559572212264,Ga_O_05,"(-1, -1, 0)"
4,group09_case2,Ga,10,12,12k_layer10_1,17,2.0948275137753765,Ga_O_09,"(0, 0, 0)"
4,group09_case2,Ga,10,12,12k_layer10_1,26,2.098323031885578,Ga_O_10,"(0, 0, 0)"
4,group09_case2,Ga,10,12,12k_layer10_1,33,1.9254359117748707,Ga_O_04,"(0, 0, 0)"
4,group09_case2,Ga,11,13,12k_layer2_1,7,1.9844559569613596,Ga_O_05,"(0, 0, 0)"
4,group09_case2,Ga,11,13,12k_layer2_1,18,1.925435563604,Ga_O_04,"(0, 0, 0)"
4,group09_case2,Ga,11,13,12k_layer2_1,21,1.9254355756093033,Ga_O_04,"(0, 0, 0)"
4,group09_case2,Ga,11,13,12k_layer2_1,29,2.0983234546414016,Ga_O_10,"(1, 0, 0)"
4,group09_case2,Ga,11,13,12k_layer2_1,31,2.0948276379027027,Ga_O_09,"(0, 0, 0)"
4,group09_case2,Ga,11,13,12k_layer2_1,32,2.0983234541175895,Ga_O_10,"(0, 0, 0)"
4,group09_case2,Ga,12,14,2b_layer12,10,1.8700732788205217,Ga_O_01,"(0, 1, 0)"
4,group09_case2,Ga,12,14,2b_layer12,12,2.2779384420000004,Ga_O_11,"(0, 0, 0)"
4,group09_case2,Ga,12,14,2b_layer12,20,2.2779384410000003,Ga_O_11,"(0, 0, 0)"
4,group09_case2,Ga,12,14,2b_layer12,23,1.870073507451236,Ga_O_01,"(1, 1, 0)"
4,group09_case2,Ga,12,14,2b_layer12,37,1.870073355,Ga_O_01,"(0, 0, 0)"
4,group09_case2,Cr,3,15,2a_layer8,3,1.9948516601706343,Cr_O_07,"(0, 0, 0)"
4,group09_case2,Cr,3,15,2a_layer8,11,1.9948520770594027,Cr_O_07,"(0, 1, 0)"
4,group09_case2,Cr,3,15,2a_layer8,13,1.994851660329504,Cr_O_07,"(1, 1, 0)"
4,group09_case2,Cr,3,15,2a_layer8,22,1.9948520773801812,Cr_O_07,"(0, 0, 0)"
4,group09_case2,Cr,3,15,2a_layer8,26,1.9948520770594032,Cr_O_07,"(1, 1, 0)"
4,group09_case2,Cr,3,15,2a_layer8,36,1.9948516607216167,Cr_O_07,"(1, 0, 0)"
4,group09_case2,Ga,13,16,2b_layer4,2,1.8700732794118144,Ga_O_01,"(1, 0, 0)"
4,group09_case2,Ga,13,16,2b_layer4,6,2.277938441000001,Ga_O_11,"(0, 0, 0)"
4,group09_case2,Ga,13,16,2b_layer4,7,2.2779384420000004,Ga_O_11,"(0, 0, 0)"
4,group09_case2,Ga,13,16,2b_layer4,16,1.8700735073000085,Ga_O_01,"(1, 1, 0)"
4,group09_case2,Ga,13,16,2b_layer4,35,1.870073355795254,Ga_O_01,"(0, 0, 0)"
4,group09_case2,Ga,14,17,4f1_layer9,11,1.9084361294606749,Ga_O_02,"(0, 0, 0)"
4,group09_case2,Ga,14,17,4f1_layer9,19,1.9091270429999996,Ga_O_03,"(0, 0, 0)"
4,group09_case2,Ga,14,17,4f1_layer9,22,1.9084362745505044,Ga_O_02,"(0, 0, 0)"
4,group09_case2,Ga,14,17,4f1_layer9,26,1.9084361294606744,Ga_O_02,"(0, 0, 0)"
4,group09_case2,Ga,15,18,4f2_layer11,1,1.9849917587865524,Ga_O_06,"(0, 0, 0)"
4,group09_case2,Ga,15,18,4f2_layer11,5,1.9849916384047732,Ga_O_06,"(0, -1, 0)"
4,group09_case2,Ga,15,18,4f2_layer11,10,2.0663776487443304,Ga_O_08,"(0, 0, 0)"
4,group09_case2,Ga,15,18,4f2_layer11,23,2.0663774783167193,Ga_O_08,"(0, 0, 0)"
4,group09_case2,Ga,15,18,4f2_layer11,33,1.9849917593946298,Ga_O_06,"(1, 0, 0)"
4,group09_case2,Ga,15,18,4f2_layer11,37,2.0663777054221355,Ga_O_08,"(0, 0, 0)"
4,group09_case2,Ga,16,19,4f2_layer3,2,2.0663771907209756,Ga_O_08,"(0, 0, 0)"
4,group09_case2,Ga,16,19,4f2_layer3,16,2.066377020121716,Ga_O_08,"(0, 0, 0)"
4,group09_case2,Ga,16,19,4f2_layer3,18,1.9849922964805824,Ga_O_06,"(-1, 0, 0)"
4,group09_case2,Ga,16,19,4f2_layer3,21,1.9849924174878968,Ga_O_06,"(0, 0, 0)"
4,group09_case2,Ga,16,19,4f2_layer3,25,1.9849924184808014,Ga_O_06,"(0, 1, 0)"
4,group09_case2,Ga,16,19,4f2_layer3,35,2.066377246884635,Ga_O_08,"(0, 0, 0)"
4,group09_case2,Ga,17,20,4f1_layer7,3,1.9084360732701862,Ga_O_02,"(0, 0, 0)"
4,group09_case2,Ga,17,20,4f1_layer7,13,1.9084359271385227,Ga_O_02,"(0, 0, 0)"
4,group09_case2,Ga,17,20,4f1_layer7,17,1.909127043000001,Ga_O_03,"(0, 0, 0)"
4,group09_case2,Ga,17,20,4f1_layer7,36,1.9084359275969722,Ga_O_02,"(0, 0, 0)"
4,group09_case2,Cr,4,21,4f2_layer5,2,2.0663771900543897,Cr_O_08,"(0, 0, 0)"
4,group09_case2,Cr,4,21,4f2_layer5,4,1.9849924184808014,Cr_O_06,"(0, 1, 0)"
4,group09_case2,Cr,4,21,4f2_layer5,16,2.0663770194551296,Cr_O_08,"(0, 0, 0)"
4,group09_case2,Cr,4,21,4f2_layer5,28,1.9849924174878968,Cr_O_06,"(0, 0, 0)"
4,group09_case2,Cr,4,21,4f2_layer5,35,2.0663772462180487,Cr_O_08,"(0, 0, 0)"
4,group09_case2,Cr,4,21,4f2_layer5,38,1.9849922964805824,Cr_O_06,"(-1, 0, 0)"
4,group09_case2,Ga,18,22,4f1_layer1,15,1.9091273005999965,Ga_O_03,"(0, 0, -1)"
4,group09_case2,Ga,18,22,4f1_layer1,29,1.9084359275969722,Ga_O_02,"(0, 0, 0)"
4,group09_case2,Ga,18,22,4f1_layer1,32,1.9084360732701862,Ga_O_02,"(0, 0, 0)"
4,group09_case2,Ga,18,22,4f1_layer1,34,1.9084359271385227,Ga_O_02,"(0, 0, 0)"
4,group09_case2,Ga,19,23,4f2_layer13,9,1.9849917593946296,Ga_O_06,"(1, 0, 0)"
4,group09_case2,Ga,19,23,4f2_layer13,10,2.0663776487443317,Ga_O_08,"(0, 0, 0)"
4,group09_case2,Ga,19,23,4f2_layer13,23,2.0663774783167206,Ga_O_08,"(0, 0, 0)"
4,group09_case2,Ga,19,23,4f2_layer13,27,1.984991638404773,Ga_O_06,"(0, -1, 0)"
4,group09_case2,Ga,19,23,4f2_layer13,30,1.984991758786552,Ga_O_06,"(0, 0, 0)"
4,group09_case2,Ga,19,23,4f2_layer13,37,2.066377705422137,Ga_O_08,"(0, 0, 0)"
4,group09_case2,Ga,20,24,4f1_layer15,8,1.9084361547650497,Ga_O_02,"(0, 0, 0)"
4,group09_case2,Ga,20,24,4f1_layer15,14,1.9084362998548778,Ga_O_02,"(0, 0, 0)"
4,group09_case2,Ga,20,24,4f1_layer15,24,1.9084361547650501,Ga_O_02,"(0, 0, 0)"
4,group09_case2,Ga,20,24,4f1_layer15,31,1.9091268705999949,Ga_O_03,"(0, 0, 1)"
4,group10_case1,Sr,1,,,2,2.958098043228469,Sr_O_02,"(0, -1, 0)"
4,group10_case1,Sr,1,,,4,2.864579795118219,Sr_O_01,"(0, 0, 0)"
4,group10_case1,Sr,1,,,16,2.9580979326637595,Sr_O_02,"(1, 0, 0)"
4,group10_case1,Sr,1,,,18,2.8645798765734263,Sr_O_01,"(0, 0, 0)"
4,group10_case1,Sr,1,,,21,2.864579884642825,Sr_O_01,"(0, 0, 0)"
4,group10_case1,Sr,1,,,25,2.8645797959311503,Sr_O_01,"(0, 0, 0)"
4,group10_case1,Sr,1,,,28,2.864579883829894,Sr_O_01,"(0, 0, 0)"
4,group10_case1,Sr,1,,,35,2.95809800345424,Sr_O_02,"(0, -1, 0)"
4,group10_case1,Sr,1,,,38,2.8645798757604948,Sr_O_01,"(0, 0, 0)"
4,group10_case1,Sr,2,,,1,2.8645793251769454,Sr_O_01,"(0, 0, 0)"
4,group10_case1,Sr,2,,,5,2.8645793169995204,Sr_O_01,"(0, 0, 0)"
4,group10_case1,Sr,2,,,9,2.8645792364135385,Sr_O_01,"(0, 0, 0)"
4,group10_case1,Sr,2,,,10,2.9580980427214705,Sr_O_02,"(-1, 0, 0)"
4,group10_case1,Sr,2,,,23,2.95809793284463,Sr_O_02,"(0, 1, 0)"
4,group10_case1,Sr,2,,,27,2.8645793169995213,Sr_O_01,"(0, 0, 0)"
4,group10_case1,Sr,2,,,30,2.8645793251769462,Sr_O_01,"(0, 0, 0)"
4,group10_case1,Sr,2,,,33,2.864579236413537,Sr_O_01,"(0, 0, 0)"
4,group10_case1,Sr,2,,,37,2.9580980035278155,Sr_O_02,"(-1, 0, 0)"
4,group10_case1,Ga,1,1,12k_layer6_3,4,1.9254355757587174,Ga_O_04,"(0, 0, 0)"
4,group10_case1,Ga,1,1,12k_layer6_3,6,1.9844559567789057,Ga_O_05,"(-1, -1, 0)"
4,group10_case1,Ga,1,1,12k_layer6_3,13,2.0983234538406146,Ga_O_10,"(0, 0, 0)"
4,group10_case1,Ga,1,1,12k_layer6_3,19,2.094827515170505,Ga_O_09,"(0, 0, 0)"
4,group10_case1,Ga,1,1,12k_layer6_3,28,1.925435576196381,Ga_O_04,"(0, 0, 0)"
4,group10_case1,Ga,1,1,12k_layer6_3,36,2.0983234538272053,Ga_O_10,"(0, -1, 0)"
4,group10_case1,Ga,2,2,12k_layer2_3,7,1.9844559567789046,Ga_O_05,"(-1, -1, 0)"
4,group10_case1,Ga,2,2,12k_layer2_3,21,1.9254355761963797,Ga_O_04,"(0, 0, 0)"
4,group10_case1,Ga,2,2,12k_layer2_3,25,1.9254355757587163,Ga_O_04,"(0, 0, 0)"
4,group10_case1,Ga,2,2,12k_layer2_3,29,2.098323453827207,Ga_O_10,"(0, -1, 0)"
4,group10_case1,Ga,2,2,12k_layer2_3,31,2.0948275151705062,Ga_O_09,"(0, 0, 0)"
4,group10_case1,Ga,2,2,12k_layer2_3,34,2.0983234538406164,Ga_O_10,"(0, 0, 0)"
4,group10_case1,Ga,3,3,12k_layer14_1,8,2.0983229791065865,Ga_O_10,"(0, 0, 0)"
4,group10_case1,Ga,3,3,12k_layer14_1,9,1.9254359958162917,Ga_O_04,"(0, 0, 0)"
4,group10_case1,Ga,3,3,12k_layer14_1,15,2.094827260093365,Ga_O_09,"(0, 0, 0)"
4,group10_case1,Ga,3,3,12k_layer14_1,20,1.9844560436631808,Ga_O_05,"(-1, -1, 0)"
4,group10_case1,Ga,3,3,12k_layer14_1,24,2.0983229796303986,Ga_O_10,"(-1, 0, 0)"
4,group10_case1,Ga,3,3,12k_layer14_1,30,1.9254359958162914,Ga_O_04,"(0, 0, 0)"
4,group10_case1,Ga,4,4,12k_layer2_2,7,1.984455956778905,Ga_O_05,"(0, -1, 0)"
4,group10_case1,Ga,4,4,12k_layer2_2,18,1.9254355763634932,Ga_O_04,"(0, 0, 0)"
4,group10_case1,Ga,4,4,12k_layer2_2,25,1.925435575758716,Ga_O_04,"(0, 0, 0)"
4,group10_case1,Ga,4,4,12k_layer2_2,31,2.094827515170506,Ga_O_09,"(0, 0, 0)"
4,group10_case1,Ga,4,4,12k_layer2_2,32,2.0983234538709623,Ga_O_10,"(0, -1, 0)"
4,group10_case1,Ga,4,4,12k_layer2_2,34,2.098323454408184,Ga_O_10,"(1, 0, 0)"
4,group10_case1,Ga,5,5,12k_layer14_3,14,2.098322979539073,Ga_O_10,"(0, 0, 0)"
4,group10_case1,Ga,5,5,12k_layer14_3,15,2.094827383098975,Ga_O_09,"(0, 0, 0)"
4,group10_case1,Ga,5,5,12k_layer14_3,20,1.9844560439741377,Ga_O_05,"(0, 0, 0)"
4,group10_case1,Ga,5,5,12k_layer14_3,24,2.098322979658534,Ga_O_10,"(0, 1, 0)"
4,group10_case1,Ga,5,5,12k_layer14_3,27,1.925435983138288,Ga_O_04,"(0, 0, 0)"
4,group10_case1,Ga,5,5,12k_layer14_3,30,1.9254359955204852,Ga_O_04,"(0, 0, 0)"
4,group10_case1,Cr,1,6,12k_layer10_2,5,1.9254359120300575,Cr_O_04,"(0, 0, 0)"
4,group10_case1,Cr,1,6,12k_layer10_2,12,1.98445595738215,Cr_O_05,"(-1, 0, 0)"
4,group10_case1,Cr,1,6,12k_layer10_2,17,2.094827514410795,Cr_O_09,"(0, 0, 0)"
4,group10_case1,Cr,1,6,12k_layer10_2,22,2.0983230321761726,Cr_O_10,"(-1, 0, 0)"
4,group10_case1,Cr,1,6,12k_layer10_2,26,2.0983230324265865,Cr_O_10,"(0, 1, 0)"
4,group10_case1,Cr,1,6,12k_layer10_2,33,1.9254359114895088,Cr_O_04,"(0, 0, 0)"
4,group10_case1,Ga,6,7,12k_layer6_2,3,2.0983234538709605,Ga_O_10,"(0, -1, 0)"
4,group10_case1,Ga,6,7,12k_layer6_2,4,1.9254355757587174,Ga_O_04,"(0, 0, 0)"
4,group10_case1,Ga,6,7,12k_layer6_2,6,1.9844559567789064,Ga_O_05,"(0, -1, 0)"
4,group10_case1,Ga,6,7,12k_layer6_2,13,2.0983234544081824,Ga_O_10,"(1, 0, 0)"
4,group10_case1,Ga,6,7,12k_layer6_2,19,2.0948275151705045,Ga_O_09,"(0, 0, 0)"
4,group10_case1,Ga,6,7,12k_layer6_2,38,1.9254355763634945,Ga_O_04,"(0, 0, 0)"
4,group10_case1,Ga,7,8,12k_layer6_1,3,2.0983234541175877,Ga_O_10,"(0, 0, 0)"
4,group10_case1,Ga,7,8,12k_layer6_1,6,1.9844559569613607,Ga_O_05,"(0, 0, 0)"
4,group10_case1,Ga,7,8,12k_layer6_1,19,2.0948276379027013,Ga_O_09,"(0, 0, 0)"
4,group10_case1,Ga,7,8,12k_layer6_1,28,1.9254355756093047,Ga_O_04,"(0, 0, 0)"
4,group10_case1,Ga,7,8,12k_layer6_1,36,2.0983234546414,Ga_O_10,"(1, 0, 0)"
4,group10_case1,Ga,7,8,12k_layer6_1,38,1.925435563604001,Ga_O_04,"(0, 0, 0)"
4,group10_case1,Ga,8,9,12k_layer14_2,8,2.098322979647595,Ga_O_10,"(0, 1, 0)"
4,group10_case1,Ga,8,9,12k_layer14_2,9,1.9254359955309297,Ga_O_04,"(0, 0, 0)"
4,group10_case1,Ga,8,9,12k_layer14_2,14,2.098322979397181,Ga_O_10,"(-1, 0, 0)"
4,group10_case1,Ga,8,9,12k_layer14_2,15,2.094827260728784,Ga_O_09,"(0, 0, 0)"
4,group10_case1,Ga,8,9,12k_layer14_2,20,1.9844560438241048,Ga_O_05,"(-1, 0, 0)"
4,group10_case1,Ga,8,9,12k_layer14_2,27,1.9254359960714784,Ga_O_04,"(0, 0, 0)"
4,group10_case1,Cr,2,10,2a_layer16,8,1.9948520249218649,Cr_O_07,"(1, 1, 0)"
4,group10_case1,Cr,2,10,2a_layer16,14,1.9948520252426432,Cr_O_07,"(0, 0, 0)"
4,group10_case1,Cr,2,10,2a_layer16,24,1.9948520249218644,Cr_O_07,"(0, 1, 0)"
4,group10_case1,Cr,2,10,2a_layer16,29,1.9948516604791149,Cr_O_07,"(1, 0, 1)"
4,group10_case1,Cr,2,10,2a_layer16,32,1.9948516599281325,Cr_O_07,"(0, 0, 1)"
4,group10_case1,Cr,2,10,2a_layer16,34,1.994851660087002,Cr_O_07,"(1, 1, 1)"
4,group10_case1,Ga,9,11,12k_layer10_3,1,1.9254359114790642,Ga_O_04,"(0, 0, 0)"
4,group10_case1,Ga,9,11,12k_layer10_3,5,1.9254358990968665,Ga_O_04,"(0, 0, 0)"
4,group10_case1,Ga,9,11,12k_layer10_3,11,2.0983230324375253,Ga_O_10,"(0, 1, 0)"
4,group10_case1,Ga,9,11,12k_layer10_3,12,1.9844559575321832,Ga_O_05,"(0, 0, 0)"
4,group10_case1,Ga,9,11,12k_layer10_3,17,2.094827636780971,Ga_O_09,"(0, 0, 0)"
4,group10_case1,Ga,9,11,12k_layer10_3,22,2.0983230323180644,Ga_O_10,"(0, 0, 0)"
4,group10_case1,Ga,10,12,12k_layer10_1,1,1.9254359117748707,Ga_O_04,"(0, 0, 0)"
4,group10_case1,Ga,10,12,12k_layer10_1,11,2.0983230324093904,Ga_O_10,"(-1, 0, 0)"
4,group10_case1,Ga,10,12,12k_layer10_1,12,1.9844559572212264,Ga_O_05,"(-1, -1, 0)"
4,group10_case1,Ga,10,12,12k_layer10_1,17,2.0948275137753765,Ga_O_09,"(0, 0, 0)"
4,group10_case1,Ga,10,12,12k_layer10_1,26,2.098323031885578,Ga_O_10,"(0, 0, 0)"
4,group10_case1,Ga,10,12,12k_layer10_1,33,1.9254359117748707,Ga_O_04,"(0, 0, 0)"
4,group10_case1,Cr,3,13,12k_layer2_1,7,1.9844559569613596,Cr_O_05,"(0, 0, 0)"
4,group10_case1,Cr,3,13,12k_layer2_1,18,1.925435563604,Cr_O_04,"(0, 0, 0)"
4,group10_case1,Cr,3,13,12k_layer2_1,21,1.9254355756093033,Cr_O_04,"(0, 0, 0)"
4,group10_case1,Cr,3,13,12k_layer2_1,29,2.0983234546414016,Cr_O_10,"(1, 0, 0)"
4,group10_case1,Cr,3,13,12k_layer2_1,31,2.0948276379027027,Cr_O_09,"(0, 0, 0)"
4,group10_case1,Cr,3,13,12k_layer2_1,32,2.0983234541175895,Cr_O_10,"(0, 0, 0)"
4,group10_case1,Ga,11,14,2b_layer12,10,1.8700732788205217,Ga_O_01,"(0, 1, 0)"
4,group10_case1,Ga,11,14,2b_layer12,12,2.2779384420000004,Ga_O_11,"(0, 0, 0)"
4,group10_case1,Ga,11,14,2b_layer12,20,2.2779384410000003,Ga_O_11,"(0, 0, 0)"
4,group10_case1,Ga,11,14,2b_layer12,23,1.870073507451236,Ga_O_01,"(1, 1, 0)"
4,group10_case1,Ga,11,14,2b_layer12,37,1.870073355,Ga_O_01,"(0, 0, 0)"
4,group10_case1,Ga,12,15,2a_layer8,3,1.9948516601706343,Ga_O_07,"(0, 0, 0)"
4,group10_case1,Ga,12,15,2a_layer8,11,1.9948520770594027,Ga_O_07,"(0, 1, 0)"
4,group10_case1,Ga,12,15,2a_layer8,13,1.994851660329504,Ga_O_07,"(1, 1, 0)"
4,group10_case1,Ga,12,15,2a_layer8,22,1.9948520773801812,Ga_O_07,"(0, 0, 0)"
4,group10_case1,Ga,12,15,2a_layer8,26,1.9948520770594032,Ga_O_07,"(1, 1, 0)"
4,group10_case1,Ga,12,15,2a_layer8,36,1.9948516607216167,Ga_O_07,"(1, 0, 0)"
4,group10_case1,Ga,13,16,2b_layer4,2,1.8700732794118144,Ga_O_01,"(1, 0, 0)"
4,group10_case1,Ga,13,16,2b_layer4,6,2.277938441000001,Ga_O_11,"(0, 0, 0)"
4,group10_case1,Ga,13,16,2b_layer4,7,2.2779384420000004,Ga_O_11,"(0, 0, 0)"
4,group10_case1,Ga,13,16,2b_layer4,16,1.8700735073000085,Ga_O_01,"(1, 1, 0)"
4,group10_case1,Ga,13,16,2b_layer4,35,1.870073355795254,Ga_O_01,"(0, 0, 0)"
4,group10_case1,Ga,14,17,4f1_layer9,11,1.9084361294606749,Ga_O_02,"(0, 0, 0)"
4,group10_case1,Ga,14,17,4f1_layer9,19,1.9091270429999996,Ga_O_03,"(0, 0, 0)"
4,group10_case1,Ga,14,17,4f1_layer9,22,1.9084362745505044,Ga_O_02,"(0, 0, 0)"
4,group10_case1,Ga,14,17,4f1_layer9,26,1.9084361294606744,Ga_O_02,"(0, 0, 0)"
4,group10_case1,Cr,4,18,4f2_layer11,1,1.9849917587865524,Cr_O_06,"(0, 0, 0)"
4,group10_case1,Cr,4,18,4f2_layer11,5,1.9849916384047732,Cr_O_06,"(0, -1, 0)"
4,group10_case1,Cr,4,18,4f2_layer11,10,2.0663776487443304,Cr_O_08,"(0, 0, 0)"
4,group10_case1,Cr,4,18,4f2_layer11,23,2.0663774783167193,Cr_O_08,"(0, 0, 0)"
4,group10_case1,Cr,4,18,4f2_layer11,33,1.9849917593946298,Cr_O_06,"(1, 0, 0)"
4,group10_case1,Cr,4,18,4f2_layer11,37,2.0663777054221355,Cr_O_08,"(0, 0, 0)"
4,group10_case1,Ga,15,19,4f2_layer3,2,2.0663771907209756,Ga_O_08,"(0, 0, 0)"
4,group10_case1,Ga,15,19,4f2_layer3,16,2.066377020121716,Ga_O_08,"(0, 0, 0)"
4,group10_case1,Ga,15,19,4f2_layer3,18,1.9849922964805824,Ga_O_06,"(-1, 0, 0)"
4,group10_case1,Ga,15,19,4f2_layer3,21,1.9849924174878968,Ga_O_06,"(0, 0, 0)"
4,group10_case1,Ga,15,19,4f2_layer3,25,1.9849924184808014,Ga_O_06,"(0, 1, 0)"
4,group10_case1,Ga,15,19,4f2_layer3,35,2.066377246884635,Ga_O_08,"(0, 0, 0)"
4,group10_case1,Ga,16,20,4f1_layer7,3,1.9084360732701862,Ga_O_02,"(0, 0, 0)"
4,group10_case1,Ga,16,20,4f1_layer7,13,1.9084359271385227,Ga_O_02,"(0, 0, 0)"
4,group10_case1,Ga,16,20,4f1_layer7,17,1.909127043000001,Ga_O_03,"(0, 0, 0)"
4,group10_case1,Ga,16,20,4f1_layer7,36,1.9084359275969722,Ga_O_02,"(0, 0, 0)"
4,group10_case1,Ga,17,21,4f2_layer5,2,2.0663771900543897,Ga_O_08,"(0, 0, 0)"
4,group10_case1,Ga,17,21,4f2_layer5,4,1.9849924184808014,Ga_O_06,"(0, 1, 0)"
4,group10_case1,Ga,17,21,4f2_layer5,16,2.0663770194551296,Ga_O_08,"(0, 0, 0)"
4,group10_case1,Ga,17,21,4f2_layer5,28,1.9849924174878968,Ga_O_06,"(0, 0, 0)"
4,group10_case1,Ga,17,21,4f2_layer5,35,2.0663772462180487,Ga_O_08,"(0, 0, 0)"
4,group10_case1,Ga,17,21,4f2_layer5,38,1.9849922964805824,Ga_O_06,"(-1, 0, 0)"
4,group10_case1,Ga,18,22,4f1_layer1,15,1.9091273005999965,Ga_O_03,"(0, 0, -1)"
4,group10_case1,Ga,18,22,4f1_layer1,29,1.9084359275969722,Ga_O_02,"(0, 0, 0)"
4,group10_case1,Ga,18,22,4f1_layer1,32,1.9084360732701862,Ga_O_02,"(0, 0, 0)"
4,group10_case1,Ga,18,22,4f1_layer1,34,1.9084359271385227,Ga_O_02,"(0, 0, 0)"
4,group10_case1,Ga,19,23,4f2_layer13,9,1.9849917593946296,Ga_O_06,"(1, 0, 0)"
4,group10_case1,Ga,19,23,4f2_layer13,10,2.0663776487443317,Ga_O_08,"(0, 0, 0)"
4,group10_case1,Ga,19,23,4f2_layer13,23,2.0663774783167206,Ga_O_08,"(0, 0, 0)"
4,group10_case1,Ga,19,23,4f2_layer13,27,1.984991638404773,Ga_O_06,"(0, -1, 0)"
4,group10_case1,Ga,19,23,4f2_layer13,30,1.984991758786552,Ga_O_06,"(0, 0, 0)"
4,group10_case1,Ga,19,23,4f2_layer13,37,2.066377705422137,Ga_O_08,"(0, 0, 0)"
4,group10_case1,Ga,20,24,4f1_layer15,8,1.9084361547650497,Ga_O_02,"(0, 0, 0)"
4,group10_case1,Ga,20,24,4f1_layer15,14,1.9084362998548778,Ga_O_02,"(0, 0, 0)"
4,group10_case1,Ga,20,24,4f1_layer15,24,1.9084361547650501,Ga_O_02,"(0, 0, 0)"
4,group10_case1,Ga,20,24,4f1_layer15,31,1.9091268705999949,Ga_O_03,"(0, 0, 1)"
4,group10_case2,Sr,1,,,2,2.958098043228469,Sr_O_02,"(0, -1, 0)"
4,group10_case2,Sr,1,,,4,2.864579795118219,Sr_O_01,"(0, 0, 0)"
4,group10_case2,Sr,1,,,16,2.9580979326637595,Sr_O_02,"(1, 0, 0)"
4,group10_case2,Sr,1,,,18,2.8645798765734263,Sr_O_01,"(0, 0, 0)"
4,group10_case2,Sr,1,,,21,2.864579884642825,Sr_O_01,"(0, 0, 0)"
4,group10_case2,Sr,1,,,25,2.8645797959311503,Sr_O_01,"(0, 0, 0)"
4,group10_case2,Sr,1,,,28,2.864579883829894,Sr_O_01,"(0, 0, 0)"
4,group10_case2,Sr,1,,,35,2.95809800345424,Sr_O_02,"(0, -1, 0)"
4,group10_case2,Sr,1,,,38,2.8645798757604948,Sr_O_01,"(0, 0, 0)"
4,group10_case2,Sr,2,,,1,2.8645793251769454,Sr_O_01,"(0, 0, 0)"
4,group10_case2,Sr,2,,,5,2.8645793169995204,Sr_O_01,"(0, 0, 0)"
4,group10_case2,Sr,2,,,9,2.8645792364135385,Sr_O_01,"(0, 0, 0)"
4,group10_case2,Sr,2,,,10,2.9580980427214705,Sr_O_02,"(-1, 0, 0)"
4,group10_case2,Sr,2,,,23,2.95809793284463,Sr_O_02,"(0, 1, 0)"
4,group10_case2,Sr,2,,,27,2.8645793169995213,Sr_O_01,"(0, 0, 0)"
4,group10_case2,Sr,2,,,30,2.8645793251769462,Sr_O_01,"(0, 0, 0)"
4,group10_case2,Sr,2,,,33,2.864579236413537,Sr_O_01,"(0, 0, 0)"
4,group10_case2,Sr,2,,,37,2.9580980035278155,Sr_O_02,"(-1, 0, 0)"
4,group10_case2,Cr,1,1,12k_layer6_3,4,1.9254355757587174,Cr_O_04,"(0, 0, 0)"
4,group10_case2,Cr,1,1,12k_layer6_3,6,1.9844559567789057,Cr_O_05,"(-1, -1, 0)"
4,group10_case2,Cr,1,1,12k_layer6_3,13,2.0983234538406146,Cr_O_10,"(0, 0, 0)"
4,group10_case2,Cr,1,1,12k_layer6_3,19,2.094827515170505,Cr_O_09,"(0, 0, 0)"
4,group10_case2,Cr,1,1,12k_layer6_3,28,1.925435576196381,Cr_O_04,"(0, 0, 0)"
4,group10_case2,Cr,1,1,12k_layer6_3,36,2.0983234538272053,Cr_O_10,"(0, -1, 0)"
4,group10_case2,Ga,1,2,12k_layer2_3,7,1.9844559567789046,Ga_O_05,"(-1, -1, 0)"
4,group10_case2,Ga,1,2,12k_layer2_3,21,1.9254355761963797,Ga_O_04,"(0, 0, 0)"
4,group10_case2,Ga,1,2,12k_layer2_3,25,1.9254355757587163,Ga_O_04,"(0, 0, 0)"
4,group10_case2,Ga,1,2,12k_layer2_3,29,2.098323453827207,Ga_O_10,"(0, -1, 0)"
4,group10_case2,Ga,1,2,12k_layer2_3,31,2.0948275151705062,Ga_O_09,"(0, 0, 0)"
4,group10_case2,Ga,1,2,12k_layer2_3,34,2.0983234538406164,Ga_O_10,"(0, 0, 0)"
4,group10_case2,Ga,2,3,12k_layer14_1,8,2.0983229791065865,Ga_O_10,"(0, 0, 0)"
4,group10_case2,Ga,2,3,12k_layer14_1,9,1.9254359958162917,Ga_O_04,"(0, 0, 0)"
4,group10_case2,Ga,2,3,12k_layer14_1,15,2.094827260093365,Ga_O_09,"(0, 0, 0)"
4,group10_case2,Ga,2,3,12k_layer14_1,20,1.9844560436631808,Ga_O_05,"(-1, -1, 0)"
4,group10_case2,Ga,2,3,12k_layer14_1,24,2.0983229796303986,Ga_O_10,"(-1, 0, 0)"
4,group10_case2,Ga,2,3,12k_layer14_1,30,1.9254359958162914,Ga_O_04,"(0, 0, 0)"
4,group10_case2,Ga,3,4,12k_layer2_2,7,1.984455956778905,Ga_O_05,"(0, -1, 0)"
4,group10_case2,Ga,3,4,12k_layer2_2,18,1.9254355763634932,Ga_O_04,"(0, 0, 0)"
4,group10_case2,Ga,3,4,12k_layer2_2,25,1.925435575758716,Ga_O_04,"(0, 0, 0)"
4,group10_case2,Ga,3,4,12k_layer2_2,31,2.094827515170506,Ga_O_09,"(0, 0, 0)"
4,group10_case2,Ga,3,4,12k_layer2_2,32,2.0983234538709623,Ga_O_10,"(0, -1, 0)"
4,group10_case2,Ga,3,4,12k_layer2_2,34,2.098323454408184,Ga_O_10,"(1, 0, 0)"
4,group10_case2,Ga,4,5,12k_layer14_3,14,2.098322979539073,Ga_O_10,"(0, 0, 0)"
4,group10_case2,Ga,4,5,12k_layer14_3,15,2.094827383098975,Ga_O_09,"(0, 0, 0)"
4,group10_case2,Ga,4,5,12k_layer14_3,20,1.9844560439741377,Ga_O_05,"(0, 0, 0)"
4,group10_case2,Ga,4,5,12k_layer14_3,24,2.098322979658534,Ga_O_10,"(0, 1, 0)"
4,group10_case2,Ga,4,5,12k_layer14_3,27,1.925435983138288,Ga_O_04,"(0, 0, 0)"
4,group10_case2,Ga,4,5,12k_layer14_3,30,1.9254359955204852,Ga_O_04,"(0, 0, 0)"
4,group10_case2,Ga,5,6,12k_layer10_2,5,1.9254359120300575,Ga_O_04,"(0, 0, 0)"
4,group10_case2,Ga,5,6,12k_layer10_2,12,1.98445595738215,Ga_O_05,"(-1, 0, 0)"
4,group10_case2,Ga,5,6,12k_layer10_2,17,2.094827514410795,Ga_O_09,"(0, 0, 0)"
4,group10_case2,Ga,5,6,12k_layer10_2,22,2.0983230321761726,Ga_O_10,"(-1, 0, 0)"
4,group10_case2,Ga,5,6,12k_layer10_2,26,2.0983230324265865,Ga_O_10,"(0, 1, 0)"
4,group10_case2,Ga,5,6,12k_layer10_2,33,1.9254359114895088,Ga_O_04,"(0, 0, 0)"
4,group10_case2,Ga,6,7,12k_layer6_2,3,2.0983234538709605,Ga_O_10,"(0, -1, 0)"
4,group10_case2,Ga,6,7,12k_layer6_2,4,1.9254355757587174,Ga_O_04,"(0, 0, 0)"
4,group10_case2,Ga,6,7,12k_layer6_2,6,1.9844559567789064,Ga_O_05,"(0, -1, 0)"
4,group10_case2,Ga,6,7,12k_layer6_2,13,2.0983234544081824,Ga_O_10,"(1, 0, 0)"
4,group10_case2,Ga,6,7,12k_layer6_2,19,2.0948275151705045,Ga_O_09,"(0, 0, 0)"
4,group10_case2,Ga,6,7,12k_layer6_2,38,1.9254355763634945,Ga_O_04,"(0, 0, 0)"
4,group10_case2,Ga,7,8,12k_layer6_1,3,2.0983234541175877,Ga_O_10,"(0, 0, 0)"
4,group10_case2,Ga,7,8,12k_layer6_1,6,1.9844559569613607,Ga_O_05,"(0, 0, 0)"
4,group10_case2,Ga,7,8,12k_layer6_1,19,2.0948276379027013,Ga_O_09,"(0, 0, 0)"
4,group10_case2,Ga,7,8,12k_layer6_1,28,1.9254355756093047,Ga_O_04,"(0, 0, 0)"
4,group10_case2,Ga,7,8,12k_layer6_1,36,2.0983234546414,Ga_O_10,"(1, 0, 0)"
4,group10_case2,Ga,7,8,12k_layer6_1,38,1.925435563604001,Ga_O_04,"(0, 0, 0)"
4,group10_case2,Cr,2,9,12k_layer14_2,8,2.098322979647595,Cr_O_10,"(0, 1, 0)"
4,group10_case2,Cr,2,9,12k_layer14_2,9,1.9254359955309297,Cr_O_04,"(0, 0, 0)"
4,group10_case2,Cr,2,9,12k_layer14_2,14,2.098322979397181,Cr_O_10,"(-1, 0, 0)"
4,group10_case2,Cr,2,9,12k_layer14_2,15,2.094827260728784,Cr_O_09,"(0, 0, 0)"
4,group10_case2,Cr,2,9,12k_layer14_2,20,1.9844560438241048,Cr_O_05,"(-1, 0, 0)"
4,group10_case2,Cr,2,9,12k_layer14_2,27,1.9254359960714784,Cr_O_04,"(0, 0, 0)"
4,group10_case2,Ga,8,10,2a_layer16,8,1.9948520249218649,Ga_O_07,"(1, 1, 0)"
4,group10_case2,Ga,8,10,2a_layer16,14,1.9948520252426432,Ga_O_07,"(0, 0, 0)"
4,group10_case2,Ga,8,10,2a_layer16,24,1.9948520249218644,Ga_O_07,"(0, 1, 0)"
4,group10_case2,Ga,8,10,2a_layer16,29,1.9948516604791149,Ga_O_07,"(1, 0, 1)"
4,group10_case2,Ga,8,10,2a_layer16,32,1.9948516599281325,Ga_O_07,"(0, 0, 1)"
4,group10_case2,Ga,8,10,2a_layer16,34,1.994851660087002,Ga_O_07,"(1, 1, 1)"
4,group10_case2,Ga,9,11,12k_layer10_3,1,1.9254359114790642,Ga_O_04,"(0, 0, 0)"
4,group10_case2,Ga,9,11,12k_layer10_3,5,1.9254358990968665,Ga_O_04,"(0, 0, 0)"
4,group10_case2,Ga,9,11,12k_layer10_3,11,2.0983230324375253,Ga_O_10,"(0, 1, 0)"
4,group10_case2,Ga,9,11,12k_layer10_3,12,1.9844559575321832,Ga_O_05,"(0, 0, 0)"
4,group10_case2,Ga,9,11,12k_layer10_3,17,2.094827636780971,Ga_O_09,"(0, 0, 0)"
4,group10_case2,Ga,9,11,12k_layer10_3,22,2.0983230323180644,Ga_O_10,"(0, 0, 0)"
4,group10_case2,Ga,10,12,12k_layer10_1,1,1.9254359117748707,Ga_O_04,"(0, 0, 0)"
4,group10_case2,Ga,10,12,12k_layer10_1,11,2.0983230324093904,Ga_O_10,"(-1, 0, 0)"
4,group10_case2,Ga,10,12,12k_layer10_1,12,1.9844559572212264,Ga_O_05,"(-1, -1, 0)"
4,group10_case2,Ga,10,12,12k_layer10_1,17,2.0948275137753765,Ga_O_09,"(0, 0, 0)"
4,group10_case2,Ga,10,12,12k_layer10_1,26,2.098323031885578,Ga_O_10,"(0, 0, 0)"
4,group10_case2,Ga,10,12,12k_layer10_1,33,1.9254359117748707,Ga_O_04,"(0, 0, 0)"
4,group10_case2,Ga,11,13,12k_layer2_1,7,1.9844559569613596,Ga_O_05,"(0, 0, 0)"
4,group10_case2,Ga,11,13,12k_layer2_1,18,1.925435563604,Ga_O_04,"(0, 0, 0)"
4,group10_case2,Ga,11,13,12k_layer2_1,21,1.9254355756093033,Ga_O_04,"(0, 0, 0)"
4,group10_case2,Ga,11,13,12k_layer2_1,29,2.0983234546414016,Ga_O_10,"(1, 0, 0)"
4,group10_case2,Ga,11,13,12k_layer2_1,31,2.0948276379027027,Ga_O_09,"(0, 0, 0)"
4,group10_case2,Ga,11,13,12k_layer2_1,32,2.0983234541175895,Ga_O_10,"(0, 0, 0)"
4,group10_case2,Ga,12,14,2b_layer12,10,1.8700732788205217,Ga_O_01,"(0, 1, 0)"
4,group10_case2,Ga,12,14,2b_layer12,12,2.2779384420000004,Ga_O_11,"(0, 0, 0)"
4,group10_case2,Ga,12,14,2b_layer12,20,2.2779384410000003,Ga_O_11,"(0, 0, 0)"
4,group10_case2,Ga,12,14,2b_layer12,23,1.870073507451236,Ga_O_01,"(1, 1, 0)"
4,group10_case2,Ga,12,14,2b_layer12,37,1.870073355,Ga_O_01,"(0, 0, 0)"
4,group10_case2,Cr,3,15,2a_layer8,3,1.9948516601706343,Cr_O_07,"(0, 0, 0)"
4,group10_case2,Cr,3,15,2a_layer8,11,1.9948520770594027,Cr_O_07,"(0, 1, 0)"
4,group10_case2,Cr,3,15,2a_layer8,13,1.994851660329504,Cr_O_07,"(1, 1, 0)"
4,group10_case2,Cr,3,15,2a_layer8,22,1.9948520773801812,Cr_O_07,"(0, 0, 0)"
4,group10_case2,Cr,3,15,2a_layer8,26,1.9948520770594032,Cr_O_07,"(1, 1, 0)"
4,group10_case2,Cr,3,15,2a_layer8,36,1.9948516607216167,Cr_O_07,"(1, 0, 0)"
4,group10_case2,Ga,13,16,2b_layer4,2,1.8700732794118144,Ga_O_01,"(1, 0, 0)"
4,group10_case2,Ga,13,16,2b_layer4,6,2.277938441000001,Ga_O_11,"(0, 0, 0)"
4,group10_case2,Ga,13,16,2b_layer4,7,2.2779384420000004,Ga_O_11,"(0, 0, 0)"
4,group10_case2,Ga,13,16,2b_layer4,16,1.8700735073000085,Ga_O_01,"(1, 1, 0)"
4,group10_case2,Ga,13,16,2b_layer4,35,1.870073355795254,Ga_O_01,"(0, 0, 0)"
4,group10_case2,Ga,14,17,4f1_layer9,11,1.9084361294606749,Ga_O_02,"(0, 0, 0)"
4,group10_case2,Ga,14,17,4f1_layer9,19,1.9091270429999996,Ga_O_03,"(0, 0, 0)"
4,group10_case2,Ga,14,17,4f1_layer9,22,1.9084362745505044,Ga_O_02,"(0, 0, 0)"
4,group10_case2,Ga,14,17,4f1_layer9,26,1.9084361294606744,Ga_O_02,"(0, 0, 0)"
4,group10_case2,Ga,15,18,4f2_layer11,1,1.9849917587865524,Ga_O_06,"(0, 0, 0)"
4,group10_case2,Ga,15,18,4f2_layer11,5,1.9849916384047732,Ga_O_06,"(0, -1, 0)"
4,group10_case2,Ga,15,18,4f2_layer11,10,2.0663776487443304,Ga_O_08,"(0, 0, 0)"
4,group10_case2,Ga,15,18,4f2_layer11,23,2.0663774783167193,Ga_O_08,"(0, 0, 0)"
4,group10_case2,Ga,15,18,4f2_layer11,33,1.9849917593946298,Ga_O_06,"(1, 0, 0)"
4,group10_case2,Ga,15,18,4f2_layer11,37,2.0663777054221355,Ga_O_08,"(0, 0, 0)"
4,group10_case2,Ga,16,19,4f2_layer3,2,2.0663771907209756,Ga_O_08,"(0, 0, 0)"
4,group10_case2,Ga,16,19,4f2_layer3,16,2.066377020121716,Ga_O_08,"(0, 0, 0)"
4,group10_case2,Ga,16,19,4f2_layer3,18,1.9849922964805824,Ga_O_06,"(-1, 0, 0)"
4,group10_case2,Ga,16,19,4f2_layer3,21,1.9849924174878968,Ga_O_06,"(0, 0, 0)"
4,group10_case2,Ga,16,19,4f2_layer3,25,1.9849924184808014,Ga_O_06,"(0, 1, 0)"
4,group10_case2,Ga,16,19,4f2_layer3,35,2.066377246884635,Ga_O_08,"(0, 0, 0)"
4,group10_case2,Ga,17,20,4f1_layer7,3,1.9084360732701862,Ga_O_02,"(0, 0, 0)"
4,group10_case2,Ga,17,20,4f1_layer7,13,1.9084359271385227,Ga_O_02,"(0, 0, 0)"
4,group10_case2,Ga,17,20,4f1_layer7,17,1.909127043000001,Ga_O_03,"(0, 0, 0)"
4,group10_case2,Ga,17,20,4f1_layer7,36,1.9084359275969722,Ga_O_02,"(0, 0, 0)"
4,group10_case2,Cr,4,21,4f2_layer5,2,2.0663771900543897,Cr_O_08,"(0, 0, 0)"
4,group10_case2,Cr,4,21,4f2_layer5,4,1.9849924184808014,Cr_O_06,"(0, 1, 0)"
4,group10_case2,Cr,4,21,4f2_layer5,16,2.0663770194551296,Cr_O_08,"(0, 0, 0)"
4,group10_case2,Cr,4,21,4f2_layer5,28,1.9849924174878968,Cr_O_06,"(0, 0, 0)"
4,group10_case2,Cr,4,21,4f2_layer5,35,2.0663772462180487,Cr_O_08,"(0, 0, 0)"
4,group10_case2,Cr,4,21,4f2_layer5,38,1.9849922964805824,Cr_O_06,"(-1, 0, 0)"
4,group10_case2,Ga,18,22,4f1_layer1,15,1.9091273005999965,Ga_O_03,"(0, 0, -1)"
4,group10_case2,Ga,18,22,4f1_layer1,29,1.9084359275969722,Ga_O_02,"(0, 0, 0)"
4,group10_case2,Ga,18,22,4f1_layer1,32,1.9084360732701862,Ga_O_02,"(0, 0, 0)"
4,group10_case2,Ga,18,22,4f1_layer1,34,1.9084359271385227,Ga_O_02,"(0, 0, 0)"
4,group10_case2,Ga,19,23,4f2_layer13,9,1.9849917593946296,Ga_O_06,"(1, 0, 0)"
4,group10_case2,Ga,19,23,4f2_layer13,10,2.0663776487443317,Ga_O_08,"(0, 0, 0)"
4,group10_case2,Ga,19,23,4f2_layer13,23,2.0663774783167206,Ga_O_08,"(0, 0, 0)"
4,group10_case2,Ga,19,23,4f2_layer13,27,1.984991638404773,Ga_O_06,"(0, -1, 0)"
4,group10_case2,Ga,19,23,4f2_layer13,30,1.984991758786552,Ga_O_06,"(0, 0, 0)"
4,group10_case2,Ga,19,23,4f2_layer13,37,2.066377705422137,Ga_O_08,"(0, 0, 0)"
4,group10_case2,Ga,20,24,4f1_layer15,8,1.9084361547650497,Ga_O_02,"(0, 0, 0)"
4,group10_case2,Ga,20,24,4f1_layer15,14,1.9084362998548778,Ga_O_02,"(0, 0, 0)"
4,group10_case2,Ga,20,24,4f1_layer15,24,1.9084361547650501,Ga_O_02,"(0, 0, 0)"
4,group10_case2,Ga,20,24,4f1_layer15,31,1.9091268705999949,Ga_O_03,"(0, 0, 1)"
4,group12,Sr,1,,,2,2.958098043228469,Sr_O_02,"(0, -1, 0)"
4,group12,Sr,1,,,4,2.864579795118219,Sr_O_01,"(0, 0, 0)"
4,group12,Sr,1,,,16,2.9580979326637595,Sr_O_02,"(1, 0, 0)"
4,group12,Sr,1,,,18,2.8645798765734263,Sr_O_01,"(0, 0, 0)"
4,group12,Sr,1,,,21,2.864579884642825,Sr_O_01,"(0, 0, 0)"
4,group12,Sr,1,,,25,2.8645797959311503,Sr_O_01,"(0, 0, 0)"
4,group12,Sr,1,,,28,2.864579883829894,Sr_O_01,"(0, 0, 0)"
4,group12,Sr,1,,,35,2.95809800345424,Sr_O_02,"(0, -1, 0)"
4,group12,Sr,1,,,38,2.8645798757604948,Sr_O_01,"(0, 0, 0)"
4,group12,Sr,2,,,1,2.8645793251769454,Sr_O_01,"(0, 0, 0)"
4,group12,Sr,2,,,5,2.8645793169995204,Sr_O_01,"(0, 0, 0)"
4,group12,Sr,2,,,9,2.8645792364135385,Sr_O_01,"(0, 0, 0)"
4,group12,Sr,2,,,10,2.9580980427214705,Sr_O_02,"(-1, 0, 0)"
4,group12,Sr,2,,,23,2.95809793284463,Sr_O_02,"(0, 1, 0)"
4,group12,Sr,2,,,27,2.8645793169995213,Sr_O_01,"(0, 0, 0)"
4,group12,Sr,2,,,30,2.8645793251769462,Sr_O_01,"(0, 0, 0)"
4,group12,Sr,2,,,33,2.864579236413537,Sr_O_01,"(0, 0, 0)"
4,group12,Sr,2,,,37,2.9580980035278155,Sr_O_02,"(-1, 0, 0)"
4,group12,Ga,1,1,12k_layer6_3,4,1.9254355757587174,Ga_O_04,"(0, 0, 0)"
4,group12,Ga,1,1,12k_layer6_3,6,1.9844559567789057,Ga_O_05,"(-1, -1, 0)"
4,group12,Ga,1,1,12k_layer6_3,13,2.0983234538406146,Ga_O_10,"(0, 0, 0)"
4,group12,Ga,1,1,12k_layer6_3,19,2.094827515170505,Ga_O_09,"(0, 0, 0)"
4,group12,Ga,1,1,12k_layer6_3,28,1.925435576196381,Ga_O_04,"(0, 0, 0)"
4,group12,Ga,1,1,12k_layer6_3,36,2.0983234538272053,Ga_O_10,"(0, -1, 0)"
4,group12,Ga,2,2,12k_layer2_3,7,1.9844559567789046,Ga_O_05,"(-1, -1, 0)"
4,group12,Ga,2,2,12k_layer2_3,21,1.9254355761963797,Ga_O_04,"(0, 0, 0)"
4,group12,Ga,2,2,12k_layer2_3,25,1.9254355757587163,Ga_O_04,"(0, 0, 0)"
4,group12,Ga,2,2,12k_layer2_3,29,2.098323453827207,Ga_O_10,"(0, -1, 0)"
4,group12,Ga,2,2,12k_layer2_3,31,2.0948275151705062,Ga_O_09,"(0, 0, 0)"
4,group12,Ga,2,2,12k_layer2_3,34,2.0983234538406164,Ga_O_10,"(0, 0, 0)"
4,group12,Ga,3,3,12k_layer14_1,8,2.0983229791065865,Ga_O_10,"(0, 0, 0)"
4,group12,Ga,3,3,12k_layer14_1,9,1.9254359958162917,Ga_O_04,"(0, 0, 0)"
4,group12,Ga,3,3,12k_layer14_1,15,2.094827260093365,Ga_O_09,"(0, 0, 0)"
4,group12,Ga,3,3,12k_layer14_1,20,1.9844560436631808,Ga_O_05,"(-1, -1, 0)"
4,group12,Ga,3,3,12k_layer14_1,24,2.0983229796303986,Ga_O_10,"(-1, 0, 0)"
4,group12,Ga,3,3,12k_layer14_1,30,1.9254359958162914,Ga_O_04,"(0, 0, 0)"
4,group12,Ga,4,4,12k_layer2_2,7,1.984455956778905,Ga_O_05,"(0, -1, 0)"
4,group12,Ga,4,4,12k_layer2_2,18,1.9254355763634932,Ga_O_04,"(0, 0, 0)"
4,group12,Ga,4,4,12k_layer2_2,25,1.925435575758716,Ga_O_04,"(0, 0, 0)"
4,group12,Ga,4,4,12k_layer2_2,31,2.094827515170506,Ga_O_09,"(0, 0, 0)"
4,group12,Ga,4,4,12k_layer2_2,32,2.0983234538709623,Ga_O_10,"(0, -1, 0)"
4,group12,Ga,4,4,12k_layer2_2,34,2.098323454408184,Ga_O_10,"(1, 0, 0)"
4,group12,Ga,5,5,12k_layer14_3,14,2.098322979539073,Ga_O_10,"(0, 0, 0)"
4,group12,Ga,5,5,12k_layer14_3,15,2.094827383098975,Ga_O_09,"(0, 0, 0)"
4,group12,Ga,5,5,12k_layer14_3,20,1.9844560439741377,Ga_O_05,"(0, 0, 0)"
4,group12,Ga,5,5,12k_layer14_3,24,2.098322979658534,Ga_O_10,"(0, 1, 0)"
4,group12,Ga,5,5,12k_layer14_3,27,1.925435983138288,Ga_O_04,"(0, 0, 0)"
4,group12,Ga,5,5,12k_layer14_3,30,1.9254359955204852,Ga_O_04,"(0, 0, 0)"
4,group12,Ga,6,6,12k_layer10_2,5,1.9254359120300575,Ga_O_04,"(0, 0, 0)"
4,group12,Ga,6,6,12k_layer10_2,12,1.98445595738215,Ga_O_05,"(-1, 0, 0)"
4,group12,Ga,6,6,12k_layer10_2,17,2.094827514410795,Ga_O_09,"(0, 0, 0)"
4,group12,Ga,6,6,12k_layer10_2,22,2.0983230321761726,Ga_O_10,"(-1, 0, 0)"
4,group12,Ga,6,6,12k_layer10_2,26,2.0983230324265865,Ga_O_10,"(0, 1, 0)"
4,group12,Ga,6,6,12k_layer10_2,33,1.9254359114895088,Ga_O_04,"(0, 0, 0)"
4,group12,Ga,7,7,12k_layer6_2,3,2.0983234538709605,Ga_O_10,"(0, -1, 0)"
4,group12,Ga,7,7,12k_layer6_2,4,1.9254355757587174,Ga_O_04,"(0, 0, 0)"
4,group12,Ga,7,7,12k_layer6_2,6,1.9844559567789064,Ga_O_05,"(0, -1, 0)"
4,group12,Ga,7,7,12k_layer6_2,13,2.0983234544081824,Ga_O_10,"(1, 0, 0)"
4,group12,Ga,7,7,12k_layer6_2,19,2.0948275151705045,Ga_O_09,"(0, 0, 0)"
4,group12,Ga,7,7,12k_layer6_2,38,1.9254355763634945,Ga_O_04,"(0, 0, 0)"
4,group12,Ga,8,8,12k_layer6_1,3,2.0983234541175877,Ga_O_10,"(0, 0, 0)"
4,group12,Ga,8,8,12k_layer6_1,6,1.9844559569613607,Ga_O_05,"(0, 0, 0)"
4,group12,Ga,8,8,12k_layer6_1,19,2.0948276379027013,Ga_O_09,"(0, 0, 0)"
4,group12,Ga,8,8,12k_layer6_1,28,1.9254355756093047,Ga_O_04,"(0, 0, 0)"
4,group12,Ga,8,8,12k_layer6_1,36,2.0983234546414,Ga_O_10,"(1, 0, 0)"
4,group12,Ga,8,8,12k_layer6_1,38,1.925435563604001,Ga_O_04,"(0, 0, 0)"
4,group12,Ga,9,9,12k_layer14_2,8,2.098322979647595,Ga_O_10,"(0, 1, 0)"
4,group12,Ga,9,9,12k_layer14_2,9,1.9254359955309297,Ga_O_04,"(0, 0, 0)"
4,group12,Ga,9,9,12k_layer14_2,14,2.098322979397181,Ga_O_10,"(-1, 0, 0)"
4,group12,Ga,9,9,12k_layer14_2,15,2.094827260728784,Ga_O_09,"(0, 0, 0)"
4,group12,Ga,9,9,12k_layer14_2,20,1.9844560438241048,Ga_O_05,"(-1, 0, 0)"
4,group12,Ga,9,9,12k_layer14_2,27,1.9254359960714784,Ga_O_04,"(0, 0, 0)"
4,group12,Cr,1,10,2a_layer16,8,1.9948520249218649,Cr_O_07,"(1, 1, 0)"
4,group12,Cr,1,10,2a_layer16,14,1.9948520252426432,Cr_O_07,"(0, 0, 0)"
4,group12,Cr,1,10,2a_layer16,24,1.9948520249218644,Cr_O_07,"(0, 1, 0)"
4,group12,Cr,1,10,2a_layer16,29,1.9948516604791149,Cr_O_07,"(1, 0, 1)"
4,group12,Cr,1,10,2a_layer16,32,1.9948516599281325,Cr_O_07,"(0, 0, 1)"
4,group12,Cr,1,10,2a_layer16,34,1.994851660087002,Cr_O_07,"(1, 1, 1)"
4,group12,Ga,10,11,12k_layer10_3,1,1.9254359114790642,Ga_O_04,"(0, 0, 0)"
4,group12,Ga,10,11,12k_layer10_3,5,1.9254358990968665,Ga_O_04,"(0, 0, 0)"
4,group12,Ga,10,11,12k_layer10_3,11,2.0983230324375253,Ga_O_10,"(0, 1, 0)"
4,group12,Ga,10,11,12k_layer10_3,12,1.9844559575321832,Ga_O_05,"(0, 0, 0)"
4,group12,Ga,10,11,12k_layer10_3,17,2.094827636780971,Ga_O_09,"(0, 0, 0)"
4,group12,Ga,10,11,12k_layer10_3,22,2.0983230323180644,Ga_O_10,"(0, 0, 0)"
4,group12,Ga,11,12,12k_layer10_1,1,1.9254359117748707,Ga_O_04,"(0, 0, 0)"
4,group12,Ga,11,12,12k_layer10_1,11,2.0983230324093904,Ga_O_10,"(-1, 0, 0)"
4,group12,Ga,11,12,12k_layer10_1,12,1.9844559572212264,Ga_O_05,"(-1, -1, 0)"
4,group12,Ga,11,12,12k_layer10_1,17,2.0948275137753765,Ga_O_09,"(0, 0, 0)"
4,group12,Ga,11,12,12k_layer10_1,26,2.098323031885578,Ga_O_10,"(0, 0, 0)"
4,group12,Ga,11,12,12k_layer10_1,33,1.9254359117748707,Ga_O_04,"(0, 0, 0)"
4,group12,Ga,12,13,12k_layer2_1,7,1.9844559569613596,Ga_O_05,"(0, 0, 0)"
4,group12,Ga,12,13,12k_layer2_1,18,1.925435563604,Ga_O_04,"(0, 0, 0)"
4,group12,Ga,12,13,12k_layer2_1,21,1.9254355756093033,Ga_O_04,"(0, 0, 0)"
4,group12,Ga,12,13,12k_layer2_1,29,2.0983234546414016,Ga_O_10,"(1, 0, 0)"
4,group12,Ga,12,13,12k_layer2_1,31,2.0948276379027027,Ga_O_09,"(0, 0, 0)"
4,group12,Ga,12,13,12k_layer2_1,32,2.0983234541175895,Ga_O_10,"(0, 0, 0)"
4,group12,Cr,2,14,2b_layer12,10,1.8700732788205217,Cr_O_01,"(0, 1, 0)"
4,group12,Cr,2,14,2b_layer12,12,2.2779384420000004,Cr_O_11,"(0, 0, 0)"
4,group12,Cr,2,14,2b_layer12,20,2.2779384410000003,Cr_O_11,"(0, 0, 0)"
4,group12,Cr,2,14,2b_layer12,23,1.870073507451236,Cr_O_01,"(1, 1, 0)"
4,group12,Cr,2,14,2b_layer12,37,1.870073355,Cr_O_01,"(0, 0, 0)"
4,group12,Cr,3,15,2a_layer8,3,1.9948516601706343,Cr_O_07,"(0, 0, 0)"
4,group12,Cr,3,15,2a_layer8,11,1.9948520770594027,Cr_O_07,"(0, 1, 0)"
4,group12,Cr,3,15,2a_layer8,13,1.994851660329504,Cr_O_07,"(1, 1, 0)"
4,group12,Cr,3,15,2a_layer8,22,1.9948520773801812,Cr_O_07,"(0, 0, 0)"
4,group12,Cr,3,15,2a_layer8,26,1.9948520770594032,Cr_O_07,"(1, 1, 0)"
4,group12,Cr,3,15,2a_layer8,36,1.9948516607216167,Cr_O_07,"(1, 0, 0)"
4,group12,Cr,4,16,2b_layer4,2,1.8700732794118144,Cr_O_01,"(1, 0, 0)"
4,group12,Cr,4,16,2b_layer4,6,2.277938441000001,Cr_O_11,"(0, 0, 0)"
4,group12,Cr,4,16,2b_layer4,7,2.2779384420000004,Cr_O_11,"(0, 0, 0)"
4,group12,Cr,4,16,2b_layer4,16,1.8700735073000085,Cr_O_01,"(1, 1, 0)"
4,group12,Cr,4,16,2b_layer4,35,1.870073355795254,Cr_O_01,"(0, 0, 0)"
4,group12,Ga,13,17,4f1_layer9,11,1.9084361294606749,Ga_O_02,"(0, 0, 0)"
4,group12,Ga,13,17,4f1_layer9,19,1.9091270429999996,Ga_O_03,"(0, 0, 0)"
4,group12,Ga,13,17,4f1_layer9,22,1.9084362745505044,Ga_O_02,"(0, 0, 0)"
4,group12,Ga,13,17,4f1_layer9,26,1.9084361294606744,Ga_O_02,"(0, 0, 0)"
4,group12,Ga,14,18,4f2_layer11,1,1.9849917587865524,Ga_O_06,"(0, 0, 0)"
4,group12,Ga,14,18,4f2_layer11,5,1.9849916384047732,Ga_O_06,"(0, -1, 0)"
4,group12,Ga,14,18,4f2_layer11,10,2.0663776487443304,Ga_O_08,"(0, 0, 0)"
4,group12,Ga,14,18,4f2_layer11,23,2.0663774783167193,Ga_O_08,"(0, 0, 0)"
4,group12,Ga,14,18,4f2_layer11,33,1.9849917593946298,Ga_O_06,"(1, 0, 0)"
4,group12,Ga,14,18,4f2_layer11,37,2.0663777054221355,Ga_O_08,"(0, 0, 0)"
4,group12,Ga,15,19,4f2_layer3,2,2.0663771907209756,Ga_O_08,"(0, 0, 0)"
4,group12,Ga,15,19,4f2_layer3,16,2.066377020121716,Ga_O_08,"(0, 0, 0)"
4,group12,Ga,15,19,4f2_layer3,18,1.9849922964805824,Ga_O_06,"(-1, 0, 0)"
4,group12,Ga,15,19,4f2_layer3,21,1.9849924174878968,Ga_O_06,"(0, 0, 0)"
4,group12,Ga,15,19,4f2_layer3,25,1.9849924184808014,Ga_O_06,"(0, 1, 0)"
4,group12,Ga,15,19,4f2_layer3,35,2.066377246884635,Ga_O_08,"(0, 0, 0)"
4,group12,Ga,16,20,4f1_layer7,3,1.9084360732701862,Ga_O_02,"(0, 0, 0)"
4,group12,Ga,16,20,4f1_layer7,13,1.9084359271385227,Ga_O_02,"(0, 0, 0)"
4,group12,Ga,16,20,4f1_layer7,17,1.909127043000001,Ga_O_03,"(0, 0, 0)"
4,group12,Ga,16,20,4f1_layer7,36,1.9084359275969722,Ga_O_02,"(0, 0, 0)"
4,group12,Ga,17,21,4f2_layer5,2,2.0663771900543897,Ga_O_08,"(0, 0, 0)"
4,group12,Ga,17,21,4f2_layer5,4,1.9849924184808014,Ga_O_06,"(0, 1, 0)"
4,group12,Ga,17,21,4f2_layer5,16,2.0663770194551296,Ga_O_08,"(0, 0, 0)"
4,group12,Ga,17,21,4f2_layer5,28,1.9849924174878968,Ga_O_06,"(0, 0, 0)"
4,group12,Ga,17,21,4f2_layer5,35,2.0663772462180487,Ga_O_08,"(0, 0, 0)"
4,group12,Ga,17,21,4f2_layer5,38,1.9849922964805824,Ga_O_06,"(-1, 0, 0)"
4,group12,Ga,18,22,4f1_layer1,15,1.9091273005999965,Ga_O_03,"(0, 0, -1)"
4,group12,Ga,18,22,4f1_layer1,29,1.9084359275969722,Ga_O_02,"(0, 0, 0)"
4,group12,Ga,18,22,4f1_layer1,32,1.9084360732701862,Ga_O_02,"(0, 0, 0)"
4,group12,Ga,18,22,4f1_layer1,34,1.9084359271385227,Ga_O_02,"(0, 0, 0)"
4,group12,Ga,19,23,4f2_layer13,9,1.9849917593946296,Ga_O_06,"(1, 0, 0)"
4,group12,Ga,19,23,4f2_layer13,10,2.0663776487443317,Ga_O_08,"(0, 0, 0)"
4,group12,Ga,19,23,4f2_layer13,23,2.0663774783167206,Ga_O_08,"(0, 0, 0)"
4,group12,Ga,19,23,4f2_layer13,27,1.984991638404773,Ga_O_06,"(0, -1, 0)"
4,group12,Ga,19,23,4f2_layer13,30,1.984991758786552,Ga_O_06,"(0, 0, 0)"
4,group12,Ga,19,23,4f2_layer13,37,2.066377705422137,Ga_O_08,"(0, 0, 0)"
4,group12,Ga,20,24,4f1_layer15,8,1.9084361547650497,Ga_O_02,"(0, 0, 0)"
4,group12,Ga,20,24,4f1_layer15,14,1.9084362998548778,Ga_O_02,"(0, 0, 0)"
4,group12,Ga,20,24,4f1_layer15,24,1.9084361547650501,Ga_O_02,"(0, 0, 0)"
4,group12,Ga,20,24,4f1_layer15,31,1.9091268705999949,Ga_O_03,"(0, 0, 1)"
4,group14,Sr,1,,,2,2.958098043228469,Sr_O_02,"(0, -1, 0)"
4,group14,Sr,1,,,4,2.864579795118219,Sr_O_01,"(0, 0, 0)"
4,group14,Sr,1,,,16,2.9580979326637595,Sr_O_02,"(1, 0, 0)"
4,group14,Sr,1,,,18,2.8645798765734263,Sr_O_01,"(0, 0, 0)"
4,group14,Sr,1,,,21,2.864579884642825,Sr_O_01,"(0, 0, 0)"
4,group14,Sr,1,,,25,2.8645797959311503,Sr_O_01,"(0, 0, 0)"
4,group14,Sr,1,,,28,2.864579883829894,Sr_O_01,"(0, 0, 0)"
4,group14,Sr,1,,,35,2.95809800345424,Sr_O_02,"(0, -1, 0)"
4,group14,Sr,1,,,38,2.8645798757604948,Sr_O_01,"(0, 0, 0)"
4,group14,Sr,2,,,1,2.8645793251769454,Sr_O_01,"(0, 0, 0)"
4,group14,Sr,2,,,5,2.8645793169995204,Sr_O_01,"(0, 0, 0)"
4,group14,Sr,2,,,9,2.8645792364135385,Sr_O_01,"(0, 0, 0)"
4,group14,Sr,2,,,10,2.9580980427214705,Sr_O_02,"(-1, 0, 0)"
4,group14,Sr,2,,,23,2.95809793284463,Sr_O_02,"(0, 1, 0)"
4,group14,Sr,2,,,27,2.8645793169995213,Sr_O_01,"(0, 0, 0)"
4,group14,Sr,2,,,30,2.8645793251769462,Sr_O_01,"(0, 0, 0)"
4,group14,Sr,2,,,33,2.864579236413537,Sr_O_01,"(0, 0, 0)"
4,group14,Sr,2,,,37,2.9580980035278155,Sr_O_02,"(-1, 0, 0)"
4,group14,Ga,1,1,12k_layer6_3,4,1.9254355757587174,Ga_O_04,"(0, 0, 0)"
4,group14,Ga,1,1,12k_layer6_3,6,1.9844559567789057,Ga_O_05,"(-1, -1, 0)"
4,group14,Ga,1,1,12k_layer6_3,13,2.0983234538406146,Ga_O_10,"(0, 0, 0)"
4,group14,Ga,1,1,12k_layer6_3,19,2.094827515170505,Ga_O_09,"(0, 0, 0)"
4,group14,Ga,1,1,12k_layer6_3,28,1.925435576196381,Ga_O_04,"(0, 0, 0)"
4,group14,Ga,1,1,12k_layer6_3,36,2.0983234538272053,Ga_O_10,"(0, -1, 0)"
4,group14,Ga,2,2,12k_layer2_3,7,1.9844559567789046,Ga_O_05,"(-1, -1, 0)"
4,group14,Ga,2,2,12k_layer2_3,21,1.9254355761963797,Ga_O_04,"(0, 0, 0)"
4,group14,Ga,2,2,12k_layer2_3,25,1.9254355757587163,Ga_O_04,"(0, 0, 0)"
4,group14,Ga,2,2,12k_layer2_3,29,2.098323453827207,Ga_O_10,"(0, -1, 0)"
4,group14,Ga,2,2,12k_layer2_3,31,2.0948275151705062,Ga_O_09,"(0, 0, 0)"
4,group14,Ga,2,2,12k_layer2_3,34,2.0983234538406164,Ga_O_10,"(0, 0, 0)"
4,group14,Ga,3,3,12k_layer14_1,8,2.0983229791065865,Ga_O_10,"(0, 0, 0)"
4,group14,Ga,3,3,12k_layer14_1,9,1.9254359958162917,Ga_O_04,"(0, 0, 0)"
4,group14,Ga,3,3,12k_layer14_1,15,2.094827260093365,Ga_O_09,"(0, 0, 0)"
4,group14,Ga,3,3,12k_layer14_1,20,1.9844560436631808,Ga_O_05,"(-1, -1, 0)"
4,group14,Ga,3,3,12k_layer14_1,24,2.0983229796303986,Ga_O_10,"(-1, 0, 0)"
4,group14,Ga,3,3,12k_layer14_1,30,1.9254359958162914,Ga_O_04,"(0, 0, 0)"
4,group14,Ga,4,4,12k_layer2_2,7,1.984455956778905,Ga_O_05,"(0, -1, 0)"
4,group14,Ga,4,4,12k_layer2_2,18,1.9254355763634932,Ga_O_04,"(0, 0, 0)"
4,group14,Ga,4,4,12k_layer2_2,25,1.925435575758716,Ga_O_04,"(0, 0, 0)"
4,group14,Ga,4,4,12k_layer2_2,31,2.094827515170506,Ga_O_09,"(0, 0, 0)"
4,group14,Ga,4,4,12k_layer2_2,32,2.0983234538709623,Ga_O_10,"(0, -1, 0)"
4,group14,Ga,4,4,12k_layer2_2,34,2.098323454408184,Ga_O_10,"(1, 0, 0)"
4,group14,Ga,5,5,12k_layer14_3,14,2.098322979539073,Ga_O_10,"(0, 0, 0)"
4,group14,Ga,5,5,12k_layer14_3,15,2.094827383098975,Ga_O_09,"(0, 0, 0)"
4,group14,Ga,5,5,12k_layer14_3,20,1.9844560439741377,Ga_O_05,"(0, 0, 0)"
4,group14,Ga,5,5,12k_layer14_3,24,2.098322979658534,Ga_O_10,"(0, 1, 0)"
4,group14,Ga,5,5,12k_layer14_3,27,1.925435983138288,Ga_O_04,"(0, 0, 0)"
4,group14,Ga,5,5,12k_layer14_3,30,1.9254359955204852,Ga_O_04,"(0, 0, 0)"
4,group14,Ga,6,6,12k_layer10_2,5,1.9254359120300575,Ga_O_04,"(0, 0, 0)"
4,group14,Ga,6,6,12k_layer10_2,12,1.98445595738215,Ga_O_05,"(-1, 0, 0)"
4,group14,Ga,6,6,12k_layer10_2,17,2.094827514410795,Ga_O_09,"(0, 0, 0)"
4,group14,Ga,6,6,12k_layer10_2,22,2.0983230321761726,Ga_O_10,"(-1, 0, 0)"
4,group14,Ga,6,6,12k_layer10_2,26,2.0983230324265865,Ga_O_10,"(0, 1, 0)"
4,group14,Ga,6,6,12k_layer10_2,33,1.9254359114895088,Ga_O_04,"(0, 0, 0)"
4,group14,Ga,7,7,12k_layer6_2,3,2.0983234538709605,Ga_O_10,"(0, -1, 0)"
4,group14,Ga,7,7,12k_layer6_2,4,1.9254355757587174,Ga_O_04,"(0, 0, 0)"
4,group14,Ga,7,7,12k_layer6_2,6,1.9844559567789064,Ga_O_05,"(0, -1, 0)"
4,group14,Ga,7,7,12k_layer6_2,13,2.0983234544081824,Ga_O_10,"(1, 0, 0)"
4,group14,Ga,7,7,12k_layer6_2,19,2.0948275151705045,Ga_O_09,"(0, 0, 0)"
4,group14,Ga,7,7,12k_layer6_2,38,1.9254355763634945,Ga_O_04,"(0, 0, 0)"
4,group14,Ga,8,8,12k_layer6_1,3,2.0983234541175877,Ga_O_10,"(0, 0, 0)"
4,group14,Ga,8,8,12k_layer6_1,6,1.9844559569613607,Ga_O_05,"(0, 0, 0)"
4,group14,Ga,8,8,12k_layer6_1,19,2.0948276379027013,Ga_O_09,"(0, 0, 0)"
4,group14,Ga,8,8,12k_layer6_1,28,1.9254355756093047,Ga_O_04,"(0, 0, 0)"
4,group14,Ga,8,8,12k_layer6_1,36,2.0983234546414,Ga_O_10,"(1, 0, 0)"
4,group14,Ga,8,8,12k_layer6_1,38,1.925435563604001,Ga_O_04,"(0, 0, 0)"
4,group14,Ga,9,9,12k_layer14_2,8,2.098322979647595,Ga_O_10,"(0, 1, 0)"
4,group14,Ga,9,9,12k_layer14_2,9,1.9254359955309297,Ga_O_04,"(0, 0, 0)"
4,group14,Ga,9,9,12k_layer14_2,14,2.098322979397181,Ga_O_10,"(-1, 0, 0)"
4,group14,Ga,9,9,12k_layer14_2,15,2.094827260728784,Ga_O_09,"(0, 0, 0)"
4,group14,Ga,9,9,12k_layer14_2,20,1.9844560438241048,Ga_O_05,"(-1, 0, 0)"
4,group14,Ga,9,9,12k_layer14_2,27,1.9254359960714784,Ga_O_04,"(0, 0, 0)"
4,group14,Ga,10,10,2a_layer16,8,1.9948520249218649,Ga_O_07,"(1, 1, 0)"
4,group14,Ga,10,10,2a_layer16,14,1.9948520252426432,Ga_O_07,"(0, 0, 0)"
4,group14,Ga,10,10,2a_layer16,24,1.9948520249218644,Ga_O_07,"(0, 1, 0)"
4,group14,Ga,10,10,2a_layer16,29,1.9948516604791149,Ga_O_07,"(1, 0, 1)"
4,group14,Ga,10,10,2a_layer16,32,1.9948516599281325,Ga_O_07,"(0, 0, 1)"
4,group14,Ga,10,10,2a_layer16,34,1.994851660087002,Ga_O_07,"(1, 1, 1)"
4,group14,Cr,1,11,12k_layer10_3,1,1.9254359114790642,Cr_O_04,"(0, 0, 0)"
4,group14,Cr,1,11,12k_layer10_3,5,1.9254358990968665,Cr_O_04,"(0, 0, 0)"
4,group14,Cr,1,11,12k_layer10_3,11,2.0983230324375253,Cr_O_10,"(0, 1, 0)"
4,group14,Cr,1,11,12k_layer10_3,12,1.9844559575321832,Cr_O_05,"(0, 0, 0)"
4,group14,Cr,1,11,12k_layer10_3,17,2.094827636780971,Cr_O_09,"(0, 0, 0)"
4,group14,Cr,1,11,12k_layer10_3,22,2.0983230323180644,Cr_O_10,"(0, 0, 0)"
4,group14,Ga,11,12,12k_layer10_1,1,1.9254359117748707,Ga_O_04,"(0, 0, 0)"
4,group14,Ga,11,12,12k_layer10_1,11,2.0983230324093904,Ga_O_10,"(-1, 0, 0)"
4,group14,Ga,11,12,12k_layer10_1,12,1.9844559572212264,Ga_O_05,"(-1, -1, 0)"
4,group14,Ga,11,12,12k_layer10_1,17,2.0948275137753765,Ga_O_09,"(0, 0, 0)"
4,group14,Ga,11,12,12k_layer10_1,26,2.098323031885578,Ga_O_10,"(0, 0, 0)"
4,group14,Ga,11,12,12k_layer10_1,33,1.9254359117748707,Ga_O_04,"(0, 0, 0)"
4,group14,Cr,2,13,12k_layer2_1,7,1.9844559569613596,Cr_O_05,"(0, 0, 0)"
4,group14,Cr,2,13,12k_layer2_1,18,1.925435563604,Cr_O_04,"(0, 0, 0)"
4,group14,Cr,2,13,12k_layer2_1,21,1.9254355756093033,Cr_O_04,"(0, 0, 0)"
4,group14,Cr,2,13,12k_layer2_1,29,2.0983234546414016,Cr_O_10,"(1, 0, 0)"
4,group14,Cr,2,13,12k_layer2_1,31,2.0948276379027027,Cr_O_09,"(0, 0, 0)"
4,group14,Cr,2,13,12k_layer2_1,32,2.0983234541175895,Cr_O_10,"(0, 0, 0)"
4,group14,Cr,3,14,2b_layer12,10,1.8700732788205217,Cr_O_01,"(0, 1, 0)"
4,group14,Cr,3,14,2b_layer12,12,2.2779384420000004,Cr_O_11,"(0, 0, 0)"
4,group14,Cr,3,14,2b_layer12,20,2.2779384410000003,Cr_O_11,"(0, 0, 0)"
4,group14,Cr,3,14,2b_layer12,23,1.870073507451236,Cr_O_01,"(1, 1, 0)"
4,group14,Cr,3,14,2b_layer12,37,1.870073355,Cr_O_01,"(0, 0, 0)"
4,group14,Ga,12,15,2a_layer8,3,1.9948516601706343,Ga_O_07,"(0, 0, 0)"
4,group14,Ga,12,15,2a_layer8,11,1.9948520770594027,Ga_O_07,"(0, 1, 0)"
4,group14,Ga,12,15,2a_layer8,13,1.994851660329504,Ga_O_07,"(1, 1, 0)"
4,group14,Ga,12,15,2a_layer8,22,1.9948520773801812,Ga_O_07,"(0, 0, 0)"
4,group14,Ga,12,15,2a_layer8,26,1.9948520770594032,Ga_O_07,"(1, 1, 0)"
4,group14,Ga,12,15,2a_layer8,36,1.9948516607216167,Ga_O_07,"(1, 0, 0)"
4,group14,Cr,4,16,2b_layer4,2,1.8700732794118144,Cr_O_01,"(1, 0, 0)"
4,group14,Cr,4,16,2b_layer4,6,2.277938441000001,Cr_O_11,"(0, 0, 0)"
4,group14,Cr,4,16,2b_layer4,7,2.2779384420000004,Cr_O_11,"(0, 0, 0)"
4,group14,Cr,4,16,2b_layer4,16,1.8700735073000085,Cr_O_01,"(1, 1, 0)"
4,group14,Cr,4,16,2b_layer4,35,1.870073355795254,Cr_O_01,"(0, 0, 0)"
4,group14,Ga,13,17,4f1_layer9,11,1.9084361294606749,Ga_O_02,"(0, 0, 0)"
4,group14,Ga,13,17,4f1_layer9,19,1.9091270429999996,Ga_O_03,"(0, 0, 0)"
4,group14,Ga,13,17,4f1_layer9,22,1.9084362745505044,Ga_O_02,"(0, 0, 0)"
4,group14,Ga,13,17,4f1_layer9,26,1.9084361294606744,Ga_O_02,"(0, 0, 0)"
4,group14,Ga,14,18,4f2_layer11,1,1.9849917587865524,Ga_O_06,"(0, 0, 0)"
4,group14,Ga,14,18,4f2_layer11,5,1.9849916384047732,Ga_O_06,"(0, -1, 0)"
4,group14,Ga,14,18,4f2_layer11,10,2.0663776487443304,Ga_O_08,"(0, 0, 0)"
4,group14,Ga,14,18,4f2_layer11,23,2.0663774783167193,Ga_O_08,"(0, 0, 0)"
4,group14,Ga,14,18,4f2_layer11,33,1.9849917593946298,Ga_O_06,"(1, 0, 0)"
4,group14,Ga,14,18,4f2_layer11,37,2.0663777054221355,Ga_O_08,"(0, 0, 0)"
4,group14,Ga,15,19,4f2_layer3,2,2.0663771907209756,Ga_O_08,"(0, 0, 0)"
4,group14,Ga,15,19,4f2_layer3,16,2.066377020121716,Ga_O_08,"(0, 0, 0)"
4,group14,Ga,15,19,4f2_layer3,18,1.9849922964805824,Ga_O_06,"(-1, 0, 0)"
4,group14,Ga,15,19,4f2_layer3,21,1.9849924174878968,Ga_O_06,"(0, 0, 0)"
4,group14,Ga,15,19,4f2_layer3,25,1.9849924184808014,Ga_O_06,"(0, 1, 0)"
4,group14,Ga,15,19,4f2_layer3,35,2.066377246884635,Ga_O_08,"(0, 0, 0)"
4,group14,Ga,16,20,4f1_layer7,3,1.9084360732701862,Ga_O_02,"(0, 0, 0)"
4,group14,Ga,16,20,4f1_layer7,13,1.9084359271385227,Ga_O_02,"(0, 0, 0)"
4,group14,Ga,16,20,4f1_layer7,17,1.909127043000001,Ga_O_03,"(0, 0, 0)"
4,group14,Ga,16,20,4f1_layer7,36,1.9084359275969722,Ga_O_02,"(0, 0, 0)"
4,group14,Ga,17,21,4f2_layer5,2,2.0663771900543897,Ga_O_08,"(0, 0, 0)"
4,group14,Ga,17,21,4f2_layer5,4,1.9849924184808014,Ga_O_06,"(0, 1, 0)"
4,group14,Ga,17,21,4f2_layer5,16,2.0663770194551296,Ga_O_08,"(0, 0, 0)"
4,group14,Ga,17,21,4f2_layer5,28,1.9849924174878968,Ga_O_06,"(0, 0, 0)"
4,group14,Ga,17,21,4f2_layer5,35,2.0663772462180487,Ga_O_08,"(0, 0, 0)"
4,group14,Ga,17,21,4f2_layer5,38,1.9849922964805824,Ga_O_06,"(-1, 0, 0)"
4,group14,Ga,18,22,4f1_layer1,15,1.9091273005999965,Ga_O_03,"(0, 0, -1)"
4,group14,Ga,18,22,4f1_layer1,29,1.9084359275969722,Ga_O_02,"(0, 0, 0)"
4,group14,Ga,18,22,4f1_layer1,32,1.9084360732701862,Ga_O_02,"(0, 0, 0)"
4,group14,Ga,18,22,4f1_layer1,34,1.9084359271385227,Ga_O_02,"(0, 0, 0)"
4,group14,Ga,19,23,4f2_layer13,9,1.9849917593946296,Ga_O_06,"(1, 0, 0)"
4,group14,Ga,19,23,4f2_layer13,10,2.0663776487443317,Ga_O_08,"(0, 0, 0)"
4,group14,Ga,19,23,4f2_layer13,23,2.0663774783167206,Ga_O_08,"(0, 0, 0)"
4,group14,Ga,19,23,4f2_layer13,27,1.984991638404773,Ga_O_06,"(0, -1, 0)"
4,group14,Ga,19,23,4f2_layer13,30,1.984991758786552,Ga_O_06,"(0, 0, 0)"
4,group14,Ga,19,23,4f2_layer13,37,2.066377705422137,Ga_O_08,"(0, 0, 0)"
4,group14,Ga,20,24,4f1_layer15,8,1.9084361547650497,Ga_O_02,"(0, 0, 0)"
4,group14,Ga,20,24,4f1_layer15,14,1.9084362998548778,Ga_O_02,"(0, 0, 0)"
4,group14,Ga,20,24,4f1_layer15,24,1.9084361547650501,Ga_O_02,"(0, 0, 0)"
4,group14,Ga,20,24,4f1_layer15,31,1.9091268705999949,Ga_O_03,"(0, 0, 1)"
4,group15,Sr,1,,,2,2.958098043228469,Sr_O_02,"(0, -1, 0)"
4,group15,Sr,1,,,4,2.864579795118219,Sr_O_01,"(0, 0, 0)"
4,group15,Sr,1,,,16,2.9580979326637595,Sr_O_02,"(1, 0, 0)"
4,group15,Sr,1,,,18,2.8645798765734263,Sr_O_01,"(0, 0, 0)"
4,group15,Sr,1,,,21,2.864579884642825,Sr_O_01,"(0, 0, 0)"
4,group15,Sr,1,,,25,2.8645797959311503,Sr_O_01,"(0, 0, 0)"
4,group15,Sr,1,,,28,2.864579883829894,Sr_O_01,"(0, 0, 0)"
4,group15,Sr,1,,,35,2.95809800345424,Sr_O_02,"(0, -1, 0)"
4,group15,Sr,1,,,38,2.8645798757604948,Sr_O_01,"(0, 0, 0)"
4,group15,Sr,2,,,1,2.8645793251769454,Sr_O_01,"(0, 0, 0)"
4,group15,Sr,2,,,5,2.8645793169995204,Sr_O_01,"(0, 0, 0)"
4,group15,Sr,2,,,9,2.8645792364135385,Sr_O_01,"(0, 0, 0)"
4,group15,Sr,2,,,10,2.9580980427214705,Sr_O_02,"(-1, 0, 0)"
4,group15,Sr,2,,,23,2.95809793284463,Sr_O_02,"(0, 1, 0)"
4,group15,Sr,2,,,27,2.8645793169995213,Sr_O_01,"(0, 0, 0)"
4,group15,Sr,2,,,30,2.8645793251769462,Sr_O_01,"(0, 0, 0)"
4,group15,Sr,2,,,33,2.864579236413537,Sr_O_01,"(0, 0, 0)"
4,group15,Sr,2,,,37,2.9580980035278155,Sr_O_02,"(-1, 0, 0)"
4,group15,Ga,1,1,12k_layer6_3,4,1.9254355757587174,Ga_O_04,"(0, 0, 0)"
4,group15,Ga,1,1,12k_layer6_3,6,1.9844559567789057,Ga_O_05,"(-1, -1, 0)"
4,group15,Ga,1,1,12k_layer6_3,13,2.0983234538406146,Ga_O_10,"(0, 0, 0)"
4,group15,Ga,1,1,12k_layer6_3,19,2.094827515170505,Ga_O_09,"(0, 0, 0)"
4,group15,Ga,1,1,12k_layer6_3,28,1.925435576196381,Ga_O_04,"(0, 0, 0)"
4,group15,Ga,1,1,12k_layer6_3,36,2.0983234538272053,Ga_O_10,"(0, -1, 0)"
4,group15,Ga,2,2,12k_layer2_3,7,1.9844559567789046,Ga_O_05,"(-1, -1, 0)"
4,group15,Ga,2,2,12k_layer2_3,21,1.9254355761963797,Ga_O_04,"(0, 0, 0)"
4,group15,Ga,2,2,12k_layer2_3,25,1.9254355757587163,Ga_O_04,"(0, 0, 0)"
4,group15,Ga,2,2,12k_layer2_3,29,2.098323453827207,Ga_O_10,"(0, -1, 0)"
4,group15,Ga,2,2,12k_layer2_3,31,2.0948275151705062,Ga_O_09,"(0, 0, 0)"
4,group15,Ga,2,2,12k_layer2_3,34,2.0983234538406164,Ga_O_10,"(0, 0, 0)"
4,group15,Ga,3,3,12k_layer14_1,8,2.0983229791065865,Ga_O_10,"(0, 0, 0)"
4,group15,Ga,3,3,12k_layer14_1,9,1.9254359958162917,Ga_O_04,"(0, 0, 0)"
4,group15,Ga,3,3,12k_layer14_1,15,2.094827260093365,Ga_O_09,"(0, 0, 0)"
4,group15,Ga,3,3,12k_layer14_1,20,1.9844560436631808,Ga_O_05,"(-1, -1, 0)"
4,group15,Ga,3,3,12k_layer14_1,24,2.0983229796303986,Ga_O_10,"(-1, 0, 0)"
4,group15,Ga,3,3,12k_layer14_1,30,1.9254359958162914,Ga_O_04,"(0, 0, 0)"
4,group15,Ga,4,4,12k_layer2_2,7,1.984455956778905,Ga_O_05,"(0, -1, 0)"
4,group15,Ga,4,4,12k_layer2_2,18,1.9254355763634932,Ga_O_04,"(0, 0, 0)"
4,group15,Ga,4,4,12k_layer2_2,25,1.925435575758716,Ga_O_04,"(0, 0, 0)"
4,group15,Ga,4,4,12k_layer2_2,31,2.094827515170506,Ga_O_09,"(0, 0, 0)"
4,group15,Ga,4,4,12k_layer2_2,32,2.0983234538709623,Ga_O_10,"(0, -1, 0)"
4,group15,Ga,4,4,12k_layer2_2,34,2.098323454408184,Ga_O_10,"(1, 0, 0)"
4,group15,Ga,5,5,12k_layer14_3,14,2.098322979539073,Ga_O_10,"(0, 0, 0)"
4,group15,Ga,5,5,12k_layer14_3,15,2.094827383098975,Ga_O_09,"(0, 0, 0)"
4,group15,Ga,5,5,12k_layer14_3,20,1.9844560439741377,Ga_O_05,"(0, 0, 0)"
4,group15,Ga,5,5,12k_layer14_3,24,2.098322979658534,Ga_O_10,"(0, 1, 0)"
4,group15,Ga,5,5,12k_layer14_3,27,1.925435983138288,Ga_O_04,"(0, 0, 0)"
4,group15,Ga,5,5,12k_layer14_3,30,1.9254359955204852,Ga_O_04,"(0, 0, 0)"
4,group15,Ga,6,6,12k_layer10_2,5,1.9254359120300575,Ga_O_04,"(0, 0, 0)"
4,group15,Ga,6,6,12k_layer10_2,12,1.98445595738215,Ga_O_05,"(-1, 0, 0)"
4,group15,Ga,6,6,12k_layer10_2,17,2.094827514410795,Ga_O_09,"(0, 0, 0)"
4,group15,Ga,6,6,12k_layer10_2,22,2.0983230321761726,Ga_O_10,"(-1, 0, 0)"
4,group15,Ga,6,6,12k_layer10_2,26,2.0983230324265865,Ga_O_10,"(0, 1, 0)"
4,group15,Ga,6,6,12k_layer10_2,33,1.9254359114895088,Ga_O_04,"(0, 0, 0)"
4,group15,Ga,7,7,12k_layer6_2,3,2.0983234538709605,Ga_O_10,"(0, -1, 0)"
4,group15,Ga,7,7,12k_layer6_2,4,1.9254355757587174,Ga_O_04,"(0, 0, 0)"
4,group15,Ga,7,7,12k_layer6_2,6,1.9844559567789064,Ga_O_05,"(0, -1, 0)"
4,group15,Ga,7,7,12k_layer6_2,13,2.0983234544081824,Ga_O_10,"(1, 0, 0)"
4,group15,Ga,7,7,12k_layer6_2,19,2.0948275151705045,Ga_O_09,"(0, 0, 0)"
4,group15,Ga,7,7,12k_layer6_2,38,1.9254355763634945,Ga_O_04,"(0, 0, 0)"
4,group15,Ga,8,8,12k_layer6_1,3,2.0983234541175877,Ga_O_10,"(0, 0, 0)"
4,group15,Ga,8,8,12k_layer6_1,6,1.9844559569613607,Ga_O_05,"(0, 0, 0)"
4,group15,Ga,8,8,12k_layer6_1,19,2.0948276379027013,Ga_O_09,"(0, 0, 0)"
4,group15,Ga,8,8,12k_layer6_1,28,1.9254355756093047,Ga_O_04,"(0, 0, 0)"
4,group15,Ga,8,8,12k_layer6_1,36,2.0983234546414,Ga_O_10,"(1, 0, 0)"
4,group15,Ga,8,8,12k_layer6_1,38,1.925435563604001,Ga_O_04,"(0, 0, 0)"
4,group15,Ga,9,9,12k_layer14_2,8,2.098322979647595,Ga_O_10,"(0, 1, 0)"
4,group15,Ga,9,9,12k_layer14_2,9,1.9254359955309297,Ga_O_04,"(0, 0, 0)"
4,group15,Ga,9,9,12k_layer14_2,14,2.098322979397181,Ga_O_10,"(-1, 0, 0)"
4,group15,Ga,9,9,12k_layer14_2,15,2.094827260728784,Ga_O_09,"(0, 0, 0)"
4,group15,Ga,9,9,12k_layer14_2,20,1.9844560438241048,Ga_O_05,"(-1, 0, 0)"
4,group15,Ga,9,9,12k_layer14_2,27,1.9254359960714784,Ga_O_04,"(0, 0, 0)"
4,group15,Cr,1,10,2a_layer16,8,1.9948520249218649,Cr_O_07,"(1, 1, 0)"
4,group15,Cr,1,10,2a_layer16,14,1.9948520252426432,Cr_O_07,"(0, 0, 0)"
4,group15,Cr,1,10,2a_layer16,24,1.9948520249218644,Cr_O_07,"(0, 1, 0)"
4,group15,Cr,1,10,2a_layer16,29,1.9948516604791149,Cr_O_07,"(1, 0, 1)"
4,group15,Cr,1,10,2a_layer16,32,1.9948516599281325,Cr_O_07,"(0, 0, 1)"
4,group15,Cr,1,10,2a_layer16,34,1.994851660087002,Cr_O_07,"(1, 1, 1)"
4,group15,Ga,10,11,12k_layer10_3,1,1.9254359114790642,Ga_O_04,"(0, 0, 0)"
4,group15,Ga,10,11,12k_layer10_3,5,1.9254358990968665,Ga_O_04,"(0, 0, 0)"
4,group15,Ga,10,11,12k_layer10_3,11,2.0983230324375253,Ga_O_10,"(0, 1, 0)"
4,group15,Ga,10,11,12k_layer10_3,12,1.9844559575321832,Ga_O_05,"(0, 0, 0)"
4,group15,Ga,10,11,12k_layer10_3,17,2.094827636780971,Ga_O_09,"(0, 0, 0)"
4,group15,Ga,10,11,12k_layer10_3,22,2.0983230323180644,Ga_O_10,"(0, 0, 0)"
4,group15,Ga,11,12,12k_layer10_1,1,1.9254359117748707,Ga_O_04,"(0, 0, 0)"
4,group15,Ga,11,12,12k_layer10_1,11,2.0983230324093904,Ga_O_10,"(-1, 0, 0)"
4,group15,Ga,11,12,12k_layer10_1,12,1.9844559572212264,Ga_O_05,"(-1, -1, 0)"
4,group15,Ga,11,12,12k_layer10_1,17,2.0948275137753765,Ga_O_09,"(0, 0, 0)"
4,group15,Ga,11,12,12k_layer10_1,26,2.098323031885578,Ga_O_10,"(0, 0, 0)"
4,group15,Ga,11,12,12k_layer10_1,33,1.9254359117748707,Ga_O_04,"(0, 0, 0)"
4,group15,Ga,12,13,12k_layer2_1,7,1.9844559569613596,Ga_O_05,"(0, 0, 0)"
4,group15,Ga,12,13,12k_layer2_1,18,1.925435563604,Ga_O_04,"(0, 0, 0)"
4,group15,Ga,12,13,12k_layer2_1,21,1.9254355756093033,Ga_O_04,"(0, 0, 0)"
4,group15,Ga,12,13,12k_layer2_1,29,2.0983234546414016,Ga_O_10,"(1, 0, 0)"
4,group15,Ga,12,13,12k_layer2_1,31,2.0948276379027027,Ga_O_09,"(0, 0, 0)"
4,group15,Ga,12,13,12k_layer2_1,32,2.0983234541175895,Ga_O_10,"(0, 0, 0)"
4,group15,Ga,13,14,2b_layer12,10,1.8700732788205217,Ga_O_01,"(0, 1, 0)"
4,group15,Ga,13,14,2b_layer12,12,2.2779384420000004,Ga_O_11,"(0, 0, 0)"
4,group15,Ga,13,14,2b_layer12,20,2.2779384410000003,Ga_O_11,"(0, 0, 0)"
4,group15,Ga,13,14,2b_layer12,23,1.870073507451236,Ga_O_01,"(1, 1, 0)"
4,group15,Ga,13,14,2b_layer12,37,1.870073355,Ga_O_01,"(0, 0, 0)"
4,group15,Cr,2,15,2a_layer8,3,1.9948516601706343,Cr_O_07,"(0, 0, 0)"
4,group15,Cr,2,15,2a_layer8,11,1.9948520770594027,Cr_O_07,"(0, 1, 0)"
4,group15,Cr,2,15,2a_layer8,13,1.994851660329504,Cr_O_07,"(1, 1, 0)"
4,group15,Cr,2,15,2a_layer8,22,1.9948520773801812,Cr_O_07,"(0, 0, 0)"
4,group15,Cr,2,15,2a_layer8,26,1.9948520770594032,Cr_O_07,"(1, 1, 0)"
4,group15,Cr,2,15,2a_layer8,36,1.9948516607216167,Cr_O_07,"(1, 0, 0)"
4,group15,Ga,14,16,2b_layer4,2,1.8700732794118144,Ga_O_01,"(1, 0, 0)"
4,group15,Ga,14,16,2b_layer4,6,2.277938441000001,Ga_O_11,"(0, 0, 0)"
4,group15,Ga,14,16,2b_layer4,7,2.2779384420000004,Ga_O_11,"(0, 0, 0)"
4,group15,Ga,14,16,2b_layer4,16,1.8700735073000085,Ga_O_01,"(1, 1, 0)"
4,group15,Ga,14,16,2b_layer4,35,1.870073355795254,Ga_O_01,"(0, 0, 0)"
4,group15,Ga,15,17,4f1_layer9,11,1.9084361294606749,Ga_O_02,"(0, 0, 0)"
4,group15,Ga,15,17,4f1_layer9,19,1.9091270429999996,Ga_O_03,"(0, 0, 0)"
4,group15,Ga,15,17,4f1_layer9,22,1.9084362745505044,Ga_O_02,"(0, 0, 0)"
4,group15,Ga,15,17,4f1_layer9,26,1.9084361294606744,Ga_O_02,"(0, 0, 0)"
4,group15,Ga,16,18,4f2_layer11,1,1.9849917587865524,Ga_O_06,"(0, 0, 0)"
4,group15,Ga,16,18,4f2_layer11,5,1.9849916384047732,Ga_O_06,"(0, -1, 0)"
4,group15,Ga,16,18,4f2_layer11,10,2.0663776487443304,Ga_O_08,"(0, 0, 0)"
4,group15,Ga,16,18,4f2_layer11,23,2.0663774783167193,Ga_O_08,"(0, 0, 0)"
4,group15,Ga,16,18,4f2_layer11,33,1.9849917593946298,Ga_O_06,"(1, 0, 0)"
4,group15,Ga,16,18,4f2_layer11,37,2.0663777054221355,Ga_O_08,"(0, 0, 0)"
4,group15,Ga,17,19,4f2_layer3,2,2.0663771907209756,Ga_O_08,"(0, 0, 0)"
4,group15,Ga,17,19,4f2_layer3,16,2.066377020121716,Ga_O_08,"(0, 0, 0)"
4,group15,Ga,17,19,4f2_layer3,18,1.9849922964805824,Ga_O_06,"(-1, 0, 0)"
4,group15,Ga,17,19,4f2_layer3,21,1.9849924174878968,Ga_O_06,"(0, 0, 0)"
4,group15,Ga,17,19,4f2_layer3,25,1.9849924184808014,Ga_O_06,"(0, 1, 0)"
4,group15,Ga,17,19,4f2_layer3,35,2.066377246884635,Ga_O_08,"(0, 0, 0)"
4,group15,Cr,3,20,4f1_layer7,3,1.9084360732701862,Cr_O_02,"(0, 0, 0)"
4,group15,Cr,3,20,4f1_layer7,13,1.9084359271385227,Cr_O_02,"(0, 0, 0)"
4,group15,Cr,3,20,4f1_layer7,17,1.909127043000001,Cr_O_03,"(0, 0, 0)"
4,group15,Cr,3,20,4f1_layer7,36,1.9084359275969722,Cr_O_02,"(0, 0, 0)"
4,group15,Ga,18,21,4f2_layer5,2,2.0663771900543897,Ga_O_08,"(0, 0, 0)"
4,group15,Ga,18,21,4f2_layer5,4,1.9849924184808014,Ga_O_06,"(0, 1, 0)"
4,group15,Ga,18,21,4f2_layer5,16,2.0663770194551296,Ga_O_08,"(0, 0, 0)"
4,group15,Ga,18,21,4f2_layer5,28,1.9849924174878968,Ga_O_06,"(0, 0, 0)"
4,group15,Ga,18,21,4f2_layer5,35,2.0663772462180487,Ga_O_08,"(0, 0, 0)"
4,group15,Ga,18,21,4f2_layer5,38,1.9849922964805824,Ga_O_06,"(-1, 0, 0)"
4,group15,Ga,19,22,4f1_layer1,15,1.9091273005999965,Ga_O_03,"(0, 0, -1)"
4,group15,Ga,19,22,4f1_layer1,29,1.9084359275969722,Ga_O_02,"(0, 0, 0)"
4,group15,Ga,19,22,4f1_layer1,32,1.9084360732701862,Ga_O_02,"(0, 0, 0)"
4,group15,Ga,19,22,4f1_layer1,34,1.9084359271385227,Ga_O_02,"(0, 0, 0)"
4,group15,Ga,20,23,4f2_layer13,9,1.9849917593946296,Ga_O_06,"(1, 0, 0)"
4,group15,Ga,20,23,4f2_layer13,10,2.0663776487443317,Ga_O_08,"(0, 0, 0)"
4,group15,Ga,20,23,4f2_layer13,23,2.0663774783167206,Ga_O_08,"(0, 0, 0)"
4,group15,Ga,20,23,4f2_layer13,27,1.984991638404773,Ga_O_06,"(0, -1, 0)"
4,group15,Ga,20,23,4f2_layer13,30,1.984991758786552,Ga_O_06,"(0, 0, 0)"
4,group15,Ga,20,23,4f2_layer13,37,2.066377705422137,Ga_O_08,"(0, 0, 0)"
4,group15,Cr,4,24,4f1_layer15,8,1.9084361547650497,Cr_O_02,"(0, 0, 0)"
4,group15,Cr,4,24,4f1_layer15,14,1.9084362998548778,Cr_O_02,"(0, 0, 0)"
4,group15,Cr,4,24,4f1_layer15,24,1.9084361547650501,Cr_O_02,"(0, 0, 0)"
4,group15,Cr,4,24,4f1_layer15,31,1.9091268705999949,Cr_O_03,"(0, 0, 1)"
4,group16,Sr,1,,,2,2.958098043228469,Sr_O_02,"(0, -1, 0)"
4,group16,Sr,1,,,4,2.864579795118219,Sr_O_01,"(0, 0, 0)"
4,group16,Sr,1,,,16,2.9580979326637595,Sr_O_02,"(1, 0, 0)"
4,group16,Sr,1,,,18,2.8645798765734263,Sr_O_01,"(0, 0, 0)"
4,group16,Sr,1,,,21,2.864579884642825,Sr_O_01,"(0, 0, 0)"
4,group16,Sr,1,,,25,2.8645797959311503,Sr_O_01,"(0, 0, 0)"
4,group16,Sr,1,,,28,2.864579883829894,Sr_O_01,"(0, 0, 0)"
4,group16,Sr,1,,,35,2.95809800345424,Sr_O_02,"(0, -1, 0)"
4,group16,Sr,1,,,38,2.8645798757604948,Sr_O_01,"(0, 0, 0)"
4,group16,Sr,2,,,1,2.8645793251769454,Sr_O_01,"(0, 0, 0)"
4,group16,Sr,2,,,5,2.8645793169995204,Sr_O_01,"(0, 0, 0)"
4,group16,Sr,2,,,9,2.8645792364135385,Sr_O_01,"(0, 0, 0)"
4,group16,Sr,2,,,10,2.9580980427214705,Sr_O_02,"(-1, 0, 0)"
4,group16,Sr,2,,,23,2.95809793284463,Sr_O_02,"(0, 1, 0)"
4,group16,Sr,2,,,27,2.8645793169995213,Sr_O_01,"(0, 0, 0)"
4,group16,Sr,2,,,30,2.8645793251769462,Sr_O_01,"(0, 0, 0)"
4,group16,Sr,2,,,33,2.864579236413537,Sr_O_01,"(0, 0, 0)"
4,group16,Sr,2,,,37,2.9580980035278155,Sr_O_02,"(-1, 0, 0)"
4,group16,Ga,1,1,12k_layer6_3,4,1.9254355757587174,Ga_O_04,"(0, 0, 0)"
4,group16,Ga,1,1,12k_layer6_3,6,1.9844559567789057,Ga_O_05,"(-1, -1, 0)"
4,group16,Ga,1,1,12k_layer6_3,13,2.0983234538406146,Ga_O_10,"(0, 0, 0)"
4,group16,Ga,1,1,12k_layer6_3,19,2.094827515170505,Ga_O_09,"(0, 0, 0)"
4,group16,Ga,1,1,12k_layer6_3,28,1.925435576196381,Ga_O_04,"(0, 0, 0)"
4,group16,Ga,1,1,12k_layer6_3,36,2.0983234538272053,Ga_O_10,"(0, -1, 0)"
4,group16,Ga,2,2,12k_layer2_3,7,1.9844559567789046,Ga_O_05,"(-1, -1, 0)"
4,group16,Ga,2,2,12k_layer2_3,21,1.9254355761963797,Ga_O_04,"(0, 0, 0)"
4,group16,Ga,2,2,12k_layer2_3,25,1.9254355757587163,Ga_O_04,"(0, 0, 0)"
4,group16,Ga,2,2,12k_layer2_3,29,2.098323453827207,Ga_O_10,"(0, -1, 0)"
4,group16,Ga,2,2,12k_layer2_3,31,2.0948275151705062,Ga_O_09,"(0, 0, 0)"
4,group16,Ga,2,2,12k_layer2_3,34,2.0983234538406164,Ga_O_10,"(0, 0, 0)"
4,group16,Ga,3,3,12k_layer14_1,8,2.0983229791065865,Ga_O_10,"(0, 0, 0)"
4,group16,Ga,3,3,12k_layer14_1,9,1.9254359958162917,Ga_O_04,"(0, 0, 0)"
4,group16,Ga,3,3,12k_layer14_1,15,2.094827260093365,Ga_O_09,"(0, 0, 0)"
4,group16,Ga,3,3,12k_layer14_1,20,1.9844560436631808,Ga_O_05,"(-1, -1, 0)"
4,group16,Ga,3,3,12k_layer14_1,24,2.0983229796303986,Ga_O_10,"(-1, 0, 0)"
4,group16,Ga,3,3,12k_layer14_1,30,1.9254359958162914,Ga_O_04,"(0, 0, 0)"
4,group16,Ga,4,4,12k_layer2_2,7,1.984455956778905,Ga_O_05,"(0, -1, 0)"
4,group16,Ga,4,4,12k_layer2_2,18,1.9254355763634932,Ga_O_04,"(0, 0, 0)"
4,group16,Ga,4,4,12k_layer2_2,25,1.925435575758716,Ga_O_04,"(0, 0, 0)"
4,group16,Ga,4,4,12k_layer2_2,31,2.094827515170506,Ga_O_09,"(0, 0, 0)"
4,group16,Ga,4,4,12k_layer2_2,32,2.0983234538709623,Ga_O_10,"(0, -1, 0)"
4,group16,Ga,4,4,12k_layer2_2,34,2.098323454408184,Ga_O_10,"(1, 0, 0)"
4,group16,Ga,5,5,12k_layer14_3,14,2.098322979539073,Ga_O_10,"(0, 0, 0)"
4,group16,Ga,5,5,12k_layer14_3,15,2.094827383098975,Ga_O_09,"(0, 0, 0)"
4,group16,Ga,5,5,12k_layer14_3,20,1.9844560439741377,Ga_O_05,"(0, 0, 0)"
4,group16,Ga,5,5,12k_layer14_3,24,2.098322979658534,Ga_O_10,"(0, 1, 0)"
4,group16,Ga,5,5,12k_layer14_3,27,1.925435983138288,Ga_O_04,"(0, 0, 0)"
4,group16,Ga,5,5,12k_layer14_3,30,1.9254359955204852,Ga_O_04,"(0, 0, 0)"
4,group16,Ga,6,6,12k_layer10_2,5,1.9254359120300575,Ga_O_04,"(0, 0, 0)"
4,group16,Ga,6,6,12k_layer10_2,12,1.98445595738215,Ga_O_05,"(-1, 0, 0)"
4,group16,Ga,6,6,12k_layer10_2,17,2.094827514410795,Ga_O_09,"(0, 0, 0)"
4,group16,Ga,6,6,12k_layer10_2,22,2.0983230321761726,Ga_O_10,"(-1, 0, 0)"
4,group16,Ga,6,6,12k_layer10_2,26,2.0983230324265865,Ga_O_10,"(0, 1, 0)"
4,group16,Ga,6,6,12k_layer10_2,33,1.9254359114895088,Ga_O_04,"(0, 0, 0)"
4,group16,Ga,7,7,12k_layer6_2,3,2.0983234538709605,Ga_O_10,"(0, -1, 0)"
4,group16,Ga,7,7,12k_layer6_2,4,1.9254355757587174,Ga_O_04,"(0, 0, 0)"
4,group16,Ga,7,7,12k_layer6_2,6,1.9844559567789064,Ga_O_05,"(0, -1, 0)"
4,group16,Ga,7,7,12k_layer6_2,13,2.0983234544081824,Ga_O_10,"(1, 0, 0)"
4,group16,Ga,7,7,12k_layer6_2,19,2.0948275151705045,Ga_O_09,"(0, 0, 0)"
4,group16,Ga,7,7,12k_layer6_2,38,1.9254355763634945,Ga_O_04,"(0, 0, 0)"
4,group16,Ga,8,8,12k_layer6_1,3,2.0983234541175877,Ga_O_10,"(0, 0, 0)"
4,group16,Ga,8,8,12k_layer6_1,6,1.9844559569613607,Ga_O_05,"(0, 0, 0)"
4,group16,Ga,8,8,12k_layer6_1,19,2.0948276379027013,Ga_O_09,"(0, 0, 0)"
4,group16,Ga,8,8,12k_layer6_1,28,1.9254355756093047,Ga_O_04,"(0, 0, 0)"
4,group16,Ga,8,8,12k_layer6_1,36,2.0983234546414,Ga_O_10,"(1, 0, 0)"
4,group16,Ga,8,8,12k_layer6_1,38,1.925435563604001,Ga_O_04,"(0, 0, 0)"
4,group16,Ga,9,9,12k_layer14_2,8,2.098322979647595,Ga_O_10,"(0, 1, 0)"
4,group16,Ga,9,9,12k_layer14_2,9,1.9254359955309297,Ga_O_04,"(0, 0, 0)"
4,group16,Ga,9,9,12k_layer14_2,14,2.098322979397181,Ga_O_10,"(-1, 0, 0)"
4,group16,Ga,9,9,12k_layer14_2,15,2.094827260728784,Ga_O_09,"(0, 0, 0)"
4,group16,Ga,9,9,12k_layer14_2,20,1.9844560438241048,Ga_O_05,"(-1, 0, 0)"
4,group16,Ga,9,9,12k_layer14_2,27,1.9254359960714784,Ga_O_04,"(0, 0, 0)"
4,group16,Ga,10,10,2a_layer16,8,1.9948520249218649,Ga_O_07,"(1, 1, 0)"
4,group16,Ga,10,10,2a_layer16,14,1.9948520252426432,Ga_O_07,"(0, 0, 0)"
4,group16,Ga,10,10,2a_layer16,24,1.9948520249218644,Ga_O_07,"(0, 1, 0)"
4,group16,Ga,10,10,2a_layer16,29,1.9948516604791149,Ga_O_07,"(1, 0, 1)"
4,group16,Ga,10,10,2a_layer16,32,1.9948516599281325,Ga_O_07,"(0, 0, 1)"
4,group16,Ga,10,10,2a_layer16,34,1.994851660087002,Ga_O_07,"(1, 1, 1)"
4,group16,Ga,11,11,12k_layer10_3,1,1.9254359114790642,Ga_O_04,"(0, 0, 0)"
4,group16,Ga,11,11,12k_layer10_3,5,1.9254358990968665,Ga_O_04,"(0, 0, 0)"
4,group16,Ga,11,11,12k_layer10_3,11,2.0983230324375253,Ga_O_10,"(0, 1, 0)"
4,group16,Ga,11,11,12k_layer10_3,12,1.9844559575321832,Ga_O_05,"(0, 0, 0)"
4,group16,Ga,11,11,12k_layer10_3,17,2.094827636780971,Ga_O_09,"(0, 0, 0)"
4,group16,Ga,11,11,12k_layer10_3,22,2.0983230323180644,Ga_O_10,"(0, 0, 0)"
4,group16,Ga,12,12,12k_layer10_1,1,1.9254359117748707,Ga_O_04,"(0, 0, 0)"
4,group16,Ga,12,12,12k_layer10_1,11,2.0983230324093904,Ga_O_10,"(-1, 0, 0)"
4,group16,Ga,12,12,12k_layer10_1,12,1.9844559572212264,Ga_O_05,"(-1, -1, 0)"
4,group16,Ga,12,12,12k_layer10_1,17,2.0948275137753765,Ga_O_09,"(0, 0, 0)"
4,group16,Ga,12,12,12k_layer10_1,26,2.098323031885578,Ga_O_10,"(0, 0, 0)"
4,group16,Ga,12,12,12k_layer10_1,33,1.9254359117748707,Ga_O_04,"(0, 0, 0)"
4,group16,Ga,13,13,12k_layer2_1,7,1.9844559569613596,Ga_O_05,"(0, 0, 0)"
4,group16,Ga,13,13,12k_layer2_1,18,1.925435563604,Ga_O_04,"(0, 0, 0)"
4,group16,Ga,13,13,12k_layer2_1,21,1.9254355756093033,Ga_O_04,"(0, 0, 0)"
4,group16,Ga,13,13,12k_layer2_1,29,2.0983234546414016,Ga_O_10,"(1, 0, 0)"
4,group16,Ga,13,13,12k_layer2_1,31,2.0948276379027027,Ga_O_09,"(0, 0, 0)"
4,group16,Ga,13,13,12k_layer2_1,32,2.0983234541175895,Ga_O_10,"(0, 0, 0)"
4,group16,Ga,14,14,2b_layer12,10,1.8700732788205217,Ga_O_01,"(0, 1, 0)"
4,group16,Ga,14,14,2b_layer12,12,2.2779384420000004,Ga_O_11,"(0, 0, 0)"
4,group16,Ga,14,14,2b_layer12,20,2.2779384410000003,Ga_O_11,"(0, 0, 0)"
4,group16,Ga,14,14,2b_layer12,23,1.870073507451236,Ga_O_01,"(1, 1, 0)"
4,group16,Ga,14,14,2b_layer12,37,1.870073355,Ga_O_01,"(0, 0, 0)"
4,group16,Ga,15,15,2a_layer8,3,1.9948516601706343,Ga_O_07,"(0, 0, 0)"
4,group16,Ga,15,15,2a_layer8,11,1.9948520770594027,Ga_O_07,"(0, 1, 0)"
4,group16,Ga,15,15,2a_layer8,13,1.994851660329504,Ga_O_07,"(1, 1, 0)"
4,group16,Ga,15,15,2a_layer8,22,1.9948520773801812,Ga_O_07,"(0, 0, 0)"
4,group16,Ga,15,15,2a_layer8,26,1.9948520770594032,Ga_O_07,"(1, 1, 0)"
4,group16,Ga,15,15,2a_layer8,36,1.9948516607216167,Ga_O_07,"(1, 0, 0)"
4,group16,Ga,16,16,2b_layer4,2,1.8700732794118144,Ga_O_01,"(1, 0, 0)"
4,group16,Ga,16,16,2b_layer4,6,2.277938441000001,Ga_O_11,"(0, 0, 0)"
4,group16,Ga,16,16,2b_layer4,7,2.2779384420000004,Ga_O_11,"(0, 0, 0)"
4,group16,Ga,16,16,2b_layer4,16,1.8700735073000085,Ga_O_01,"(1, 1, 0)"
4,group16,Ga,16,16,2b_layer4,35,1.870073355795254,Ga_O_01,"(0, 0, 0)"
4,group16,Cr,1,17,4f1_layer9,11,1.9084361294606749,Cr_O_02,"(0, 0, 0)"
4,group16,Cr,1,17,4f1_layer9,19,1.9091270429999996,Cr_O_03,"(0, 0, 0)"
4,group16,Cr,1,17,4f1_layer9,22,1.9084362745505044,Cr_O_02,"(0, 0, 0)"
4,group16,Cr,1,17,4f1_layer9,26,1.9084361294606744,Cr_O_02,"(0, 0, 0)"
4,group16,Ga,17,18,4f2_layer11,1,1.9849917587865524,Ga_O_06,"(0, 0, 0)"
4,group16,Ga,17,18,4f2_layer11,5,1.9849916384047732,Ga_O_06,"(0, -1, 0)"
4,group16,Ga,17,18,4f2_layer11,10,2.0663776487443304,Ga_O_08,"(0, 0, 0)"
4,group16,Ga,17,18,4f2_layer11,23,2.0663774783167193,Ga_O_08,"(0, 0, 0)"
4,group16,Ga,17,18,4f2_layer11,33,1.9849917593946298,Ga_O_06,"(1, 0, 0)"
4,group16,Ga,17,18,4f2_layer11,37,2.0663777054221355,Ga_O_08,"(0, 0, 0)"
4,group16,Ga,18,19,4f2_layer3,2,2.0663771907209756,Ga_O_08,"(0, 0, 0)"
4,group16,Ga,18,19,4f2_layer3,16,2.066377020121716,Ga_O_08,"(0, 0, 0)"
4,group16,Ga,18,19,4f2_layer3,18,1.9849922964805824,Ga_O_06,"(-1, 0, 0)"
4,group16,Ga,18,19,4f2_layer3,21,1.9849924174878968,Ga_O_06,"(0, 0, 0)"
4,group16,Ga,18,19,4f2_layer3,25,1.9849924184808014,Ga_O_06,"(0, 1, 0)"
4,group16,Ga,18,19,4f2_layer3,35,2.066377246884635,Ga_O_08,"(0, 0, 0)"
4,group16,Cr,2,20,4f1_layer7,3,1.9084360732701862,Cr_O_02,"(0, 0, 0)"
4,group16,Cr,2,20,4f1_layer7,13,1.9084359271385227,Cr_O_02,"(0, 0, 0)"
4,group16,Cr,2,20,4f1_layer7,17,1.909127043000001,Cr_O_03,"(0, 0, 0)"
4,group16,Cr,2,20,4f1_layer7,36,1.9084359275969722,Cr_O_02,"(0, 0, 0)"
4,group16,Ga,19,21,4f2_layer5,2,2.0663771900543897,Ga_O_08,"(0, 0, 0)"
4,group16,Ga,19,21,4f2_layer5,4,1.9849924184808014,Ga_O_06,"(0, 1, 0)"
4,group16,Ga,19,21,4f2_layer5,16,2.0663770194551296,Ga_O_08,"(0, 0, 0)"
4,group16,Ga,19,21,4f2_layer5,28,1.9849924174878968,Ga_O_06,"(0, 0, 0)"
4,group16,Ga,19,21,4f2_layer5,35,2.0663772462180487,Ga_O_08,"(0, 0, 0)"
4,group16,Ga,19,21,4f2_layer5,38,1.9849922964805824,Ga_O_06,"(-1, 0, 0)"
4,group16,Cr,3,22,4f1_layer1,15,1.9091273005999965,Cr_O_03,"(0, 0, -1)"
4,group16,Cr,3,22,4f1_layer1,29,1.9084359275969722,Cr_O_02,"(0, 0, 0)"
4,group16,Cr,3,22,4f1_layer1,32,1.9084360732701862,Cr_O_02,"(0, 0, 0)"
4,group16,Cr,3,22,4f1_layer1,34,1.9084359271385227,Cr_O_02,"(0, 0, 0)"
4,group16,Ga,20,23,4f2_layer13,9,1.9849917593946296,Ga_O_06,"(1, 0, 0)"
4,group16,Ga,20,23,4f2_layer13,10,2.0663776487443317,Ga_O_08,"(0, 0, 0)"
4,group16,Ga,20,23,4f2_layer13,23,2.0663774783167206,Ga_O_08,"(0, 0, 0)"
4,group16,Ga,20,23,4f2_layer13,27,1.984991638404773,Ga_O_06,"(0, -1, 0)"
4,group16,Ga,20,23,4f2_layer13,30,1.984991758786552,Ga_O_06,"(0, 0, 0)"
4,group16,Ga,20,23,4f2_layer13,37,2.066377705422137,Ga_O_08,"(0, 0, 0)"
4,group16,Cr,4,24,4f1_layer15,8,1.9084361547650497,Cr_O_02,"(0, 0, 0)"
4,group16,Cr,4,24,4f1_layer15,14,1.9084362998548778,Cr_O_02,"(0, 0, 0)"
4,group16,Cr,4,24,4f1_layer15,24,1.9084361547650501,Cr_O_02,"(0, 0, 0)"
4,group16,Cr,4,24,4f1_layer15,31,1.9091268705999949,Cr_O_03,"(0, 0, 1)"
4,group17,Sr,1,,,2,2.958098043228469,Sr_O_02,"(0, -1, 0)"
4,group17,Sr,1,,,4,2.864579795118219,Sr_O_01,"(0, 0, 0)"
4,group17,Sr,1,,,16,2.9580979326637595,Sr_O_02,"(1, 0, 0)"
4,group17,Sr,1,,,18,2.8645798765734263,Sr_O_01,"(0, 0, 0)"
4,group17,Sr,1,,,21,2.864579884642825,Sr_O_01,"(0, 0, 0)"
4,group17,Sr,1,,,25,2.8645797959311503,Sr_O_01,"(0, 0, 0)"
4,group17,Sr,1,,,28,2.864579883829894,Sr_O_01,"(0, 0, 0)"
4,group17,Sr,1,,,35,2.95809800345424,Sr_O_02,"(0, -1, 0)"
4,group17,Sr,1,,,38,2.8645798757604948,Sr_O_01,"(0, 0, 0)"
4,group17,Sr,2,,,1,2.8645793251769454,Sr_O_01,"(0, 0, 0)"
4,group17,Sr,2,,,5,2.8645793169995204,Sr_O_01,"(0, 0, 0)"
4,group17,Sr,2,,,9,2.8645792364135385,Sr_O_01,"(0, 0, 0)"
4,group17,Sr,2,,,10,2.9580980427214705,Sr_O_02,"(-1, 0, 0)"
4,group17,Sr,2,,,23,2.95809793284463,Sr_O_02,"(0, 1, 0)"
4,group17,Sr,2,,,27,2.8645793169995213,Sr_O_01,"(0, 0, 0)"
4,group17,Sr,2,,,30,2.8645793251769462,Sr_O_01,"(0, 0, 0)"
4,group17,Sr,2,,,33,2.864579236413537,Sr_O_01,"(0, 0, 0)"
4,group17,Sr,2,,,37,2.9580980035278155,Sr_O_02,"(-1, 0, 0)"
4,group17,Ga,1,1,12k_layer6_3,4,1.9254355757587174,Ga_O_04,"(0, 0, 0)"
4,group17,Ga,1,1,12k_layer6_3,6,1.9844559567789057,Ga_O_05,"(-1, -1, 0)"
4,group17,Ga,1,1,12k_layer6_3,13,2.0983234538406146,Ga_O_10,"(0, 0, 0)"
4,group17,Ga,1,1,12k_layer6_3,19,2.094827515170505,Ga_O_09,"(0, 0, 0)"
4,group17,Ga,1,1,12k_layer6_3,28,1.925435576196381,Ga_O_04,"(0, 0, 0)"
4,group17,Ga,1,1,12k_layer6_3,36,2.0983234538272053,Ga_O_10,"(0, -1, 0)"
4,group17,Ga,2,2,12k_layer2_3,7,1.9844559567789046,Ga_O_05,"(-1, -1, 0)"
4,group17,Ga,2,2,12k_layer2_3,21,1.9254355761963797,Ga_O_04,"(0, 0, 0)"
4,group17,Ga,2,2,12k_layer2_3,25,1.9254355757587163,Ga_O_04,"(0, 0, 0)"
4,group17,Ga,2,2,12k_layer2_3,29,2.098323453827207,Ga_O_10,"(0, -1, 0)"
4,group17,Ga,2,2,12k_layer2_3,31,2.0948275151705062,Ga_O_09,"(0, 0, 0)"
4,group17,Ga,2,2,12k_layer2_3,34,2.0983234538406164,Ga_O_10,"(0, 0, 0)"
4,group17,Ga,3,3,12k_layer14_1,8,2.0983229791065865,Ga_O_10,"(0, 0, 0)"
4,group17,Ga,3,3,12k_layer14_1,9,1.9254359958162917,Ga_O_04,"(0, 0, 0)"
4,group17,Ga,3,3,12k_layer14_1,15,2.094827260093365,Ga_O_09,"(0, 0, 0)"
4,group17,Ga,3,3,12k_layer14_1,20,1.9844560436631808,Ga_O_05,"(-1, -1, 0)"
4,group17,Ga,3,3,12k_layer14_1,24,2.0983229796303986,Ga_O_10,"(-1, 0, 0)"
4,group17,Ga,3,3,12k_layer14_1,30,1.9254359958162914,Ga_O_04,"(0, 0, 0)"
4,group17,Ga,4,4,12k_layer2_2,7,1.984455956778905,Ga_O_05,"(0, -1, 0)"
4,group17,Ga,4,4,12k_layer2_2,18,1.9254355763634932,Ga_O_04,"(0, 0, 0)"
4,group17,Ga,4,4,12k_layer2_2,25,1.925435575758716,Ga_O_04,"(0, 0, 0)"
4,group17,Ga,4,4,12k_layer2_2,31,2.094827515170506,Ga_O_09,"(0, 0, 0)"
4,group17,Ga,4,4,12k_layer2_2,32,2.0983234538709623,Ga_O_10,"(0, -1, 0)"
4,group17,Ga,4,4,12k_layer2_2,34,2.098323454408184,Ga_O_10,"(1, 0, 0)"
4,group17,Cr,1,5,12k_layer14_3,14,2.098322979539073,Cr_O_10,"(0, 0, 0)"
4,group17,Cr,1,5,12k_layer14_3,15,2.094827383098975,Cr_O_09,"(0, 0, 0)"
4,group17,Cr,1,5,12k_layer14_3,20,1.9844560439741377,Cr_O_05,"(0, 0, 0)"
4,group17,Cr,1,5,12k_layer14_3,24,2.098322979658534,Cr_O_10,"(0, 1, 0)"
4,group17,Cr,1,5,12k_layer14_3,27,1.925435983138288,Cr_O_04,"(0, 0, 0)"
4,group17,Cr,1,5,12k_layer14_3,30,1.9254359955204852,Cr_O_04,"(0, 0, 0)"
4,group17,Ga,5,6,12k_layer10_2,5,1.9254359120300575,Ga_O_04,"(0, 0, 0)"
4,group17,Ga,5,6,12k_layer10_2,12,1.98445595738215,Ga_O_05,"(-1, 0, 0)"
4,group17,Ga,5,6,12k_layer10_2,17,2.094827514410795,Ga_O_09,"(0, 0, 0)"
4,group17,Ga,5,6,12k_layer10_2,22,2.0983230321761726,Ga_O_10,"(-1, 0, 0)"
4,group17,Ga,5,6,12k_layer10_2,26,2.0983230324265865,Ga_O_10,"(0, 1, 0)"
4,group17,Ga,5,6,12k_layer10_2,33,1.9254359114895088,Ga_O_04,"(0, 0, 0)"
4,group17,Ga,6,7,12k_layer6_2,3,2.0983234538709605,Ga_O_10,"(0, -1, 0)"
4,group17,Ga,6,7,12k_layer6_2,4,1.9254355757587174,Ga_O_04,"(0, 0, 0)"
4,group17,Ga,6,7,12k_layer6_2,6,1.9844559567789064,Ga_O_05,"(0, -1, 0)"
4,group17,Ga,6,7,12k_layer6_2,13,2.0983234544081824,Ga_O_10,"(1, 0, 0)"
4,group17,Ga,6,7,12k_layer6_2,19,2.0948275151705045,Ga_O_09,"(0, 0, 0)"
4,group17,Ga,6,7,12k_layer6_2,38,1.9254355763634945,Ga_O_04,"(0, 0, 0)"
4,group17,Ga,7,8,12k_layer6_1,3,2.0983234541175877,Ga_O_10,"(0, 0, 0)"
4,group17,Ga,7,8,12k_layer6_1,6,1.9844559569613607,Ga_O_05,"(0, 0, 0)"
4,group17,Ga,7,8,12k_layer6_1,19,2.0948276379027013,Ga_O_09,"(0, 0, 0)"
4,group17,Ga,7,8,12k_layer6_1,28,1.9254355756093047,Ga_O_04,"(0, 0, 0)"
4,group17,Ga,7,8,12k_layer6_1,36,2.0983234546414,Ga_O_10,"(1, 0, 0)"
4,group17,Ga,7,8,12k_layer6_1,38,1.925435563604001,Ga_O_04,"(0, 0, 0)"
4,group17,Ga,8,9,12k_layer14_2,8,2.098322979647595,Ga_O_10,"(0, 1, 0)"
4,group17,Ga,8,9,12k_layer14_2,9,1.9254359955309297,Ga_O_04,"(0, 0, 0)"
4,group17,Ga,8,9,12k_layer14_2,14,2.098322979397181,Ga_O_10,"(-1, 0, 0)"
4,group17,Ga,8,9,12k_layer14_2,15,2.094827260728784,Ga_O_09,"(0, 0, 0)"
4,group17,Ga,8,9,12k_layer14_2,20,1.9844560438241048,Ga_O_05,"(-1, 0, 0)"
4,group17,Ga,8,9,12k_layer14_2,27,1.9254359960714784,Ga_O_04,"(0, 0, 0)"
4,group17,Ga,9,10,2a_layer16,8,1.9948520249218649,Ga_O_07,"(1, 1, 0)"
4,group17,Ga,9,10,2a_layer16,14,1.9948520252426432,Ga_O_07,"(0, 0, 0)"
4,group17,Ga,9,10,2a_layer16,24,1.9948520249218644,Ga_O_07,"(0, 1, 0)"
4,group17,Ga,9,10,2a_layer16,29,1.9948516604791149,Ga_O_07,"(1, 0, 1)"
4,group17,Ga,9,10,2a_layer16,32,1.9948516599281325,Ga_O_07,"(0, 0, 1)"
4,group17,Ga,9,10,2a_layer16,34,1.994851660087002,Ga_O_07,"(1, 1, 1)"
4,group17,Ga,10,11,12k_layer10_3,1,1.9254359114790642,Ga_O_04,"(0, 0, 0)"
4,group17,Ga,10,11,12k_layer10_3,5,1.9254358990968665,Ga_O_04,"(0, 0, 0)"
4,group17,Ga,10,11,12k_layer10_3,11,2.0983230324375253,Ga_O_10,"(0, 1, 0)"
4,group17,Ga,10,11,12k_layer10_3,12,1.9844559575321832,Ga_O_05,"(0, 0, 0)"
4,group17,Ga,10,11,12k_layer10_3,17,2.094827636780971,Ga_O_09,"(0, 0, 0)"
4,group17,Ga,10,11,12k_layer10_3,22,2.0983230323180644,Ga_O_10,"(0, 0, 0)"
4,group17,Ga,11,12,12k_layer10_1,1,1.9254359117748707,Ga_O_04,"(0, 0, 0)"
4,group17,Ga,11,12,12k_layer10_1,11,2.0983230324093904,Ga_O_10,"(-1, 0, 0)"
4,group17,Ga,11,12,12k_layer10_1,12,1.9844559572212264,Ga_O_05,"(-1, -1, 0)"
4,group17,Ga,11,12,12k_layer10_1,17,2.0948275137753765,Ga_O_09,"(0, 0, 0)"
4,group17,Ga,11,12,12k_layer10_1,26,2.098323031885578,Ga_O_10,"(0, 0, 0)"
4,group17,Ga,11,12,12k_layer10_1,33,1.9254359117748707,Ga_O_04,"(0, 0, 0)"
4,group17,Ga,12,13,12k_layer2_1,7,1.9844559569613596,Ga_O_05,"(0, 0, 0)"
4,group17,Ga,12,13,12k_layer2_1,18,1.925435563604,Ga_O_04,"(0, 0, 0)"
4,group17,Ga,12,13,12k_layer2_1,21,1.9254355756093033,Ga_O_04,"(0, 0, 0)"
4,group17,Ga,12,13,12k_layer2_1,29,2.0983234546414016,Ga_O_10,"(1, 0, 0)"
4,group17,Ga,12,13,12k_layer2_1,31,2.0948276379027027,Ga_O_09,"(0, 0, 0)"
4,group17,Ga,12,13,12k_layer2_1,32,2.0983234541175895,Ga_O_10,"(0, 0, 0)"
4,group17,Cr,2,14,2b_layer12,10,1.8700732788205217,Cr_O_01,"(0, 1, 0)"
4,group17,Cr,2,14,2b_layer12,12,2.2779384420000004,Cr_O_11,"(0, 0, 0)"
4,group17,Cr,2,14,2b_layer12,20,2.2779384410000003,Cr_O_11,"(0, 0, 0)"
4,group17,Cr,2,14,2b_layer12,23,1.870073507451236,Cr_O_01,"(1, 1, 0)"
4,group17,Cr,2,14,2b_layer12,37,1.870073355,Cr_O_01,"(0, 0, 0)"
4,group17,Cr,3,15,2a_layer8,3,1.9948516601706343,Cr_O_07,"(0, 0, 0)"
4,group17,Cr,3,15,2a_layer8,11,1.9948520770594027,Cr_O_07,"(0, 1, 0)"
4,group17,Cr,3,15,2a_layer8,13,1.994851660329504,Cr_O_07,"(1, 1, 0)"
4,group17,Cr,3,15,2a_layer8,22,1.9948520773801812,Cr_O_07,"(0, 0, 0)"
4,group17,Cr,3,15,2a_layer8,26,1.9948520770594032,Cr_O_07,"(1, 1, 0)"
4,group17,Cr,3,15,2a_layer8,36,1.9948516607216167,Cr_O_07,"(1, 0, 0)"
4,group17,Ga,13,16,2b_layer4,2,1.8700732794118144,Ga_O_01,"(1, 0, 0)"
4,group17,Ga,13,16,2b_layer4,6,2.277938441000001,Ga_O_11,"(0, 0, 0)"
4,group17,Ga,13,16,2b_layer4,7,2.2779384420000004,Ga_O_11,"(0, 0, 0)"
4,group17,Ga,13,16,2b_layer4,16,1.8700735073000085,Ga_O_01,"(1, 1, 0)"
4,group17,Ga,13,16,2b_layer4,35,1.870073355795254,Ga_O_01,"(0, 0, 0)"
4,group17,Cr,4,17,4f1_layer9,11,1.9084361294606749,Cr_O_02,"(0, 0, 0)"
4,group17,Cr,4,17,4f1_layer9,19,1.9091270429999996,Cr_O_03,"(0, 0, 0)"
4,group17,Cr,4,17,4f1_layer9,22,1.9084362745505044,Cr_O_02,"(0, 0, 0)"
4,group17,Cr,4,17,4f1_layer9,26,1.9084361294606744,Cr_O_02,"(0, 0, 0)"
4,group17,Ga,14,18,4f2_layer11,1,1.9849917587865524,Ga_O_06,"(0, 0, 0)"
4,group17,Ga,14,18,4f2_layer11,5,1.9849916384047732,Ga_O_06,"(0, -1, 0)"
4,group17,Ga,14,18,4f2_layer11,10,2.0663776487443304,Ga_O_08,"(0, 0, 0)"
4,group17,Ga,14,18,4f2_layer11,23,2.0663774783167193,Ga_O_08,"(0, 0, 0)"
4,group17,Ga,14,18,4f2_layer11,33,1.9849917593946298,Ga_O_06,"(1, 0, 0)"
4,group17,Ga,14,18,4f2_layer11,37,2.0663777054221355,Ga_O_08,"(0, 0, 0)"
4,group17,Ga,15,19,4f2_layer3,2,2.0663771907209756,Ga_O_08,"(0, 0, 0)"
4,group17,Ga,15,19,4f2_layer3,16,2.066377020121716,Ga_O_08,"(0, 0, 0)"
4,group17,Ga,15,19,4f2_layer3,18,1.9849922964805824,Ga_O_06,"(-1, 0, 0)"
4,group17,Ga,15,19,4f2_layer3,21,1.9849924174878968,Ga_O_06,"(0, 0, 0)"
4,group17,Ga,15,19,4f2_layer3,25,1.9849924184808014,Ga_O_06,"(0, 1, 0)"
4,group17,Ga,15,19,4f2_layer3,35,2.066377246884635,Ga_O_08,"(0, 0, 0)"
4,group17,Ga,16,20,4f1_layer7,3,1.9084360732701862,Ga_O_02,"(0, 0, 0)"
4,group17,Ga,16,20,4f1_layer7,13,1.9084359271385227,Ga_O_02,"(0, 0, 0)"
4,group17,Ga,16,20,4f1_layer7,17,1.909127043000001,Ga_O_03,"(0, 0, 0)"
4,group17,Ga,16,20,4f1_layer7,36,1.9084359275969722,Ga_O_02,"(0, 0, 0)"
4,group17,Ga,17,21,4f2_layer5,2,2.0663771900543897,Ga_O_08,"(0, 0, 0)"
4,group17,Ga,17,21,4f2_layer5,4,1.9849924184808014,Ga_O_06,"(0, 1, 0)"
4,group17,Ga,17,21,4f2_layer5,16,2.0663770194551296,Ga_O_08,"(0, 0, 0)"
4,group17,Ga,17,21,4f2_layer5,28,1.9849924174878968,Ga_O_06,"(0, 0, 0)"
4,group17,Ga,17,21,4f2_layer5,35,2.0663772462180487,Ga_O_08,"(0, 0, 0)"
4,group17,Ga,17,21,4f2_layer5,38,1.9849922964805824,Ga_O_06,"(-1, 0, 0)"
4,group17,Ga,18,22,4f1_layer1,15,1.9091273005999965,Ga_O_03,"(0, 0, -1)"
4,group17,Ga,18,22,4f1_layer1,29,1.9084359275969722,Ga_O_02,"(0, 0, 0)"
4,group17,Ga,18,22,4f1_layer1,32,1.9084360732701862,Ga_O_02,"(0, 0, 0)"
4,group17,Ga,18,22,4f1_layer1,34,1.9084359271385227,Ga_O_02,"(0, 0, 0)"
4,group17,Ga,19,23,4f2_layer13,9,1.9849917593946296,Ga_O_06,"(1, 0, 0)"
4,group17,Ga,19,23,4f2_layer13,10,2.0663776487443317,Ga_O_08,"(0, 0, 0)"
4,group17,Ga,19,23,4f2_layer13,23,2.0663774783167206,Ga_O_08,"(0, 0, 0)"
4,group17,Ga,19,23,4f2_layer13,27,1.984991638404773,Ga_O_06,"(0, -1, 0)"
4,group17,Ga,19,23,4f2_layer13,30,1.984991758786552,Ga_O_06,"(0, 0, 0)"
4,group17,Ga,19,23,4f2_layer13,37,2.066377705422137,Ga_O_08,"(0, 0, 0)"
4,group17,Ga,20,24,4f1_layer15,8,1.9084361547650497,Ga_O_02,"(0, 0, 0)"
4,group17,Ga,20,24,4f1_layer15,14,1.9084362998548778,Ga_O_02,"(0, 0, 0)"
4,group17,Ga,20,24,4f1_layer15,24,1.9084361547650501,Ga_O_02,"(0, 0, 0)"
4,group17,Ga,20,24,4f1_layer15,31,1.9091268705999949,Ga_O_03,"(0, 0, 1)"
6,group01,Sr,1,,,2,2.958098043228469,Sr_O_02,"(0, -1, 0)"
6,group01,Sr,1,,,4,2.864579795118219,Sr_O_01,"(0, 0, 0)"
6,group01,Sr,1,,,16,2.9580979326637595,Sr_O_02,"(1, 0, 0)"
6,group01,Sr,1,,,18,2.8645798765734263,Sr_O_01,"(0, 0, 0)"
6,group01,Sr,1,,,21,2.864579884642825,Sr_O_01,"(0, 0, 0)"
6,group01,Sr,1,,,25,2.8645797959311503,Sr_O_01,"(0, 0, 0)"
6,group01,Sr,1,,,28,2.864579883829894,Sr_O_01,"(0, 0, 0)"
6,group01,Sr,1,,,35,2.95809800345424,Sr_O_02,"(0, -1, 0)"
6,group01,Sr,1,,,38,2.8645798757604948,Sr_O_01,"(0, 0, 0)"
6,group01,Sr,2,,,1,2.8645793251769454,Sr_O_01,"(0, 0, 0)"
6,group01,Sr,2,,,5,2.8645793169995204,Sr_O_01,"(0, 0, 0)"
6,group01,Sr,2,,,9,2.8645792364135385,Sr_O_01,"(0, 0, 0)"
6,group01,Sr,2,,,10,2.9580980427214705,Sr_O_02,"(-1, 0, 0)"
6,group01,Sr,2,,,23,2.95809793284463,Sr_O_02,"(0, 1, 0)"
6,group01,Sr,2,,,27,2.8645793169995213,Sr_O_01,"(0, 0, 0)"
6,group01,Sr,2,,,30,2.8645793251769462,Sr_O_01,"(0, 0, 0)"
6,group01,Sr,2,,,33,2.864579236413537,Sr_O_01,"(0, 0, 0)"
6,group01,Sr,2,,,37,2.9580980035278155,Sr_O_02,"(-1, 0, 0)"
6,group01,Ga,1,1,12k_layer6_3,4,1.9254355757587174,Ga_O_04,"(0, 0, 0)"
6,group01,Ga,1,1,12k_layer6_3,6,1.9844559567789057,Ga_O_05,"(-1, -1, 0)"
6,group01,Ga,1,1,12k_layer6_3,13,2.0983234538406146,Ga_O_10,"(0, 0, 0)"
6,group01,Ga,1,1,12k_layer6_3,19,2.094827515170505,Ga_O_09,"(0, 0, 0)"
6,group01,Ga,1,1,12k_layer6_3,28,1.925435576196381,Ga_O_04,"(0, 0, 0)"
6,group01,Ga,1,1,12k_layer6_3,36,2.0983234538272053,Ga_O_10,"(0, -1, 0)"
6,group01,Ga,2,2,12k_layer2_3,7,1.9844559567789046,Ga_O_05,"(-1, -1, 0)"
6,group01,Ga,2,2,12k_layer2_3,21,1.9254355761963797,Ga_O_04,"(0, 0, 0)"
6,group01,Ga,2,2,12k_layer2_3,25,1.9254355757587163,Ga_O_04,"(0, 0, 0)"
6,group01,Ga,2,2,12k_layer2_3,29,2.098323453827207,Ga_O_10,"(0, -1, 0)"
6,group01,Ga,2,2,12k_layer2_3,31,2.0948275151705062,Ga_O_09,"(0, 0, 0)"
6,group01,Ga,2,2,12k_layer2_3,34,2.0983234538406164,Ga_O_10,"(0, 0, 0)"
6,group01,Ga,3,3,12k_layer14_1,8,2.0983229791065865,Ga_O_10,"(0, 0, 0)"
6,group01,Ga,3,3,12k_layer14_1,9,1.9254359958162917,Ga_O_04,"(0, 0, 0)"
6,group01,Ga,3,3,12k_layer14_1,15,2.094827260093365,Ga_O_09,"(0, 0, 0)"
6,group01,Ga,3,3,12k_layer14_1,20,1.9844560436631808,Ga_O_05,"(-1, -1, 0)"
6,group01,Ga,3,3,12k_layer14_1,24,2.0983229796303986,Ga_O_10,"(-1, 0, 0)"
6,group01,Ga,3,3,12k_layer14_1,30,1.9254359958162914,Ga_O_04,"(0, 0, 0)"
6,group01,Cr,1,4,12k_layer2_2,7,1.984455956778905,Cr_O_05,"(0, -1, 0)"
6,group01,Cr,1,4,12k_layer2_2,18,1.9254355763634932,Cr_O_04,"(0, 0, 0)"
6,group01,Cr,1,4,12k_layer2_2,25,1.925435575758716,Cr_O_04,"(0, 0, 0)"
6,group01,Cr,1,4,12k_layer2_2,31,2.094827515170506,Cr_O_09,"(0, 0, 0)"
6,group01,Cr,1,4,12k_layer2_2,32,2.0983234538709623,Cr_O_10,"(0, -1, 0)"
6,group01,Cr,1,4,12k_layer2_2,34,2.098323454408184,Cr_O_10,"(1, 0, 0)"
6,group01,Ga,4,5,12k_layer14_3,14,2.098322979539073,Ga_O_10,"(0, 0, 0)"
6,group01,Ga,4,5,12k_layer14_3,15,2.094827383098975,Ga_O_09,"(0, 0, 0)"
6,group01,Ga,4,5,12k_layer14_3,20,1.9844560439741377,Ga_O_05,"(0, 0, 0)"
6,group01,Ga,4,5,12k_layer14_3,24,2.098322979658534,Ga_O_10,"(0, 1, 0)"
6,group01,Ga,4,5,12k_layer14_3,27,1.925435983138288,Ga_O_04,"(0, 0, 0)"
6,group01,Ga,4,5,12k_layer14_3,30,1.9254359955204852,Ga_O_04,"(0, 0, 0)"
6,group01,Cr,2,6,12k_layer10_2,5,1.9254359120300575,Cr_O_04,"(0, 0, 0)"
6,group01,Cr,2,6,12k_layer10_2,12,1.98445595738215,Cr_O_05,"(-1, 0, 0)"
6,group01,Cr,2,6,12k_layer10_2,17,2.094827514410795,Cr_O_09,"(0, 0, 0)"
6,group01,Cr,2,6,12k_layer10_2,22,2.0983230321761726,Cr_O_10,"(-1, 0, 0)"
6,group01,Cr,2,6,12k_layer10_2,26,2.0983230324265865,Cr_O_10,"(0, 1, 0)"
6,group01,Cr,2,6,12k_layer10_2,33,1.9254359114895088,Cr_O_04,"(0, 0, 0)"
6,group01,Cr,3,7,12k_layer6_2,3,2.0983234538709605,Cr_O_10,"(0, -1, 0)"
6,group01,Cr,3,7,12k_layer6_2,4,1.9254355757587174,Cr_O_04,"(0, 0, 0)"
6,group01,Cr,3,7,12k_layer6_2,6,1.9844559567789064,Cr_O_05,"(0, -1, 0)"
6,group01,Cr,3,7,12k_layer6_2,13,2.0983234544081824,Cr_O_10,"(1, 0, 0)"
6,group01,Cr,3,7,12k_layer6_2,19,2.0948275151705045,Cr_O_09,"(0, 0, 0)"
6,group01,Cr,3,7,12k_layer6_2,38,1.9254355763634945,Cr_O_04,"(0, 0, 0)"
6,group01,Cr,4,8,12k_layer6_1,3,2.0983234541175877,Cr_O_10,"(0, 0, 0)"
6,group01,Cr,4,8,12k_layer6_1,6,1.9844559569613607,Cr_O_05,"(0, 0, 0)"
6,group01,Cr,4,8,12k_layer6_1,19,2.0948276379027013,Cr_O_09,"(0, 0, 0)"
6,group01,Cr,4,8,12k_layer6_1,28,1.9254355756093047,Cr_O_04,"(0, 0, 0)"
6,group01,Cr,4,8,12k_layer6_1,36,2.0983234546414,Cr_O_10,"(1, 0, 0)"
6,group01,Cr,4,8,12k_layer6_1,38,1.925435563604001,Cr_O_04,"(0, 0, 0)"
6,group01,Ga,5,9,12k_layer14_2,8,2.098322979647595,Ga_O_10,"(0, 1, 0)"
6,group01,Ga,5,9,12k_layer14_2,9,1.9254359955309297,Ga_O_04,"(0, 0, 0)"
6,group01,Ga,5,9,12k_layer14_2,14,2.098322979397181,Ga_O_10,"(-1, 0, 0)"
6,group01,Ga,5,9,12k_layer14_2,15,2.094827260728784,Ga_O_09,"(0, 0, 0)"
6,group01,Ga,5,9,12k_layer14_2,20,1.9844560438241048,Ga_O_05,"(-1, 0, 0)"
6,group01,Ga,5,9,12k_layer14_2,27,1.9254359960714784,Ga_O_04,"(0, 0, 0)"
6,group01,Ga,6,10,2a_layer16,8,1.9948520249218649,Ga_O_07,"(1, 1, 0)"
6,group01,Ga,6,10,2a_layer16,14,1.9948520252426432,Ga_O_07,"(0, 0, 0)"
6,group01,Ga,6,10,2a_layer16,24,1.9948520249218644,Ga_O_07,"(0, 1, 0)"
6,group01,Ga,6,10,2a_layer16,29,1.9948516604791149,Ga_O_07,"(1, 0, 1)"
6,group01,Ga,6,10,2a_layer16,32,1.9948516599281325,Ga_O_07,"(0, 0, 1)"
6,group01,Ga,6,10,2a_layer16,34,1.994851660087002,Ga_O_07,"(1, 1, 1)"
6,group01,Ga,7,11,12k_layer10_3,1,1.9254359114790642,Ga_O_04,"(0, 0, 0)"
6,group01,Ga,7,11,12k_layer10_3,5,1.9254358990968665,Ga_O_04,"(0, 0, 0)"
6,group01,Ga,7,11,12k_layer10_3,11,2.0983230324375253,Ga_O_10,"(0, 1, 0)"
6,group01,Ga,7,11,12k_layer10_3,12,1.9844559575321832,Ga_O_05,"(0, 0, 0)"
6,group01,Ga,7,11,12k_layer10_3,17,2.094827636780971,Ga_O_09,"(0, 0, 0)"
6,group01,Ga,7,11,12k_layer10_3,22,2.0983230323180644,Ga_O_10,"(0, 0, 0)"
6,group01,Cr,5,12,12k_layer10_1,1,1.9254359117748707,Cr_O_04,"(0, 0, 0)"
6,group01,Cr,5,12,12k_layer10_1,11,2.0983230324093904,Cr_O_10,"(-1, 0, 0)"
6,group01,Cr,5,12,12k_layer10_1,12,1.9844559572212264,Cr_O_05,"(-1, -1, 0)"
6,group01,Cr,5,12,12k_layer10_1,17,2.0948275137753765,Cr_O_09,"(0, 0, 0)"
6,group01,Cr,5,12,12k_layer10_1,26,2.098323031885578,Cr_O_10,"(0, 0, 0)"
6,group01,Cr,5,12,12k_layer10_1,33,1.9254359117748707,Cr_O_04,"(0, 0, 0)"
6,group01,Cr,6,13,12k_layer2_1,7,1.9844559569613596,Cr_O_05,"(0, 0, 0)"
6,group01,Cr,6,13,12k_layer2_1,18,1.925435563604,Cr_O_04,"(0, 0, 0)"
6,group01,Cr,6,13,12k_layer2_1,21,1.9254355756093033,Cr_O_04,"(0, 0, 0)"
6,group01,Cr,6,13,12k_layer2_1,29,2.0983234546414016,Cr_O_10,"(1, 0, 0)"
6,group01,Cr,6,13,12k_layer2_1,31,2.0948276379027027,Cr_O_09,"(0, 0, 0)"
6,group01,Cr,6,13,12k_layer2_1,32,2.0983234541175895,Cr_O_10,"(0, 0, 0)"
6,group01,Ga,8,14,2b_layer12,10,1.8700732788205217,Ga_O_01,"(0, 1, 0)"
6,group01,Ga,8,14,2b_layer12,12,2.2779384420000004,Ga_O_11,"(0, 0, 0)"
6,group01,Ga,8,14,2b_layer12,20,2.2779384410000003,Ga_O_11,"(0, 0, 0)"
6,group01,Ga,8,14,2b_layer12,23,1.870073507451236,Ga_O_01,"(1, 1, 0)"
6,group01,Ga,8,14,2b_layer12,37,1.870073355,Ga_O_01,"(0, 0, 0)"
6,group01,Ga,9,15,2a_layer8,3,1.9948516601706343,Ga_O_07,"(0, 0, 0)"
6,group01,Ga,9,15,2a_layer8,11,1.9948520770594027,Ga_O_07,"(0, 1, 0)"
6,group01,Ga,9,15,2a_layer8,13,1.994851660329504,Ga_O_07,"(1, 1, 0)"
6,group01,Ga,9,15,2a_layer8,22,1.9948520773801812,Ga_O_07,"(0, 0, 0)"
6,group01,Ga,9,15,2a_layer8,26,1.9948520770594032,Ga_O_07,"(1, 1, 0)"
6,group01,Ga,9,15,2a_layer8,36,1.9948516607216167,Ga_O_07,"(1, 0, 0)"
6,group01,Ga,10,16,2b_layer4,2,1.8700732794118144,Ga_O_01,"(1, 0, 0)"
6,group01,Ga,10,16,2b_layer4,6,2.277938441000001,Ga_O_11,"(0, 0, 0)"
6,group01,Ga,10,16,2b_layer4,7,2.2779384420000004,Ga_O_11,"(0, 0, 0)"
6,group01,Ga,10,16,2b_layer4,16,1.8700735073000085,Ga_O_01,"(1, 1, 0)"
6,group01,Ga,10,16,2b_layer4,35,1.870073355795254,Ga_O_01,"(0, 0, 0)"
6,group01,Ga,11,17,4f1_layer9,11,1.9084361294606749,Ga_O_02,"(0, 0, 0)"
6,group01,Ga,11,17,4f1_layer9,19,1.9091270429999996,Ga_O_03,"(0, 0, 0)"
6,group01,Ga,11,17,4f1_layer9,22,1.9084362745505044,Ga_O_02,"(0, 0, 0)"
6,group01,Ga,11,17,4f1_layer9,26,1.9084361294606744,Ga_O_02,"(0, 0, 0)"
6,group01,Ga,12,18,4f2_layer11,1,1.9849917587865524,Ga_O_06,"(0, 0, 0)"
6,group01,Ga,12,18,4f2_layer11,5,1.9849916384047732,Ga_O_06,"(0, -1, 0)"
6,group01,Ga,12,18,4f2_layer11,10,2.0663776487443304,Ga_O_08,"(0, 0, 0)"
6,group01,Ga,12,18,4f2_layer11,23,2.0663774783167193,Ga_O_08,"(0, 0, 0)"
6,group01,Ga,12,18,4f2_layer11,33,1.9849917593946298,Ga_O_06,"(1, 0, 0)"
6,group01,Ga,12,18,4f2_layer11,37,2.0663777054221355,Ga_O_08,"(0, 0, 0)"
6,group01,Ga,13,19,4f2_layer3,2,2.0663771907209756,Ga_O_08,"(0, 0, 0)"
6,group01,Ga,13,19,4f2_layer3,16,2.066377020121716,Ga_O_08,"(0, 0, 0)"
6,group01,Ga,13,19,4f2_layer3,18,1.9849922964805824,Ga_O_06,"(-1, 0, 0)"
6,group01,Ga,13,19,4f2_layer3,21,1.9849924174878968,Ga_O_06,"(0, 0, 0)"
6,group01,Ga,13,19,4f2_layer3,25,1.9849924184808014,Ga_O_06,"(0, 1, 0)"
6,group01,Ga,13,19,4f2_layer3,35,2.066377246884635,Ga_O_08,"(0, 0, 0)"
6,group01,Ga,14,20,4f1_layer7,3,1.9084360732701862,Ga_O_02,"(0, 0, 0)"
6,group01,Ga,14,20,4f1_layer7,13,1.9084359271385227,Ga_O_02,"(0, 0, 0)"
6,group01,Ga,14,20,4f1_layer7,17,1.909127043000001,Ga_O_03,"(0, 0, 0)"
6,group01,Ga,14,20,4f1_layer7,36,1.9084359275969722,Ga_O_02,"(0, 0, 0)"
6,group01,Ga,15,21,4f2_layer5,2,2.0663771900543897,Ga_O_08,"(0, 0, 0)"
6,group01,Ga,15,21,4f2_layer5,4,1.9849924184808014,Ga_O_06,"(0, 1, 0)"
6,group01,Ga,15,21,4f2_layer5,16,2.0663770194551296,Ga_O_08,"(0, 0, 0)"
6,group01,Ga,15,21,4f2_layer5,28,1.9849924174878968,Ga_O_06,"(0, 0, 0)"
6,group01,Ga,15,21,4f2_layer5,35,2.0663772462180487,Ga_O_08,"(0, 0, 0)"
6,group01,Ga,15,21,4f2_layer5,38,1.9849922964805824,Ga_O_06,"(-1, 0, 0)"
6,group01,Ga,16,22,4f1_layer1,15,1.9091273005999965,Ga_O_03,"(0, 0, -1)"
6,group01,Ga,16,22,4f1_layer1,29,1.9084359275969722,Ga_O_02,"(0, 0, 0)"
6,group01,Ga,16,22,4f1_layer1,32,1.9084360732701862,Ga_O_02,"(0, 0, 0)"
6,group01,Ga,16,22,4f1_layer1,34,1.9084359271385227,Ga_O_02,"(0, 0, 0)"
6,group01,Ga,17,23,4f2_layer13,9,1.9849917593946296,Ga_O_06,"(1, 0, 0)"
6,group01,Ga,17,23,4f2_layer13,10,2.0663776487443317,Ga_O_08,"(0, 0, 0)"
6,group01,Ga,17,23,4f2_layer13,23,2.0663774783167206,Ga_O_08,"(0, 0, 0)"
6,group01,Ga,17,23,4f2_layer13,27,1.984991638404773,Ga_O_06,"(0, -1, 0)"
6,group01,Ga,17,23,4f2_layer13,30,1.984991758786552,Ga_O_06,"(0, 0, 0)"
6,group01,Ga,17,23,4f2_layer13,37,2.066377705422137,Ga_O_08,"(0, 0, 0)"
6,group01,Ga,18,24,4f1_layer15,8,1.9084361547650497,Ga_O_02,"(0, 0, 0)"
6,group01,Ga,18,24,4f1_layer15,14,1.9084362998548778,Ga_O_02,"(0, 0, 0)"
6,group01,Ga,18,24,4f1_layer15,24,1.9084361547650501,Ga_O_02,"(0, 0, 0)"
6,group01,Ga,18,24,4f1_layer15,31,1.9091268705999949,Ga_O_03,"(0, 0, 1)"
6,group02,Sr,1,,,2,2.958098043228469,Sr_O_02,"(0, -1, 0)"
6,group02,Sr,1,,,4,2.864579795118219,Sr_O_01,"(0, 0, 0)"
6,group02,Sr,1,,,16,2.9580979326637595,Sr_O_02,"(1, 0, 0)"
6,group02,Sr,1,,,18,2.8645798765734263,Sr_O_01,"(0, 0, 0)"
6,group02,Sr,1,,,21,2.864579884642825,Sr_O_01,"(0, 0, 0)"
6,group02,Sr,1,,,25,2.8645797959311503,Sr_O_01,"(0, 0, 0)"
6,group02,Sr,1,,,28,2.864579883829894,Sr_O_01,"(0, 0, 0)"
6,group02,Sr,1,,,35,2.95809800345424,Sr_O_02,"(0, -1, 0)"
6,group02,Sr,1,,,38,2.8645798757604948,Sr_O_01,"(0, 0, 0)"
6,group02,Sr,2,,,1,2.8645793251769454,Sr_O_01,"(0, 0, 0)"
6,group02,Sr,2,,,5,2.8645793169995204,Sr_O_01,"(0, 0, 0)"
6,group02,Sr,2,,,9,2.8645792364135385,Sr_O_01,"(0, 0, 0)"
6,group02,Sr,2,,,10,2.9580980427214705,Sr_O_02,"(-1, 0, 0)"
6,group02,Sr,2,,,23,2.95809793284463,Sr_O_02,"(0, 1, 0)"
6,group02,Sr,2,,,27,2.8645793169995213,Sr_O_01,"(0, 0, 0)"
6,group02,Sr,2,,,30,2.8645793251769462,Sr_O_01,"(0, 0, 0)"
6,group02,Sr,2,,,33,2.864579236413537,Sr_O_01,"(0, 0, 0)"
6,group02,Sr,2,,,37,2.9580980035278155,Sr_O_02,"(-1, 0, 0)"
6,group02,Cr,1,1,12k_layer6_3,4,1.9254355757587174,Cr_O_04,"(0, 0, 0)"
6,group02,Cr,1,1,12k_layer6_3,6,1.9844559567789057,Cr_O_05,"(-1, -1, 0)"
6,group02,Cr,1,1,12k_layer6_3,13,2.0983234538406146,Cr_O_10,"(0, 0, 0)"
6,group02,Cr,1,1,12k_layer6_3,19,2.094827515170505,Cr_O_09,"(0, 0, 0)"
6,group02,Cr,1,1,12k_layer6_3,28,1.925435576196381,Cr_O_04,"(0, 0, 0)"
6,group02,Cr,1,1,12k_layer6_3,36,2.0983234538272053,Cr_O_10,"(0, -1, 0)"
6,group02,Cr,2,2,12k_layer2_3,7,1.9844559567789046,Cr_O_05,"(-1, -1, 0)"
6,group02,Cr,2,2,12k_layer2_3,21,1.9254355761963797,Cr_O_04,"(0, 0, 0)"
6,group02,Cr,2,2,12k_layer2_3,25,1.9254355757587163,Cr_O_04,"(0, 0, 0)"
6,group02,Cr,2,2,12k_layer2_3,29,2.098323453827207,Cr_O_10,"(0, -1, 0)"
6,group02,Cr,2,2,12k_layer2_3,31,2.0948275151705062,Cr_O_09,"(0, 0, 0)"
6,group02,Cr,2,2,12k_layer2_3,34,2.0983234538406164,Cr_O_10,"(0, 0, 0)"
6,group02,Ga,1,3,12k_layer14_1,8,2.0983229791065865,Ga_O_10,"(0, 0, 0)"
6,group02,Ga,1,3,12k_layer14_1,9,1.9254359958162917,Ga_O_04,"(0, 0, 0)"
6,group02,Ga,1,3,12k_layer14_1,15,2.094827260093365,Ga_O_09,"(0, 0, 0)"
6,group02,Ga,1,3,12k_layer14_1,20,1.9844560436631808,Ga_O_05,"(-1, -1, 0)"
6,group02,Ga,1,3,12k_layer14_1,24,2.0983229796303986,Ga_O_10,"(-1, 0, 0)"
6,group02,Ga,1,3,12k_layer14_1,30,1.9254359958162914,Ga_O_04,"(0, 0, 0)"
6,group02,Ga,2,4,12k_layer2_2,7,1.984455956778905,Ga_O_05,"(0, -1, 0)"
6,group02,Ga,2,4,12k_layer2_2,18,1.9254355763634932,Ga_O_04,"(0, 0, 0)"
6,group02,Ga,2,4,12k_layer2_2,25,1.925435575758716,Ga_O_04,"(0, 0, 0)"
6,group02,Ga,2,4,12k_layer2_2,31,2.094827515170506,Ga_O_09,"(0, 0, 0)"
6,group02,Ga,2,4,12k_layer2_2,32,2.0983234538709623,Ga_O_10,"(0, -1, 0)"
6,group02,Ga,2,4,12k_layer2_2,34,2.098323454408184,Ga_O_10,"(1, 0, 0)"
6,group02,Ga,3,5,12k_layer14_3,14,2.098322979539073,Ga_O_10,"(0, 0, 0)"
6,group02,Ga,3,5,12k_layer14_3,15,2.094827383098975,Ga_O_09,"(0, 0, 0)"
6,group02,Ga,3,5,12k_layer14_3,20,1.9844560439741377,Ga_O_05,"(0, 0, 0)"
6,group02,Ga,3,5,12k_layer14_3,24,2.098322979658534,Ga_O_10,"(0, 1, 0)"
6,group02,Ga,3,5,12k_layer14_3,27,1.925435983138288,Ga_O_04,"(0, 0, 0)"
6,group02,Ga,3,5,12k_layer14_3,30,1.9254359955204852,Ga_O_04,"(0, 0, 0)"
6,group02,Ga,4,6,12k_layer10_2,5,1.9254359120300575,Ga_O_04,"(0, 0, 0)"
6,group02,Ga,4,6,12k_layer10_2,12,1.98445595738215,Ga_O_05,"(-1, 0, 0)"
6,group02,Ga,4,6,12k_layer10_2,17,2.094827514410795,Ga_O_09,"(0, 0, 0)"
6,group02,Ga,4,6,12k_layer10_2,22,2.0983230321761726,Ga_O_10,"(-1, 0, 0)"
6,group02,Ga,4,6,12k_layer10_2,26,2.0983230324265865,Ga_O_10,"(0, 1, 0)"
6,group02,Ga,4,6,12k_layer10_2,33,1.9254359114895088,Ga_O_04,"(0, 0, 0)"
6,group02,Ga,5,7,12k_layer6_2,3,2.0983234538709605,Ga_O_10,"(0, -1, 0)"
6,group02,Ga,5,7,12k_layer6_2,4,1.9254355757587174,Ga_O_04,"(0, 0, 0)"
6,group02,Ga,5,7,12k_layer6_2,6,1.9844559567789064,Ga_O_05,"(0, -1, 0)"
6,group02,Ga,5,7,12k_layer6_2,13,2.0983234544081824,Ga_O_10,"(1, 0, 0)"
6,group02,Ga,5,7,12k_layer6_2,19,2.0948275151705045,Ga_O_09,"(0, 0, 0)"
6,group02,Ga,5,7,12k_layer6_2,38,1.9254355763634945,Ga_O_04,"(0, 0, 0)"
6,group02,Cr,3,8,12k_layer6_1,3,2.0983234541175877,Cr_O_10,"(0, 0, 0)"
6,group02,Cr,3,8,12k_layer6_1,6,1.9844559569613607,Cr_O_05,"(0, 0, 0)"
6,group02,Cr,3,8,12k_layer6_1,19,2.0948276379027013,Cr_O_09,"(0, 0, 0)"
6,group02,Cr,3,8,12k_layer6_1,28,1.9254355756093047,Cr_O_04,"(0, 0, 0)"
6,group02,Cr,3,8,12k_layer6_1,36,2.0983234546414,Cr_O_10,"(1, 0, 0)"
6,group02,Cr,3,8,12k_layer6_1,38,1.925435563604001,Cr_O_04,"(0, 0, 0)"
6,group02,Ga,6,9,12k_layer14_2,8,2.098322979647595,Ga_O_10,"(0, 1, 0)"
6,group02,Ga,6,9,12k_layer14_2,9,1.9254359955309297,Ga_O_04,"(0, 0, 0)"
6,group02,Ga,6,9,12k_layer14_2,14,2.098322979397181,Ga_O_10,"(-1, 0, 0)"
6,group02,Ga,6,9,12k_layer14_2,15,2.094827260728784,Ga_O_09,"(0, 0, 0)"
6,group02,Ga,6,9,12k_layer14_2,20,1.9844560438241048,Ga_O_05,"(-1, 0, 0)"
6,group02,Ga,6,9,12k_layer14_2,27,1.9254359960714784,Ga_O_04,"(0, 0, 0)"
6,group02,Ga,7,10,2a_layer16,8,1.9948520249218649,Ga_O_07,"(1, 1, 0)"
6,group02,Ga,7,10,2a_layer16,14,1.9948520252426432,Ga_O_07,"(0, 0, 0)"
6,group02,Ga,7,10,2a_layer16,24,1.9948520249218644,Ga_O_07,"(0, 1, 0)"
6,group02,Ga,7,10,2a_layer16,29,1.9948516604791149,Ga_O_07,"(1, 0, 1)"
6,group02,Ga,7,10,2a_layer16,32,1.9948516599281325,Ga_O_07,"(0, 0, 1)"
6,group02,Ga,7,10,2a_layer16,34,1.994851660087002,Ga_O_07,"(1, 1, 1)"
6,group02,Cr,4,11,12k_layer10_3,1,1.9254359114790642,Cr_O_04,"(0, 0, 0)"
6,group02,Cr,4,11,12k_layer10_3,5,1.9254358990968665,Cr_O_04,"(0, 0, 0)"
6,group02,Cr,4,11,12k_layer10_3,11,2.0983230324375253,Cr_O_10,"(0, 1, 0)"
6,group02,Cr,4,11,12k_layer10_3,12,1.9844559575321832,Cr_O_05,"(0, 0, 0)"
6,group02,Cr,4,11,12k_layer10_3,17,2.094827636780971,Cr_O_09,"(0, 0, 0)"
6,group02,Cr,4,11,12k_layer10_3,22,2.0983230323180644,Cr_O_10,"(0, 0, 0)"
6,group02,Cr,5,12,12k_layer10_1,1,1.9254359117748707,Cr_O_04,"(0, 0, 0)"
6,group02,Cr,5,12,12k_layer10_1,11,2.0983230324093904,Cr_O_10,"(-1, 0, 0)"
6,group02,Cr,5,12,12k_layer10_1,12,1.9844559572212264,Cr_O_05,"(-1, -1, 0)"
6,group02,Cr,5,12,12k_layer10_1,17,2.0948275137753765,Cr_O_09,"(0, 0, 0)"
6,group02,Cr,5,12,12k_layer10_1,26,2.098323031885578,Cr_O_10,"(0, 0, 0)"
6,group02,Cr,5,12,12k_layer10_1,33,1.9254359117748707,Cr_O_04,"(0, 0, 0)"
6,group02,Cr,6,13,12k_layer2_1,7,1.9844559569613596,Cr_O_05,"(0, 0, 0)"
6,group02,Cr,6,13,12k_layer2_1,18,1.925435563604,Cr_O_04,"(0, 0, 0)"
6,group02,Cr,6,13,12k_layer2_1,21,1.9254355756093033,Cr_O_04,"(0, 0, 0)"
6,group02,Cr,6,13,12k_layer2_1,29,2.0983234546414016,Cr_O_10,"(1, 0, 0)"
6,group02,Cr,6,13,12k_layer2_1,31,2.0948276379027027,Cr_O_09,"(0, 0, 0)"
6,group02,Cr,6,13,12k_layer2_1,32,2.0983234541175895,Cr_O_10,"(0, 0, 0)"
6,group02,Ga,8,14,2b_layer12,10,1.8700732788205217,Ga_O_01,"(0, 1, 0)"
6,group02,Ga,8,14,2b_layer12,12,2.2779384420000004,Ga_O_11,"(0, 0, 0)"
6,group02,Ga,8,14,2b_layer12,20,2.2779384410000003,Ga_O_11,"(0, 0, 0)"
6,group02,Ga,8,14,2b_layer12,23,1.870073507451236,Ga_O_01,"(1, 1, 0)"
6,group02,Ga,8,14,2b_layer12,37,1.870073355,Ga_O_01,"(0, 0, 0)"
6,group02,Ga,9,15,2a_layer8,3,1.9948516601706343,Ga_O_07,"(0, 0, 0)"
6,group02,Ga,9,15,2a_layer8,11,1.9948520770594027,Ga_O_07,"(0, 1, 0)"
6,group02,Ga,9,15,2a_layer8,13,1.994851660329504,Ga_O_07,"(1, 1, 0)"
6,group02,Ga,9,15,2a_layer8,22,1.9948520773801812,Ga_O_07,"(0, 0, 0)"
6,group02,Ga,9,15,2a_layer8,26,1.9948520770594032,Ga_O_07,"(1, 1, 0)"
6,group02,Ga,9,15,2a_layer8,36,1.9948516607216167,Ga_O_07,"(1, 0, 0)"
6,group02,Ga,10,16,2b_layer4,2,1.8700732794118144,Ga_O_01,"(1, 0, 0)"
6,group02,Ga,10,16,2b_layer4,6,2.277938441000001,Ga_O_11,"(0, 0, 0)"
6,group02,Ga,10,16,2b_layer4,7,2.2779384420000004,Ga_O_11,"(0, 0, 0)"
6,group02,Ga,10,16,2b_layer4,16,1.8700735073000085,Ga_O_01,"(1, 1, 0)"
6,group02,Ga,10,16,2b_layer4,35,1.870073355795254,Ga_O_01,"(0, 0, 0)"
6,group02,Ga,11,17,4f1_layer9,11,1.9084361294606749,Ga_O_02,"(0, 0, 0)"
6,group02,Ga,11,17,4f1_layer9,19,1.9091270429999996,Ga_O_03,"(0, 0, 0)"
6,group02,Ga,11,17,4f1_layer9,22,1.9084362745505044,Ga_O_02,"(0, 0, 0)"
6,group02,Ga,11,17,4f1_layer9,26,1.9084361294606744,Ga_O_02,"(0, 0, 0)"
6,group02,Ga,12,18,4f2_layer11,1,1.9849917587865524,Ga_O_06,"(0, 0, 0)"
6,group02,Ga,12,18,4f2_layer11,5,1.9849916384047732,Ga_O_06,"(0, -1, 0)"
6,group02,Ga,12,18,4f2_layer11,10,2.0663776487443304,Ga_O_08,"(0, 0, 0)"
6,group02,Ga,12,18,4f2_layer11,23,2.0663774783167193,Ga_O_08,"(0, 0, 0)"
6,group02,Ga,12,18,4f2_layer11,33,1.9849917593946298,Ga_O_06,"(1, 0, 0)"
6,group02,Ga,12,18,4f2_layer11,37,2.0663777054221355,Ga_O_08,"(0, 0, 0)"
6,group02,Ga,13,19,4f2_layer3,2,2.0663771907209756,Ga_O_08,"(0, 0, 0)"
6,group02,Ga,13,19,4f2_layer3,16,2.066377020121716,Ga_O_08,"(0, 0, 0)"
6,group02,Ga,13,19,4f2_layer3,18,1.9849922964805824,Ga_O_06,"(-1, 0, 0)"
6,group02,Ga,13,19,4f2_layer3,21,1.9849924174878968,Ga_O_06,"(0, 0, 0)"
6,group02,Ga,13,19,4f2_layer3,25,1.9849924184808014,Ga_O_06,"(0, 1, 0)"
6,group02,Ga,13,19,4f2_layer3,35,2.066377246884635,Ga_O_08,"(0, 0, 0)"
6,group02,Ga,14,20,4f1_layer7,3,1.9084360732701862,Ga_O_02,"(0, 0, 0)"
6,group02,Ga,14,20,4f1_layer7,13,1.9084359271385227,Ga_O_02,"(0, 0, 0)"
6,group02,Ga,14,20,4f1_layer7,17,1.909127043000001,Ga_O_03,"(0, 0, 0)"
6,group02,Ga,14,20,4f1_layer7,36,1.9084359275969722,Ga_O_02,"(0, 0, 0)"
6,group02,Ga,15,21,4f2_layer5,2,2.0663771900543897,Ga_O_08,"(0, 0, 0)"
6,group02,Ga,15,21,4f2_layer5,4,1.9849924184808014,Ga_O_06,"(0, 1, 0)"
6,group02,Ga,15,21,4f2_layer5,16,2.0663770194551296,Ga_O_08,"(0, 0, 0)"
6,group02,Ga,15,21,4f2_layer5,28,1.9849924174878968,Ga_O_06,"(0, 0, 0)"
6,group02,Ga,15,21,4f2_layer5,35,2.0663772462180487,Ga_O_08,"(0, 0, 0)"
6,group02,Ga,15,21,4f2_layer5,38,1.9849922964805824,Ga_O_06,"(-1, 0, 0)"
6,group02,Ga,16,22,4f1_layer1,15,1.9091273005999965,Ga_O_03,"(0, 0, -1)"
6,group02,Ga,16,22,4f1_layer1,29,1.9084359275969722,Ga_O_02,"(0, 0, 0)"
6,group02,Ga,16,22,4f1_layer1,32,1.9084360732701862,Ga_O_02,"(0, 0, 0)"
6,group02,Ga,16,22,4f1_layer1,34,1.9084359271385227,Ga_O_02,"(0, 0, 0)"
6,group02,Ga,17,23,4f2_layer13,9,1.9849917593946296,Ga_O_06,"(1, 0, 0)"
6,group02,Ga,17,23,4f2_layer13,10,2.0663776487443317,Ga_O_08,"(0, 0, 0)"
6,group02,Ga,17,23,4f2_layer13,23,2.0663774783167206,Ga_O_08,"(0, 0, 0)"
6,group02,Ga,17,23,4f2_layer13,27,1.984991638404773,Ga_O_06,"(0, -1, 0)"
6,group02,Ga,17,23,4f2_layer13,30,1.984991758786552,Ga_O_06,"(0, 0, 0)"
6,group02,Ga,17,23,4f2_layer13,37,2.066377705422137,Ga_O_08,"(0, 0, 0)"
6,group02,Ga,18,24,4f1_layer15,8,1.9084361547650497,Ga_O_02,"(0, 0, 0)"
6,group02,Ga,18,24,4f1_layer15,14,1.9084362998548778,Ga_O_02,"(0, 0, 0)"
6,group02,Ga,18,24,4f1_layer15,24,1.9084361547650501,Ga_O_02,"(0, 0, 0)"
6,group02,Ga,18,24,4f1_layer15,31,1.9091268705999949,Ga_O_03,"(0, 0, 1)"
6,group03,Sr,1,,,2,2.958098043228469,Sr_O_02,"(0, -1, 0)"
6,group03,Sr,1,,,4,2.864579795118219,Sr_O_01,"(0, 0, 0)"
6,group03,Sr,1,,,16,2.9580979326637595,Sr_O_02,"(1, 0, 0)"
6,group03,Sr,1,,,18,2.8645798765734263,Sr_O_01,"(0, 0, 0)"
6,group03,Sr,1,,,21,2.864579884642825,Sr_O_01,"(0, 0, 0)"
6,group03,Sr,1,,,25,2.8645797959311503,Sr_O_01,"(0, 0, 0)"
6,group03,Sr,1,,,28,2.864579883829894,Sr_O_01,"(0, 0, 0)"
6,group03,Sr,1,,,35,2.95809800345424,Sr_O_02,"(0, -1, 0)"
6,group03,Sr,1,,,38,2.8645798757604948,Sr_O_01,"(0, 0, 0)"
6,group03,Sr,2,,,1,2.8645793251769454,Sr_O_01,"(0, 0, 0)"
6,group03,Sr,2,,,5,2.8645793169995204,Sr_O_01,"(0, 0, 0)"
6,group03,Sr,2,,,9,2.8645792364135385,Sr_O_01,"(0, 0, 0)"
6,group03,Sr,2,,,10,2.9580980427214705,Sr_O_02,"(-1, 0, 0)"
6,group03,Sr,2,,,23,2.95809793284463,Sr_O_02,"(0, 1, 0)"
6,group03,Sr,2,,,27,2.8645793169995213,Sr_O_01,"(0, 0, 0)"
6,group03,Sr,2,,,30,2.8645793251769462,Sr_O_01,"(0, 0, 0)"
6,group03,Sr,2,,,33,2.864579236413537,Sr_O_01,"(0, 0, 0)"
6,group03,Sr,2,,,37,2.9580980035278155,Sr_O_02,"(-1, 0, 0)"
6,group03,Cr,1,1,12k_layer6_3,4,1.9254355757587174,Cr_O_04,"(0, 0, 0)"
6,group03,Cr,1,1,12k_layer6_3,6,1.9844559567789057,Cr_O_05,"(-1, -1, 0)"
6,group03,Cr,1,1,12k_layer6_3,13,2.0983234538406146,Cr_O_10,"(0, 0, 0)"
6,group03,Cr,1,1,12k_layer6_3,19,2.094827515170505,Cr_O_09,"(0, 0, 0)"
6,group03,Cr,1,1,12k_layer6_3,28,1.925435576196381,Cr_O_04,"(0, 0, 0)"
6,group03,Cr,1,1,12k_layer6_3,36,2.0983234538272053,Cr_O_10,"(0, -1, 0)"
6,group03,Cr,2,2,12k_layer2_3,7,1.9844559567789046,Cr_O_05,"(-1, -1, 0)"
6,group03,Cr,2,2,12k_layer2_3,21,1.9254355761963797,Cr_O_04,"(0, 0, 0)"
6,group03,Cr,2,2,12k_layer2_3,25,1.9254355757587163,Cr_O_04,"(0, 0, 0)"
6,group03,Cr,2,2,12k_layer2_3,29,2.098323453827207,Cr_O_10,"(0, -1, 0)"
6,group03,Cr,2,2,12k_layer2_3,31,2.0948275151705062,Cr_O_09,"(0, 0, 0)"
6,group03,Cr,2,2,12k_layer2_3,34,2.0983234538406164,Cr_O_10,"(0, 0, 0)"
6,group03,Ga,1,3,12k_layer14_1,8,2.0983229791065865,Ga_O_10,"(0, 0, 0)"
6,group03,Ga,1,3,12k_layer14_1,9,1.9254359958162917,Ga_O_04,"(0, 0, 0)"
6,group03,Ga,1,3,12k_layer14_1,15,2.094827260093365,Ga_O_09,"(0, 0, 0)"
6,group03,Ga,1,3,12k_layer14_1,20,1.9844560436631808,Ga_O_05,"(-1, -1, 0)"
6,group03,Ga,1,3,12k_layer14_1,24,2.0983229796303986,Ga_O_10,"(-1, 0, 0)"
6,group03,Ga,1,3,12k_layer14_1,30,1.9254359958162914,Ga_O_04,"(0, 0, 0)"
6,group03,Cr,3,4,12k_layer2_2,7,1.984455956778905,Cr_O_05,"(0, -1, 0)"
6,group03,Cr,3,4,12k_layer2_2,18,1.9254355763634932,Cr_O_04,"(0, 0, 0)"
6,group03,Cr,3,4,12k_layer2_2,25,1.925435575758716,Cr_O_04,"(0, 0, 0)"
6,group03,Cr,3,4,12k_layer2_2,31,2.094827515170506,Cr_O_09,"(0, 0, 0)"
6,group03,Cr,3,4,12k_layer2_2,32,2.0983234538709623,Cr_O_10,"(0, -1, 0)"
6,group03,Cr,3,4,12k_layer2_2,34,2.098323454408184,Cr_O_10,"(1, 0, 0)"
6,group03,Ga,2,5,12k_layer14_3,14,2.098322979539073,Ga_O_10,"(0, 0, 0)"
6,group03,Ga,2,5,12k_layer14_3,15,2.094827383098975,Ga_O_09,"(0, 0, 0)"
6,group03,Ga,2,5,12k_layer14_3,20,1.9844560439741377,Ga_O_05,"(0, 0, 0)"
6,group03,Ga,2,5,12k_layer14_3,24,2.098322979658534,Ga_O_10,"(0, 1, 0)"
6,group03,Ga,2,5,12k_layer14_3,27,1.925435983138288,Ga_O_04,"(0, 0, 0)"
6,group03,Ga,2,5,12k_layer14_3,30,1.9254359955204852,Ga_O_04,"(0, 0, 0)"
6,group03,Cr,4,6,12k_layer10_2,5,1.9254359120300575,Cr_O_04,"(0, 0, 0)"
6,group03,Cr,4,6,12k_layer10_2,12,1.98445595738215,Cr_O_05,"(-1, 0, 0)"
6,group03,Cr,4,6,12k_layer10_2,17,2.094827514410795,Cr_O_09,"(0, 0, 0)"
6,group03,Cr,4,6,12k_layer10_2,22,2.0983230321761726,Cr_O_10,"(-1, 0, 0)"
6,group03,Cr,4,6,12k_layer10_2,26,2.0983230324265865,Cr_O_10,"(0, 1, 0)"
6,group03,Cr,4,6,12k_layer10_2,33,1.9254359114895088,Cr_O_04,"(0, 0, 0)"
6,group03,Cr,5,7,12k_layer6_2,3,2.0983234538709605,Cr_O_10,"(0, -1, 0)"
6,group03,Cr,5,7,12k_layer6_2,4,1.9254355757587174,Cr_O_04,"(0, 0, 0)"
6,group03,Cr,5,7,12k_layer6_2,6,1.9844559567789064,Cr_O_05,"(0, -1, 0)"
6,group03,Cr,5,7,12k_layer6_2,13,2.0983234544081824,Cr_O_10,"(1, 0, 0)"
6,group03,Cr,5,7,12k_layer6_2,19,2.0948275151705045,Cr_O_09,"(0, 0, 0)"
6,group03,Cr,5,7,12k_layer6_2,38,1.9254355763634945,Cr_O_04,"(0, 0, 0)"
6,group03,Ga,3,8,12k_layer6_1,3,2.0983234541175877,Ga_O_10,"(0, 0, 0)"
6,group03,Ga,3,8,12k_layer6_1,6,1.9844559569613607,Ga_O_05,"(0, 0, 0)"
6,group03,Ga,3,8,12k_layer6_1,19,2.0948276379027013,Ga_O_09,"(0, 0, 0)"
6,group03,Ga,3,8,12k_layer6_1,28,1.9254355756093047,Ga_O_04,"(0, 0, 0)"
6,group03,Ga,3,8,12k_layer6_1,36,2.0983234546414,Ga_O_10,"(1, 0, 0)"
6,group03,Ga,3,8,12k_layer6_1,38,1.925435563604001,Ga_O_04,"(0, 0, 0)"
6,group03,Ga,4,9,12k_layer14_2,8,2.098322979647595,Ga_O_10,"(0, 1, 0)"
6,group03,Ga,4,9,12k_layer14_2,9,1.9254359955309297,Ga_O_04,"(0, 0, 0)"
6,group03,Ga,4,9,12k_layer14_2,14,2.098322979397181,Ga_O_10,"(-1, 0, 0)"
6,group03,Ga,4,9,12k_layer14_2,15,2.094827260728784,Ga_O_09,"(0, 0, 0)"
6,group03,Ga,4,9,12k_layer14_2,20,1.9844560438241048,Ga_O_05,"(-1, 0, 0)"
6,group03,Ga,4,9,12k_layer14_2,27,1.9254359960714784,Ga_O_04,"(0, 0, 0)"
6,group03,Ga,5,10,2a_layer16,8,1.9948520249218649,Ga_O_07,"(1, 1, 0)"
6,group03,Ga,5,10,2a_layer16,14,1.9948520252426432,Ga_O_07,"(0, 0, 0)"
6,group03,Ga,5,10,2a_layer16,24,1.9948520249218644,Ga_O_07,"(0, 1, 0)"
6,group03,Ga,5,10,2a_layer16,29,1.9948516604791149,Ga_O_07,"(1, 0, 1)"
6,group03,Ga,5,10,2a_layer16,32,1.9948516599281325,Ga_O_07,"(0, 0, 1)"
6,group03,Ga,5,10,2a_layer16,34,1.994851660087002,Ga_O_07,"(1, 1, 1)"
6,group03,Cr,6,11,12k_layer10_3,1,1.9254359114790642,Cr_O_04,"(0, 0, 0)"
6,group03,Cr,6,11,12k_layer10_3,5,1.9254358990968665,Cr_O_04,"(0, 0, 0)"
6,group03,Cr,6,11,12k_layer10_3,11,2.0983230324375253,Cr_O_10,"(0, 1, 0)"
6,group03,Cr,6,11,12k_layer10_3,12,1.9844559575321832,Cr_O_05,"(0, 0, 0)"
6,group03,Cr,6,11,12k_layer10_3,17,2.094827636780971,Cr_O_09,"(0, 0, 0)"
6,group03,Cr,6,11,12k_layer10_3,22,2.0983230323180644,Cr_O_10,"(0, 0, 0)"
6,group03,Ga,6,12,12k_layer10_1,1,1.9254359117748707,Ga_O_04,"(0, 0, 0)"
6,group03,Ga,6,12,12k_layer10_1,11,2.0983230324093904,Ga_O_10,"(-1, 0, 0)"
6,group03,Ga,6,12,12k_layer10_1,12,1.9844559572212264,Ga_O_05,"(-1, -1, 0)"
6,group03,Ga,6,12,12k_layer10_1,17,2.0948275137753765,Ga_O_09,"(0, 0, 0)"
6,group03,Ga,6,12,12k_layer10_1,26,2.098323031885578,Ga_O_10,"(0, 0, 0)"
6,group03,Ga,6,12,12k_layer10_1,33,1.9254359117748707,Ga_O_04,"(0, 0, 0)"
6,group03,Ga,7,13,12k_layer2_1,7,1.9844559569613596,Ga_O_05,"(0, 0, 0)"
6,group03,Ga,7,13,12k_layer2_1,18,1.925435563604,Ga_O_04,"(0, 0, 0)"
6,group03,Ga,7,13,12k_layer2_1,21,1.9254355756093033,Ga_O_04,"(0, 0, 0)"
6,group03,Ga,7,13,12k_layer2_1,29,2.0983234546414016,Ga_O_10,"(1, 0, 0)"
6,group03,Ga,7,13,12k_layer2_1,31,2.0948276379027027,Ga_O_09,"(0, 0, 0)"
6,group03,Ga,7,13,12k_layer2_1,32,2.0983234541175895,Ga_O_10,"(0, 0, 0)"
6,group03,Ga,8,14,2b_layer12,10,1.8700732788205217,Ga_O_01,"(0, 1, 0)"
6,group03,Ga,8,14,2b_layer12,12,2.2779384420000004,Ga_O_11,"(0, 0, 0)"
6,group03,Ga,8,14,2b_layer12,20,2.2779384410000003,Ga_O_11,"(0, 0, 0)"
6,group03,Ga,8,14,2b_layer12,23,1.870073507451236,Ga_O_01,"(1, 1, 0)"
6,group03,Ga,8,14,2b_layer12,37,1.870073355,Ga_O_01,"(0, 0, 0)"
6,group03,Ga,9,15,2a_layer8,3,1.9948516601706343,Ga_O_07,"(0, 0, 0)"
6,group03,Ga,9,15,2a_layer8,11,1.9948520770594027,Ga_O_07,"(0, 1, 0)"
6,group03,Ga,9,15,2a_layer8,13,1.994851660329504,Ga_O_07,"(1, 1, 0)"
6,group03,Ga,9,15,2a_layer8,22,1.9948520773801812,Ga_O_07,"(0, 0, 0)"
6,group03,Ga,9,15,2a_layer8,26,1.9948520770594032,Ga_O_07,"(1, 1, 0)"
6,group03,Ga,9,15,2a_layer8,36,1.9948516607216167,Ga_O_07,"(1, 0, 0)"
6,group03,Ga,10,16,2b_layer4,2,1.8700732794118144,Ga_O_01,"(1, 0, 0)"
6,group03,Ga,10,16,2b_layer4,6,2.277938441000001,Ga_O_11,"(0, 0, 0)"
6,group03,Ga,10,16,2b_layer4,7,2.2779384420000004,Ga_O_11,"(0, 0, 0)"
6,group03,Ga,10,16,2b_layer4,16,1.8700735073000085,Ga_O_01,"(1, 1, 0)"
6,group03,Ga,10,16,2b_layer4,35,1.870073355795254,Ga_O_01,"(0, 0, 0)"
6,group03,Ga,11,17,4f1_layer9,11,1.9084361294606749,Ga_O_02,"(0, 0, 0)"
6,group03,Ga,11,17,4f1_layer9,19,1.9091270429999996,Ga_O_03,"(0, 0, 0)"
6,group03,Ga,11,17,4f1_layer9,22,1.9084362745505044,Ga_O_02,"(0, 0, 0)"
6,group03,Ga,11,17,4f1_layer9,26,1.9084361294606744,Ga_O_02,"(0, 0, 0)"
6,group03,Ga,12,18,4f2_layer11,1,1.9849917587865524,Ga_O_06,"(0, 0, 0)"
6,group03,Ga,12,18,4f2_layer11,5,1.9849916384047732,Ga_O_06,"(0, -1, 0)"
6,group03,Ga,12,18,4f2_layer11,10,2.0663776487443304,Ga_O_08,"(0, 0, 0)"
6,group03,Ga,12,18,4f2_layer11,23,2.0663774783167193,Ga_O_08,"(0, 0, 0)"
6,group03,Ga,12,18,4f2_layer11,33,1.9849917593946298,Ga_O_06,"(1, 0, 0)"
6,group03,Ga,12,18,4f2_layer11,37,2.0663777054221355,Ga_O_08,"(0, 0, 0)"
6,group03,Ga,13,19,4f2_layer3,2,2.0663771907209756,Ga_O_08,"(0, 0, 0)"
6,group03,Ga,13,19,4f2_layer3,16,2.066377020121716,Ga_O_08,"(0, 0, 0)"
6,group03,Ga,13,19,4f2_layer3,18,1.9849922964805824,Ga_O_06,"(-1, 0, 0)"
6,group03,Ga,13,19,4f2_layer3,21,1.9849924174878968,Ga_O_06,"(0, 0, 0)"
6,group03,Ga,13,19,4f2_layer3,25,1.9849924184808014,Ga_O_06,"(0, 1, 0)"
6,group03,Ga,13,19,4f2_layer3,35,2.066377246884635,Ga_O_08,"(0, 0, 0)"
6,group03,Ga,14,20,4f1_layer7,3,1.9084360732701862,Ga_O_02,"(0, 0, 0)"
6,group03,Ga,14,20,4f1_layer7,13,1.9084359271385227,Ga_O_02,"(0, 0, 0)"
6,group03,Ga,14,20,4f1_layer7,17,1.909127043000001,Ga_O_03,"(0, 0, 0)"
6,group03,Ga,14,20,4f1_layer7,36,1.9084359275969722,Ga_O_02,"(0, 0, 0)"
6,group03,Ga,15,21,4f2_layer5,2,2.0663771900543897,Ga_O_08,"(0, 0, 0)"
6,group03,Ga,15,21,4f2_layer5,4,1.9849924184808014,Ga_O_06,"(0, 1, 0)"
6,group03,Ga,15,21,4f2_layer5,16,2.0663770194551296,Ga_O_08,"(0, 0, 0)"
6,group03,Ga,15,21,4f2_layer5,28,1.9849924174878968,Ga_O_06,"(0, 0, 0)"
6,group03,Ga,15,21,4f2_layer5,35,2.0663772462180487,Ga_O_08,"(0, 0, 0)"
6,group03,Ga,15,21,4f2_layer5,38,1.9849922964805824,Ga_O_06,"(-1, 0, 0)"
6,group03,Ga,16,22,4f1_layer1,15,1.9091273005999965,Ga_O_03,"(0, 0, -1)"
6,group03,Ga,16,22,4f1_layer1,29,1.9084359275969722,Ga_O_02,"(0, 0, 0)"
6,group03,Ga,16,22,4f1_layer1,32,1.9084360732701862,Ga_O_02,"(0, 0, 0)"
6,group03,Ga,16,22,4f1_layer1,34,1.9084359271385227,Ga_O_02,"(0, 0, 0)"
6,group03,Ga,17,23,4f2_layer13,9,1.9849917593946296,Ga_O_06,"(1, 0, 0)"
6,group03,Ga,17,23,4f2_layer13,10,2.0663776487443317,Ga_O_08,"(0, 0, 0)"
6,group03,Ga,17,23,4f2_layer13,23,2.0663774783167206,Ga_O_08,"(0, 0, 0)"
6,group03,Ga,17,23,4f2_layer13,27,1.984991638404773,Ga_O_06,"(0, -1, 0)"
6,group03,Ga,17,23,4f2_layer13,30,1.984991758786552,Ga_O_06,"(0, 0, 0)"
6,group03,Ga,17,23,4f2_layer13,37,2.066377705422137,Ga_O_08,"(0, 0, 0)"
6,group03,Ga,18,24,4f1_layer15,8,1.9084361547650497,Ga_O_02,"(0, 0, 0)"
6,group03,Ga,18,24,4f1_layer15,14,1.9084362998548778,Ga_O_02,"(0, 0, 0)"
6,group03,Ga,18,24,4f1_layer15,24,1.9084361547650501,Ga_O_02,"(0, 0, 0)"
6,group03,Ga,18,24,4f1_layer15,31,1.9091268705999949,Ga_O_03,"(0, 0, 1)"
6,group04,Sr,1,,,2,2.958098043228469,Sr_O_02,"(0, -1, 0)"
6,group04,Sr,1,,,4,2.864579795118219,Sr_O_01,"(0, 0, 0)"
6,group04,Sr,1,,,16,2.9580979326637595,Sr_O_02,"(1, 0, 0)"
6,group04,Sr,1,,,18,2.8645798765734263,Sr_O_01,"(0, 0, 0)"
6,group04,Sr,1,,,21,2.864579884642825,Sr_O_01,"(0, 0, 0)"
6,group04,Sr,1,,,25,2.8645797959311503,Sr_O_01,"(0, 0, 0)"
6,group04,Sr,1,,,28,2.864579883829894,Sr_O_01,"(0, 0, 0)"
6,group04,Sr,1,,,35,2.95809800345424,Sr_O_02,"(0, -1, 0)"
6,group04,Sr,1,,,38,2.8645798757604948,Sr_O_01,"(0, 0, 0)"
6,group04,Sr,2,,,1,2.8645793251769454,Sr_O_01,"(0, 0, 0)"
6,group04,Sr,2,,,5,2.8645793169995204,Sr_O_01,"(0, 0, 0)"
6,group04,Sr,2,,,9,2.8645792364135385,Sr_O_01,"(0, 0, 0)"
6,group04,Sr,2,,,10,2.9580980427214705,Sr_O_02,"(-1, 0, 0)"
6,group04,Sr,2,,,23,2.95809793284463,Sr_O_02,"(0, 1, 0)"
6,group04,Sr,2,,,27,2.8645793169995213,Sr_O_01,"(0, 0, 0)"
6,group04,Sr,2,,,30,2.8645793251769462,Sr_O_01,"(0, 0, 0)"
6,group04,Sr,2,,,33,2.864579236413537,Sr_O_01,"(0, 0, 0)"
6,group04,Sr,2,,,37,2.9580980035278155,Sr_O_02,"(-1, 0, 0)"
6,group04,Ga,1,1,12k_layer6_3,4,1.9254355757587174,Ga_O_04,"(0, 0, 0)"
6,group04,Ga,1,1,12k_layer6_3,6,1.9844559567789057,Ga_O_05,"(-1, -1, 0)"
6,group04,Ga,1,1,12k_layer6_3,13,2.0983234538406146,Ga_O_10,"(0, 0, 0)"
6,group04,Ga,1,1,12k_layer6_3,19,2.094827515170505,Ga_O_09,"(0, 0, 0)"
6,group04,Ga,1,1,12k_layer6_3,28,1.925435576196381,Ga_O_04,"(0, 0, 0)"
6,group04,Ga,1,1,12k_layer6_3,36,2.0983234538272053,Ga_O_10,"(0, -1, 0)"
6,group04,Ga,2,2,12k_layer2_3,7,1.9844559567789046,Ga_O_05,"(-1, -1, 0)"
6,group04,Ga,2,2,12k_layer2_3,21,1.9254355761963797,Ga_O_04,"(0, 0, 0)"
6,group04,Ga,2,2,12k_layer2_3,25,1.9254355757587163,Ga_O_04,"(0, 0, 0)"
6,group04,Ga,2,2,12k_layer2_3,29,2.098323453827207,Ga_O_10,"(0, -1, 0)"
6,group04,Ga,2,2,12k_layer2_3,31,2.0948275151705062,Ga_O_09,"(0, 0, 0)"
6,group04,Ga,2,2,12k_layer2_3,34,2.0983234538406164,Ga_O_10,"(0, 0, 0)"
6,group04,Cr,1,3,12k_layer14_1,8,2.0983229791065865,Cr_O_10,"(0, 0, 0)"
6,group04,Cr,1,3,12k_layer14_1,9,1.9254359958162917,Cr_O_04,"(0, 0, 0)"
6,group04,Cr,1,3,12k_layer14_1,15,2.094827260093365,Cr_O_09,"(0, 0, 0)"
6,group04,Cr,1,3,12k_layer14_1,20,1.9844560436631808,Cr_O_05,"(-1, -1, 0)"
6,group04,Cr,1,3,12k_layer14_1,24,2.0983229796303986,Cr_O_10,"(-1, 0, 0)"
6,group04,Cr,1,3,12k_layer14_1,30,1.9254359958162914,Cr_O_04,"(0, 0, 0)"
6,group04,Cr,2,4,12k_layer2_2,7,1.984455956778905,Cr_O_05,"(0, -1, 0)"
6,group04,Cr,2,4,12k_layer2_2,18,1.9254355763634932,Cr_O_04,"(0, 0, 0)"
6,group04,Cr,2,4,12k_layer2_2,25,1.925435575758716,Cr_O_04,"(0, 0, 0)"
6,group04,Cr,2,4,12k_layer2_2,31,2.094827515170506,Cr_O_09,"(0, 0, 0)"
6,group04,Cr,2,4,12k_layer2_2,32,2.0983234538709623,Cr_O_10,"(0, -1, 0)"
6,group04,Cr,2,4,12k_layer2_2,34,2.098323454408184,Cr_O_10,"(1, 0, 0)"
6,group04,Ga,3,5,12k_layer14_3,14,2.098322979539073,Ga_O_10,"(0, 0, 0)"
6,group04,Ga,3,5,12k_layer14_3,15,2.094827383098975,Ga_O_09,"(0, 0, 0)"
6,group04,Ga,3,5,12k_layer14_3,20,1.9844560439741377,Ga_O_05,"(0, 0, 0)"
6,group04,Ga,3,5,12k_layer14_3,24,2.098322979658534,Ga_O_10,"(0, 1, 0)"
6,group04,Ga,3,5,12k_layer14_3,27,1.925435983138288,Ga_O_04,"(0, 0, 0)"
6,group04,Ga,3,5,12k_layer14_3,30,1.9254359955204852,Ga_O_04,"(0, 0, 0)"
6,group04,Ga,4,6,12k_layer10_2,5,1.9254359120300575,Ga_O_04,"(0, 0, 0)"
6,group04,Ga,4,6,12k_layer10_2,12,1.98445595738215,Ga_O_05,"(-1, 0, 0)"
6,group04,Ga,4,6,12k_layer10_2,17,2.094827514410795,Ga_O_09,"(0, 0, 0)"
6,group04,Ga,4,6,12k_layer10_2,22,2.0983230321761726,Ga_O_10,"(-1, 0, 0)"
6,group04,Ga,4,6,12k_layer10_2,26,2.0983230324265865,Ga_O_10,"(0, 1, 0)"
6,group04,Ga,4,6,12k_layer10_2,33,1.9254359114895088,Ga_O_04,"(0, 0, 0)"
6,group04,Cr,3,7,12k_layer6_2,3,2.0983234538709605,Cr_O_10,"(0, -1, 0)"
6,group04,Cr,3,7,12k_layer6_2,4,1.9254355757587174,Cr_O_04,"(0, 0, 0)"
6,group04,Cr,3,7,12k_layer6_2,6,1.9844559567789064,Cr_O_05,"(0, -1, 0)"
6,group04,Cr,3,7,12k_layer6_2,13,2.0983234544081824,Cr_O_10,"(1, 0, 0)"
6,group04,Cr,3,7,12k_layer6_2,19,2.0948275151705045,Cr_O_09,"(0, 0, 0)"
6,group04,Cr,3,7,12k_layer6_2,38,1.9254355763634945,Cr_O_04,"(0, 0, 0)"
6,group04,Cr,4,8,12k_layer6_1,3,2.0983234541175877,Cr_O_10,"(0, 0, 0)"
6,group04,Cr,4,8,12k_layer6_1,6,1.9844559569613607,Cr_O_05,"(0, 0, 0)"
6,group04,Cr,4,8,12k_layer6_1,19,2.0948276379027013,Cr_O_09,"(0, 0, 0)"
6,group04,Cr,4,8,12k_layer6_1,28,1.9254355756093047,Cr_O_04,"(0, 0, 0)"
6,group04,Cr,4,8,12k_layer6_1,36,2.0983234546414,Cr_O_10,"(1, 0, 0)"
6,group04,Cr,4,8,12k_layer6_1,38,1.925435563604001,Cr_O_04,"(0, 0, 0)"
6,group04,Cr,5,9,12k_layer14_2,8,2.098322979647595,Cr_O_10,"(0, 1, 0)"
6,group04,Cr,5,9,12k_layer14_2,9,1.9254359955309297,Cr_O_04,"(0, 0, 0)"
6,group04,Cr,5,9,12k_layer14_2,14,2.098322979397181,Cr_O_10,"(-1, 0, 0)"
6,group04,Cr,5,9,12k_layer14_2,15,2.094827260728784,Cr_O_09,"(0, 0, 0)"
6,group04,Cr,5,9,12k_layer14_2,20,1.9844560438241048,Cr_O_05,"(-1, 0, 0)"
6,group04,Cr,5,9,12k_layer14_2,27,1.9254359960714784,Cr_O_04,"(0, 0, 0)"
6,group04,Ga,5,10,2a_layer16,8,1.9948520249218649,Ga_O_07,"(1, 1, 0)"
6,group04,Ga,5,10,2a_layer16,14,1.9948520252426432,Ga_O_07,"(0, 0, 0)"
6,group04,Ga,5,10,2a_layer16,24,1.9948520249218644,Ga_O_07,"(0, 1, 0)"
6,group04,Ga,5,10,2a_layer16,29,1.9948516604791149,Ga_O_07,"(1, 0, 1)"
6,group04,Ga,5,10,2a_layer16,32,1.9948516599281325,Ga_O_07,"(0, 0, 1)"
6,group04,Ga,5,10,2a_layer16,34,1.994851660087002,Ga_O_07,"(1, 1, 1)"
6,group04,Ga,6,11,12k_layer10_3,1,1.9254359114790642,Ga_O_04,"(0, 0, 0)"
6,group04,Ga,6,11,12k_layer10_3,5,1.9254358990968665,Ga_O_04,"(0, 0, 0)"
6,group04,Ga,6,11,12k_layer10_3,11,2.0983230324375253,Ga_O_10,"(0, 1, 0)"
6,group04,Ga,6,11,12k_layer10_3,12,1.9844559575321832,Ga_O_05,"(0, 0, 0)"
6,group04,Ga,6,11,12k_layer10_3,17,2.094827636780971,Ga_O_09,"(0, 0, 0)"
6,group04,Ga,6,11,12k_layer10_3,22,2.0983230323180644,Ga_O_10,"(0, 0, 0)"
6,group04,Ga,7,12,12k_layer10_1,1,1.9254359117748707,Ga_O_04,"(0, 0, 0)"
6,group04,Ga,7,12,12k_layer10_1,11,2.0983230324093904,Ga_O_10,"(-1, 0, 0)"
6,group04,Ga,7,12,12k_layer10_1,12,1.9844559572212264,Ga_O_05,"(-1, -1, 0)"
6,group04,Ga,7,12,12k_layer10_1,17,2.0948275137753765,Ga_O_09,"(0, 0, 0)"
6,group04,Ga,7,12,12k_layer10_1,26,2.098323031885578,Ga_O_10,"(0, 0, 0)"
6,group04,Ga,7,12,12k_layer10_1,33,1.9254359117748707,Ga_O_04,"(0, 0, 0)"
6,group04,Cr,6,13,12k_layer2_1,7,1.9844559569613596,Cr_O_05,"(0, 0, 0)"
6,group04,Cr,6,13,12k_layer2_1,18,1.925435563604,Cr_O_04,"(0, 0, 0)"
6,group04,Cr,6,13,12k_layer2_1,21,1.9254355756093033,Cr_O_04,"(0, 0, 0)"
6,group04,Cr,6,13,12k_layer2_1,29,2.0983234546414016,Cr_O_10,"(1, 0, 0)"
6,group04,Cr,6,13,12k_layer2_1,31,2.0948276379027027,Cr_O_09,"(0, 0, 0)"
6,group04,Cr,6,13,12k_layer2_1,32,2.0983234541175895,Cr_O_10,"(0, 0, 0)"
6,group04,Ga,8,14,2b_layer12,10,1.8700732788205217,Ga_O_01,"(0, 1, 0)"
6,group04,Ga,8,14,2b_layer12,12,2.2779384420000004,Ga_O_11,"(0, 0, 0)"
6,group04,Ga,8,14,2b_layer12,20,2.2779384410000003,Ga_O_11,"(0, 0, 0)"
6,group04,Ga,8,14,2b_layer12,23,1.870073507451236,Ga_O_01,"(1, 1, 0)"
6,group04,Ga,8,14,2b_layer12,37,1.870073355,Ga_O_01,"(0, 0, 0)"
6,group04,Ga,9,15,2a_layer8,3,1.9948516601706343,Ga_O_07,"(0, 0, 0)"
6,group04,Ga,9,15,2a_layer8,11,1.9948520770594027,Ga_O_07,"(0, 1, 0)"
6,group04,Ga,9,15,2a_layer8,13,1.994851660329504,Ga_O_07,"(1, 1, 0)"
6,group04,Ga,9,15,2a_layer8,22,1.9948520773801812,Ga_O_07,"(0, 0, 0)"
6,group04,Ga,9,15,2a_layer8,26,1.9948520770594032,Ga_O_07,"(1, 1, 0)"
6,group04,Ga,9,15,2a_layer8,36,1.9948516607216167,Ga_O_07,"(1, 0, 0)"
6,group04,Ga,10,16,2b_layer4,2,1.8700732794118144,Ga_O_01,"(1, 0, 0)"
6,group04,Ga,10,16,2b_layer4,6,2.277938441000001,Ga_O_11,"(0, 0, 0)"
6,group04,Ga,10,16,2b_layer4,7,2.2779384420000004,Ga_O_11,"(0, 0, 0)"
6,group04,Ga,10,16,2b_layer4,16,1.8700735073000085,Ga_O_01,"(1, 1, 0)"
6,group04,Ga,10,16,2b_layer4,35,1.870073355795254,Ga_O_01,"(0, 0, 0)"
6,group04,Ga,11,17,4f1_layer9,11,1.9084361294606749,Ga_O_02,"(0, 0, 0)"
6,group04,Ga,11,17,4f1_layer9,19,1.9091270429999996,Ga_O_03,"(0, 0, 0)"
6,group04,Ga,11,17,4f1_layer9,22,1.9084362745505044,Ga_O_02,"(0, 0, 0)"
6,group04,Ga,11,17,4f1_layer9,26,1.9084361294606744,Ga_O_02,"(0, 0, 0)"
6,group04,Ga,12,18,4f2_layer11,1,1.9849917587865524,Ga_O_06,"(0, 0, 0)"
6,group04,Ga,12,18,4f2_layer11,5,1.9849916384047732,Ga_O_06,"(0, -1, 0)"
6,group04,Ga,12,18,4f2_layer11,10,2.0663776487443304,Ga_O_08,"(0, 0, 0)"
6,group04,Ga,12,18,4f2_layer11,23,2.0663774783167193,Ga_O_08,"(0, 0, 0)"
6,group04,Ga,12,18,4f2_layer11,33,1.9849917593946298,Ga_O_06,"(1, 0, 0)"
6,group04,Ga,12,18,4f2_layer11,37,2.0663777054221355,Ga_O_08,"(0, 0, 0)"
6,group04,Ga,13,19,4f2_layer3,2,2.0663771907209756,Ga_O_08,"(0, 0, 0)"
6,group04,Ga,13,19,4f2_layer3,16,2.066377020121716,Ga_O_08,"(0, 0, 0)"
6,group04,Ga,13,19,4f2_layer3,18,1.9849922964805824,Ga_O_06,"(-1, 0, 0)"
6,group04,Ga,13,19,4f2_layer3,21,1.9849924174878968,Ga_O_06,"(0, 0, 0)"
6,group04,Ga,13,19,4f2_layer3,25,1.9849924184808014,Ga_O_06,"(0, 1, 0)"
6,group04,Ga,13,19,4f2_layer3,35,2.066377246884635,Ga_O_08,"(0, 0, 0)"
6,group04,Ga,14,20,4f1_layer7,3,1.9084360732701862,Ga_O_02,"(0, 0, 0)"
6,group04,Ga,14,20,4f1_layer7,13,1.9084359271385227,Ga_O_02,"(0, 0, 0)"
6,group04,Ga,14,20,4f1_layer7,17,1.909127043000001,Ga_O_03,"(0, 0, 0)"
6,group04,Ga,14,20,4f1_layer7,36,1.9084359275969722,Ga_O_02,"(0, 0, 0)"
6,group04,Ga,15,21,4f2_layer5,2,2.0663771900543897,Ga_O_08,"(0, 0, 0)"
6,group04,Ga,15,21,4f2_layer5,4,1.9849924184808014,Ga_O_06,"(0, 1, 0)"
6,group04,Ga,15,21,4f2_layer5,16,2.0663770194551296,Ga_O_08,"(0, 0, 0)"
6,group04,Ga,15,21,4f2_layer5,28,1.9849924174878968,Ga_O_06,"(0, 0, 0)"
6,group04,Ga,15,21,4f2_layer5,35,2.0663772462180487,Ga_O_08,"(0, 0, 0)"
6,group04,Ga,15,21,4f2_layer5,38,1.9849922964805824,Ga_O_06,"(-1, 0, 0)"
6,group04,Ga,16,22,4f1_layer1,15,1.9091273005999965,Ga_O_03,"(0, 0, -1)"
6,group04,Ga,16,22,4f1_layer1,29,1.9084359275969722,Ga_O_02,"(0, 0, 0)"
6,group04,Ga,16,22,4f1_layer1,32,1.9084360732701862,Ga_O_02,"(0, 0, 0)"
6,group04,Ga,16,22,4f1_layer1,34,1.9084359271385227,Ga_O_02,"(0, 0, 0)"
6,group04,Ga,17,23,4f2_layer13,9,1.9849917593946296,Ga_O_06,"(1, 0, 0)"
6,group04,Ga,17,23,4f2_layer13,10,2.0663776487443317,Ga_O_08,"(0, 0, 0)"
6,group04,Ga,17,23,4f2_layer13,23,2.0663774783167206,Ga_O_08,"(0, 0, 0)"
6,group04,Ga,17,23,4f2_layer13,27,1.984991638404773,Ga_O_06,"(0, -1, 0)"
6,group04,Ga,17,23,4f2_layer13,30,1.984991758786552,Ga_O_06,"(0, 0, 0)"
6,group04,Ga,17,23,4f2_layer13,37,2.066377705422137,Ga_O_08,"(0, 0, 0)"
6,group04,Ga,18,24,4f1_layer15,8,1.9084361547650497,Ga_O_02,"(0, 0, 0)"
6,group04,Ga,18,24,4f1_layer15,14,1.9084362998548778,Ga_O_02,"(0, 0, 0)"
6,group04,Ga,18,24,4f1_layer15,24,1.9084361547650501,Ga_O_02,"(0, 0, 0)"
6,group04,Ga,18,24,4f1_layer15,31,1.9091268705999949,Ga_O_03,"(0, 0, 1)"
6,group05,Sr,1,,,2,2.958098043228469,Sr_O_02,"(0, -1, 0)"
6,group05,Sr,1,,,4,2.864579795118219,Sr_O_01,"(0, 0, 0)"
6,group05,Sr,1,,,16,2.9580979326637595,Sr_O_02,"(1, 0, 0)"
6,group05,Sr,1,,,18,2.8645798765734263,Sr_O_01,"(0, 0, 0)"
6,group05,Sr,1,,,21,2.864579884642825,Sr_O_01,"(0, 0, 0)"
6,group05,Sr,1,,,25,2.8645797959311503,Sr_O_01,"(0, 0, 0)"
6,group05,Sr,1,,,28,2.864579883829894,Sr_O_01,"(0, 0, 0)"
6,group05,Sr,1,,,35,2.95809800345424,Sr_O_02,"(0, -1, 0)"
6,group05,Sr,1,,,38,2.8645798757604948,Sr_O_01,"(0, 0, 0)"
6,group05,Sr,2,,,1,2.8645793251769454,Sr_O_01,"(0, 0, 0)"
6,group05,Sr,2,,,5,2.8645793169995204,Sr_O_01,"(0, 0, 0)"
6,group05,Sr,2,,,9,2.8645792364135385,Sr_O_01,"(0, 0, 0)"
6,group05,Sr,2,,,10,2.9580980427214705,Sr_O_02,"(-1, 0, 0)"
6,group05,Sr,2,,,23,2.95809793284463,Sr_O_02,"(0, 1, 0)"
6,group05,Sr,2,,,27,2.8645793169995213,Sr_O_01,"(0, 0, 0)"
6,group05,Sr,2,,,30,2.8645793251769462,Sr_O_01,"(0, 0, 0)"
6,group05,Sr,2,,,33,2.864579236413537,Sr_O_01,"(0, 0, 0)"
6,group05,Sr,2,,,37,2.9580980035278155,Sr_O_02,"(-1, 0, 0)"
6,group05,Ga,1,1,12k_layer6_3,4,1.9254355757587174,Ga_O_04,"(0, 0, 0)"
6,group05,Ga,1,1,12k_layer6_3,6,1.9844559567789057,Ga_O_05,"(-1, -1, 0)"
6,group05,Ga,1,1,12k_layer6_3,13,2.0983234538406146,Ga_O_10,"(0, 0, 0)"
6,group05,Ga,1,1,12k_layer6_3,19,2.094827515170505,Ga_O_09,"(0, 0, 0)"
6,group05,Ga,1,1,12k_layer6_3,28,1.925435576196381,Ga_O_04,"(0, 0, 0)"
6,group05,Ga,1,1,12k_layer6_3,36,2.0983234538272053,Ga_O_10,"(0, -1, 0)"
6,group05,Ga,2,2,12k_layer2_3,7,1.9844559567789046,Ga_O_05,"(-1, -1, 0)"
6,group05,Ga,2,2,12k_layer2_3,21,1.9254355761963797,Ga_O_04,"(0, 0, 0)"
6,group05,Ga,2,2,12k_layer2_3,25,1.9254355757587163,Ga_O_04,"(0, 0, 0)"
6,group05,Ga,2,2,12k_layer2_3,29,2.098323453827207,Ga_O_10,"(0, -1, 0)"
6,group05,Ga,2,2,12k_layer2_3,31,2.0948275151705062,Ga_O_09,"(0, 0, 0)"
6,group05,Ga,2,2,12k_layer2_3,34,2.0983234538406164,Ga_O_10,"(0, 0, 0)"
6,group05,Cr,1,3,12k_layer14_1,8,2.0983229791065865,Cr_O_10,"(0, 0, 0)"
6,group05,Cr,1,3,12k_layer14_1,9,1.9254359958162917,Cr_O_04,"(0, 0, 0)"
6,group05,Cr,1,3,12k_layer14_1,15,2.094827260093365,Cr_O_09,"(0, 0, 0)"
6,group05,Cr,1,3,12k_layer14_1,20,1.9844560436631808,Cr_O_05,"(-1, -1, 0)"
6,group05,Cr,1,3,12k_layer14_1,24,2.0983229796303986,Cr_O_10,"(-1, 0, 0)"
6,group05,Cr,1,3,12k_layer14_1,30,1.9254359958162914,Cr_O_04,"(0, 0, 0)"
6,group05,Cr,2,4,12k_layer2_2,7,1.984455956778905,Cr_O_05,"(0, -1, 0)"
6,group05,Cr,2,4,12k_layer2_2,18,1.9254355763634932,Cr_O_04,"(0, 0, 0)"
6,group05,Cr,2,4,12k_layer2_2,25,1.925435575758716,Cr_O_04,"(0, 0, 0)"
6,group05,Cr,2,4,12k_layer2_2,31,2.094827515170506,Cr_O_09,"(0, 0, 0)"
6,group05,Cr,2,4,12k_layer2_2,32,2.0983234538709623,Cr_O_10,"(0, -1, 0)"
6,group05,Cr,2,4,12k_layer2_2,34,2.098323454408184,Cr_O_10,"(1, 0, 0)"
6,group05,Ga,3,5,12k_layer14_3,14,2.098322979539073,Ga_O_10,"(0, 0, 0)"
6,group05,Ga,3,5,12k_layer14_3,15,2.094827383098975,Ga_O_09,"(0, 0, 0)"
6,group05,Ga,3,5,12k_layer14_3,20,1.9844560439741377,Ga_O_05,"(0, 0, 0)"
6,group05,Ga,3,5,12k_layer14_3,24,2.098322979658534,Ga_O_10,"(0, 1, 0)"
6,group05,Ga,3,5,12k_layer14_3,27,1.925435983138288,Ga_O_04,"(0, 0, 0)"
6,group05,Ga,3,5,12k_layer14_3,30,1.9254359955204852,Ga_O_04,"(0, 0, 0)"
6,group05,Cr,3,6,12k_layer10_2,5,1.9254359120300575,Cr_O_04,"(0, 0, 0)"
6,group05,Cr,3,6,12k_layer10_2,12,1.98445595738215,Cr_O_05,"(-1, 0, 0)"
6,group05,Cr,3,6,12k_layer10_2,17,2.094827514410795,Cr_O_09,"(0, 0, 0)"
6,group05,Cr,3,6,12k_layer10_2,22,2.0983230321761726,Cr_O_10,"(-1, 0, 0)"
6,group05,Cr,3,6,12k_layer10_2,26,2.0983230324265865,Cr_O_10,"(0, 1, 0)"
6,group05,Cr,3,6,12k_layer10_2,33,1.9254359114895088,Cr_O_04,"(0, 0, 0)"
6,group05,Ga,4,7,12k_layer6_2,3,2.0983234538709605,Ga_O_10,"(0, -1, 0)"
6,group05,Ga,4,7,12k_layer6_2,4,1.9254355757587174,Ga_O_04,"(0, 0, 0)"
6,group05,Ga,4,7,12k_layer6_2,6,1.9844559567789064,Ga_O_05,"(0, -1, 0)"
6,group05,Ga,4,7,12k_layer6_2,13,2.0983234544081824,Ga_O_10,"(1, 0, 0)"
6,group05,Ga,4,7,12k_layer6_2,19,2.0948275151705045,Ga_O_09,"(0, 0, 0)"
6,group05,Ga,4,7,12k_layer6_2,38,1.9254355763634945,Ga_O_04,"(0, 0, 0)"
6,group05,Ga,5,8,12k_layer6_1,3,2.0983234541175877,Ga_O_10,"(0, 0, 0)"
6,group05,Ga,5,8,12k_layer6_1,6,1.9844559569613607,Ga_O_05,"(0, 0, 0)"
6,group05,Ga,5,8,12k_layer6_1,19,2.0948276379027013,Ga_O_09,"(0, 0, 0)"
6,group05,Ga,5,8,12k_layer6_1,28,1.9254355756093047,Ga_O_04,"(0, 0, 0)"
6,group05,Ga,5,8,12k_layer6_1,36,2.0983234546414,Ga_O_10,"(1, 0, 0)"
6,group05,Ga,5,8,12k_layer6_1,38,1.925435563604001,Ga_O_04,"(0, 0, 0)"
6,group05,Cr,4,9,12k_layer14_2,8,2.098322979647595,Cr_O_10,"(0, 1, 0)"
6,group05,Cr,4,9,12k_layer14_2,9,1.9254359955309297,Cr_O_04,"(0, 0, 0)"
6,group05,Cr,4,9,12k_layer14_2,14,2.098322979397181,Cr_O_10,"(-1, 0, 0)"
6,group05,Cr,4,9,12k_layer14_2,15,2.094827260728784,Cr_O_09,"(0, 0, 0)"
6,group05,Cr,4,9,12k_layer14_2,20,1.9844560438241048,Cr_O_05,"(-1, 0, 0)"
6,group05,Cr,4,9,12k_layer14_2,27,1.9254359960714784,Cr_O_04,"(0, 0, 0)"
6,group05,Ga,6,10,2a_layer16,8,1.9948520249218649,Ga_O_07,"(1, 1, 0)"
6,group05,Ga,6,10,2a_layer16,14,1.9948520252426432,Ga_O_07,"(0, 0, 0)"
6,group05,Ga,6,10,2a_layer16,24,1.9948520249218644,Ga_O_07,"(0, 1, 0)"
6,group05,Ga,6,10,2a_layer16,29,1.9948516604791149,Ga_O_07,"(1, 0, 1)"
6,group05,Ga,6,10,2a_layer16,32,1.9948516599281325,Ga_O_07,"(0, 0, 1)"
6,group05,Ga,6,10,2a_layer16,34,1.994851660087002,Ga_O_07,"(1, 1, 1)"
6,group05,Ga,7,11,12k_layer10_3,1,1.9254359114790642,Ga_O_04,"(0, 0, 0)"
6,group05,Ga,7,11,12k_layer10_3,5,1.9254358990968665,Ga_O_04,"(0, 0, 0)"
6,group05,Ga,7,11,12k_layer10_3,11,2.0983230324375253,Ga_O_10,"(0, 1, 0)"
6,group05,Ga,7,11,12k_layer10_3,12,1.9844559575321832,Ga_O_05,"(0, 0, 0)"
6,group05,Ga,7,11,12k_layer10_3,17,2.094827636780971,Ga_O_09,"(0, 0, 0)"
6,group05,Ga,7,11,12k_layer10_3,22,2.0983230323180644,Ga_O_10,"(0, 0, 0)"
6,group05,Cr,5,12,12k_layer10_1,1,1.9254359117748707,Cr_O_04,"(0, 0, 0)"
6,group05,Cr,5,12,12k_layer10_1,11,2.0983230324093904,Cr_O_10,"(-1, 0, 0)"
6,group05,Cr,5,12,12k_layer10_1,12,1.9844559572212264,Cr_O_05,"(-1, -1, 0)"
6,group05,Cr,5,12,12k_layer10_1,17,2.0948275137753765,Cr_O_09,"(0, 0, 0)"
6,group05,Cr,5,12,12k_layer10_1,26,2.098323031885578,Cr_O_10,"(0, 0, 0)"
6,group05,Cr,5,12,12k_layer10_1,33,1.9254359117748707,Cr_O_04,"(0, 0, 0)"
6,group05,Cr,6,13,12k_layer2_1,7,1.9844559569613596,Cr_O_05,"(0, 0, 0)"
6,group05,Cr,6,13,12k_layer2_1,18,1.925435563604,Cr_O_04,"(0, 0, 0)"
6,group05,Cr,6,13,12k_layer2_1,21,1.9254355756093033,Cr_O_04,"(0, 0, 0)"
6,group05,Cr,6,13,12k_layer2_1,29,2.0983234546414016,Cr_O_10,"(1, 0, 0)"
6,group05,Cr,6,13,12k_layer2_1,31,2.0948276379027027,Cr_O_09,"(0, 0, 0)"
6,group05,Cr,6,13,12k_layer2_1,32,2.0983234541175895,Cr_O_10,"(0, 0, 0)"
6,group05,Ga,8,14,2b_layer12,10,1.8700732788205217,Ga_O_01,"(0, 1, 0)"
6,group05,Ga,8,14,2b_layer12,12,2.2779384420000004,Ga_O_11,"(0, 0, 0)"
6,group05,Ga,8,14,2b_layer12,20,2.2779384410000003,Ga_O_11,"(0, 0, 0)"
6,group05,Ga,8,14,2b_layer12,23,1.870073507451236,Ga_O_01,"(1, 1, 0)"
6,group05,Ga,8,14,2b_layer12,37,1.870073355,Ga_O_01,"(0, 0, 0)"
6,group05,Ga,9,15,2a_layer8,3,1.9948516601706343,Ga_O_07,"(0, 0, 0)"
6,group05,Ga,9,15,2a_layer8,11,1.9948520770594027,Ga_O_07,"(0, 1, 0)"
6,group05,Ga,9,15,2a_layer8,13,1.994851660329504,Ga_O_07,"(1, 1, 0)"
6,group05,Ga,9,15,2a_layer8,22,1.9948520773801812,Ga_O_07,"(0, 0, 0)"
6,group05,Ga,9,15,2a_layer8,26,1.9948520770594032,Ga_O_07,"(1, 1, 0)"
6,group05,Ga,9,15,2a_layer8,36,1.9948516607216167,Ga_O_07,"(1, 0, 0)"
6,group05,Ga,10,16,2b_layer4,2,1.8700732794118144,Ga_O_01,"(1, 0, 0)"
6,group05,Ga,10,16,2b_layer4,6,2.277938441000001,Ga_O_11,"(0, 0, 0)"
6,group05,Ga,10,16,2b_layer4,7,2.2779384420000004,Ga_O_11,"(0, 0, 0)"
6,group05,Ga,10,16,2b_layer4,16,1.8700735073000085,Ga_O_01,"(1, 1, 0)"
6,group05,Ga,10,16,2b_layer4,35,1.870073355795254,Ga_O_01,"(0, 0, 0)"
6,group05,Ga,11,17,4f1_layer9,11,1.9084361294606749,Ga_O_02,"(0, 0, 0)"
6,group05,Ga,11,17,4f1_layer9,19,1.9091270429999996,Ga_O_03,"(0, 0, 0)"
6,group05,Ga,11,17,4f1_layer9,22,1.9084362745505044,Ga_O_02,"(0, 0, 0)"
6,group05,Ga,11,17,4f1_layer9,26,1.9084361294606744,Ga_O_02,"(0, 0, 0)"
6,group05,Ga,12,18,4f2_layer11,1,1.9849917587865524,Ga_O_06,"(0, 0, 0)"
6,group05,Ga,12,18,4f2_layer11,5,1.9849916384047732,Ga_O_06,"(0, -1, 0)"
6,group05,Ga,12,18,4f2_layer11,10,2.0663776487443304,Ga_O_08,"(0, 0, 0)"
6,group05,Ga,12,18,4f2_layer11,23,2.0663774783167193,Ga_O_08,"(0, 0, 0)"
6,group05,Ga,12,18,4f2_layer11,33,1.9849917593946298,Ga_O_06,"(1, 0, 0)"
6,group05,Ga,12,18,4f2_layer11,37,2.0663777054221355,Ga_O_08,"(0, 0, 0)"
6,group05,Ga,13,19,4f2_layer3,2,2.0663771907209756,Ga_O_08,"(0, 0, 0)"
6,group05,Ga,13,19,4f2_layer3,16,2.066377020121716,Ga_O_08,"(0, 0, 0)"
6,group05,Ga,13,19,4f2_layer3,18,1.9849922964805824,Ga_O_06,"(-1, 0, 0)"
6,group05,Ga,13,19,4f2_layer3,21,1.9849924174878968,Ga_O_06,"(0, 0, 0)"
6,group05,Ga,13,19,4f2_layer3,25,1.9849924184808014,Ga_O_06,"(0, 1, 0)"
6,group05,Ga,13,19,4f2_layer3,35,2.066377246884635,Ga_O_08,"(0, 0, 0)"
6,group05,Ga,14,20,4f1_layer7,3,1.9084360732701862,Ga_O_02,"(0, 0, 0)"
6,group05,Ga,14,20,4f1_layer7,13,1.9084359271385227,Ga_O_02,"(0, 0, 0)"
6,group05,Ga,14,20,4f1_layer7,17,1.909127043000001,Ga_O_03,"(0, 0, 0)"
6,group05,Ga,14,20,4f1_layer7,36,1.9084359275969722,Ga_O_02,"(0, 0, 0)"
6,group05,Ga,15,21,4f2_layer5,2,2.0663771900543897,Ga_O_08,"(0, 0, 0)"
6,group05,Ga,15,21,4f2_layer5,4,1.9849924184808014,Ga_O_06,"(0, 1, 0)"
6,group05,Ga,15,21,4f2_layer5,16,2.0663770194551296,Ga_O_08,"(0, 0, 0)"
6,group05,Ga,15,21,4f2_layer5,28,1.9849924174878968,Ga_O_06,"(0, 0, 0)"
6,group05,Ga,15,21,4f2_layer5,35,2.0663772462180487,Ga_O_08,"(0, 0, 0)"
6,group05,Ga,15,21,4f2_layer5,38,1.9849922964805824,Ga_O_06,"(-1, 0, 0)"
6,group05,Ga,16,22,4f1_layer1,15,1.9091273005999965,Ga_O_03,"(0, 0, -1)"
6,group05,Ga,16,22,4f1_layer1,29,1.9084359275969722,Ga_O_02,"(0, 0, 0)"
6,group05,Ga,16,22,4f1_layer1,32,1.9084360732701862,Ga_O_02,"(0, 0, 0)"
6,group05,Ga,16,22,4f1_layer1,34,1.9084359271385227,Ga_O_02,"(0, 0, 0)"
6,group05,Ga,17,23,4f2_layer13,9,1.9849917593946296,Ga_O_06,"(1, 0, 0)"
6,group05,Ga,17,23,4f2_layer13,10,2.0663776487443317,Ga_O_08,"(0, 0, 0)"
6,group05,Ga,17,23,4f2_layer13,23,2.0663774783167206,Ga_O_08,"(0, 0, 0)"
6,group05,Ga,17,23,4f2_layer13,27,1.984991638404773,Ga_O_06,"(0, -1, 0)"
6,group05,Ga,17,23,4f2_layer13,30,1.984991758786552,Ga_O_06,"(0, 0, 0)"
6,group05,Ga,17,23,4f2_layer13,37,2.066377705422137,Ga_O_08,"(0, 0, 0)"
6,group05,Ga,18,24,4f1_layer15,8,1.9084361547650497,Ga_O_02,"(0, 0, 0)"
6,group05,Ga,18,24,4f1_layer15,14,1.9084362998548778,Ga_O_02,"(0, 0, 0)"
6,group05,Ga,18,24,4f1_layer15,24,1.9084361547650501,Ga_O_02,"(0, 0, 0)"
6,group05,Ga,18,24,4f1_layer15,31,1.9091268705999949,Ga_O_03,"(0, 0, 1)"
6,group06,Sr,1,,,2,2.958098043228469,Sr_O_02,"(0, -1, 0)"
6,group06,Sr,1,,,4,2.864579795118219,Sr_O_01,"(0, 0, 0)"
6,group06,Sr,1,,,16,2.9580979326637595,Sr_O_02,"(1, 0, 0)"
6,group06,Sr,1,,,18,2.8645798765734263,Sr_O_01,"(0, 0, 0)"
6,group06,Sr,1,,,21,2.864579884642825,Sr_O_01,"(0, 0, 0)"
6,group06,Sr,1,,,25,2.8645797959311503,Sr_O_01,"(0, 0, 0)"
6,group06,Sr,1,,,28,2.864579883829894,Sr_O_01,"(0, 0, 0)"
6,group06,Sr,1,,,35,2.95809800345424,Sr_O_02,"(0, -1, 0)"
6,group06,Sr,1,,,38,2.8645798757604948,Sr_O_01,"(0, 0, 0)"
6,group06,Sr,2,,,1,2.8645793251769454,Sr_O_01,"(0, 0, 0)"
6,group06,Sr,2,,,5,2.8645793169995204,Sr_O_01,"(0, 0, 0)"
6,group06,Sr,2,,,9,2.8645792364135385,Sr_O_01,"(0, 0, 0)"
6,group06,Sr,2,,,10,2.9580980427214705,Sr_O_02,"(-1, 0, 0)"
6,group06,Sr,2,,,23,2.95809793284463,Sr_O_02,"(0, 1, 0)"
6,group06,Sr,2,,,27,2.8645793169995213,Sr_O_01,"(0, 0, 0)"
6,group06,Sr,2,,,30,2.8645793251769462,Sr_O_01,"(0, 0, 0)"
6,group06,Sr,2,,,33,2.864579236413537,Sr_O_01,"(0, 0, 0)"
6,group06,Sr,2,,,37,2.9580980035278155,Sr_O_02,"(-1, 0, 0)"
6,group06,Ga,1,1,12k_layer6_3,4,1.9254355757587174,Ga_O_04,"(0, 0, 0)"
6,group06,Ga,1,1,12k_layer6_3,6,1.9844559567789057,Ga_O_05,"(-1, -1, 0)"
6,group06,Ga,1,1,12k_layer6_3,13,2.0983234538406146,Ga_O_10,"(0, 0, 0)"
6,group06,Ga,1,1,12k_layer6_3,19,2.094827515170505,Ga_O_09,"(0, 0, 0)"
6,group06,Ga,1,1,12k_layer6_3,28,1.925435576196381,Ga_O_04,"(0, 0, 0)"
6,group06,Ga,1,1,12k_layer6_3,36,2.0983234538272053,Ga_O_10,"(0, -1, 0)"
6,group06,Ga,2,2,12k_layer2_3,7,1.9844559567789046,Ga_O_05,"(-1, -1, 0)"
6,group06,Ga,2,2,12k_layer2_3,21,1.9254355761963797,Ga_O_04,"(0, 0, 0)"
6,group06,Ga,2,2,12k_layer2_3,25,1.9254355757587163,Ga_O_04,"(0, 0, 0)"
6,group06,Ga,2,2,12k_layer2_3,29,2.098323453827207,Ga_O_10,"(0, -1, 0)"
6,group06,Ga,2,2,12k_layer2_3,31,2.0948275151705062,Ga_O_09,"(0, 0, 0)"
6,group06,Ga,2,2,12k_layer2_3,34,2.0983234538406164,Ga_O_10,"(0, 0, 0)"
6,group06,Ga,3,3,12k_layer14_1,8,2.0983229791065865,Ga_O_10,"(0, 0, 0)"
6,group06,Ga,3,3,12k_layer14_1,9,1.9254359958162917,Ga_O_04,"(0, 0, 0)"
6,group06,Ga,3,3,12k_layer14_1,15,2.094827260093365,Ga_O_09,"(0, 0, 0)"
6,group06,Ga,3,3,12k_layer14_1,20,1.9844560436631808,Ga_O_05,"(-1, -1, 0)"
6,group06,Ga,3,3,12k_layer14_1,24,2.0983229796303986,Ga_O_10,"(-1, 0, 0)"
6,group06,Ga,3,3,12k_layer14_1,30,1.9254359958162914,Ga_O_04,"(0, 0, 0)"
6,group06,Ga,4,4,12k_layer2_2,7,1.984455956778905,Ga_O_05,"(0, -1, 0)"
6,group06,Ga,4,4,12k_layer2_2,18,1.9254355763634932,Ga_O_04,"(0, 0, 0)"
6,group06,Ga,4,4,12k_layer2_2,25,1.925435575758716,Ga_O_04,"(0, 0, 0)"
6,group06,Ga,4,4,12k_layer2_2,31,2.094827515170506,Ga_O_09,"(0, 0, 0)"
6,group06,Ga,4,4,12k_layer2_2,32,2.0983234538709623,Ga_O_10,"(0, -1, 0)"
6,group06,Ga,4,4,12k_layer2_2,34,2.098323454408184,Ga_O_10,"(1, 0, 0)"
6,group06,Ga,5,5,12k_layer14_3,14,2.098322979539073,Ga_O_10,"(0, 0, 0)"
6,group06,Ga,5,5,12k_layer14_3,15,2.094827383098975,Ga_O_09,"(0, 0, 0)"
6,group06,Ga,5,5,12k_layer14_3,20,1.9844560439741377,Ga_O_05,"(0, 0, 0)"
6,group06,Ga,5,5,12k_layer14_3,24,2.098322979658534,Ga_O_10,"(0, 1, 0)"
6,group06,Ga,5,5,12k_layer14_3,27,1.925435983138288,Ga_O_04,"(0, 0, 0)"
6,group06,Ga,5,5,12k_layer14_3,30,1.9254359955204852,Ga_O_04,"(0, 0, 0)"
6,group06,Cr,1,6,12k_layer10_2,5,1.9254359120300575,Cr_O_04,"(0, 0, 0)"
6,group06,Cr,1,6,12k_layer10_2,12,1.98445595738215,Cr_O_05,"(-1, 0, 0)"
6,group06,Cr,1,6,12k_layer10_2,17,2.094827514410795,Cr_O_09,"(0, 0, 0)"
6,group06,Cr,1,6,12k_layer10_2,22,2.0983230321761726,Cr_O_10,"(-1, 0, 0)"
6,group06,Cr,1,6,12k_layer10_2,26,2.0983230324265865,Cr_O_10,"(0, 1, 0)"
6,group06,Cr,1,6,12k_layer10_2,33,1.9254359114895088,Cr_O_04,"(0, 0, 0)"
6,group06,Cr,2,7,12k_layer6_2,3,2.0983234538709605,Cr_O_10,"(0, -1, 0)"
6,group06,Cr,2,7,12k_layer6_2,4,1.9254355757587174,Cr_O_04,"(0, 0, 0)"
6,group06,Cr,2,7,12k_layer6_2,6,1.9844559567789064,Cr_O_05,"(0, -1, 0)"
6,group06,Cr,2,7,12k_layer6_2,13,2.0983234544081824,Cr_O_10,"(1, 0, 0)"
6,group06,Cr,2,7,12k_layer6_2,19,2.0948275151705045,Cr_O_09,"(0, 0, 0)"
6,group06,Cr,2,7,12k_layer6_2,38,1.9254355763634945,Cr_O_04,"(0, 0, 0)"
6,group06,Cr,3,8,12k_layer6_1,3,2.0983234541175877,Cr_O_10,"(0, 0, 0)"
6,group06,Cr,3,8,12k_layer6_1,6,1.9844559569613607,Cr_O_05,"(0, 0, 0)"
6,group06,Cr,3,8,12k_layer6_1,19,2.0948276379027013,Cr_O_09,"(0, 0, 0)"
6,group06,Cr,3,8,12k_layer6_1,28,1.9254355756093047,Cr_O_04,"(0, 0, 0)"
6,group06,Cr,3,8,12k_layer6_1,36,2.0983234546414,Cr_O_10,"(1, 0, 0)"
6,group06,Cr,3,8,12k_layer6_1,38,1.925435563604001,Cr_O_04,"(0, 0, 0)"
6,group06,Ga,6,9,12k_layer14_2,8,2.098322979647595,Ga_O_10,"(0, 1, 0)"
6,group06,Ga,6,9,12k_layer14_2,9,1.9254359955309297,Ga_O_04,"(0, 0, 0)"
6,group06,Ga,6,9,12k_layer14_2,14,2.098322979397181,Ga_O_10,"(-1, 0, 0)"
6,group06,Ga,6,9,12k_layer14_2,15,2.094827260728784,Ga_O_09,"(0, 0, 0)"
6,group06,Ga,6,9,12k_layer14_2,20,1.9844560438241048,Ga_O_05,"(-1, 0, 0)"
6,group06,Ga,6,9,12k_layer14_2,27,1.9254359960714784,Ga_O_04,"(0, 0, 0)"
6,group06,Cr,4,10,2a_layer16,8,1.9948520249218649,Cr_O_07,"(1, 1, 0)"
6,group06,Cr,4,10,2a_layer16,14,1.9948520252426432,Cr_O_07,"(0, 0, 0)"
6,group06,Cr,4,10,2a_layer16,24,1.9948520249218644,Cr_O_07,"(0, 1, 0)"
6,group06,Cr,4,10,2a_layer16,29,1.9948516604791149,Cr_O_07,"(1, 0, 1)"
6,group06,Cr,4,10,2a_layer16,32,1.9948516599281325,Cr_O_07,"(0, 0, 1)"
6,group06,Cr,4,10,2a_layer16,34,1.994851660087002,Cr_O_07,"(1, 1, 1)"
6,group06,Ga,7,11,12k_layer10_3,1,1.9254359114790642,Ga_O_04,"(0, 0, 0)"
6,group06,Ga,7,11,12k_layer10_3,5,1.9254358990968665,Ga_O_04,"(0, 0, 0)"
6,group06,Ga,7,11,12k_layer10_3,11,2.0983230324375253,Ga_O_10,"(0, 1, 0)"
6,group06,Ga,7,11,12k_layer10_3,12,1.9844559575321832,Ga_O_05,"(0, 0, 0)"
6,group06,Ga,7,11,12k_layer10_3,17,2.094827636780971,Ga_O_09,"(0, 0, 0)"
6,group06,Ga,7,11,12k_layer10_3,22,2.0983230323180644,Ga_O_10,"(0, 0, 0)"
6,group06,Cr,5,12,12k_layer10_1,1,1.9254359117748707,Cr_O_04,"(0, 0, 0)"
6,group06,Cr,5,12,12k_layer10_1,11,2.0983230324093904,Cr_O_10,"(-1, 0, 0)"
6,group06,Cr,5,12,12k_layer10_1,12,1.9844559572212264,Cr_O_05,"(-1, -1, 0)"
6,group06,Cr,5,12,12k_layer10_1,17,2.0948275137753765,Cr_O_09,"(0, 0, 0)"
6,group06,Cr,5,12,12k_layer10_1,26,2.098323031885578,Cr_O_10,"(0, 0, 0)"
6,group06,Cr,5,12,12k_layer10_1,33,1.9254359117748707,Cr_O_04,"(0, 0, 0)"
6,group06,Ga,8,13,12k_layer2_1,7,1.9844559569613596,Ga_O_05,"(0, 0, 0)"
6,group06,Ga,8,13,12k_layer2_1,18,1.925435563604,Ga_O_04,"(0, 0, 0)"
6,group06,Ga,8,13,12k_layer2_1,21,1.9254355756093033,Ga_O_04,"(0, 0, 0)"
6,group06,Ga,8,13,12k_layer2_1,29,2.0983234546414016,Ga_O_10,"(1, 0, 0)"
6,group06,Ga,8,13,12k_layer2_1,31,2.0948276379027027,Ga_O_09,"(0, 0, 0)"
6,group06,Ga,8,13,12k_layer2_1,32,2.0983234541175895,Ga_O_10,"(0, 0, 0)"
6,group06,Ga,9,14,2b_layer12,10,1.8700732788205217,Ga_O_01,"(0, 1, 0)"
6,group06,Ga,9,14,2b_layer12,12,2.2779384420000004,Ga_O_11,"(0, 0, 0)"
6,group06,Ga,9,14,2b_layer12,20,2.2779384410000003,Ga_O_11,"(0, 0, 0)"
6,group06,Ga,9,14,2b_layer12,23,1.870073507451236,Ga_O_01,"(1, 1, 0)"
6,group06,Ga,9,14,2b_layer12,37,1.870073355,Ga_O_01,"(0, 0, 0)"
6,group06,Cr,6,15,2a_layer8,3,1.9948516601706343,Cr_O_07,"(0, 0, 0)"
6,group06,Cr,6,15,2a_layer8,11,1.9948520770594027,Cr_O_07,"(0, 1, 0)"
6,group06,Cr,6,15,2a_layer8,13,1.994851660329504,Cr_O_07,"(1, 1, 0)"
6,group06,Cr,6,15,2a_layer8,22,1.9948520773801812,Cr_O_07,"(0, 0, 0)"
6,group06,Cr,6,15,2a_layer8,26,1.9948520770594032,Cr_O_07,"(1, 1, 0)"
6,group06,Cr,6,15,2a_layer8,36,1.9948516607216167,Cr_O_07,"(1, 0, 0)"
6,group06,Ga,10,16,2b_layer4,2,1.8700732794118144,Ga_O_01,"(1, 0, 0)"
6,group06,Ga,10,16,2b_layer4,6,2.277938441000001,Ga_O_11,"(0, 0, 0)"
6,group06,Ga,10,16,2b_layer4,7,2.2779384420000004,Ga_O_11,"(0, 0, 0)"
6,group06,Ga,10,16,2b_layer4,16,1.8700735073000085,Ga_O_01,"(1, 1, 0)"
6,group06,Ga,10,16,2b_layer4,35,1.870073355795254,Ga_O_01,"(0, 0, 0)"
6,group06,Ga,11,17,4f1_layer9,11,1.9084361294606749,Ga_O_02,"(0, 0, 0)"
6,group06,Ga,11,17,4f1_layer9,19,1.9091270429999996,Ga_O_03,"(0, 0, 0)"
6,group06,Ga,11,17,4f1_layer9,22,1.9084362745505044,Ga_O_02,"(0, 0, 0)"
6,group06,Ga,11,17,4f1_layer9,26,1.9084361294606744,Ga_O_02,"(0, 0, 0)"
6,group06,Ga,12,18,4f2_layer11,1,1.9849917587865524,Ga_O_06,"(0, 0, 0)"
6,group06,Ga,12,18,4f2_layer11,5,1.9849916384047732,Ga_O_06,"(0, -1, 0)"
6,group06,Ga,12,18,4f2_layer11,10,2.0663776487443304,Ga_O_08,"(0, 0, 0)"
6,group06,Ga,12,18,4f2_layer11,23,2.0663774783167193,Ga_O_08,"(0, 0, 0)"
6,group06,Ga,12,18,4f2_layer11,33,1.9849917593946298,Ga_O_06,"(1, 0, 0)"
6,group06,Ga,12,18,4f2_layer11,37,2.0663777054221355,Ga_O_08,"(0, 0, 0)"
6,group06,Ga,13,19,4f2_layer3,2,2.0663771907209756,Ga_O_08,"(0, 0, 0)"
6,group06,Ga,13,19,4f2_layer3,16,2.066377020121716,Ga_O_08,"(0, 0, 0)"
6,group06,Ga,13,19,4f2_layer3,18,1.9849922964805824,Ga_O_06,"(-1, 0, 0)"
6,group06,Ga,13,19,4f2_layer3,21,1.9849924174878968,Ga_O_06,"(0, 0, 0)"
6,group06,Ga,13,19,4f2_layer3,25,1.9849924184808014,Ga_O_06,"(0, 1, 0)"
6,group06,Ga,13,19,4f2_layer3,35,2.066377246884635,Ga_O_08,"(0, 0, 0)"
6,group06,Ga,14,20,4f1_layer7,3,1.9084360732701862,Ga_O_02,"(0, 0, 0)"
6,group06,Ga,14,20,4f1_layer7,13,1.9084359271385227,Ga_O_02,"(0, 0, 0)"
6,group06,Ga,14,20,4f1_layer7,17,1.909127043000001,Ga_O_03,"(0, 0, 0)"
6,group06,Ga,14,20,4f1_layer7,36,1.9084359275969722,Ga_O_02,"(0, 0, 0)"
6,group06,Ga,15,21,4f2_layer5,2,2.0663771900543897,Ga_O_08,"(0, 0, 0)"
6,group06,Ga,15,21,4f2_layer5,4,1.9849924184808014,Ga_O_06,"(0, 1, 0)"
6,group06,Ga,15,21,4f2_layer5,16,2.0663770194551296,Ga_O_08,"(0, 0, 0)"
6,group06,Ga,15,21,4f2_layer5,28,1.9849924174878968,Ga_O_06,"(0, 0, 0)"
6,group06,Ga,15,21,4f2_layer5,35,2.0663772462180487,Ga_O_08,"(0, 0, 0)"
6,group06,Ga,15,21,4f2_layer5,38,1.9849922964805824,Ga_O_06,"(-1, 0, 0)"
6,group06,Ga,16,22,4f1_layer1,15,1.9091273005999965,Ga_O_03,"(0, 0, -1)"
6,group06,Ga,16,22,4f1_layer1,29,1.9084359275969722,Ga_O_02,"(0, 0, 0)"
6,group06,Ga,16,22,4f1_layer1,32,1.9084360732701862,Ga_O_02,"(0, 0, 0)"
6,group06,Ga,16,22,4f1_layer1,34,1.9084359271385227,Ga_O_02,"(0, 0, 0)"
6,group06,Ga,17,23,4f2_layer13,9,1.9849917593946296,Ga_O_06,"(1, 0, 0)"
6,group06,Ga,17,23,4f2_layer13,10,2.0663776487443317,Ga_O_08,"(0, 0, 0)"
6,group06,Ga,17,23,4f2_layer13,23,2.0663774783167206,Ga_O_08,"(0, 0, 0)"
6,group06,Ga,17,23,4f2_layer13,27,1.984991638404773,Ga_O_06,"(0, -1, 0)"
6,group06,Ga,17,23,4f2_layer13,30,1.984991758786552,Ga_O_06,"(0, 0, 0)"
6,group06,Ga,17,23,4f2_layer13,37,2.066377705422137,Ga_O_08,"(0, 0, 0)"
6,group06,Ga,18,24,4f1_layer15,8,1.9084361547650497,Ga_O_02,"(0, 0, 0)"
6,group06,Ga,18,24,4f1_layer15,14,1.9084362998548778,Ga_O_02,"(0, 0, 0)"
6,group06,Ga,18,24,4f1_layer15,24,1.9084361547650501,Ga_O_02,"(0, 0, 0)"
6,group06,Ga,18,24,4f1_layer15,31,1.9091268705999949,Ga_O_03,"(0, 0, 1)"
6,group07,Sr,1,,,2,2.958098043228469,Sr_O_02,"(0, -1, 0)"
6,group07,Sr,1,,,4,2.864579795118219,Sr_O_01,"(0, 0, 0)"
6,group07,Sr,1,,,16,2.9580979326637595,Sr_O_02,"(1, 0, 0)"
6,group07,Sr,1,,,18,2.8645798765734263,Sr_O_01,"(0, 0, 0)"
6,group07,Sr,1,,,21,2.864579884642825,Sr_O_01,"(0, 0, 0)"
6,group07,Sr,1,,,25,2.8645797959311503,Sr_O_01,"(0, 0, 0)"
6,group07,Sr,1,,,28,2.864579883829894,Sr_O_01,"(0, 0, 0)"
6,group07,Sr,1,,,35,2.95809800345424,Sr_O_02,"(0, -1, 0)"
6,group07,Sr,1,,,38,2.8645798757604948,Sr_O_01,"(0, 0, 0)"
6,group07,Sr,2,,,1,2.8645793251769454,Sr_O_01,"(0, 0, 0)"
6,group07,Sr,2,,,5,2.8645793169995204,Sr_O_01,"(0, 0, 0)"
6,group07,Sr,2,,,9,2.8645792364135385,Sr_O_01,"(0, 0, 0)"
6,group07,Sr,2,,,10,2.9580980427214705,Sr_O_02,"(-1, 0, 0)"
6,group07,Sr,2,,,23,2.95809793284463,Sr_O_02,"(0, 1, 0)"
6,group07,Sr,2,,,27,2.8645793169995213,Sr_O_01,"(0, 0, 0)"
6,group07,Sr,2,,,30,2.8645793251769462,Sr_O_01,"(0, 0, 0)"
6,group07,Sr,2,,,33,2.864579236413537,Sr_O_01,"(0, 0, 0)"
6,group07,Sr,2,,,37,2.9580980035278155,Sr_O_02,"(-1, 0, 0)"
6,group07,Cr,1,1,12k_layer6_3,4,1.9254355757587174,Cr_O_04,"(0, 0, 0)"
6,group07,Cr,1,1,12k_layer6_3,6,1.9844559567789057,Cr_O_05,"(-1, -1, 0)"
6,group07,Cr,1,1,12k_layer6_3,13,2.0983234538406146,Cr_O_10,"(0, 0, 0)"
6,group07,Cr,1,1,12k_layer6_3,19,2.094827515170505,Cr_O_09,"(0, 0, 0)"
6,group07,Cr,1,1,12k_layer6_3,28,1.925435576196381,Cr_O_04,"(0, 0, 0)"
6,group07,Cr,1,1,12k_layer6_3,36,2.0983234538272053,Cr_O_10,"(0, -1, 0)"
6,group07,Ga,1,2,12k_layer2_3,7,1.9844559567789046,Ga_O_05,"(-1, -1, 0)"
6,group07,Ga,1,2,12k_layer2_3,21,1.9254355761963797,Ga_O_04,"(0, 0, 0)"
6,group07,Ga,1,2,12k_layer2_3,25,1.9254355757587163,Ga_O_04,"(0, 0, 0)"
6,group07,Ga,1,2,12k_layer2_3,29,2.098323453827207,Ga_O_10,"(0, -1, 0)"
6,group07,Ga,1,2,12k_layer2_3,31,2.0948275151705062,Ga_O_09,"(0, 0, 0)"
6,group07,Ga,1,2,12k_layer2_3,34,2.0983234538406164,Ga_O_10,"(0, 0, 0)"
6,group07,Ga,2,3,12k_layer14_1,8,2.0983229791065865,Ga_O_10,"(0, 0, 0)"
6,group07,Ga,2,3,12k_layer14_1,9,1.9254359958162917,Ga_O_04,"(0, 0, 0)"
6,group07,Ga,2,3,12k_layer14_1,15,2.094827260093365,Ga_O_09,"(0, 0, 0)"
6,group07,Ga,2,3,12k_layer14_1,20,1.9844560436631808,Ga_O_05,"(-1, -1, 0)"
6,group07,Ga,2,3,12k_layer14_1,24,2.0983229796303986,Ga_O_10,"(-1, 0, 0)"
6,group07,Ga,2,3,12k_layer14_1,30,1.9254359958162914,Ga_O_04,"(0, 0, 0)"
6,group07,Ga,3,4,12k_layer2_2,7,1.984455956778905,Ga_O_05,"(0, -1, 0)"
6,group07,Ga,3,4,12k_layer2_2,18,1.9254355763634932,Ga_O_04,"(0, 0, 0)"
6,group07,Ga,3,4,12k_layer2_2,25,1.925435575758716,Ga_O_04,"(0, 0, 0)"
6,group07,Ga,3,4,12k_layer2_2,31,2.094827515170506,Ga_O_09,"(0, 0, 0)"
6,group07,Ga,3,4,12k_layer2_2,32,2.0983234538709623,Ga_O_10,"(0, -1, 0)"
6,group07,Ga,3,4,12k_layer2_2,34,2.098323454408184,Ga_O_10,"(1, 0, 0)"
6,group07,Ga,4,5,12k_layer14_3,14,2.098322979539073,Ga_O_10,"(0, 0, 0)"
6,group07,Ga,4,5,12k_layer14_3,15,2.094827383098975,Ga_O_09,"(0, 0, 0)"
6,group07,Ga,4,5,12k_layer14_3,20,1.9844560439741377,Ga_O_05,"(0, 0, 0)"
6,group07,Ga,4,5,12k_layer14_3,24,2.098322979658534,Ga_O_10,"(0, 1, 0)"
6,group07,Ga,4,5,12k_layer14_3,27,1.925435983138288,Ga_O_04,"(0, 0, 0)"
6,group07,Ga,4,5,12k_layer14_3,30,1.9254359955204852,Ga_O_04,"(0, 0, 0)"
6,group07,Cr,2,6,12k_layer10_2,5,1.9254359120300575,Cr_O_04,"(0, 0, 0)"
6,group07,Cr,2,6,12k_layer10_2,12,1.98445595738215,Cr_O_05,"(-1, 0, 0)"
6,group07,Cr,2,6,12k_layer10_2,17,2.094827514410795,Cr_O_09,"(0, 0, 0)"
6,group07,Cr,2,6,12k_layer10_2,22,2.0983230321761726,Cr_O_10,"(-1, 0, 0)"
6,group07,Cr,2,6,12k_layer10_2,26,2.0983230324265865,Cr_O_10,"(0, 1, 0)"
6,group07,Cr,2,6,12k_layer10_2,33,1.9254359114895088,Cr_O_04,"(0, 0, 0)"
6,group07,Cr,3,7,12k_layer6_2,3,2.0983234538709605,Cr_O_10,"(0, -1, 0)"
6,group07,Cr,3,7,12k_layer6_2,4,1.9254355757587174,Cr_O_04,"(0, 0, 0)"
6,group07,Cr,3,7,12k_layer6_2,6,1.9844559567789064,Cr_O_05,"(0, -1, 0)"
6,group07,Cr,3,7,12k_layer6_2,13,2.0983234544081824,Cr_O_10,"(1, 0, 0)"
6,group07,Cr,3,7,12k_layer6_2,19,2.0948275151705045,Cr_O_09,"(0, 0, 0)"
6,group07,Cr,3,7,12k_layer6_2,38,1.9254355763634945,Cr_O_04,"(0, 0, 0)"
6,group07,Ga,5,8,12k_layer6_1,3,2.0983234541175877,Ga_O_10,"(0, 0, 0)"
6,group07,Ga,5,8,12k_layer6_1,6,1.9844559569613607,Ga_O_05,"(0, 0, 0)"
6,group07,Ga,5,8,12k_layer6_1,19,2.0948276379027013,Ga_O_09,"(0, 0, 0)"
6,group07,Ga,5,8,12k_layer6_1,28,1.9254355756093047,Ga_O_04,"(0, 0, 0)"
6,group07,Ga,5,8,12k_layer6_1,36,2.0983234546414,Ga_O_10,"(1, 0, 0)"
6,group07,Ga,5,8,12k_layer6_1,38,1.925435563604001,Ga_O_04,"(0, 0, 0)"
6,group07,Ga,6,9,12k_layer14_2,8,2.098322979647595,Ga_O_10,"(0, 1, 0)"
6,group07,Ga,6,9,12k_layer14_2,9,1.9254359955309297,Ga_O_04,"(0, 0, 0)"
6,group07,Ga,6,9,12k_layer14_2,14,2.098322979397181,Ga_O_10,"(-1, 0, 0)"
6,group07,Ga,6,9,12k_layer14_2,15,2.094827260728784,Ga_O_09,"(0, 0, 0)"
6,group07,Ga,6,9,12k_layer14_2,20,1.9844560438241048,Ga_O_05,"(-1, 0, 0)"
6,group07,Ga,6,9,12k_layer14_2,27,1.9254359960714784,Ga_O_04,"(0, 0, 0)"
6,group07,Cr,4,10,2a_layer16,8,1.9948520249218649,Cr_O_07,"(1, 1, 0)"
6,group07,Cr,4,10,2a_layer16,14,1.9948520252426432,Cr_O_07,"(0, 0, 0)"
6,group07,Cr,4,10,2a_layer16,24,1.9948520249218644,Cr_O_07,"(0, 1, 0)"
6,group07,Cr,4,10,2a_layer16,29,1.9948516604791149,Cr_O_07,"(1, 0, 1)"
6,group07,Cr,4,10,2a_layer16,32,1.9948516599281325,Cr_O_07,"(0, 0, 1)"
6,group07,Cr,4,10,2a_layer16,34,1.994851660087002,Cr_O_07,"(1, 1, 1)"
6,group07,Cr,5,11,12k_layer10_3,1,1.9254359114790642,Cr_O_04,"(0, 0, 0)"
6,group07,Cr,5,11,12k_layer10_3,5,1.9254358990968665,Cr_O_04,"(0, 0, 0)"
6,group07,Cr,5,11,12k_layer10_3,11,2.0983230324375253,Cr_O_10,"(0, 1, 0)"
6,group07,Cr,5,11,12k_layer10_3,12,1.9844559575321832,Cr_O_05,"(0, 0, 0)"
6,group07,Cr,5,11,12k_layer10_3,17,2.094827636780971,Cr_O_09,"(0, 0, 0)"
6,group07,Cr,5,11,12k_layer10_3,22,2.0983230323180644,Cr_O_10,"(0, 0, 0)"
6,group07,Ga,7,12,12k_layer10_1,1,1.9254359117748707,Ga_O_04,"(0, 0, 0)"
6,group07,Ga,7,12,12k_layer10_1,11,2.0983230324093904,Ga_O_10,"(-1, 0, 0)"
6,group07,Ga,7,12,12k_layer10_1,12,1.9844559572212264,Ga_O_05,"(-1, -1, 0)"
6,group07,Ga,7,12,12k_layer10_1,17,2.0948275137753765,Ga_O_09,"(0, 0, 0)"
6,group07,Ga,7,12,12k_layer10_1,26,2.098323031885578,Ga_O_10,"(0, 0, 0)"
6,group07,Ga,7,12,12k_layer10_1,33,1.9254359117748707,Ga_O_04,"(0, 0, 0)"
6,group07,Ga,8,13,12k_layer2_1,7,1.9844559569613596,Ga_O_05,"(0, 0, 0)"
6,group07,Ga,8,13,12k_layer2_1,18,1.925435563604,Ga_O_04,"(0, 0, 0)"
6,group07,Ga,8,13,12k_layer2_1,21,1.9254355756093033,Ga_O_04,"(0, 0, 0)"
6,group07,Ga,8,13,12k_layer2_1,29,2.0983234546414016,Ga_O_10,"(1, 0, 0)"
6,group07,Ga,8,13,12k_layer2_1,31,2.0948276379027027,Ga_O_09,"(0, 0, 0)"
6,group07,Ga,8,13,12k_layer2_1,32,2.0983234541175895,Ga_O_10,"(0, 0, 0)"
6,group07,Ga,9,14,2b_layer12,10,1.8700732788205217,Ga_O_01,"(0, 1, 0)"
6,group07,Ga,9,14,2b_layer12,12,2.2779384420000004,Ga_O_11,"(0, 0, 0)"
6,group07,Ga,9,14,2b_layer12,20,2.2779384410000003,Ga_O_11,"(0, 0, 0)"
6,group07,Ga,9,14,2b_layer12,23,1.870073507451236,Ga_O_01,"(1, 1, 0)"
6,group07,Ga,9,14,2b_layer12,37,1.870073355,Ga_O_01,"(0, 0, 0)"
6,group07,Cr,6,15,2a_layer8,3,1.9948516601706343,Cr_O_07,"(0, 0, 0)"
6,group07,Cr,6,15,2a_layer8,11,1.9948520770594027,Cr_O_07,"(0, 1, 0)"
6,group07,Cr,6,15,2a_layer8,13,1.994851660329504,Cr_O_07,"(1, 1, 0)"
6,group07,Cr,6,15,2a_layer8,22,1.9948520773801812,Cr_O_07,"(0, 0, 0)"
6,group07,Cr,6,15,2a_layer8,26,1.9948520770594032,Cr_O_07,"(1, 1, 0)"
6,group07,Cr,6,15,2a_layer8,36,1.9948516607216167,Cr_O_07,"(1, 0, 0)"
6,group07,Ga,10,16,2b_layer4,2,1.8700732794118144,Ga_O_01,"(1, 0, 0)"
6,group07,Ga,10,16,2b_layer4,6,2.277938441000001,Ga_O_11,"(0, 0, 0)"
6,group07,Ga,10,16,2b_layer4,7,2.2779384420000004,Ga_O_11,"(0, 0, 0)"
6,group07,Ga,10,16,2b_layer4,16,1.8700735073000085,Ga_O_01,"(1, 1, 0)"
6,group07,Ga,10,16,2b_layer4,35,1.870073355795254,Ga_O_01,"(0, 0, 0)"
6,group07,Ga,11,17,4f1_layer9,11,1.9084361294606749,Ga_O_02,"(0, 0, 0)"
6,group07,Ga,11,17,4f1_layer9,19,1.9091270429999996,Ga_O_03,"(0, 0, 0)"
6,group07,Ga,11,17,4f1_layer9,22,1.9084362745505044,Ga_O_02,"(0, 0, 0)"
6,group07,Ga,11,17,4f1_layer9,26,1.9084361294606744,Ga_O_02,"(0, 0, 0)"
6,group07,Ga,12,18,4f2_layer11,1,1.9849917587865524,Ga_O_06,"(0, 0, 0)"
6,group07,Ga,12,18,4f2_layer11,5,1.9849916384047732,Ga_O_06,"(0, -1, 0)"
6,group07,Ga,12,18,4f2_layer11,10,2.0663776487443304,Ga_O_08,"(0, 0, 0)"
6,group07,Ga,12,18,4f2_layer11,23,2.0663774783167193,Ga_O_08,"(0, 0, 0)"
6,group07,Ga,12,18,4f2_layer11,33,1.9849917593946298,Ga_O_06,"(1, 0, 0)"
6,group07,Ga,12,18,4f2_layer11,37,2.0663777054221355,Ga_O_08,"(0, 0, 0)"
6,group07,Ga,13,19,4f2_layer3,2,2.0663771907209756,Ga_O_08,"(0, 0, 0)"
6,group07,Ga,13,19,4f2_layer3,16,2.066377020121716,Ga_O_08,"(0, 0, 0)"
6,group07,Ga,13,19,4f2_layer3,18,1.9849922964805824,Ga_O_06,"(-1, 0, 0)"
6,group07,Ga,13,19,4f2_layer3,21,1.9849924174878968,Ga_O_06,"(0, 0, 0)"
6,group07,Ga,13,19,4f2_layer3,25,1.9849924184808014,Ga_O_06,"(0, 1, 0)"
6,group07,Ga,13,19,4f2_layer3,35,2.066377246884635,Ga_O_08,"(0, 0, 0)"
6,group07,Ga,14,20,4f1_layer7,3,1.9084360732701862,Ga_O_02,"(0, 0, 0)"
6,group07,Ga,14,20,4f1_layer7,13,1.9084359271385227,Ga_O_02,"(0, 0, 0)"
6,group07,Ga,14,20,4f1_layer7,17,1.909127043000001,Ga_O_03,"(0, 0, 0)"
6,group07,Ga,14,20,4f1_layer7,36,1.9084359275969722,Ga_O_02,"(0, 0, 0)"
6,group07,Ga,15,21,4f2_layer5,2,2.0663771900543897,Ga_O_08,"(0, 0, 0)"
6,group07,Ga,15,21,4f2_layer5,4,1.9849924184808014,Ga_O_06,"(0, 1, 0)"
6,group07,Ga,15,21,4f2_layer5,16,2.0663770194551296,Ga_O_08,"(0, 0, 0)"
6,group07,Ga,15,21,4f2_layer5,28,1.9849924174878968,Ga_O_06,"(0, 0, 0)"
6,group07,Ga,15,21,4f2_layer5,35,2.0663772462180487,Ga_O_08,"(0, 0, 0)"
6,group07,Ga,15,21,4f2_layer5,38,1.9849922964805824,Ga_O_06,"(-1, 0, 0)"
6,group07,Ga,16,22,4f1_layer1,15,1.9091273005999965,Ga_O_03,"(0, 0, -1)"
6,group07,Ga,16,22,4f1_layer1,29,1.9084359275969722,Ga_O_02,"(0, 0, 0)"
6,group07,Ga,16,22,4f1_layer1,32,1.9084360732701862,Ga_O_02,"(0, 0, 0)"
6,group07,Ga,16,22,4f1_layer1,34,1.9084359271385227,Ga_O_02,"(0, 0, 0)"
6,group07,Ga,17,23,4f2_layer13,9,1.9849917593946296,Ga_O_06,"(1, 0, 0)"
6,group07,Ga,17,23,4f2_layer13,10,2.0663776487443317,Ga_O_08,"(0, 0, 0)"
6,group07,Ga,17,23,4f2_layer13,23,2.0663774783167206,Ga_O_08,"(0, 0, 0)"
6,group07,Ga,17,23,4f2_layer13,27,1.984991638404773,Ga_O_06,"(0, -1, 0)"
6,group07,Ga,17,23,4f2_layer13,30,1.984991758786552,Ga_O_06,"(0, 0, 0)"
6,group07,Ga,17,23,4f2_layer13,37,2.066377705422137,Ga_O_08,"(0, 0, 0)"
6,group07,Ga,18,24,4f1_layer15,8,1.9084361547650497,Ga_O_02,"(0, 0, 0)"
6,group07,Ga,18,24,4f1_layer15,14,1.9084362998548778,Ga_O_02,"(0, 0, 0)"
6,group07,Ga,18,24,4f1_layer15,24,1.9084361547650501,Ga_O_02,"(0, 0, 0)"
6,group07,Ga,18,24,4f1_layer15,31,1.9091268705999949,Ga_O_03,"(0, 0, 1)"
6,group08,Sr,1,,,2,2.958098043228469,Sr_O_02,"(0, -1, 0)"
6,group08,Sr,1,,,4,2.864579795118219,Sr_O_01,"(0, 0, 0)"
6,group08,Sr,1,,,16,2.9580979326637595,Sr_O_02,"(1, 0, 0)"
6,group08,Sr,1,,,18,2.8645798765734263,Sr_O_01,"(0, 0, 0)"
6,group08,Sr,1,,,21,2.864579884642825,Sr_O_01,"(0, 0, 0)"
6,group08,Sr,1,,,25,2.8645797959311503,Sr_O_01,"(0, 0, 0)"
6,group08,Sr,1,,,28,2.864579883829894,Sr_O_01,"(0, 0, 0)"
6,group08,Sr,1,,,35,2.95809800345424,Sr_O_02,"(0, -1, 0)"
6,group08,Sr,1,,,38,2.8645798757604948,Sr_O_01,"(0, 0, 0)"
6,group08,Sr,2,,,1,2.8645793251769454,Sr_O_01,"(0, 0, 0)"
6,group08,Sr,2,,,5,2.8645793169995204,Sr_O_01,"(0, 0, 0)"
6,group08,Sr,2,,,9,2.8645792364135385,Sr_O_01,"(0, 0, 0)"
6,group08,Sr,2,,,10,2.9580980427214705,Sr_O_02,"(-1, 0, 0)"
6,group08,Sr,2,,,23,2.95809793284463,Sr_O_02,"(0, 1, 0)"
6,group08,Sr,2,,,27,2.8645793169995213,Sr_O_01,"(0, 0, 0)"
6,group08,Sr,2,,,30,2.8645793251769462,Sr_O_01,"(0, 0, 0)"
6,group08,Sr,2,,,33,2.864579236413537,Sr_O_01,"(0, 0, 0)"
6,group08,Sr,2,,,37,2.9580980035278155,Sr_O_02,"(-1, 0, 0)"
6,group08,Ga,1,1,12k_layer6_3,4,1.9254355757587174,Ga_O_04,"(0, 0, 0)"
6,group08,Ga,1,1,12k_layer6_3,6,1.9844559567789057,Ga_O_05,"(-1, -1, 0)"
6,group08,Ga,1,1,12k_layer6_3,13,2.0983234538406146,Ga_O_10,"(0, 0, 0)"
6,group08,Ga,1,1,12k_layer6_3,19,2.094827515170505,Ga_O_09,"(0, 0, 0)"
6,group08,Ga,1,1,12k_layer6_3,28,1.925435576196381,Ga_O_04,"(0, 0, 0)"
6,group08,Ga,1,1,12k_layer6_3,36,2.0983234538272053,Ga_O_10,"(0, -1, 0)"
6,group08,Ga,2,2,12k_layer2_3,7,1.9844559567789046,Ga_O_05,"(-1, -1, 0)"
6,group08,Ga,2,2,12k_layer2_3,21,1.9254355761963797,Ga_O_04,"(0, 0, 0)"
6,group08,Ga,2,2,12k_layer2_3,25,1.9254355757587163,Ga_O_04,"(0, 0, 0)"
6,group08,Ga,2,2,12k_layer2_3,29,2.098323453827207,Ga_O_10,"(0, -1, 0)"
6,group08,Ga,2,2,12k_layer2_3,31,2.0948275151705062,Ga_O_09,"(0, 0, 0)"
6,group08,Ga,2,2,12k_layer2_3,34,2.0983234538406164,Ga_O_10,"(0, 0, 0)"
6,group08,Ga,3,3,12k_layer14_1,8,2.0983229791065865,Ga_O_10,"(0, 0, 0)"
6,group08,Ga,3,3,12k_layer14_1,9,1.9254359958162917,Ga_O_04,"(0, 0, 0)"
6,group08,Ga,3,3,12k_layer14_1,15,2.094827260093365,Ga_O_09,"(0, 0, 0)"
6,group08,Ga,3,3,12k_layer14_1,20,1.9844560436631808,Ga_O_05,"(-1, -1, 0)"
6,group08,Ga,3,3,12k_layer14_1,24,2.0983229796303986,Ga_O_10,"(-1, 0, 0)"
6,group08,Ga,3,3,12k_layer14_1,30,1.9254359958162914,Ga_O_04,"(0, 0, 0)"
6,group08,Cr,1,4,12k_layer2_2,7,1.984455956778905,Cr_O_05,"(0, -1, 0)"
6,group08,Cr,1,4,12k_layer2_2,18,1.9254355763634932,Cr_O_04,"(0, 0, 0)"
6,group08,Cr,1,4,12k_layer2_2,25,1.925435575758716,Cr_O_04,"(0, 0, 0)"
6,group08,Cr,1,4,12k_layer2_2,31,2.094827515170506,Cr_O_09,"(0, 0, 0)"
6,group08,Cr,1,4,12k_layer2_2,32,2.0983234538709623,Cr_O_10,"(0, -1, 0)"
6,group08,Cr,1,4,12k_layer2_2,34,2.098323454408184,Cr_O_10,"(1, 0, 0)"
6,group08,Ga,4,5,12k_layer14_3,14,2.098322979539073,Ga_O_10,"(0, 0, 0)"
6,group08,Ga,4,5,12k_layer14_3,15,2.094827383098975,Ga_O_09,"(0, 0, 0)"
6,group08,Ga,4,5,12k_layer14_3,20,1.9844560439741377,Ga_O_05,"(0, 0, 0)"
6,group08,Ga,4,5,12k_layer14_3,24,2.098322979658534,Ga_O_10,"(0, 1, 0)"
6,group08,Ga,4,5,12k_layer14_3,27,1.925435983138288,Ga_O_04,"(0, 0, 0)"
6,group08,Ga,4,5,12k_layer14_3,30,1.9254359955204852,Ga_O_04,"(0, 0, 0)"
6,group08,Ga,5,6,12k_layer10_2,5,1.9254359120300575,Ga_O_04,"(0, 0, 0)"
6,group08,Ga,5,6,12k_layer10_2,12,1.98445595738215,Ga_O_05,"(-1, 0, 0)"
6,group08,Ga,5,6,12k_layer10_2,17,2.094827514410795,Ga_O_09,"(0, 0, 0)"
6,group08,Ga,5,6,12k_layer10_2,22,2.0983230321761726,Ga_O_10,"(-1, 0, 0)"
6,group08,Ga,5,6,12k_layer10_2,26,2.0983230324265865,Ga_O_10,"(0, 1, 0)"
6,group08,Ga,5,6,12k_layer10_2,33,1.9254359114895088,Ga_O_04,"(0, 0, 0)"
6,group08,Cr,2,7,12k_layer6_2,3,2.0983234538709605,Cr_O_10,"(0, -1, 0)"
6,group08,Cr,2,7,12k_layer6_2,4,1.9254355757587174,Cr_O_04,"(0, 0, 0)"
6,group08,Cr,2,7,12k_layer6_2,6,1.9844559567789064,Cr_O_05,"(0, -1, 0)"
6,group08,Cr,2,7,12k_layer6_2,13,2.0983234544081824,Cr_O_10,"(1, 0, 0)"
6,group08,Cr,2,7,12k_layer6_2,19,2.0948275151705045,Cr_O_09,"(0, 0, 0)"
6,group08,Cr,2,7,12k_layer6_2,38,1.9254355763634945,Cr_O_04,"(0, 0, 0)"
6,group08,Cr,3,8,12k_layer6_1,3,2.0983234541175877,Cr_O_10,"(0, 0, 0)"
6,group08,Cr,3,8,12k_layer6_1,6,1.9844559569613607,Cr_O_05,"(0, 0, 0)"
6,group08,Cr,3,8,12k_layer6_1,19,2.0948276379027013,Cr_O_09,"(0, 0, 0)"
6,group08,Cr,3,8,12k_layer6_1,28,1.9254355756093047,Cr_O_04,"(0, 0, 0)"
6,group08,Cr,3,8,12k_layer6_1,36,2.0983234546414,Cr_O_10,"(1, 0, 0)"
6,group08,Cr,3,8,12k_layer6_1,38,1.925435563604001,Cr_O_04,"(0, 0, 0)"
6,group08,Ga,6,9,12k_layer14_2,8,2.098322979647595,Ga_O_10,"(0, 1, 0)"
6,group08,Ga,6,9,12k_layer14_2,9,1.9254359955309297,Ga_O_04,"(0, 0, 0)"
6,group08,Ga,6,9,12k_layer14_2,14,2.098322979397181,Ga_O_10,"(-1, 0, 0)"
6,group08,Ga,6,9,12k_layer14_2,15,2.094827260728784,Ga_O_09,"(0, 0, 0)"
6,group08,Ga,6,9,12k_layer14_2,20,1.9844560438241048,Ga_O_05,"(-1, 0, 0)"
6,group08,Ga,6,9,12k_layer14_2,27,1.9254359960714784,Ga_O_04,"(0, 0, 0)"
6,group08,Ga,7,10,2a_layer16,8,1.9948520249218649,Ga_O_07,"(1, 1, 0)"
6,group08,Ga,7,10,2a_layer16,14,1.9948520252426432,Ga_O_07,"(0, 0, 0)"
6,group08,Ga,7,10,2a_layer16,24,1.9948520249218644,Ga_O_07,"(0, 1, 0)"
6,group08,Ga,7,10,2a_layer16,29,1.9948516604791149,Ga_O_07,"(1, 0, 1)"
6,group08,Ga,7,10,2a_layer16,32,1.9948516599281325,Ga_O_07,"(0, 0, 1)"
6,group08,Ga,7,10,2a_layer16,34,1.994851660087002,Ga_O_07,"(1, 1, 1)"
6,group08,Ga,8,11,12k_layer10_3,1,1.9254359114790642,Ga_O_04,"(0, 0, 0)"
6,group08,Ga,8,11,12k_layer10_3,5,1.9254358990968665,Ga_O_04,"(0, 0, 0)"
6,group08,Ga,8,11,12k_layer10_3,11,2.0983230324375253,Ga_O_10,"(0, 1, 0)"
6,group08,Ga,8,11,12k_layer10_3,12,1.9844559575321832,Ga_O_05,"(0, 0, 0)"
6,group08,Ga,8,11,12k_layer10_3,17,2.094827636780971,Ga_O_09,"(0, 0, 0)"
6,group08,Ga,8,11,12k_layer10_3,22,2.0983230323180644,Ga_O_10,"(0, 0, 0)"
6,group08,Ga,9,12,12k_layer10_1,1,1.9254359117748707,Ga_O_04,"(0, 0, 0)"
6,group08,Ga,9,12,12k_layer10_1,11,2.0983230324093904,Ga_O_10,"(-1, 0, 0)"
6,group08,Ga,9,12,12k_layer10_1,12,1.9844559572212264,Ga_O_05,"(-1, -1, 0)"
6,group08,Ga,9,12,12k_layer10_1,17,2.0948275137753765,Ga_O_09,"(0, 0, 0)"
6,group08,Ga,9,12,12k_layer10_1,26,2.098323031885578,Ga_O_10,"(0, 0, 0)"
6,group08,Ga,9,12,12k_layer10_1,33,1.9254359117748707,Ga_O_04,"(0, 0, 0)"
6,group08,Cr,4,13,12k_layer2_1,7,1.9844559569613596,Cr_O_05,"(0, 0, 0)"
6,group08,Cr,4,13,12k_layer2_1,18,1.925435563604,Cr_O_04,"(0, 0, 0)"
6,group08,Cr,4,13,12k_layer2_1,21,1.9254355756093033,Cr_O_04,"(0, 0, 0)"
6,group08,Cr,4,13,12k_layer2_1,29,2.0983234546414016,Cr_O_10,"(1, 0, 0)"
6,group08,Cr,4,13,12k_layer2_1,31,2.0948276379027027,Cr_O_09,"(0, 0, 0)"
6,group08,Cr,4,13,12k_layer2_1,32,2.0983234541175895,Cr_O_10,"(0, 0, 0)"
6,group08,Ga,10,14,2b_layer12,10,1.8700732788205217,Ga_O_01,"(0, 1, 0)"
6,group08,Ga,10,14,2b_layer12,12,2.2779384420000004,Ga_O_11,"(0, 0, 0)"
6,group08,Ga,10,14,2b_layer12,20,2.2779384410000003,Ga_O_11,"(0, 0, 0)"
6,group08,Ga,10,14,2b_layer12,23,1.870073507451236,Ga_O_01,"(1, 1, 0)"
6,group08,Ga,10,14,2b_layer12,37,1.870073355,Ga_O_01,"(0, 0, 0)"
6,group08,Ga,11,15,2a_layer8,3,1.9948516601706343,Ga_O_07,"(0, 0, 0)"
6,group08,Ga,11,15,2a_layer8,11,1.9948520770594027,Ga_O_07,"(0, 1, 0)"
6,group08,Ga,11,15,2a_layer8,13,1.994851660329504,Ga_O_07,"(1, 1, 0)"
6,group08,Ga,11,15,2a_layer8,22,1.9948520773801812,Ga_O_07,"(0, 0, 0)"
6,group08,Ga,11,15,2a_layer8,26,1.9948520770594032,Ga_O_07,"(1, 1, 0)"
6,group08,Ga,11,15,2a_layer8,36,1.9948516607216167,Ga_O_07,"(1, 0, 0)"
6,group08,Ga,12,16,2b_layer4,2,1.8700732794118144,Ga_O_01,"(1, 0, 0)"
6,group08,Ga,12,16,2b_layer4,6,2.277938441000001,Ga_O_11,"(0, 0, 0)"
6,group08,Ga,12,16,2b_layer4,7,2.2779384420000004,Ga_O_11,"(0, 0, 0)"
6,group08,Ga,12,16,2b_layer4,16,1.8700735073000085,Ga_O_01,"(1, 1, 0)"
6,group08,Ga,12,16,2b_layer4,35,1.870073355795254,Ga_O_01,"(0, 0, 0)"
6,group08,Ga,13,17,4f1_layer9,11,1.9084361294606749,Ga_O_02,"(0, 0, 0)"
6,group08,Ga,13,17,4f1_layer9,19,1.9091270429999996,Ga_O_03,"(0, 0, 0)"
6,group08,Ga,13,17,4f1_layer9,22,1.9084362745505044,Ga_O_02,"(0, 0, 0)"
6,group08,Ga,13,17,4f1_layer9,26,1.9084361294606744,Ga_O_02,"(0, 0, 0)"
6,group08,Ga,14,18,4f2_layer11,1,1.9849917587865524,Ga_O_06,"(0, 0, 0)"
6,group08,Ga,14,18,4f2_layer11,5,1.9849916384047732,Ga_O_06,"(0, -1, 0)"
6,group08,Ga,14,18,4f2_layer11,10,2.0663776487443304,Ga_O_08,"(0, 0, 0)"
6,group08,Ga,14,18,4f2_layer11,23,2.0663774783167193,Ga_O_08,"(0, 0, 0)"
6,group08,Ga,14,18,4f2_layer11,33,1.9849917593946298,Ga_O_06,"(1, 0, 0)"
6,group08,Ga,14,18,4f2_layer11,37,2.0663777054221355,Ga_O_08,"(0, 0, 0)"
6,group08,Cr,5,19,4f2_layer3,2,2.0663771907209756,Cr_O_08,"(0, 0, 0)"
6,group08,Cr,5,19,4f2_layer3,16,2.066377020121716,Cr_O_08,"(0, 0, 0)"
6,group08,Cr,5,19,4f2_layer3,18,1.9849922964805824,Cr_O_06,"(-1, 0, 0)"
6,group08,Cr,5,19,4f2_layer3,21,1.9849924174878968,Cr_O_06,"(0, 0, 0)"
6,group08,Cr,5,19,4f2_layer3,25,1.9849924184808014,Cr_O_06,"(0, 1, 0)"
6,group08,Cr,5,19,4f2_layer3,35,2.066377246884635,Cr_O_08,"(0, 0, 0)"
6,group08,Ga,15,20,4f1_layer7,3,1.9084360732701862,Ga_O_02,"(0, 0, 0)"
6,group08,Ga,15,20,4f1_layer7,13,1.9084359271385227,Ga_O_02,"(0, 0, 0)"
6,group08,Ga,15,20,4f1_layer7,17,1.909127043000001,Ga_O_03,"(0, 0, 0)"
6,group08,Ga,15,20,4f1_layer7,36,1.9084359275969722,Ga_O_02,"(0, 0, 0)"
6,group08,Cr,6,21,4f2_layer5,2,2.0663771900543897,Cr_O_08,"(0, 0, 0)"
6,group08,Cr,6,21,4f2_layer5,4,1.9849924184808014,Cr_O_06,"(0, 1, 0)"
6,group08,Cr,6,21,4f2_layer5,16,2.0663770194551296,Cr_O_08,"(0, 0, 0)"
6,group08,Cr,6,21,4f2_layer5,28,1.9849924174878968,Cr_O_06,"(0, 0, 0)"
6,group08,Cr,6,21,4f2_layer5,35,2.0663772462180487,Cr_O_08,"(0, 0, 0)"
6,group08,Cr,6,21,4f2_layer5,38,1.9849922964805824,Cr_O_06,"(-1, 0, 0)"
6,group08,Ga,16,22,4f1_layer1,15,1.9091273005999965,Ga_O_03,"(0, 0, -1)"
6,group08,Ga,16,22,4f1_layer1,29,1.9084359275969722,Ga_O_02,"(0, 0, 0)"
6,group08,Ga,16,22,4f1_layer1,32,1.9084360732701862,Ga_O_02,"(0, 0, 0)"
6,group08,Ga,16,22,4f1_layer1,34,1.9084359271385227,Ga_O_02,"(0, 0, 0)"
6,group08,Ga,17,23,4f2_layer13,9,1.9849917593946296,Ga_O_06,"(1, 0, 0)"
6,group08,Ga,17,23,4f2_layer13,10,2.0663776487443317,Ga_O_08,"(0, 0, 0)"
6,group08,Ga,17,23,4f2_layer13,23,2.0663774783167206,Ga_O_08,"(0, 0, 0)"
6,group08,Ga,17,23,4f2_layer13,27,1.984991638404773,Ga_O_06,"(0, -1, 0)"
6,group08,Ga,17,23,4f2_layer13,30,1.984991758786552,Ga_O_06,"(0, 0, 0)"
6,group08,Ga,17,23,4f2_layer13,37,2.066377705422137,Ga_O_08,"(0, 0, 0)"
6,group08,Ga,18,24,4f1_layer15,8,1.9084361547650497,Ga_O_02,"(0, 0, 0)"
6,group08,Ga,18,24,4f1_layer15,14,1.9084362998548778,Ga_O_02,"(0, 0, 0)"
6,group08,Ga,18,24,4f1_layer15,24,1.9084361547650501,Ga_O_02,"(0, 0, 0)"
6,group08,Ga,18,24,4f1_layer15,31,1.9091268705999949,Ga_O_03,"(0, 0, 1)"
6,group09,Sr,1,,,2,2.958098043228469,Sr_O_02,"(0, -1, 0)"
6,group09,Sr,1,,,4,2.864579795118219,Sr_O_01,"(0, 0, 0)"
6,group09,Sr,1,,,16,2.9580979326637595,Sr_O_02,"(1, 0, 0)"
6,group09,Sr,1,,,18,2.8645798765734263,Sr_O_01,"(0, 0, 0)"
6,group09,Sr,1,,,21,2.864579884642825,Sr_O_01,"(0, 0, 0)"
6,group09,Sr,1,,,25,2.8645797959311503,Sr_O_01,"(0, 0, 0)"
6,group09,Sr,1,,,28,2.864579883829894,Sr_O_01,"(0, 0, 0)"
6,group09,Sr,1,,,35,2.95809800345424,Sr_O_02,"(0, -1, 0)"
6,group09,Sr,1,,,38,2.8645798757604948,Sr_O_01,"(0, 0, 0)"
6,group09,Sr,2,,,1,2.8645793251769454,Sr_O_01,"(0, 0, 0)"
6,group09,Sr,2,,,5,2.8645793169995204,Sr_O_01,"(0, 0, 0)"
6,group09,Sr,2,,,9,2.8645792364135385,Sr_O_01,"(0, 0, 0)"
6,group09,Sr,2,,,10,2.9580980427214705,Sr_O_02,"(-1, 0, 0)"
6,group09,Sr,2,,,23,2.95809793284463,Sr_O_02,"(0, 1, 0)"
6,group09,Sr,2,,,27,2.8645793169995213,Sr_O_01,"(0, 0, 0)"
6,group09,Sr,2,,,30,2.8645793251769462,Sr_O_01,"(0, 0, 0)"
6,group09,Sr,2,,,33,2.864579236413537,Sr_O_01,"(0, 0, 0)"
6,group09,Sr,2,,,37,2.9580980035278155,Sr_O_02,"(-1, 0, 0)"
6,group09,Cr,1,1,12k_layer6_3,4,1.9254355757587174,Cr_O_04,"(0, 0, 0)"
6,group09,Cr,1,1,12k_layer6_3,6,1.9844559567789057,Cr_O_05,"(-1, -1, 0)"
6,group09,Cr,1,1,12k_layer6_3,13,2.0983234538406146,Cr_O_10,"(0, 0, 0)"
6,group09,Cr,1,1,12k_layer6_3,19,2.094827515170505,Cr_O_09,"(0, 0, 0)"
6,group09,Cr,1,1,12k_layer6_3,28,1.925435576196381,Cr_O_04,"(0, 0, 0)"
6,group09,Cr,1,1,12k_layer6_3,36,2.0983234538272053,Cr_O_10,"(0, -1, 0)"
6,group09,Cr,2,2,12k_layer2_3,7,1.9844559567789046,Cr_O_05,"(-1, -1, 0)"
6,group09,Cr,2,2,12k_layer2_3,21,1.9254355761963797,Cr_O_04,"(0, 0, 0)"
6,group09,Cr,2,2,12k_layer2_3,25,1.9254355757587163,Cr_O_04,"(0, 0, 0)"
6,group09,Cr,2,2,12k_layer2_3,29,2.098323453827207,Cr_O_10,"(0, -1, 0)"
6,group09,Cr,2,2,12k_layer2_3,31,2.0948275151705062,Cr_O_09,"(0, 0, 0)"
6,group09,Cr,2,2,12k_layer2_3,34,2.0983234538406164,Cr_O_10,"(0, 0, 0)"
6,group09,Ga,1,3,12k_layer14_1,8,2.0983229791065865,Ga_O_10,"(0, 0, 0)"
6,group09,Ga,1,3,12k_layer14_1,9,1.9254359958162917,Ga_O_04,"(0, 0, 0)"
6,group09,Ga,1,3,12k_layer14_1,15,2.094827260093365,Ga_O_09,"(0, 0, 0)"
6,group09,Ga,1,3,12k_layer14_1,20,1.9844560436631808,Ga_O_05,"(-1, -1, 0)"
6,group09,Ga,1,3,12k_layer14_1,24,2.0983229796303986,Ga_O_10,"(-1, 0, 0)"
6,group09,Ga,1,3,12k_layer14_1,30,1.9254359958162914,Ga_O_04,"(0, 0, 0)"
6,group09,Cr,3,4,12k_layer2_2,7,1.984455956778905,Cr_O_05,"(0, -1, 0)"
6,group09,Cr,3,4,12k_layer2_2,18,1.9254355763634932,Cr_O_04,"(0, 0, 0)"
6,group09,Cr,3,4,12k_layer2_2,25,1.925435575758716,Cr_O_04,"(0, 0, 0)"
6,group09,Cr,3,4,12k_layer2_2,31,2.094827515170506,Cr_O_09,"(0, 0, 0)"
6,group09,Cr,3,4,12k_layer2_2,32,2.0983234538709623,Cr_O_10,"(0, -1, 0)"
6,group09,Cr,3,4,12k_layer2_2,34,2.098323454408184,Cr_O_10,"(1, 0, 0)"
6,group09,Ga,2,5,12k_layer14_3,14,2.098322979539073,Ga_O_10,"(0, 0, 0)"
6,group09,Ga,2,5,12k_layer14_3,15,2.094827383098975,Ga_O_09,"(0, 0, 0)"
6,group09,Ga,2,5,12k_layer14_3,20,1.9844560439741377,Ga_O_05,"(0, 0, 0)"
6,group09,Ga,2,5,12k_layer14_3,24,2.098322979658534,Ga_O_10,"(0, 1, 0)"
6,group09,Ga,2,5,12k_layer14_3,27,1.925435983138288,Ga_O_04,"(0, 0, 0)"
6,group09,Ga,2,5,12k_layer14_3,30,1.9254359955204852,Ga_O_04,"(0, 0, 0)"
6,group09,Ga,3,6,12k_layer10_2,5,1.9254359120300575,Ga_O_04,"(0, 0, 0)"
6,group09,Ga,3,6,12k_layer10_2,12,1.98445595738215,Ga_O_05,"(-1, 0, 0)"
6,group09,Ga,3,6,12k_layer10_2,17,2.094827514410795,Ga_O_09,"(0, 0, 0)"
6,group09,Ga,3,6,12k_layer10_2,22,2.0983230321761726,Ga_O_10,"(-1, 0, 0)"
6,group09,Ga,3,6,12k_layer10_2,26,2.0983230324265865,Ga_O_10,"(0, 1, 0)"
6,group09,Ga,3,6,12k_layer10_2,33,1.9254359114895088,Ga_O_04,"(0, 0, 0)"
6,group09,Cr,4,7,12k_layer6_2,3,2.0983234538709605,Cr_O_10,"(0, -1, 0)"
6,group09,Cr,4,7,12k_layer6_2,4,1.9254355757587174,Cr_O_04,"(0, 0, 0)"
6,group09,Cr,4,7,12k_layer6_2,6,1.9844559567789064,Cr_O_05,"(0, -1, 0)"
6,group09,Cr,4,7,12k_layer6_2,13,2.0983234544081824,Cr_O_10,"(1, 0, 0)"
6,group09,Cr,4,7,12k_layer6_2,19,2.0948275151705045,Cr_O_09,"(0, 0, 0)"
6,group09,Cr,4,7,12k_layer6_2,38,1.9254355763634945,Cr_O_04,"(0, 0, 0)"
6,group09,Ga,4,8,12k_layer6_1,3,2.0983234541175877,Ga_O_10,"(0, 0, 0)"
6,group09,Ga,4,8,12k_layer6_1,6,1.9844559569613607,Ga_O_05,"(0, 0, 0)"
6,group09,Ga,4,8,12k_layer6_1,19,2.0948276379027013,Ga_O_09,"(0, 0, 0)"
6,group09,Ga,4,8,12k_layer6_1,28,1.9254355756093047,Ga_O_04,"(0, 0, 0)"
6,group09,Ga,4,8,12k_layer6_1,36,2.0983234546414,Ga_O_10,"(1, 0, 0)"
6,group09,Ga,4,8,12k_layer6_1,38,1.925435563604001,Ga_O_04,"(0, 0, 0)"
6,group09,Ga,5,9,12k_layer14_2,8,2.098322979647595,Ga_O_10,"(0, 1, 0)"
6,group09,Ga,5,9,12k_layer14_2,9,1.9254359955309297,Ga_O_04,"(0, 0, 0)"
6,group09,Ga,5,9,12k_layer14_2,14,2.098322979397181,Ga_O_10,"(-1, 0, 0)"
6,group09,Ga,5,9,12k_layer14_2,15,2.094827260728784,Ga_O_09,"(0, 0, 0)"
6,group09,Ga,5,9,12k_layer14_2,20,1.9844560438241048,Ga_O_05,"(-1, 0, 0)"
6,group09,Ga,5,9,12k_layer14_2,27,1.9254359960714784,Ga_O_04,"(0, 0, 0)"
6,group09,Ga,6,10,2a_layer16,8,1.9948520249218649,Ga_O_07,"(1, 1, 0)"
6,group09,Ga,6,10,2a_layer16,14,1.9948520252426432,Ga_O_07,"(0, 0, 0)"
6,group09,Ga,6,10,2a_layer16,24,1.9948520249218644,Ga_O_07,"(0, 1, 0)"
6,group09,Ga,6,10,2a_layer16,29,1.9948516604791149,Ga_O_07,"(1, 0, 1)"
6,group09,Ga,6,10,2a_layer16,32,1.9948516599281325,Ga_O_07,"(0, 0, 1)"
6,group09,Ga,6,10,2a_layer16,34,1.994851660087002,Ga_O_07,"(1, 1, 1)"
6,group09,Ga,7,11,12k_layer10_3,1,1.9254359114790642,Ga_O_04,"(0, 0, 0)"
6,group09,Ga,7,11,12k_layer10_3,5,1.9254358990968665,Ga_O_04,"(0, 0, 0)"
6,group09,Ga,7,11,12k_layer10_3,11,2.0983230324375253,Ga_O_10,"(0, 1, 0)"
6,group09,Ga,7,11,12k_layer10_3,12,1.9844559575321832,Ga_O_05,"(0, 0, 0)"
6,group09,Ga,7,11,12k_layer10_3,17,2.094827636780971,Ga_O_09,"(0, 0, 0)"
6,group09,Ga,7,11,12k_layer10_3,22,2.0983230323180644,Ga_O_10,"(0, 0, 0)"
6,group09,Ga,8,12,12k_layer10_1,1,1.9254359117748707,Ga_O_04,"(0, 0, 0)"
6,group09,Ga,8,12,12k_layer10_1,11,2.0983230324093904,Ga_O_10,"(-1, 0, 0)"
6,group09,Ga,8,12,12k_layer10_1,12,1.9844559572212264,Ga_O_05,"(-1, -1, 0)"
6,group09,Ga,8,12,12k_layer10_1,17,2.0948275137753765,Ga_O_09,"(0, 0, 0)"
6,group09,Ga,8,12,12k_layer10_1,26,2.098323031885578,Ga_O_10,"(0, 0, 0)"
6,group09,Ga,8,12,12k_layer10_1,33,1.9254359117748707,Ga_O_04,"(0, 0, 0)"
6,group09,Ga,9,13,12k_layer2_1,7,1.9844559569613596,Ga_O_05,"(0, 0, 0)"
6,group09,Ga,9,13,12k_layer2_1,18,1.925435563604,Ga_O_04,"(0, 0, 0)"
6,group09,Ga,9,13,12k_layer2_1,21,1.9254355756093033,Ga_O_04,"(0, 0, 0)"
6,group09,Ga,9,13,12k_layer2_1,29,2.0983234546414016,Ga_O_10,"(1, 0, 0)"
6,group09,Ga,9,13,12k_layer2_1,31,2.0948276379027027,Ga_O_09,"(0, 0, 0)"
6,group09,Ga,9,13,12k_layer2_1,32,2.0983234541175895,Ga_O_10,"(0, 0, 0)"
6,group09,Ga,10,14,2b_layer12,10,1.8700732788205217,Ga_O_01,"(0, 1, 0)"
6,group09,Ga,10,14,2b_layer12,12,2.2779384420000004,Ga_O_11,"(0, 0, 0)"
6,group09,Ga,10,14,2b_layer12,20,2.2779384410000003,Ga_O_11,"(0, 0, 0)"
6,group09,Ga,10,14,2b_layer12,23,1.870073507451236,Ga_O_01,"(1, 1, 0)"
6,group09,Ga,10,14,2b_layer12,37,1.870073355,Ga_O_01,"(0, 0, 0)"
6,group09,Cr,5,15,2a_layer8,3,1.9948516601706343,Cr_O_07,"(0, 0, 0)"
6,group09,Cr,5,15,2a_layer8,11,1.9948520770594027,Cr_O_07,"(0, 1, 0)"
6,group09,Cr,5,15,2a_layer8,13,1.994851660329504,Cr_O_07,"(1, 1, 0)"
6,group09,Cr,5,15,2a_layer8,22,1.9948520773801812,Cr_O_07,"(0, 0, 0)"
6,group09,Cr,5,15,2a_layer8,26,1.9948520770594032,Cr_O_07,"(1, 1, 0)"
6,group09,Cr,5,15,2a_layer8,36,1.9948516607216167,Cr_O_07,"(1, 0, 0)"
6,group09,Ga,11,16,2b_layer4,2,1.8700732794118144,Ga_O_01,"(1, 0, 0)"
6,group09,Ga,11,16,2b_layer4,6,2.277938441000001,Ga_O_11,"(0, 0, 0)"
6,group09,Ga,11,16,2b_layer4,7,2.2779384420000004,Ga_O_11,"(0, 0, 0)"
6,group09,Ga,11,16,2b_layer4,16,1.8700735073000085,Ga_O_01,"(1, 1, 0)"
6,group09,Ga,11,16,2b_layer4,35,1.870073355795254,Ga_O_01,"(0, 0, 0)"
6,group09,Ga,12,17,4f1_layer9,11,1.9084361294606749,Ga_O_02,"(0, 0, 0)"
6,group09,Ga,12,17,4f1_layer9,19,1.9091270429999996,Ga_O_03,"(0, 0, 0)"
6,group09,Ga,12,17,4f1_layer9,22,1.9084362745505044,Ga_O_02,"(0, 0, 0)"
6,group09,Ga,12,17,4f1_layer9,26,1.9084361294606744,Ga_O_02,"(0, 0, 0)"
6,group09,Ga,13,18,4f2_layer11,1,1.9849917587865524,Ga_O_06,"(0, 0, 0)"
6,group09,Ga,13,18,4f2_layer11,5,1.9849916384047732,Ga_O_06,"(0, -1, 0)"
6,group09,Ga,13,18,4f2_layer11,10,2.0663776487443304,Ga_O_08,"(0, 0, 0)"
6,group09,Ga,13,18,4f2_layer11,23,2.0663774783167193,Ga_O_08,"(0, 0, 0)"
6,group09,Ga,13,18,4f2_layer11,33,1.9849917593946298,Ga_O_06,"(1, 0, 0)"
6,group09,Ga,13,18,4f2_layer11,37,2.0663777054221355,Ga_O_08,"(0, 0, 0)"
6,group09,Cr,6,19,4f2_layer3,2,2.0663771907209756,Cr_O_08,"(0, 0, 0)"
6,group09,Cr,6,19,4f2_layer3,16,2.066377020121716,Cr_O_08,"(0, 0, 0)"
6,group09,Cr,6,19,4f2_layer3,18,1.9849922964805824,Cr_O_06,"(-1, 0, 0)"
6,group09,Cr,6,19,4f2_layer3,21,1.9849924174878968,Cr_O_06,"(0, 0, 0)"
6,group09,Cr,6,19,4f2_layer3,25,1.9849924184808014,Cr_O_06,"(0, 1, 0)"
6,group09,Cr,6,19,4f2_layer3,35,2.066377246884635,Cr_O_08,"(0, 0, 0)"
6,group09,Ga,14,20,4f1_layer7,3,1.9084360732701862,Ga_O_02,"(0, 0, 0)"
6,group09,Ga,14,20,4f1_layer7,13,1.9084359271385227,Ga_O_02,"(0, 0, 0)"
6,group09,Ga,14,20,4f1_layer7,17,1.909127043000001,Ga_O_03,"(0, 0, 0)"
6,group09,Ga,14,20,4f1_layer7,36,1.9084359275969722,Ga_O_02,"(0, 0, 0)"
6,group09,Ga,15,21,4f2_layer5,2,2.0663771900543897,Ga_O_08,"(0, 0, 0)"
6,group09,Ga,15,21,4f2_layer5,4,1.9849924184808014,Ga_O_06,"(0, 1, 0)"
6,group09,Ga,15,21,4f2_layer5,16,2.0663770194551296,Ga_O_08,"(0, 0, 0)"
6,group09,Ga,15,21,4f2_layer5,28,1.9849924174878968,Ga_O_06,"(0, 0, 0)"
6,group09,Ga,15,21,4f2_layer5,35,2.0663772462180487,Ga_O_08,"(0, 0, 0)"
6,group09,Ga,15,21,4f2_layer5,38,1.9849922964805824,Ga_O_06,"(-1, 0, 0)"
6,group09,Ga,16,22,4f1_layer1,15,1.9091273005999965,Ga_O_03,"(0, 0, -1)"
6,group09,Ga,16,22,4f1_layer1,29,1.9084359275969722,Ga_O_02,"(0, 0, 0)"
6,group09,Ga,16,22,4f1_layer1,32,1.9084360732701862,Ga_O_02,"(0, 0, 0)"
6,group09,Ga,16,22,4f1_layer1,34,1.9084359271385227,Ga_O_02,"(0, 0, 0)"
6,group09,Ga,17,23,4f2_layer13,9,1.9849917593946296,Ga_O_06,"(1, 0, 0)"
6,group09,Ga,17,23,4f2_layer13,10,2.0663776487443317,Ga_O_08,"(0, 0, 0)"
6,group09,Ga,17,23,4f2_layer13,23,2.0663774783167206,Ga_O_08,"(0, 0, 0)"
6,group09,Ga,17,23,4f2_layer13,27,1.984991638404773,Ga_O_06,"(0, -1, 0)"
6,group09,Ga,17,23,4f2_layer13,30,1.984991758786552,Ga_O_06,"(0, 0, 0)"
6,group09,Ga,17,23,4f2_layer13,37,2.066377705422137,Ga_O_08,"(0, 0, 0)"
6,group09,Ga,18,24,4f1_layer15,8,1.9084361547650497,Ga_O_02,"(0, 0, 0)"
6,group09,Ga,18,24,4f1_layer15,14,1.9084362998548778,Ga_O_02,"(0, 0, 0)"
6,group09,Ga,18,24,4f1_layer15,24,1.9084361547650501,Ga_O_02,"(0, 0, 0)"
6,group09,Ga,18,24,4f1_layer15,31,1.9091268705999949,Ga_O_03,"(0, 0, 1)"
6,group10,Sr,1,,,2,2.958098043228469,Sr_O_02,"(0, -1, 0)"
6,group10,Sr,1,,,4,2.864579795118219,Sr_O_01,"(0, 0, 0)"
6,group10,Sr,1,,,16,2.9580979326637595,Sr_O_02,"(1, 0, 0)"
6,group10,Sr,1,,,18,2.8645798765734263,Sr_O_01,"(0, 0, 0)"
6,group10,Sr,1,,,21,2.864579884642825,Sr_O_01,"(0, 0, 0)"
6,group10,Sr,1,,,25,2.8645797959311503,Sr_O_01,"(0, 0, 0)"
6,group10,Sr,1,,,28,2.864579883829894,Sr_O_01,"(0, 0, 0)"
6,group10,Sr,1,,,35,2.95809800345424,Sr_O_02,"(0, -1, 0)"
6,group10,Sr,1,,,38,2.8645798757604948,Sr_O_01,"(0, 0, 0)"
6,group10,Sr,2,,,1,2.8645793251769454,Sr_O_01,"(0, 0, 0)"
6,group10,Sr,2,,,5,2.8645793169995204,Sr_O_01,"(0, 0, 0)"
6,group10,Sr,2,,,9,2.8645792364135385,Sr_O_01,"(0, 0, 0)"
6,group10,Sr,2,,,10,2.9580980427214705,Sr_O_02,"(-1, 0, 0)"
6,group10,Sr,2,,,23,2.95809793284463,Sr_O_02,"(0, 1, 0)"
6,group10,Sr,2,,,27,2.8645793169995213,Sr_O_01,"(0, 0, 0)"
6,group10,Sr,2,,,30,2.8645793251769462,Sr_O_01,"(0, 0, 0)"
6,group10,Sr,2,,,33,2.864579236413537,Sr_O_01,"(0, 0, 0)"
6,group10,Sr,2,,,37,2.9580980035278155,Sr_O_02,"(-1, 0, 0)"
6,group10,Ga,1,1,12k_layer6_3,4,1.9254355757587174,Ga_O_04,"(0, 0, 0)"
6,group10,Ga,1,1,12k_layer6_3,6,1.9844559567789057,Ga_O_05,"(-1, -1, 0)"
6,group10,Ga,1,1,12k_layer6_3,13,2.0983234538406146,Ga_O_10,"(0, 0, 0)"
6,group10,Ga,1,1,12k_layer6_3,19,2.094827515170505,Ga_O_09,"(0, 0, 0)"
6,group10,Ga,1,1,12k_layer6_3,28,1.925435576196381,Ga_O_04,"(0, 0, 0)"
6,group10,Ga,1,1,12k_layer6_3,36,2.0983234538272053,Ga_O_10,"(0, -1, 0)"
6,group10,Ga,2,2,12k_layer2_3,7,1.9844559567789046,Ga_O_05,"(-1, -1, 0)"
6,group10,Ga,2,2,12k_layer2_3,21,1.9254355761963797,Ga_O_04,"(0, 0, 0)"
6,group10,Ga,2,2,12k_layer2_3,25,1.9254355757587163,Ga_O_04,"(0, 0, 0)"
6,group10,Ga,2,2,12k_layer2_3,29,2.098323453827207,Ga_O_10,"(0, -1, 0)"
6,group10,Ga,2,2,12k_layer2_3,31,2.0948275151705062,Ga_O_09,"(0, 0, 0)"
6,group10,Ga,2,2,12k_layer2_3,34,2.0983234538406164,Ga_O_10,"(0, 0, 0)"
6,group10,Ga,3,3,12k_layer14_1,8,2.0983229791065865,Ga_O_10,"(0, 0, 0)"
6,group10,Ga,3,3,12k_layer14_1,9,1.9254359958162917,Ga_O_04,"(0, 0, 0)"
6,group10,Ga,3,3,12k_layer14_1,15,2.094827260093365,Ga_O_09,"(0, 0, 0)"
6,group10,Ga,3,3,12k_layer14_1,20,1.9844560436631808,Ga_O_05,"(-1, -1, 0)"
6,group10,Ga,3,3,12k_layer14_1,24,2.0983229796303986,Ga_O_10,"(-1, 0, 0)"
6,group10,Ga,3,3,12k_layer14_1,30,1.9254359958162914,Ga_O_04,"(0, 0, 0)"
6,group10,Ga,4,4,12k_layer2_2,7,1.984455956778905,Ga_O_05,"(0, -1, 0)"
6,group10,Ga,4,4,12k_layer2_2,18,1.9254355763634932,Ga_O_04,"(0, 0, 0)"
6,group10,Ga,4,4,12k_layer2_2,25,1.925435575758716,Ga_O_04,"(0, 0, 0)"
6,group10,Ga,4,4,12k_layer2_2,31,2.094827515170506,Ga_O_09,"(0, 0, 0)"
6,group10,Ga,4,4,12k_layer2_2,32,2.0983234538709623,Ga_O_10,"(0, -1, 0)"
6,group10,Ga,4,4,12k_layer2_2,34,2.098323454408184,Ga_O_10,"(1, 0, 0)"
6,group10,Ga,5,5,12k_layer14_3,14,2.098322979539073,Ga_O_10,"(0, 0, 0)"
6,group10,Ga,5,5,12k_layer14_3,15,2.094827383098975,Ga_O_09,"(0, 0, 0)"
6,group10,Ga,5,5,12k_layer14_3,20,1.9844560439741377,Ga_O_05,"(0, 0, 0)"
6,group10,Ga,5,5,12k_layer14_3,24,2.098322979658534,Ga_O_10,"(0, 1, 0)"
6,group10,Ga,5,5,12k_layer14_3,27,1.925435983138288,Ga_O_04,"(0, 0, 0)"
6,group10,Ga,5,5,12k_layer14_3,30,1.9254359955204852,Ga_O_04,"(0, 0, 0)"
6,group10,Ga,6,6,12k_layer10_2,5,1.9254359120300575,Ga_O_04,"(0, 0, 0)"
6,group10,Ga,6,6,12k_layer10_2,12,1.98445595738215,Ga_O_05,"(-1, 0, 0)"
6,group10,Ga,6,6,12k_layer10_2,17,2.094827514410795,Ga_O_09,"(0, 0, 0)"
6,group10,Ga,6,6,12k_layer10_2,22,2.0983230321761726,Ga_O_10,"(-1, 0, 0)"
6,group10,Ga,6,6,12k_layer10_2,26,2.0983230324265865,Ga_O_10,"(0, 1, 0)"
6,group10,Ga,6,6,12k_layer10_2,33,1.9254359114895088,Ga_O_04,"(0, 0, 0)"
6,group10,Ga,7,7,12k_layer6_2,3,2.0983234538709605,Ga_O_10,"(0, -1, 0)"
6,group10,Ga,7,7,12k_layer6_2,4,1.9254355757587174,Ga_O_04,"(0, 0, 0)"
6,group10,Ga,7,7,12k_layer6_2,6,1.9844559567789064,Ga_O_05,"(0, -1, 0)"
6,group10,Ga,7,7,12k_layer6_2,13,2.0983234544081824,Ga_O_10,"(1, 0, 0)"
6,group10,Ga,7,7,12k_layer6_2,19,2.0948275151705045,Ga_O_09,"(0, 0, 0)"
6,group10,Ga,7,7,12k_layer6_2,38,1.9254355763634945,Ga_O_04,"(0, 0, 0)"
6,group10,Ga,8,8,12k_layer6_1,3,2.0983234541175877,Ga_O_10,"(0, 0, 0)"
6,group10,Ga,8,8,12k_layer6_1,6,1.9844559569613607,Ga_O_05,"(0, 0, 0)"
6,group10,Ga,8,8,12k_layer6_1,19,2.0948276379027013,Ga_O_09,"(0, 0, 0)"
6,group10,Ga,8,8,12k_layer6_1,28,1.9254355756093047,Ga_O_04,"(0, 0, 0)"
6,group10,Ga,8,8,12k_layer6_1,36,2.0983234546414,Ga_O_10,"(1, 0, 0)"
6,group10,Ga,8,8,12k_layer6_1,38,1.925435563604001,Ga_O_04,"(0, 0, 0)"
6,group10,Ga,9,9,12k_layer14_2,8,2.098322979647595,Ga_O_10,"(0, 1, 0)"
6,group10,Ga,9,9,12k_layer14_2,9,1.9254359955309297,Ga_O_04,"(0, 0, 0)"
6,group10,Ga,9,9,12k_layer14_2,14,2.098322979397181,Ga_O_10,"(-1, 0, 0)"
6,group10,Ga,9,9,12k_layer14_2,15,2.094827260728784,Ga_O_09,"(0, 0, 0)"
6,group10,Ga,9,9,12k_layer14_2,20,1.9844560438241048,Ga_O_05,"(-1, 0, 0)"
6,group10,Ga,9,9,12k_layer14_2,27,1.9254359960714784,Ga_O_04,"(0, 0, 0)"
6,group10,Cr,1,10,2a_layer16,8,1.9948520249218649,Cr_O_07,"(1, 1, 0)"
6,group10,Cr,1,10,2a_layer16,14,1.9948520252426432,Cr_O_07,"(0, 0, 0)"
6,group10,Cr,1,10,2a_layer16,24,1.9948520249218644,Cr_O_07,"(0, 1, 0)"
6,group10,Cr,1,10,2a_layer16,29,1.9948516604791149,Cr_O_07,"(1, 0, 1)"
6,group10,Cr,1,10,2a_layer16,32,1.9948516599281325,Cr_O_07,"(0, 0, 1)"
6,group10,Cr,1,10,2a_layer16,34,1.994851660087002,Cr_O_07,"(1, 1, 1)"
6,group10,Ga,10,11,12k_layer10_3,1,1.9254359114790642,Ga_O_04,"(0, 0, 0)"
6,group10,Ga,10,11,12k_layer10_3,5,1.9254358990968665,Ga_O_04,"(0, 0, 0)"
6,group10,Ga,10,11,12k_layer10_3,11,2.0983230324375253,Ga_O_10,"(0, 1, 0)"
6,group10,Ga,10,11,12k_layer10_3,12,1.9844559575321832,Ga_O_05,"(0, 0, 0)"
6,group10,Ga,10,11,12k_layer10_3,17,2.094827636780971,Ga_O_09,"(0, 0, 0)"
6,group10,Ga,10,11,12k_layer10_3,22,2.0983230323180644,Ga_O_10,"(0, 0, 0)"
6,group10,Ga,11,12,12k_layer10_1,1,1.9254359117748707,Ga_O_04,"(0, 0, 0)"
6,group10,Ga,11,12,12k_layer10_1,11,2.0983230324093904,Ga_O_10,"(-1, 0, 0)"
6,group10,Ga,11,12,12k_layer10_1,12,1.9844559572212264,Ga_O_05,"(-1, -1, 0)"
6,group10,Ga,11,12,12k_layer10_1,17,2.0948275137753765,Ga_O_09,"(0, 0, 0)"
6,group10,Ga,11,12,12k_layer10_1,26,2.098323031885578,Ga_O_10,"(0, 0, 0)"
6,group10,Ga,11,12,12k_layer10_1,33,1.9254359117748707,Ga_O_04,"(0, 0, 0)"
6,group10,Ga,12,13,12k_layer2_1,7,1.9844559569613596,Ga_O_05,"(0, 0, 0)"
6,group10,Ga,12,13,12k_layer2_1,18,1.925435563604,Ga_O_04,"(0, 0, 0)"
6,group10,Ga,12,13,12k_layer2_1,21,1.9254355756093033,Ga_O_04,"(0, 0, 0)"
6,group10,Ga,12,13,12k_layer2_1,29,2.0983234546414016,Ga_O_10,"(1, 0, 0)"
6,group10,Ga,12,13,12k_layer2_1,31,2.0948276379027027,Ga_O_09,"(0, 0, 0)"
6,group10,Ga,12,13,12k_layer2_1,32,2.0983234541175895,Ga_O_10,"(0, 0, 0)"
6,group10,Ga,13,14,2b_layer12,10,1.8700732788205217,Ga_O_01,"(0, 1, 0)"
6,group10,Ga,13,14,2b_layer12,12,2.2779384420000004,Ga_O_11,"(0, 0, 0)"
6,group10,Ga,13,14,2b_layer12,20,2.2779384410000003,Ga_O_11,"(0, 0, 0)"
6,group10,Ga,13,14,2b_layer12,23,1.870073507451236,Ga_O_01,"(1, 1, 0)"
6,group10,Ga,13,14,2b_layer12,37,1.870073355,Ga_O_01,"(0, 0, 0)"
6,group10,Cr,2,15,2a_layer8,3,1.9948516601706343,Cr_O_07,"(0, 0, 0)"
6,group10,Cr,2,15,2a_layer8,11,1.9948520770594027,Cr_O_07,"(0, 1, 0)"
6,group10,Cr,2,15,2a_layer8,13,1.994851660329504,Cr_O_07,"(1, 1, 0)"
6,group10,Cr,2,15,2a_layer8,22,1.9948520773801812,Cr_O_07,"(0, 0, 0)"
6,group10,Cr,2,15,2a_layer8,26,1.9948520770594032,Cr_O_07,"(1, 1, 0)"
6,group10,Cr,2,15,2a_layer8,36,1.9948516607216167,Cr_O_07,"(1, 0, 0)"
6,group10,Ga,14,16,2b_layer4,2,1.8700732794118144,Ga_O_01,"(1, 0, 0)"
6,group10,Ga,14,16,2b_layer4,6,2.277938441000001,Ga_O_11,"(0, 0, 0)"
6,group10,Ga,14,16,2b_layer4,7,2.2779384420000004,Ga_O_11,"(0, 0, 0)"
6,group10,Ga,14,16,2b_layer4,16,1.8700735073000085,Ga_O_01,"(1, 1, 0)"
6,group10,Ga,14,16,2b_layer4,35,1.870073355795254,Ga_O_01,"(0, 0, 0)"
6,group10,Ga,15,17,4f1_layer9,11,1.9084361294606749,Ga_O_02,"(0, 0, 0)"
6,group10,Ga,15,17,4f1_layer9,19,1.9091270429999996,Ga_O_03,"(0, 0, 0)"
6,group10,Ga,15,17,4f1_layer9,22,1.9084362745505044,Ga_O_02,"(0, 0, 0)"
6,group10,Ga,15,17,4f1_layer9,26,1.9084361294606744,Ga_O_02,"(0, 0, 0)"
6,group10,Cr,3,18,4f2_layer11,1,1.9849917587865524,Cr_O_06,"(0, 0, 0)"
6,group10,Cr,3,18,4f2_layer11,5,1.9849916384047732,Cr_O_06,"(0, -1, 0)"
6,group10,Cr,3,18,4f2_layer11,10,2.0663776487443304,Cr_O_08,"(0, 0, 0)"
6,group10,Cr,3,18,4f2_layer11,23,2.0663774783167193,Cr_O_08,"(0, 0, 0)"
6,group10,Cr,3,18,4f2_layer11,33,1.9849917593946298,Cr_O_06,"(1, 0, 0)"
6,group10,Cr,3,18,4f2_layer11,37,2.0663777054221355,Cr_O_08,"(0, 0, 0)"
6,group10,Cr,4,19,4f2_layer3,2,2.0663771907209756,Cr_O_08,"(0, 0, 0)"
6,group10,Cr,4,19,4f2_layer3,16,2.066377020121716,Cr_O_08,"(0, 0, 0)"
6,group10,Cr,4,19,4f2_layer3,18,1.9849922964805824,Cr_O_06,"(-1, 0, 0)"
6,group10,Cr,4,19,4f2_layer3,21,1.9849924174878968,Cr_O_06,"(0, 0, 0)"
6,group10,Cr,4,19,4f2_layer3,25,1.9849924184808014,Cr_O_06,"(0, 1, 0)"
6,group10,Cr,4,19,4f2_layer3,35,2.066377246884635,Cr_O_08,"(0, 0, 0)"
6,group10,Ga,16,20,4f1_layer7,3,1.9084360732701862,Ga_O_02,"(0, 0, 0)"
6,group10,Ga,16,20,4f1_layer7,13,1.9084359271385227,Ga_O_02,"(0, 0, 0)"
6,group10,Ga,16,20,4f1_layer7,17,1.909127043000001,Ga_O_03,"(0, 0, 0)"
6,group10,Ga,16,20,4f1_layer7,36,1.9084359275969722,Ga_O_02,"(0, 0, 0)"
6,group10,Cr,5,21,4f2_layer5,2,2.0663771900543897,Cr_O_08,"(0, 0, 0)"
6,group10,Cr,5,21,4f2_layer5,4,1.9849924184808014,Cr_O_06,"(0, 1, 0)"
6,group10,Cr,5,21,4f2_layer5,16,2.0663770194551296,Cr_O_08,"(0, 0, 0)"
6,group10,Cr,5,21,4f2_layer5,28,1.9849924174878968,Cr_O_06,"(0, 0, 0)"
6,group10,Cr,5,21,4f2_layer5,35,2.0663772462180487,Cr_O_08,"(0, 0, 0)"
6,group10,Cr,5,21,4f2_layer5,38,1.9849922964805824,Cr_O_06,"(-1, 0, 0)"
6,group10,Ga,17,22,4f1_layer1,15,1.9091273005999965,Ga_O_03,"(0, 0, -1)"
6,group10,Ga,17,22,4f1_layer1,29,1.9084359275969722,Ga_O_02,"(0, 0, 0)"
6,group10,Ga,17,22,4f1_layer1,32,1.9084360732701862,Ga_O_02,"(0, 0, 0)"
6,group10,Ga,17,22,4f1_layer1,34,1.9084359271385227,Ga_O_02,"(0, 0, 0)"
6,group10,Cr,6,23,4f2_layer13,9,1.9849917593946296,Cr_O_06,"(1, 0, 0)"
6,group10,Cr,6,23,4f2_layer13,10,2.0663776487443317,Cr_O_08,"(0, 0, 0)"
6,group10,Cr,6,23,4f2_layer13,23,2.0663774783167206,Cr_O_08,"(0, 0, 0)"
6,group10,Cr,6,23,4f2_layer13,27,1.984991638404773,Cr_O_06,"(0, -1, 0)"
6,group10,Cr,6,23,4f2_layer13,30,1.984991758786552,Cr_O_06,"(0, 0, 0)"
6,group10,Cr,6,23,4f2_layer13,37,2.066377705422137,Cr_O_08,"(0, 0, 0)"
6,group10,Ga,18,24,4f1_layer15,8,1.9084361547650497,Ga_O_02,"(0, 0, 0)"
6,group10,Ga,18,24,4f1_layer15,14,1.9084362998548778,Ga_O_02,"(0, 0, 0)"
6,group10,Ga,18,24,4f1_layer15,24,1.9084361547650501,Ga_O_02,"(0, 0, 0)"
6,group10,Ga,18,24,4f1_layer15,31,1.9091268705999949,Ga_O_03,"(0, 0, 1)"
6,group11,Sr,1,,,2,2.958098043228469,Sr_O_02,"(0, -1, 0)"
6,group11,Sr,1,,,4,2.864579795118219,Sr_O_01,"(0, 0, 0)"
6,group11,Sr,1,,,16,2.9580979326637595,Sr_O_02,"(1, 0, 0)"
6,group11,Sr,1,,,18,2.8645798765734263,Sr_O_01,"(0, 0, 0)"
6,group11,Sr,1,,,21,2.864579884642825,Sr_O_01,"(0, 0, 0)"
6,group11,Sr,1,,,25,2.8645797959311503,Sr_O_01,"(0, 0, 0)"
6,group11,Sr,1,,,28,2.864579883829894,Sr_O_01,"(0, 0, 0)"
6,group11,Sr,1,,,35,2.95809800345424,Sr_O_02,"(0, -1, 0)"
6,group11,Sr,1,,,38,2.8645798757604948,Sr_O_01,"(0, 0, 0)"
6,group11,Sr,2,,,1,2.8645793251769454,Sr_O_01,"(0, 0, 0)"
6,group11,Sr,2,,,5,2.8645793169995204,Sr_O_01,"(0, 0, 0)"
6,group11,Sr,2,,,9,2.8645792364135385,Sr_O_01,"(0, 0, 0)"
6,group11,Sr,2,,,10,2.9580980427214705,Sr_O_02,"(-1, 0, 0)"
6,group11,Sr,2,,,23,2.95809793284463,Sr_O_02,"(0, 1, 0)"
6,group11,Sr,2,,,27,2.8645793169995213,Sr_O_01,"(0, 0, 0)"
6,group11,Sr,2,,,30,2.8645793251769462,Sr_O_01,"(0, 0, 0)"
6,group11,Sr,2,,,33,2.864579236413537,Sr_O_01,"(0, 0, 0)"
6,group11,Sr,2,,,37,2.9580980035278155,Sr_O_02,"(-1, 0, 0)"
6,group11,Ga,1,1,12k_layer6_3,4,1.9254355757587174,Ga_O_04,"(0, 0, 0)"
6,group11,Ga,1,1,12k_layer6_3,6,1.9844559567789057,Ga_O_05,"(-1, -1, 0)"
6,group11,Ga,1,1,12k_layer6_3,13,2.0983234538406146,Ga_O_10,"(0, 0, 0)"
6,group11,Ga,1,1,12k_layer6_3,19,2.094827515170505,Ga_O_09,"(0, 0, 0)"
6,group11,Ga,1,1,12k_layer6_3,28,1.925435576196381,Ga_O_04,"(0, 0, 0)"
6,group11,Ga,1,1,12k_layer6_3,36,2.0983234538272053,Ga_O_10,"(0, -1, 0)"
6,group11,Ga,2,2,12k_layer2_3,7,1.9844559567789046,Ga_O_05,"(-1, -1, 0)"
6,group11,Ga,2,2,12k_layer2_3,21,1.9254355761963797,Ga_O_04,"(0, 0, 0)"
6,group11,Ga,2,2,12k_layer2_3,25,1.9254355757587163,Ga_O_04,"(0, 0, 0)"
6,group11,Ga,2,2,12k_layer2_3,29,2.098323453827207,Ga_O_10,"(0, -1, 0)"
6,group11,Ga,2,2,12k_layer2_3,31,2.0948275151705062,Ga_O_09,"(0, 0, 0)"
6,group11,Ga,2,2,12k_layer2_3,34,2.0983234538406164,Ga_O_10,"(0, 0, 0)"
6,group11,Cr,1,3,12k_layer14_1,8,2.0983229791065865,Cr_O_10,"(0, 0, 0)"
6,group11,Cr,1,3,12k_layer14_1,9,1.9254359958162917,Cr_O_04,"(0, 0, 0)"
6,group11,Cr,1,3,12k_layer14_1,15,2.094827260093365,Cr_O_09,"(0, 0, 0)"
6,group11,Cr,1,3,12k_layer14_1,20,1.9844560436631808,Cr_O_05,"(-1, -1, 0)"
6,group11,Cr,1,3,12k_layer14_1,24,2.0983229796303986,Cr_O_10,"(-1, 0, 0)"
6,group11,Cr,1,3,12k_layer14_1,30,1.9254359958162914,Cr_O_04,"(0, 0, 0)"
6,group11,Ga,3,4,12k_layer2_2,7,1.984455956778905,Ga_O_05,"(0, -1, 0)"
6,group11,Ga,3,4,12k_layer2_2,18,1.9254355763634932,Ga_O_04,"(0, 0, 0)"
6,group11,Ga,3,4,12k_layer2_2,25,1.925435575758716,Ga_O_04,"(0, 0, 0)"
6,group11,Ga,3,4,12k_layer2_2,31,2.094827515170506,Ga_O_09,"(0, 0, 0)"
6,group11,Ga,3,4,12k_layer2_2,32,2.0983234538709623,Ga_O_10,"(0, -1, 0)"
6,group11,Ga,3,4,12k_layer2_2,34,2.098323454408184,Ga_O_10,"(1, 0, 0)"
6,group11,Ga,4,5,12k_layer14_3,14,2.098322979539073,Ga_O_10,"(0, 0, 0)"
6,group11,Ga,4,5,12k_layer14_3,15,2.094827383098975,Ga_O_09,"(0, 0, 0)"
6,group11,Ga,4,5,12k_layer14_3,20,1.9844560439741377,Ga_O_05,"(0, 0, 0)"
6,group11,Ga,4,5,12k_layer14_3,24,2.098322979658534,Ga_O_10,"(0, 1, 0)"
6,group11,Ga,4,5,12k_layer14_3,27,1.925435983138288,Ga_O_04,"(0, 0, 0)"
6,group11,Ga,4,5,12k_layer14_3,30,1.9254359955204852,Ga_O_04,"(0, 0, 0)"
6,group11,Ga,5,6,12k_layer10_2,5,1.9254359120300575,Ga_O_04,"(0, 0, 0)"
6,group11,Ga,5,6,12k_layer10_2,12,1.98445595738215,Ga_O_05,"(-1, 0, 0)"
6,group11,Ga,5,6,12k_layer10_2,17,2.094827514410795,Ga_O_09,"(0, 0, 0)"
6,group11,Ga,5,6,12k_layer10_2,22,2.0983230321761726,Ga_O_10,"(-1, 0, 0)"
6,group11,Ga,5,6,12k_layer10_2,26,2.0983230324265865,Ga_O_10,"(0, 1, 0)"
6,group11,Ga,5,6,12k_layer10_2,33,1.9254359114895088,Ga_O_04,"(0, 0, 0)"
6,group11,Cr,2,7,12k_layer6_2,3,2.0983234538709605,Cr_O_10,"(0, -1, 0)"
6,group11,Cr,2,7,12k_layer6_2,4,1.9254355757587174,Cr_O_04,"(0, 0, 0)"
6,group11,Cr,2,7,12k_layer6_2,6,1.9844559567789064,Cr_O_05,"(0, -1, 0)"
6,group11,Cr,2,7,12k_layer6_2,13,2.0983234544081824,Cr_O_10,"(1, 0, 0)"
6,group11,Cr,2,7,12k_layer6_2,19,2.0948275151705045,Cr_O_09,"(0, 0, 0)"
6,group11,Cr,2,7,12k_layer6_2,38,1.9254355763634945,Cr_O_04,"(0, 0, 0)"
6,group11,Cr,3,8,12k_layer6_1,3,2.0983234541175877,Cr_O_10,"(0, 0, 0)"
6,group11,Cr,3,8,12k_layer6_1,6,1.9844559569613607,Cr_O_05,"(0, 0, 0)"
6,group11,Cr,3,8,12k_layer6_1,19,2.0948276379027013,Cr_O_09,"(0, 0, 0)"
6,group11,Cr,3,8,12k_layer6_1,28,1.9254355756093047,Cr_O_04,"(0, 0, 0)"
6,group11,Cr,3,8,12k_layer6_1,36,2.0983234546414,Cr_O_10,"(1, 0, 0)"
6,group11,Cr,3,8,12k_layer6_1,38,1.925435563604001,Cr_O_04,"(0, 0, 0)"
6,group11,Cr,4,9,12k_layer14_2,8,2.098322979647595,Cr_O_10,"(0, 1, 0)"
6,group11,Cr,4,9,12k_layer14_2,9,1.9254359955309297,Cr_O_04,"(0, 0, 0)"
6,group11,Cr,4,9,12k_layer14_2,14,2.098322979397181,Cr_O_10,"(-1, 0, 0)"
6,group11,Cr,4,9,12k_layer14_2,15,2.094827260728784,Cr_O_09,"(0, 0, 0)"
6,group11,Cr,4,9,12k_layer14_2,20,1.9844560438241048,Cr_O_05,"(-1, 0, 0)"
6,group11,Cr,4,9,12k_layer14_2,27,1.9254359960714784,Cr_O_04,"(0, 0, 0)"
6,group11,Ga,6,10,2a_layer16,8,1.9948520249218649,Ga_O_07,"(1, 1, 0)"
6,group11,Ga,6,10,2a_layer16,14,1.9948520252426432,Ga_O_07,"(0, 0, 0)"
6,group11,Ga,6,10,2a_layer16,24,1.9948520249218644,Ga_O_07,"(0, 1, 0)"
6,group11,Ga,6,10,2a_layer16,29,1.9948516604791149,Ga_O_07,"(1, 0, 1)"
6,group11,Ga,6,10,2a_layer16,32,1.9948516599281325,Ga_O_07,"(0, 0, 1)"
6,group11,Ga,6,10,2a_layer16,34,1.994851660087002,Ga_O_07,"(1, 1, 1)"
6,group11,Ga,7,11,12k_layer10_3,1,1.9254359114790642,Ga_O_04,"(0, 0, 0)"
6,group11,Ga,7,11,12k_layer10_3,5,1.9254358990968665,Ga_O_04,"(0, 0, 0)"
6,group11,Ga,7,11,12k_layer10_3,11,2.0983230324375253,Ga_O_10,"(0, 1, 0)"
6,group11,Ga,7,11,12k_layer10_3,12,1.9844559575321832,Ga_O_05,"(0, 0, 0)"
6,group11,Ga,7,11,12k_layer10_3,17,2.094827636780971,Ga_O_09,"(0, 0, 0)"
6,group11,Ga,7,11,12k_layer10_3,22,2.0983230323180644,Ga_O_10,"(0, 0, 0)"
6,group11,Ga,8,12,12k_layer10_1,1,1.9254359117748707,Ga_O_04,"(0, 0, 0)"
6,group11,Ga,8,12,12k_layer10_1,11,2.0983230324093904,Ga_O_10,"(-1, 0, 0)"
6,group11,Ga,8,12,12k_layer10_1,12,1.9844559572212264,Ga_O_05,"(-1, -1, 0)"
6,group11,Ga,8,12,12k_layer10_1,17,2.0948275137753765,Ga_O_09,"(0, 0, 0)"
6,group11,Ga,8,12,12k_layer10_1,26,2.098323031885578,Ga_O_10,"(0, 0, 0)"
6,group11,Ga,8,12,12k_layer10_1,33,1.9254359117748707,Ga_O_04,"(0, 0, 0)"
6,group11,Ga,9,13,12k_layer2_1,7,1.9844559569613596,Ga_O_05,"(0, 0, 0)"
6,group11,Ga,9,13,12k_layer2_1,18,1.925435563604,Ga_O_04,"(0, 0, 0)"
6,group11,Ga,9,13,12k_layer2_1,21,1.9254355756093033,Ga_O_04,"(0, 0, 0)"
6,group11,Ga,9,13,12k_layer2_1,29,2.0983234546414016,Ga_O_10,"(1, 0, 0)"
6,group11,Ga,9,13,12k_layer2_1,31,2.0948276379027027,Ga_O_09,"(0, 0, 0)"
6,group11,Ga,9,13,12k_layer2_1,32,2.0983234541175895,Ga_O_10,"(0, 0, 0)"
6,group11,Ga,10,14,2b_layer12,10,1.8700732788205217,Ga_O_01,"(0, 1, 0)"
6,group11,Ga,10,14,2b_layer12,12,2.2779384420000004,Ga_O_11,"(0, 0, 0)"
6,group11,Ga,10,14,2b_layer12,20,2.2779384410000003,Ga_O_11,"(0, 0, 0)"
6,group11,Ga,10,14,2b_layer12,23,1.870073507451236,Ga_O_01,"(1, 1, 0)"
6,group11,Ga,10,14,2b_layer12,37,1.870073355,Ga_O_01,"(0, 0, 0)"
6,group11,Cr,5,15,2a_layer8,3,1.9948516601706343,Cr_O_07,"(0, 0, 0)"
6,group11,Cr,5,15,2a_layer8,11,1.9948520770594027,Cr_O_07,"(0, 1, 0)"
6,group11,Cr,5,15,2a_layer8,13,1.994851660329504,Cr_O_07,"(1, 1, 0)"
6,group11,Cr,5,15,2a_layer8,22,1.9948520773801812,Cr_O_07,"(0, 0, 0)"
6,group11,Cr,5,15,2a_layer8,26,1.9948520770594032,Cr_O_07,"(1, 1, 0)"
6,group11,Cr,5,15,2a_layer8,36,1.9948516607216167,Cr_O_07,"(1, 0, 0)"
6,group11,Ga,11,16,2b_layer4,2,1.8700732794118144,Ga_O_01,"(1, 0, 0)"
6,group11,Ga,11,16,2b_layer4,6,2.277938441000001,Ga_O_11,"(0, 0, 0)"
6,group11,Ga,11,16,2b_layer4,7,2.2779384420000004,Ga_O_11,"(0, 0, 0)"
6,group11,Ga,11,16,2b_layer4,16,1.8700735073000085,Ga_O_01,"(1, 1, 0)"
6,group11,Ga,11,16,2b_layer4,35,1.870073355795254,Ga_O_01,"(0, 0, 0)"
6,group11,Ga,12,17,4f1_layer9,11,1.9084361294606749,Ga_O_02,"(0, 0, 0)"
6,group11,Ga,12,17,4f1_layer9,19,1.9091270429999996,Ga_O_03,"(0, 0, 0)"
6,group11,Ga,12,17,4f1_layer9,22,1.9084362745505044,Ga_O_02,"(0, 0, 0)"
6,group11,Ga,12,17,4f1_layer9,26,1.9084361294606744,Ga_O_02,"(0, 0, 0)"
6,group11,Cr,6,18,4f2_layer11,1,1.9849917587865524,Cr_O_06,"(0, 0, 0)"
6,group11,Cr,6,18,4f2_layer11,5,1.9849916384047732,Cr_O_06,"(0, -1, 0)"
6,group11,Cr,6,18,4f2_layer11,10,2.0663776487443304,Cr_O_08,"(0, 0, 0)"
6,group11,Cr,6,18,4f2_layer11,23,2.0663774783167193,Cr_O_08,"(0, 0, 0)"
6,group11,Cr,6,18,4f2_layer11,33,1.9849917593946298,Cr_O_06,"(1, 0, 0)"
6,group11,Cr,6,18,4f2_layer11,37,2.0663777054221355,Cr_O_08,"(0, 0, 0)"
6,group11,Ga,13,19,4f2_layer3,2,2.0663771907209756,Ga_O_08,"(0, 0, 0)"
6,group11,Ga,13,19,4f2_layer3,16,2.066377020121716,Ga_O_08,"(0, 0, 0)"
6,group11,Ga,13,19,4f2_layer3,18,1.9849922964805824,Ga_O_06,"(-1, 0, 0)"
6,group11,Ga,13,19,4f2_layer3,21,1.9849924174878968,Ga_O_06,"(0, 0, 0)"
6,group11,Ga,13,19,4f2_layer3,25,1.9849924184808014,Ga_O_06,"(0, 1, 0)"
6,group11,Ga,13,19,4f2_layer3,35,2.066377246884635,Ga_O_08,"(0, 0, 0)"
6,group11,Ga,14,20,4f1_layer7,3,1.9084360732701862,Ga_O_02,"(0, 0, 0)"
6,group11,Ga,14,20,4f1_layer7,13,1.9084359271385227,Ga_O_02,"(0, 0, 0)"
6,group11,Ga,14,20,4f1_layer7,17,1.909127043000001,Ga_O_03,"(0, 0, 0)"
6,group11,Ga,14,20,4f1_layer7,36,1.9084359275969722,Ga_O_02,"(0, 0, 0)"
6,group11,Ga,15,21,4f2_layer5,2,2.0663771900543897,Ga_O_08,"(0, 0, 0)"
6,group11,Ga,15,21,4f2_layer5,4,1.9849924184808014,Ga_O_06,"(0, 1, 0)"
6,group11,Ga,15,21,4f2_layer5,16,2.0663770194551296,Ga_O_08,"(0, 0, 0)"
6,group11,Ga,15,21,4f2_layer5,28,1.9849924174878968,Ga_O_06,"(0, 0, 0)"
6,group11,Ga,15,21,4f2_layer5,35,2.0663772462180487,Ga_O_08,"(0, 0, 0)"
6,group11,Ga,15,21,4f2_layer5,38,1.9849922964805824,Ga_O_06,"(-1, 0, 0)"
6,group11,Ga,16,22,4f1_layer1,15,1.9091273005999965,Ga_O_03,"(0, 0, -1)"
6,group11,Ga,16,22,4f1_layer1,29,1.9084359275969722,Ga_O_02,"(0, 0, 0)"
6,group11,Ga,16,22,4f1_layer1,32,1.9084360732701862,Ga_O_02,"(0, 0, 0)"
6,group11,Ga,16,22,4f1_layer1,34,1.9084359271385227,Ga_O_02,"(0, 0, 0)"
6,group11,Ga,17,23,4f2_layer13,9,1.9849917593946296,Ga_O_06,"(1, 0, 0)"
6,group11,Ga,17,23,4f2_layer13,10,2.0663776487443317,Ga_O_08,"(0, 0, 0)"
6,group11,Ga,17,23,4f2_layer13,23,2.0663774783167206,Ga_O_08,"(0, 0, 0)"
6,group11,Ga,17,23,4f2_layer13,27,1.984991638404773,Ga_O_06,"(0, -1, 0)"
6,group11,Ga,17,23,4f2_layer13,30,1.984991758786552,Ga_O_06,"(0, 0, 0)"
6,group11,Ga,17,23,4f2_layer13,37,2.066377705422137,Ga_O_08,"(0, 0, 0)"
6,group11,Ga,18,24,4f1_layer15,8,1.9084361547650497,Ga_O_02,"(0, 0, 0)"
6,group11,Ga,18,24,4f1_layer15,14,1.9084362998548778,Ga_O_02,"(0, 0, 0)"
6,group11,Ga,18,24,4f1_layer15,24,1.9084361547650501,Ga_O_02,"(0, 0, 0)"
6,group11,Ga,18,24,4f1_layer15,31,1.9091268705999949,Ga_O_03,"(0, 0, 1)"
6,group12,Sr,1,,,2,2.958098043228469,Sr_O_02,"(0, -1, 0)"
6,group12,Sr,1,,,4,2.864579795118219,Sr_O_01,"(0, 0, 0)"
6,group12,Sr,1,,,16,2.9580979326637595,Sr_O_02,"(1, 0, 0)"
6,group12,Sr,1,,,18,2.8645798765734263,Sr_O_01,"(0, 0, 0)"
6,group12,Sr,1,,,21,2.864579884642825,Sr_O_01,"(0, 0, 0)"
6,group12,Sr,1,,,25,2.8645797959311503,Sr_O_01,"(0, 0, 0)"
6,group12,Sr,1,,,28,2.864579883829894,Sr_O_01,"(0, 0, 0)"
6,group12,Sr,1,,,35,2.95809800345424,Sr_O_02,"(0, -1, 0)"
6,group12,Sr,1,,,38,2.8645798757604948,Sr_O_01,"(0, 0, 0)"
6,group12,Sr,2,,,1,2.8645793251769454,Sr_O_01,"(0, 0, 0)"
6,group12,Sr,2,,,5,2.8645793169995204,Sr_O_01,"(0, 0, 0)"
6,group12,Sr,2,,,9,2.8645792364135385,Sr_O_01,"(0, 0, 0)"
6,group12,Sr,2,,,10,2.9580980427214705,Sr_O_02,"(-1, 0, 0)"
6,group12,Sr,2,,,23,2.95809793284463,Sr_O_02,"(0, 1, 0)"
6,group12,Sr,2,,,27,2.8645793169995213,Sr_O_01,"(0, 0, 0)"
6,group12,Sr,2,,,30,2.8645793251769462,Sr_O_01,"(0, 0, 0)"
6,group12,Sr,2,,,33,2.864579236413537,Sr_O_01,"(0, 0, 0)"
6,group12,Sr,2,,,37,2.9580980035278155,Sr_O_02,"(-1, 0, 0)"
6,group12,Ga,1,1,12k_layer6_3,4,1.9254355757587174,Ga_O_04,"(0, 0, 0)"
6,group12,Ga,1,1,12k_layer6_3,6,1.9844559567789057,Ga_O_05,"(-1, -1, 0)"
6,group12,Ga,1,1,12k_layer6_3,13,2.0983234538406146,Ga_O_10,"(0, 0, 0)"
6,group12,Ga,1,1,12k_layer6_3,19,2.094827515170505,Ga_O_09,"(0, 0, 0)"
6,group12,Ga,1,1,12k_layer6_3,28,1.925435576196381,Ga_O_04,"(0, 0, 0)"
6,group12,Ga,1,1,12k_layer6_3,36,2.0983234538272053,Ga_O_10,"(0, -1, 0)"
6,group12,Ga,2,2,12k_layer2_3,7,1.9844559567789046,Ga_O_05,"(-1, -1, 0)"
6,group12,Ga,2,2,12k_layer2_3,21,1.9254355761963797,Ga_O_04,"(0, 0, 0)"
6,group12,Ga,2,2,12k_layer2_3,25,1.9254355757587163,Ga_O_04,"(0, 0, 0)"
6,group12,Ga,2,2,12k_layer2_3,29,2.098323453827207,Ga_O_10,"(0, -1, 0)"
6,group12,Ga,2,2,12k_layer2_3,31,2.0948275151705062,Ga_O_09,"(0, 0, 0)"
6,group12,Ga,2,2,12k_layer2_3,34,2.0983234538406164,Ga_O_10,"(0, 0, 0)"
6,group12,Ga,3,3,12k_layer14_1,8,2.0983229791065865,Ga_O_10,"(0, 0, 0)"
6,group12,Ga,3,3,12k_layer14_1,9,1.9254359958162917,Ga_O_04,"(0, 0, 0)"
6,group12,Ga,3,3,12k_layer14_1,15,2.094827260093365,Ga_O_09,"(0, 0, 0)"
6,group12,Ga,3,3,12k_layer14_1,20,1.9844560436631808,Ga_O_05,"(-1, -1, 0)"
6,group12,Ga,3,3,12k_layer14_1,24,2.0983229796303986,Ga_O_10,"(-1, 0, 0)"
6,group12,Ga,3,3,12k_layer14_1,30,1.9254359958162914,Ga_O_04,"(0, 0, 0)"
6,group12,Cr,1,4,12k_layer2_2,7,1.984455956778905,Cr_O_05,"(0, -1, 0)"
6,group12,Cr,1,4,12k_layer2_2,18,1.9254355763634932,Cr_O_04,"(0, 0, 0)"
6,group12,Cr,1,4,12k_layer2_2,25,1.925435575758716,Cr_O_04,"(0, 0, 0)"
6,group12,Cr,1,4,12k_layer2_2,31,2.094827515170506,Cr_O_09,"(0, 0, 0)"
6,group12,Cr,1,4,12k_layer2_2,32,2.0983234538709623,Cr_O_10,"(0, -1, 0)"
6,group12,Cr,1,4,12k_layer2_2,34,2.098323454408184,Cr_O_10,"(1, 0, 0)"
6,group12,Ga,4,5,12k_layer14_3,14,2.098322979539073,Ga_O_10,"(0, 0, 0)"
6,group12,Ga,4,5,12k_layer14_3,15,2.094827383098975,Ga_O_09,"(0, 0, 0)"
6,group12,Ga,4,5,12k_layer14_3,20,1.9844560439741377,Ga_O_05,"(0, 0, 0)"
6,group12,Ga,4,5,12k_layer14_3,24,2.098322979658534,Ga_O_10,"(0, 1, 0)"
6,group12,Ga,4,5,12k_layer14_3,27,1.925435983138288,Ga_O_04,"(0, 0, 0)"
6,group12,Ga,4,5,12k_layer14_3,30,1.9254359955204852,Ga_O_04,"(0, 0, 0)"
6,group12,Ga,5,6,12k_layer10_2,5,1.9254359120300575,Ga_O_04,"(0, 0, 0)"
6,group12,Ga,5,6,12k_layer10_2,12,1.98445595738215,Ga_O_05,"(-1, 0, 0)"
6,group12,Ga,5,6,12k_layer10_2,17,2.094827514410795,Ga_O_09,"(0, 0, 0)"
6,group12,Ga,5,6,12k_layer10_2,22,2.0983230321761726,Ga_O_10,"(-1, 0, 0)"
6,group12,Ga,5,6,12k_layer10_2,26,2.0983230324265865,Ga_O_10,"(0, 1, 0)"
6,group12,Ga,5,6,12k_layer10_2,33,1.9254359114895088,Ga_O_04,"(0, 0, 0)"
6,group12,Cr,2,7,12k_layer6_2,3,2.0983234538709605,Cr_O_10,"(0, -1, 0)"
6,group12,Cr,2,7,12k_layer6_2,4,1.9254355757587174,Cr_O_04,"(0, 0, 0)"
6,group12,Cr,2,7,12k_layer6_2,6,1.9844559567789064,Cr_O_05,"(0, -1, 0)"
6,group12,Cr,2,7,12k_layer6_2,13,2.0983234544081824,Cr_O_10,"(1, 0, 0)"
6,group12,Cr,2,7,12k_layer6_2,19,2.0948275151705045,Cr_O_09,"(0, 0, 0)"
6,group12,Cr,2,7,12k_layer6_2,38,1.9254355763634945,Cr_O_04,"(0, 0, 0)"
6,group12,Cr,3,8,12k_layer6_1,3,2.0983234541175877,Cr_O_10,"(0, 0, 0)"
6,group12,Cr,3,8,12k_layer6_1,6,1.9844559569613607,Cr_O_05,"(0, 0, 0)"
6,group12,Cr,3,8,12k_layer6_1,19,2.0948276379027013,Cr_O_09,"(0, 0, 0)"
6,group12,Cr,3,8,12k_layer6_1,28,1.9254355756093047,Cr_O_04,"(0, 0, 0)"
6,group12,Cr,3,8,12k_layer6_1,36,2.0983234546414,Cr_O_10,"(1, 0, 0)"
6,group12,Cr,3,8,12k_layer6_1,38,1.925435563604001,Cr_O_04,"(0, 0, 0)"
6,group12,Ga,6,9,12k_layer14_2,8,2.098322979647595,Ga_O_10,"(0, 1, 0)"
6,group12,Ga,6,9,12k_layer14_2,9,1.9254359955309297,Ga_O_04,"(0, 0, 0)"
6,group12,Ga,6,9,12k_layer14_2,14,2.098322979397181,Ga_O_10,"(-1, 0, 0)"
6,group12,Ga,6,9,12k_layer14_2,15,2.094827260728784,Ga_O_09,"(0, 0, 0)"
6,group12,Ga,6,9,12k_layer14_2,20,1.9844560438241048,Ga_O_05,"(-1, 0, 0)"
6,group12,Ga,6,9,12k_layer14_2,27,1.9254359960714784,Ga_O_04,"(0, 0, 0)"
6,group12,Ga,7,10,2a_layer16,8,1.9948520249218649,Ga_O_07,"(1, 1, 0)"
6,group12,Ga,7,10,2a_layer16,14,1.9948520252426432,Ga_O_07,"(0, 0, 0)"
6,group12,Ga,7,10,2a_layer16,24,1.9948520249218644,Ga_O_07,"(0, 1, 0)"
6,group12,Ga,7,10,2a_layer16,29,1.9948516604791149,Ga_O_07,"(1, 0, 1)"
6,group12,Ga,7,10,2a_layer16,32,1.9948516599281325,Ga_O_07,"(0, 0, 1)"
6,group12,Ga,7,10,2a_layer16,34,1.994851660087002,Ga_O_07,"(1, 1, 1)"
6,group12,Ga,8,11,12k_layer10_3,1,1.9254359114790642,Ga_O_04,"(0, 0, 0)"
6,group12,Ga,8,11,12k_layer10_3,5,1.9254358990968665,Ga_O_04,"(0, 0, 0)"
6,group12,Ga,8,11,12k_layer10_3,11,2.0983230324375253,Ga_O_10,"(0, 1, 0)"
6,group12,Ga,8,11,12k_layer10_3,12,1.9844559575321832,Ga_O_05,"(0, 0, 0)"
6,group12,Ga,8,11,12k_layer10_3,17,2.094827636780971,Ga_O_09,"(0, 0, 0)"
6,group12,Ga,8,11,12k_layer10_3,22,2.0983230323180644,Ga_O_10,"(0, 0, 0)"
6,group12,Ga,9,12,12k_layer10_1,1,1.9254359117748707,Ga_O_04,"(0, 0, 0)"
6,group12,Ga,9,12,12k_layer10_1,11,2.0983230324093904,Ga_O_10,"(-1, 0, 0)"
6,group12,Ga,9,12,12k_layer10_1,12,1.9844559572212264,Ga_O_05,"(-1, -1, 0)"
6,group12,Ga,9,12,12k_layer10_1,17,2.0948275137753765,Ga_O_09,"(0, 0, 0)"
6,group12,Ga,9,12,12k_layer10_1,26,2.098323031885578,Ga_O_10,"(0, 0, 0)"
6,group12,Ga,9,12,12k_layer10_1,33,1.9254359117748707,Ga_O_04,"(0, 0, 0)"
6,group12,Cr,4,13,12k_layer2_1,7,1.9844559569613596,Cr_O_05,"(0, 0, 0)"
6,group12,Cr,4,13,12k_layer2_1,18,1.925435563604,Cr_O_04,"(0, 0, 0)"
6,group12,Cr,4,13,12k_layer2_1,21,1.9254355756093033,Cr_O_04,"(0, 0, 0)"
6,group12,Cr,4,13,12k_layer2_1,29,2.0983234546414016,Cr_O_10,"(1, 0, 0)"
6,group12,Cr,4,13,12k_layer2_1,31,2.0948276379027027,Cr_O_09,"(0, 0, 0)"
6,group12,Cr,4,13,12k_layer2_1,32,2.0983234541175895,Cr_O_10,"(0, 0, 0)"
6,group12,Ga,10,14,2b_layer12,10,1.8700732788205217,Ga_O_01,"(0, 1, 0)"
6,group12,Ga,10,14,2b_layer12,12,2.2779384420000004,Ga_O_11,"(0, 0, 0)"
6,group12,Ga,10,14,2b_layer12,20,2.2779384410000003,Ga_O_11,"(0, 0, 0)"
6,group12,Ga,10,14,2b_layer12,23,1.870073507451236,Ga_O_01,"(1, 1, 0)"
6,group12,Ga,10,14,2b_layer12,37,1.870073355,Ga_O_01,"(0, 0, 0)"
6,group12,Ga,11,15,2a_layer8,3,1.9948516601706343,Ga_O_07,"(0, 0, 0)"
6,group12,Ga,11,15,2a_layer8,11,1.9948520770594027,Ga_O_07,"(0, 1, 0)"
6,group12,Ga,11,15,2a_layer8,13,1.994851660329504,Ga_O_07,"(1, 1, 0)"
6,group12,Ga,11,15,2a_layer8,22,1.9948520773801812,Ga_O_07,"(0, 0, 0)"
6,group12,Ga,11,15,2a_layer8,26,1.9948520770594032,Ga_O_07,"(1, 1, 0)"
6,group12,Ga,11,15,2a_layer8,36,1.9948516607216167,Ga_O_07,"(1, 0, 0)"
6,group12,Ga,12,16,2b_layer4,2,1.8700732794118144,Ga_O_01,"(1, 0, 0)"
6,group12,Ga,12,16,2b_layer4,6,2.277938441000001,Ga_O_11,"(0, 0, 0)"
6,group12,Ga,12,16,2b_layer4,7,2.2779384420000004,Ga_O_11,"(0, 0, 0)"
6,group12,Ga,12,16,2b_layer4,16,1.8700735073000085,Ga_O_01,"(1, 1, 0)"
6,group12,Ga,12,16,2b_layer4,35,1.870073355795254,Ga_O_01,"(0, 0, 0)"
6,group12,Cr,5,17,4f1_layer9,11,1.9084361294606749,Cr_O_02,"(0, 0, 0)"
6,group12,Cr,5,17,4f1_layer9,19,1.9091270429999996,Cr_O_03,"(0, 0, 0)"
6,group12,Cr,5,17,4f1_layer9,22,1.9084362745505044,Cr_O_02,"(0, 0, 0)"
6,group12,Cr,5,17,4f1_layer9,26,1.9084361294606744,Cr_O_02,"(0, 0, 0)"
6,group12,Ga,13,18,4f2_layer11,1,1.9849917587865524,Ga_O_06,"(0, 0, 0)"
6,group12,Ga,13,18,4f2_layer11,5,1.9849916384047732,Ga_O_06,"(0, -1, 0)"
6,group12,Ga,13,18,4f2_layer11,10,2.0663776487443304,Ga_O_08,"(0, 0, 0)"
6,group12,Ga,13,18,4f2_layer11,23,2.0663774783167193,Ga_O_08,"(0, 0, 0)"
6,group12,Ga,13,18,4f2_layer11,33,1.9849917593946298,Ga_O_06,"(1, 0, 0)"
6,group12,Ga,13,18,4f2_layer11,37,2.0663777054221355,Ga_O_08,"(0, 0, 0)"
6,group12,Ga,14,19,4f2_layer3,2,2.0663771907209756,Ga_O_08,"(0, 0, 0)"
6,group12,Ga,14,19,4f2_layer3,16,2.066377020121716,Ga_O_08,"(0, 0, 0)"
6,group12,Ga,14,19,4f2_layer3,18,1.9849922964805824,Ga_O_06,"(-1, 0, 0)"
6,group12,Ga,14,19,4f2_layer3,21,1.9849924174878968,Ga_O_06,"(0, 0, 0)"
6,group12,Ga,14,19,4f2_layer3,25,1.9849924184808014,Ga_O_06,"(0, 1, 0)"
6,group12,Ga,14,19,4f2_layer3,35,2.066377246884635,Ga_O_08,"(0, 0, 0)"
6,group12,Ga,15,20,4f1_layer7,3,1.9084360732701862,Ga_O_02,"(0, 0, 0)"
6,group12,Ga,15,20,4f1_layer7,13,1.9084359271385227,Ga_O_02,"(0, 0, 0)"
6,group12,Ga,15,20,4f1_layer7,17,1.909127043000001,Ga_O_03,"(0, 0, 0)"
6,group12,Ga,15,20,4f1_layer7,36,1.9084359275969722,Ga_O_02,"(0, 0, 0)"
6,group12,Ga,16,21,4f2_layer5,2,2.0663771900543897,Ga_O_08,"(0, 0, 0)"
6,group12,Ga,16,21,4f2_layer5,4,1.9849924184808014,Ga_O_06,"(0, 1, 0)"
6,group12,Ga,16,21,4f2_layer5,16,2.0663770194551296,Ga_O_08,"(0, 0, 0)"
6,group12,Ga,16,21,4f2_layer5,28,1.9849924174878968,Ga_O_06,"(0, 0, 0)"
6,group12,Ga,16,21,4f2_layer5,35,2.0663772462180487,Ga_O_08,"(0, 0, 0)"
6,group12,Ga,16,21,4f2_layer5,38,1.9849922964805824,Ga_O_06,"(-1, 0, 0)"
6,group12,Ga,17,22,4f1_layer1,15,1.9091273005999965,Ga_O_03,"(0, 0, -1)"
6,group12,Ga,17,22,4f1_layer1,29,1.9084359275969722,Ga_O_02,"(0, 0, 0)"
6,group12,Ga,17,22,4f1_layer1,32,1.9084360732701862,Ga_O_02,"(0, 0, 0)"
6,group12,Ga,17,22,4f1_layer1,34,1.9084359271385227,Ga_O_02,"(0, 0, 0)"
6,group12,Ga,18,23,4f2_layer13,9,1.9849917593946296,Ga_O_06,"(1, 0, 0)"
6,group12,Ga,18,23,4f2_layer13,10,2.0663776487443317,Ga_O_08,"(0, 0, 0)"
6,group12,Ga,18,23,4f2_layer13,23,2.0663774783167206,Ga_O_08,"(0, 0, 0)"
6,group12,Ga,18,23,4f2_layer13,27,1.984991638404773,Ga_O_06,"(0, -1, 0)"
6,group12,Ga,18,23,4f2_layer13,30,1.984991758786552,Ga_O_06,"(0, 0, 0)"
6,group12,Ga,18,23,4f2_layer13,37,2.066377705422137,Ga_O_08,"(0, 0, 0)"
6,group12,Cr,6,24,4f1_layer15,8,1.9084361547650497,Cr_O_02,"(0, 0, 0)"
6,group12,Cr,6,24,4f1_layer15,14,1.9084362998548778,Cr_O_02,"(0, 0, 0)"
6,group12,Cr,6,24,4f1_layer15,24,1.9084361547650501,Cr_O_02,"(0, 0, 0)"
6,group12,Cr,6,24,4f1_layer15,31,1.9091268705999949,Cr_O_03,"(0, 0, 1)"
6,group13,Sr,1,,,2,2.958098043228469,Sr_O_02,"(0, -1, 0)"
6,group13,Sr,1,,,4,2.864579795118219,Sr_O_01,"(0, 0, 0)"
6,group13,Sr,1,,,16,2.9580979326637595,Sr_O_02,"(1, 0, 0)"
6,group13,Sr,1,,,18,2.8645798765734263,Sr_O_01,"(0, 0, 0)"
6,group13,Sr,1,,,21,2.864579884642825,Sr_O_01,"(0, 0, 0)"
6,group13,Sr,1,,,25,2.8645797959311503,Sr_O_01,"(0, 0, 0)"
6,group13,Sr,1,,,28,2.864579883829894,Sr_O_01,"(0, 0, 0)"
6,group13,Sr,1,,,35,2.95809800345424,Sr_O_02,"(0, -1, 0)"
6,group13,Sr,1,,,38,2.8645798757604948,Sr_O_01,"(0, 0, 0)"
6,group13,Sr,2,,,1,2.8645793251769454,Sr_O_01,"(0, 0, 0)"
6,group13,Sr,2,,,5,2.8645793169995204,Sr_O_01,"(0, 0, 0)"
6,group13,Sr,2,,,9,2.8645792364135385,Sr_O_01,"(0, 0, 0)"
6,group13,Sr,2,,,10,2.9580980427214705,Sr_O_02,"(-1, 0, 0)"
6,group13,Sr,2,,,23,2.95809793284463,Sr_O_02,"(0, 1, 0)"
6,group13,Sr,2,,,27,2.8645793169995213,Sr_O_01,"(0, 0, 0)"
6,group13,Sr,2,,,30,2.8645793251769462,Sr_O_01,"(0, 0, 0)"
6,group13,Sr,2,,,33,2.864579236413537,Sr_O_01,"(0, 0, 0)"
6,group13,Sr,2,,,37,2.9580980035278155,Sr_O_02,"(-1, 0, 0)"
6,group13,Ga,1,1,12k_layer6_3,4,1.9254355757587174,Ga_O_04,"(0, 0, 0)"
6,group13,Ga,1,1,12k_layer6_3,6,1.9844559567789057,Ga_O_05,"(-1, -1, 0)"
6,group13,Ga,1,1,12k_layer6_3,13,2.0983234538406146,Ga_O_10,"(0, 0, 0)"
6,group13,Ga,1,1,12k_layer6_3,19,2.094827515170505,Ga_O_09,"(0, 0, 0)"
6,group13,Ga,1,1,12k_layer6_3,28,1.925435576196381,Ga_O_04,"(0, 0, 0)"
6,group13,Ga,1,1,12k_layer6_3,36,2.0983234538272053,Ga_O_10,"(0, -1, 0)"
6,group13,Ga,2,2,12k_layer2_3,7,1.9844559567789046,Ga_O_05,"(-1, -1, 0)"
6,group13,Ga,2,2,12k_layer2_3,21,1.9254355761963797,Ga_O_04,"(0, 0, 0)"
6,group13,Ga,2,2,12k_layer2_3,25,1.9254355757587163,Ga_O_04,"(0, 0, 0)"
6,group13,Ga,2,2,12k_layer2_3,29,2.098323453827207,Ga_O_10,"(0, -1, 0)"
6,group13,Ga,2,2,12k_layer2_3,31,2.0948275151705062,Ga_O_09,"(0, 0, 0)"
6,group13,Ga,2,2,12k_layer2_3,34,2.0983234538406164,Ga_O_10,"(0, 0, 0)"
6,group13,Ga,3,3,12k_layer14_1,8,2.0983229791065865,Ga_O_10,"(0, 0, 0)"
6,group13,Ga,3,3,12k_layer14_1,9,1.9254359958162917,Ga_O_04,"(0, 0, 0)"
6,group13,Ga,3,3,12k_layer14_1,15,2.094827260093365,Ga_O_09,"(0, 0, 0)"
6,group13,Ga,3,3,12k_layer14_1,20,1.9844560436631808,Ga_O_05,"(-1, -1, 0)"
6,group13,Ga,3,3,12k_layer14_1,24,2.0983229796303986,Ga_O_10,"(-1, 0, 0)"
6,group13,Ga,3,3,12k_layer14_1,30,1.9254359958162914,Ga_O_04,"(0, 0, 0)"
6,group13,Cr,1,4,12k_layer2_2,7,1.984455956778905,Cr_O_05,"(0, -1, 0)"
6,group13,Cr,1,4,12k_layer2_2,18,1.9254355763634932,Cr_O_04,"(0, 0, 0)"
6,group13,Cr,1,4,12k_layer2_2,25,1.925435575758716,Cr_O_04,"(0, 0, 0)"
6,group13,Cr,1,4,12k_layer2_2,31,2.094827515170506,Cr_O_09,"(0, 0, 0)"
6,group13,Cr,1,4,12k_layer2_2,32,2.0983234538709623,Cr_O_10,"(0, -1, 0)"
6,group13,Cr,1,4,12k_layer2_2,34,2.098323454408184,Cr_O_10,"(1, 0, 0)"
6,group13,Ga,4,5,12k_layer14_3,14,2.098322979539073,Ga_O_10,"(0, 0, 0)"
6,group13,Ga,4,5,12k_layer14_3,15,2.094827383098975,Ga_O_09,"(0, 0, 0)"
6,group13,Ga,4,5,12k_layer14_3,20,1.9844560439741377,Ga_O_05,"(0, 0, 0)"
6,group13,Ga,4,5,12k_layer14_3,24,2.098322979658534,Ga_O_10,"(0, 1, 0)"
6,group13,Ga,4,5,12k_layer14_3,27,1.925435983138288,Ga_O_04,"(0, 0, 0)"
6,group13,Ga,4,5,12k_layer14_3,30,1.9254359955204852,Ga_O_04,"(0, 0, 0)"
6,group13,Ga,5,6,12k_layer10_2,5,1.9254359120300575,Ga_O_04,"(0, 0, 0)"
6,group13,Ga,5,6,12k_layer10_2,12,1.98445595738215,Ga_O_05,"(-1, 0, 0)"
6,group13,Ga,5,6,12k_layer10_2,17,2.094827514410795,Ga_O_09,"(0, 0, 0)"
6,group13,Ga,5,6,12k_layer10_2,22,2.0983230321761726,Ga_O_10,"(-1, 0, 0)"
6,group13,Ga,5,6,12k_layer10_2,26,2.0983230324265865,Ga_O_10,"(0, 1, 0)"
6,group13,Ga,5,6,12k_layer10_2,33,1.9254359114895088,Ga_O_04,"(0, 0, 0)"
6,group13,Cr,2,7,12k_layer6_2,3,2.0983234538709605,Cr_O_10,"(0, -1, 0)"
6,group13,Cr,2,7,12k_layer6_2,4,1.9254355757587174,Cr_O_04,"(0, 0, 0)"
6,group13,Cr,2,7,12k_layer6_2,6,1.9844559567789064,Cr_O_05,"(0, -1, 0)"
6,group13,Cr,2,7,12k_layer6_2,13,2.0983234544081824,Cr_O_10,"(1, 0, 0)"
6,group13,Cr,2,7,12k_layer6_2,19,2.0948275151705045,Cr_O_09,"(0, 0, 0)"
6,group13,Cr,2,7,12k_layer6_2,38,1.9254355763634945,Cr_O_04,"(0, 0, 0)"
6,group13,Cr,3,8,12k_layer6_1,3,2.0983234541175877,Cr_O_10,"(0, 0, 0)"
6,group13,Cr,3,8,12k_layer6_1,6,1.9844559569613607,Cr_O_05,"(0, 0, 0)"
6,group13,Cr,3,8,12k_layer6_1,19,2.0948276379027013,Cr_O_09,"(0, 0, 0)"
6,group13,Cr,3,8,12k_layer6_1,28,1.9254355756093047,Cr_O_04,"(0, 0, 0)"
6,group13,Cr,3,8,12k_layer6_1,36,2.0983234546414,Cr_O_10,"(1, 0, 0)"
6,group13,Cr,3,8,12k_layer6_1,38,1.925435563604001,Cr_O_04,"(0, 0, 0)"
6,group13,Ga,6,9,12k_layer14_2,8,2.098322979647595,Ga_O_10,"(0, 1, 0)"
6,group13,Ga,6,9,12k_layer14_2,9,1.9254359955309297,Ga_O_04,"(0, 0, 0)"
6,group13,Ga,6,9,12k_layer14_2,14,2.098322979397181,Ga_O_10,"(-1, 0, 0)"
6,group13,Ga,6,9,12k_layer14_2,15,2.094827260728784,Ga_O_09,"(0, 0, 0)"
6,group13,Ga,6,9,12k_layer14_2,20,1.9844560438241048,Ga_O_05,"(-1, 0, 0)"
6,group13,Ga,6,9,12k_layer14_2,27,1.9254359960714784,Ga_O_04,"(0, 0, 0)"
6,group13,Ga,7,10,2a_layer16,8,1.9948520249218649,Ga_O_07,"(1, 1, 0)"
6,group13,Ga,7,10,2a_layer16,14,1.9948520252426432,Ga_O_07,"(0, 0, 0)"
6,group13,Ga,7,10,2a_layer16,24,1.9948520249218644,Ga_O_07,"(0, 1, 0)"
6,group13,Ga,7,10,2a_layer16,29,1.9948516604791149,Ga_O_07,"(1, 0, 1)"
6,group13,Ga,7,10,2a_layer16,32,1.9948516599281325,Ga_O_07,"(0, 0, 1)"
6,group13,Ga,7,10,2a_layer16,34,1.994851660087002,Ga_O_07,"(1, 1, 1)"
6,group13,Ga,8,11,12k_layer10_3,1,1.9254359114790642,Ga_O_04,"(0, 0, 0)"
6,group13,Ga,8,11,12k_layer10_3,5,1.9254358990968665,Ga_O_04,"(0, 0, 0)"
6,group13,Ga,8,11,12k_layer10_3,11,2.0983230324375253,Ga_O_10,"(0, 1, 0)"
6,group13,Ga,8,11,12k_layer10_3,12,1.9844559575321832,Ga_O_05,"(0, 0, 0)"
6,group13,Ga,8,11,12k_layer10_3,17,2.094827636780971,Ga_O_09,"(0, 0, 0)"
6,group13,Ga,8,11,12k_layer10_3,22,2.0983230323180644,Ga_O_10,"(0, 0, 0)"
6,group13,Ga,9,12,12k_layer10_1,1,1.9254359117748707,Ga_O_04,"(0, 0, 0)"
6,group13,Ga,9,12,12k_layer10_1,11,2.0983230324093904,Ga_O_10,"(-1, 0, 0)"
6,group13,Ga,9,12,12k_layer10_1,12,1.9844559572212264,Ga_O_05,"(-1, -1, 0)"
6,group13,Ga,9,12,12k_layer10_1,17,2.0948275137753765,Ga_O_09,"(0, 0, 0)"
6,group13,Ga,9,12,12k_layer10_1,26,2.098323031885578,Ga_O_10,"(0, 0, 0)"
6,group13,Ga,9,12,12k_layer10_1,33,1.9254359117748707,Ga_O_04,"(0, 0, 0)"
6,group13,Cr,4,13,12k_layer2_1,7,1.9844559569613596,Cr_O_05,"(0, 0, 0)"
6,group13,Cr,4,13,12k_layer2_1,18,1.925435563604,Cr_O_04,"(0, 0, 0)"
6,group13,Cr,4,13,12k_layer2_1,21,1.9254355756093033,Cr_O_04,"(0, 0, 0)"
6,group13,Cr,4,13,12k_layer2_1,29,2.0983234546414016,Cr_O_10,"(1, 0, 0)"
6,group13,Cr,4,13,12k_layer2_1,31,2.0948276379027027,Cr_O_09,"(0, 0, 0)"
6,group13,Cr,4,13,12k_layer2_1,32,2.0983234541175895,Cr_O_10,"(0, 0, 0)"
6,group13,Cr,5,14,2b_layer12,10,1.8700732788205217,Cr_O_01,"(0, 1, 0)"
6,group13,Cr,5,14,2b_layer12,12,2.2779384420000004,Cr_O_11,"(0, 0, 0)"
6,group13,Cr,5,14,2b_layer12,20,2.2779384410000003,Cr_O_11,"(0, 0, 0)"
6,group13,Cr,5,14,2b_layer12,23,1.870073507451236,Cr_O_01,"(1, 1, 0)"
6,group13,Cr,5,14,2b_layer12,37,1.870073355,Cr_O_01,"(0, 0, 0)"
6,group13,Ga,10,15,2a_layer8,3,1.9948516601706343,Ga_O_07,"(0, 0, 0)"
6,group13,Ga,10,15,2a_layer8,11,1.9948520770594027,Ga_O_07,"(0, 1, 0)"
6,group13,Ga,10,15,2a_layer8,13,1.994851660329504,Ga_O_07,"(1, 1, 0)"
6,group13,Ga,10,15,2a_layer8,22,1.9948520773801812,Ga_O_07,"(0, 0, 0)"
6,group13,Ga,10,15,2a_layer8,26,1.9948520770594032,Ga_O_07,"(1, 1, 0)"
6,group13,Ga,10,15,2a_layer8,36,1.9948516607216167,Ga_O_07,"(1, 0, 0)"
6,group13,Cr,6,16,2b_layer4,2,1.8700732794118144,Cr_O_01,"(1, 0, 0)"
6,group13,Cr,6,16,2b_layer4,6,2.277938441000001,Cr_O_11,"(0, 0, 0)"
6,group13,Cr,6,16,2b_layer4,7,2.2779384420000004,Cr_O_11,"(0, 0, 0)"
6,group13,Cr,6,16,2b_layer4,16,1.8700735073000085,Cr_O_01,"(1, 1, 0)"
6,group13,Cr,6,16,2b_layer4,35,1.870073355795254,Cr_O_01,"(0, 0, 0)"
6,group13,Ga,11,17,4f1_layer9,11,1.9084361294606749,Ga_O_02,"(0, 0, 0)"
6,group13,Ga,11,17,4f1_layer9,19,1.9091270429999996,Ga_O_03,"(0, 0, 0)"
6,group13,Ga,11,17,4f1_layer9,22,1.9084362745505044,Ga_O_02,"(0, 0, 0)"
6,group13,Ga,11,17,4f1_layer9,26,1.9084361294606744,Ga_O_02,"(0, 0, 0)"
6,group13,Ga,12,18,4f2_layer11,1,1.9849917587865524,Ga_O_06,"(0, 0, 0)"
6,group13,Ga,12,18,4f2_layer11,5,1.9849916384047732,Ga_O_06,"(0, -1, 0)"
6,group13,Ga,12,18,4f2_layer11,10,2.0663776487443304,Ga_O_08,"(0, 0, 0)"
6,group13,Ga,12,18,4f2_layer11,23,2.0663774783167193,Ga_O_08,"(0, 0, 0)"
6,group13,Ga,12,18,4f2_layer11,33,1.9849917593946298,Ga_O_06,"(1, 0, 0)"
6,group13,Ga,12,18,4f2_layer11,37,2.0663777054221355,Ga_O_08,"(0, 0, 0)"
6,group13,Ga,13,19,4f2_layer3,2,2.0663771907209756,Ga_O_08,"(0, 0, 0)"
6,group13,Ga,13,19,4f2_layer3,16,2.066377020121716,Ga_O_08,"(0, 0, 0)"
6,group13,Ga,13,19,4f2_layer3,18,1.9849922964805824,Ga_O_06,"(-1, 0, 0)"
6,group13,Ga,13,19,4f2_layer3,21,1.9849924174878968,Ga_O_06,"(0, 0, 0)"
6,group13,Ga,13,19,4f2_layer3,25,1.9849924184808014,Ga_O_06,"(0, 1, 0)"
6,group13,Ga,13,19,4f2_layer3,35,2.066377246884635,Ga_O_08,"(0, 0, 0)"
6,group13,Ga,14,20,4f1_layer7,3,1.9084360732701862,Ga_O_02,"(0, 0, 0)"
6,group13,Ga,14,20,4f1_layer7,13,1.9084359271385227,Ga_O_02,"(0, 0, 0)"
6,group13,Ga,14,20,4f1_layer7,17,1.909127043000001,Ga_O_03,"(0, 0, 0)"
6,group13,Ga,14,20,4f1_layer7,36,1.9084359275969722,Ga_O_02,"(0, 0, 0)"
6,group13,Ga,15,21,4f2_layer5,2,2.0663771900543897,Ga_O_08,"(0, 0, 0)"
6,group13,Ga,15,21,4f2_layer5,4,1.9849924184808014,Ga_O_06,"(0, 1, 0)"
6,group13,Ga,15,21,4f2_layer5,16,2.0663770194551296,Ga_O_08,"(0, 0, 0)"
6,group13,Ga,15,21,4f2_layer5,28,1.9849924174878968,Ga_O_06,"(0, 0, 0)"
6,group13,Ga,15,21,4f2_layer5,35,2.0663772462180487,Ga_O_08,"(0, 0, 0)"
6,group13,Ga,15,21,4f2_layer5,38,1.9849922964805824,Ga_O_06,"(-1, 0, 0)"
6,group13,Ga,16,22,4f1_layer1,15,1.9091273005999965,Ga_O_03,"(0, 0, -1)"
6,group13,Ga,16,22,4f1_layer1,29,1.9084359275969722,Ga_O_02,"(0, 0, 0)"
6,group13,Ga,16,22,4f1_layer1,32,1.9084360732701862,Ga_O_02,"(0, 0, 0)"
6,group13,Ga,16,22,4f1_layer1,34,1.9084359271385227,Ga_O_02,"(0, 0, 0)"
6,group13,Ga,17,23,4f2_layer13,9,1.9849917593946296,Ga_O_06,"(1, 0, 0)"
6,group13,Ga,17,23,4f2_layer13,10,2.0663776487443317,Ga_O_08,"(0, 0, 0)"
6,group13,Ga,17,23,4f2_layer13,23,2.0663774783167206,Ga_O_08,"(0, 0, 0)"
6,group13,Ga,17,23,4f2_layer13,27,1.984991638404773,Ga_O_06,"(0, -1, 0)"
6,group13,Ga,17,23,4f2_layer13,30,1.984991758786552,Ga_O_06,"(0, 0, 0)"
6,group13,Ga,17,23,4f2_layer13,37,2.066377705422137,Ga_O_08,"(0, 0, 0)"
6,group13,Ga,18,24,4f1_layer15,8,1.9084361547650497,Ga_O_02,"(0, 0, 0)"
6,group13,Ga,18,24,4f1_layer15,14,1.9084362998548778,Ga_O_02,"(0, 0, 0)"
6,group13,Ga,18,24,4f1_layer15,24,1.9084361547650501,Ga_O_02,"(0, 0, 0)"
6,group13,Ga,18,24,4f1_layer15,31,1.9091268705999949,Ga_O_03,"(0, 0, 1)"
6,group14,Sr,1,,,2,2.958098043228469,Sr_O_02,"(0, -1, 0)"
6,group14,Sr,1,,,4,2.864579795118219,Sr_O_01,"(0, 0, 0)"
6,group14,Sr,1,,,16,2.9580979326637595,Sr_O_02,"(1, 0, 0)"
6,group14,Sr,1,,,18,2.8645798765734263,Sr_O_01,"(0, 0, 0)"
6,group14,Sr,1,,,21,2.864579884642825,Sr_O_01,"(0, 0, 0)"
6,group14,Sr,1,,,25,2.8645797959311503,Sr_O_01,"(0, 0, 0)"
6,group14,Sr,1,,,28,2.864579883829894,Sr_O_01,"(0, 0, 0)"
6,group14,Sr,1,,,35,2.95809800345424,Sr_O_02,"(0, -1, 0)"
6,group14,Sr,1,,,38,2.8645798757604948,Sr_O_01,"(0, 0, 0)"
6,group14,Sr,2,,,1,2.8645793251769454,Sr_O_01,"(0, 0, 0)"
6,group14,Sr,2,,,5,2.8645793169995204,Sr_O_01,"(0, 0, 0)"
6,group14,Sr,2,,,9,2.8645792364135385,Sr_O_01,"(0, 0, 0)"
6,group14,Sr,2,,,10,2.9580980427214705,Sr_O_02,"(-1, 0, 0)"
6,group14,Sr,2,,,23,2.95809793284463,Sr_O_02,"(0, 1, 0)"
6,group14,Sr,2,,,27,2.8645793169995213,Sr_O_01,"(0, 0, 0)"
6,group14,Sr,2,,,30,2.8645793251769462,Sr_O_01,"(0, 0, 0)"
6,group14,Sr,2,,,33,2.864579236413537,Sr_O_01,"(0, 0, 0)"
6,group14,Sr,2,,,37,2.9580980035278155,Sr_O_02,"(-1, 0, 0)"
6,group14,Ga,1,1,12k_layer6_3,4,1.9254355757587174,Ga_O_04,"(0, 0, 0)"
6,group14,Ga,1,1,12k_layer6_3,6,1.9844559567789057,Ga_O_05,"(-1, -1, 0)"
6,group14,Ga,1,1,12k_layer6_3,13,2.0983234538406146,Ga_O_10,"(0, 0, 0)"
6,group14,Ga,1,1,12k_layer6_3,19,2.094827515170505,Ga_O_09,"(0, 0, 0)"
6,group14,Ga,1,1,12k_layer6_3,28,1.925435576196381,Ga_O_04,"(0, 0, 0)"
6,group14,Ga,1,1,12k_layer6_3,36,2.0983234538272053,Ga_O_10,"(0, -1, 0)"
6,group14,Ga,2,2,12k_layer2_3,7,1.9844559567789046,Ga_O_05,"(-1, -1, 0)"
6,group14,Ga,2,2,12k_layer2_3,21,1.9254355761963797,Ga_O_04,"(0, 0, 0)"
6,group14,Ga,2,2,12k_layer2_3,25,1.9254355757587163,Ga_O_04,"(0, 0, 0)"
6,group14,Ga,2,2,12k_layer2_3,29,2.098323453827207,Ga_O_10,"(0, -1, 0)"
6,group14,Ga,2,2,12k_layer2_3,31,2.0948275151705062,Ga_O_09,"(0, 0, 0)"
6,group14,Ga,2,2,12k_layer2_3,34,2.0983234538406164,Ga_O_10,"(0, 0, 0)"
6,group14,Cr,1,3,12k_layer14_1,8,2.0983229791065865,Cr_O_10,"(0, 0, 0)"
6,group14,Cr,1,3,12k_layer14_1,9,1.9254359958162917,Cr_O_04,"(0, 0, 0)"
6,group14,Cr,1,3,12k_layer14_1,15,2.094827260093365,Cr_O_09,"(0, 0, 0)"
6,group14,Cr,1,3,12k_layer14_1,20,1.9844560436631808,Cr_O_05,"(-1, -1, 0)"
6,group14,Cr,1,3,12k_layer14_1,24,2.0983229796303986,Cr_O_10,"(-1, 0, 0)"
6,group14,Cr,1,3,12k_layer14_1,30,1.9254359958162914,Cr_O_04,"(0, 0, 0)"
6,group14,Ga,3,4,12k_layer2_2,7,1.984455956778905,Ga_O_05,"(0, -1, 0)"
6,group14,Ga,3,4,12k_layer2_2,18,1.9254355763634932,Ga_O_04,"(0, 0, 0)"
6,group14,Ga,3,4,12k_layer2_2,25,1.925435575758716,Ga_O_04,"(0, 0, 0)"
6,group14,Ga,3,4,12k_layer2_2,31,2.094827515170506,Ga_O_09,"(0, 0, 0)"
6,group14,Ga,3,4,12k_layer2_2,32,2.0983234538709623,Ga_O_10,"(0, -1, 0)"
6,group14,Ga,3,4,12k_layer2_2,34,2.098323454408184,Ga_O_10,"(1, 0, 0)"
6,group14,Ga,4,5,12k_layer14_3,14,2.098322979539073,Ga_O_10,"(0, 0, 0)"
6,group14,Ga,4,5,12k_layer14_3,15,2.094827383098975,Ga_O_09,"(0, 0, 0)"
6,group14,Ga,4,5,12k_layer14_3,20,1.9844560439741377,Ga_O_05,"(0, 0, 0)"
6,group14,Ga,4,5,12k_layer14_3,24,2.098322979658534,Ga_O_10,"(0, 1, 0)"
6,group14,Ga,4,5,12k_layer14_3,27,1.925435983138288,Ga_O_04,"(0, 0, 0)"
6,group14,Ga,4,5,12k_layer14_3,30,1.9254359955204852,Ga_O_04,"(0, 0, 0)"
6,group14,Ga,5,6,12k_layer10_2,5,1.9254359120300575,Ga_O_04,"(0, 0, 0)"
6,group14,Ga,5,6,12k_layer10_2,12,1.98445595738215,Ga_O_05,"(-1, 0, 0)"
6,group14,Ga,5,6,12k_layer10_2,17,2.094827514410795,Ga_O_09,"(0, 0, 0)"
6,group14,Ga,5,6,12k_layer10_2,22,2.0983230321761726,Ga_O_10,"(-1, 0, 0)"
6,group14,Ga,5,6,12k_layer10_2,26,2.0983230324265865,Ga_O_10,"(0, 1, 0)"
6,group14,Ga,5,6,12k_layer10_2,33,1.9254359114895088,Ga_O_04,"(0, 0, 0)"
6,group14,Ga,6,7,12k_layer6_2,3,2.0983234538709605,Ga_O_10,"(0, -1, 0)"
6,group14,Ga,6,7,12k_layer6_2,4,1.9254355757587174,Ga_O_04,"(0, 0, 0)"
6,group14,Ga,6,7,12k_layer6_2,6,1.9844559567789064,Ga_O_05,"(0, -1, 0)"
6,group14,Ga,6,7,12k_layer6_2,13,2.0983234544081824,Ga_O_10,"(1, 0, 0)"
6,group14,Ga,6,7,12k_layer6_2,19,2.0948275151705045,Ga_O_09,"(0, 0, 0)"
6,group14,Ga,6,7,12k_layer6_2,38,1.9254355763634945,Ga_O_04,"(0, 0, 0)"
6,group14,Cr,2,8,12k_layer6_1,3,2.0983234541175877,Cr_O_10,"(0, 0, 0)"
6,group14,Cr,2,8,12k_layer6_1,6,1.9844559569613607,Cr_O_05,"(0, 0, 0)"
6,group14,Cr,2,8,12k_layer6_1,19,2.0948276379027013,Cr_O_09,"(0, 0, 0)"
6,group14,Cr,2,8,12k_layer6_1,28,1.9254355756093047,Cr_O_04,"(0, 0, 0)"
6,group14,Cr,2,8,12k_layer6_1,36,2.0983234546414,Cr_O_10,"(1, 0, 0)"
6,group14,Cr,2,8,12k_layer6_1,38,1.925435563604001,Cr_O_04,"(0, 0, 0)"
6,group14,Ga,7,9,12k_layer14_2,8,2.098322979647595,Ga_O_10,"(0, 1, 0)"
6,group14,Ga,7,9,12k_layer14_2,9,1.9254359955309297,Ga_O_04,"(0, 0, 0)"
6,group14,Ga,7,9,12k_layer14_2,14,2.098322979397181,Ga_O_10,"(-1, 0, 0)"
6,group14,Ga,7,9,12k_layer14_2,15,2.094827260728784,Ga_O_09,"(0, 0, 0)"
6,group14,Ga,7,9,12k_layer14_2,20,1.9844560438241048,Ga_O_05,"(-1, 0, 0)"
6,group14,Ga,7,9,12k_layer14_2,27,1.9254359960714784,Ga_O_04,"(0, 0, 0)"
6,group14,Cr,3,10,2a_layer16,8,1.9948520249218649,Cr_O_07,"(1, 1, 0)"
6,group14,Cr,3,10,2a_layer16,14,1.9948520252426432,Cr_O_07,"(0, 0, 0)"
6,group14,Cr,3,10,2a_layer16,24,1.9948520249218644,Cr_O_07,"(0, 1, 0)"
6,group14,Cr,3,10,2a_layer16,29,1.9948516604791149,Cr_O_07,"(1, 0, 1)"
6,group14,Cr,3,10,2a_layer16,32,1.9948516599281325,Cr_O_07,"(0, 0, 1)"
6,group14,Cr,3,10,2a_layer16,34,1.994851660087002,Cr_O_07,"(1, 1, 1)"
6,group14,Ga,8,11,12k_layer10_3,1,1.9254359114790642,Ga_O_04,"(0, 0, 0)"
6,group14,Ga,8,11,12k_layer10_3,5,1.9254358990968665,Ga_O_04,"(0, 0, 0)"
6,group14,Ga,8,11,12k_layer10_3,11,2.0983230324375253,Ga_O_10,"(0, 1, 0)"
6,group14,Ga,8,11,12k_layer10_3,12,1.9844559575321832,Ga_O_05,"(0, 0, 0)"
6,group14,Ga,8,11,12k_layer10_3,17,2.094827636780971,Ga_O_09,"(0, 0, 0)"
6,group14,Ga,8,11,12k_layer10_3,22,2.0983230323180644,Ga_O_10,"(0, 0, 0)"
6,group14,Cr,4,12,12k_layer10_1,1,1.9254359117748707,Cr_O_04,"(0, 0, 0)"
6,group14,Cr,4,12,12k_layer10_1,11,2.0983230324093904,Cr_O_10,"(-1, 0, 0)"
6,group14,Cr,4,12,12k_layer10_1,12,1.9844559572212264,Cr_O_05,"(-1, -1, 0)"
6,group14,Cr,4,12,12k_layer10_1,17,2.0948275137753765,Cr_O_09,"(0, 0, 0)"
6,group14,Cr,4,12,12k_layer10_1,26,2.098323031885578,Cr_O_10,"(0, 0, 0)"
6,group14,Cr,4,12,12k_layer10_1,33,1.9254359117748707,Cr_O_04,"(0, 0, 0)"
6,group14,Cr,5,13,12k_layer2_1,7,1.9844559569613596,Cr_O_05,"(0, 0, 0)"
6,group14,Cr,5,13,12k_layer2_1,18,1.925435563604,Cr_O_04,"(0, 0, 0)"
6,group14,Cr,5,13,12k_layer2_1,21,1.9254355756093033,Cr_O_04,"(0, 0, 0)"
6,group14,Cr,5,13,12k_layer2_1,29,2.0983234546414016,Cr_O_10,"(1, 0, 0)"
6,group14,Cr,5,13,12k_layer2_1,31,2.0948276379027027,Cr_O_09,"(0, 0, 0)"
6,group14,Cr,5,13,12k_layer2_1,32,2.0983234541175895,Cr_O_10,"(0, 0, 0)"
6,group14,Ga,9,14,2b_layer12,10,1.8700732788205217,Ga_O_01,"(0, 1, 0)"
6,group14,Ga,9,14,2b_layer12,12,2.2779384420000004,Ga_O_11,"(0, 0, 0)"
6,group14,Ga,9,14,2b_layer12,20,2.2779384410000003,Ga_O_11,"(0, 0, 0)"
6,group14,Ga,9,14,2b_layer12,23,1.870073507451236,Ga_O_01,"(1, 1, 0)"
6,group14,Ga,9,14,2b_layer12,37,1.870073355,Ga_O_01,"(0, 0, 0)"
6,group14,Cr,6,15,2a_layer8,3,1.9948516601706343,Cr_O_07,"(0, 0, 0)"
6,group14,Cr,6,15,2a_layer8,11,1.9948520770594027,Cr_O_07,"(0, 1, 0)"
6,group14,Cr,6,15,2a_layer8,13,1.994851660329504,Cr_O_07,"(1, 1, 0)"
6,group14,Cr,6,15,2a_layer8,22,1.9948520773801812,Cr_O_07,"(0, 0, 0)"
6,group14,Cr,6,15,2a_layer8,26,1.9948520770594032,Cr_O_07,"(1, 1, 0)"
6,group14,Cr,6,15,2a_layer8,36,1.9948516607216167,Cr_O_07,"(1, 0, 0)"
6,group14,Ga,10,16,2b_layer4,2,1.8700732794118144,Ga_O_01,"(1, 0, 0)"
6,group14,Ga,10,16,2b_layer4,6,2.277938441000001,Ga_O_11,"(0, 0, 0)"
6,group14,Ga,10,16,2b_layer4,7,2.2779384420000004,Ga_O_11,"(0, 0, 0)"
6,group14,Ga,10,16,2b_layer4,16,1.8700735073000085,Ga_O_01,"(1, 1, 0)"
6,group14,Ga,10,16,2b_layer4,35,1.870073355795254,Ga_O_01,"(0, 0, 0)"
6,group14,Ga,11,17,4f1_layer9,11,1.9084361294606749,Ga_O_02,"(0, 0, 0)"
6,group14,Ga,11,17,4f1_layer9,19,1.9091270429999996,Ga_O_03,"(0, 0, 0)"
6,group14,Ga,11,17,4f1_layer9,22,1.9084362745505044,Ga_O_02,"(0, 0, 0)"
6,group14,Ga,11,17,4f1_layer9,26,1.9084361294606744,Ga_O_02,"(0, 0, 0)"
6,group14,Ga,12,18,4f2_layer11,1,1.9849917587865524,Ga_O_06,"(0, 0, 0)"
6,group14,Ga,12,18,4f2_layer11,5,1.9849916384047732,Ga_O_06,"(0, -1, 0)"
6,group14,Ga,12,18,4f2_layer11,10,2.0663776487443304,Ga_O_08,"(0, 0, 0)"
6,group14,Ga,12,18,4f2_layer11,23,2.0663774783167193,Ga_O_08,"(0, 0, 0)"
6,group14,Ga,12,18,4f2_layer11,33,1.9849917593946298,Ga_O_06,"(1, 0, 0)"
6,group14,Ga,12,18,4f2_layer11,37,2.0663777054221355,Ga_O_08,"(0, 0, 0)"
6,group14,Ga,13,19,4f2_layer3,2,2.0663771907209756,Ga_O_08,"(0, 0, 0)"
6,group14,Ga,13,19,4f2_layer3,16,2.066377020121716,Ga_O_08,"(0, 0, 0)"
6,group14,Ga,13,19,4f2_layer3,18,1.9849922964805824,Ga_O_06,"(-1, 0, 0)"
6,group14,Ga,13,19,4f2_layer3,21,1.9849924174878968,Ga_O_06,"(0, 0, 0)"
6,group14,Ga,13,19,4f2_layer3,25,1.9849924184808014,Ga_O_06,"(0, 1, 0)"
6,group14,Ga,13,19,4f2_layer3,35,2.066377246884635,Ga_O_08,"(0, 0, 0)"
6,group14,Ga,14,20,4f1_layer7,3,1.9084360732701862,Ga_O_02,"(0, 0, 0)"
6,group14,Ga,14,20,4f1_layer7,13,1.9084359271385227,Ga_O_02,"(0, 0, 0)"
6,group14,Ga,14,20,4f1_layer7,17,1.909127043000001,Ga_O_03,"(0, 0, 0)"
6,group14,Ga,14,20,4f1_layer7,36,1.9084359275969722,Ga_O_02,"(0, 0, 0)"
6,group14,Ga,15,21,4f2_layer5,2,2.0663771900543897,Ga_O_08,"(0, 0, 0)"
6,group14,Ga,15,21,4f2_layer5,4,1.9849924184808014,Ga_O_06,"(0, 1, 0)"
6,group14,Ga,15,21,4f2_layer5,16,2.0663770194551296,Ga_O_08,"(0, 0, 0)"
6,group14,Ga,15,21,4f2_layer5,28,1.9849924174878968,Ga_O_06,"(0, 0, 0)"
6,group14,Ga,15,21,4f2_layer5,35,2.0663772462180487,Ga_O_08,"(0, 0, 0)"
6,group14,Ga,15,21,4f2_layer5,38,1.9849922964805824,Ga_O_06,"(-1, 0, 0)"
6,group14,Ga,16,22,4f1_layer1,15,1.9091273005999965,Ga_O_03,"(0, 0, -1)"
6,group14,Ga,16,22,4f1_layer1,29,1.9084359275969722,Ga_O_02,"(0, 0, 0)"
6,group14,Ga,16,22,4f1_layer1,32,1.9084360732701862,Ga_O_02,"(0, 0, 0)"
6,group14,Ga,16,22,4f1_layer1,34,1.9084359271385227,Ga_O_02,"(0, 0, 0)"
6,group14,Ga,17,23,4f2_layer13,9,1.9849917593946296,Ga_O_06,"(1, 0, 0)"
6,group14,Ga,17,23,4f2_layer13,10,2.0663776487443317,Ga_O_08,"(0, 0, 0)"
6,group14,Ga,17,23,4f2_layer13,23,2.0663774783167206,Ga_O_08,"(0, 0, 0)"
6,group14,Ga,17,23,4f2_layer13,27,1.984991638404773,Ga_O_06,"(0, -1, 0)"
6,group14,Ga,17,23,4f2_layer13,30,1.984991758786552,Ga_O_06,"(0, 0, 0)"
6,group14,Ga,17,23,4f2_layer13,37,2.066377705422137,Ga_O_08,"(0, 0, 0)"
6,group14,Ga,18,24,4f1_layer15,8,1.9084361547650497,Ga_O_02,"(0, 0, 0)"
6,group14,Ga,18,24,4f1_layer15,14,1.9084362998548778,Ga_O_02,"(0, 0, 0)"
6,group14,Ga,18,24,4f1_layer15,24,1.9084361547650501,Ga_O_02,"(0, 0, 0)"
6,group14,Ga,18,24,4f1_layer15,31,1.9091268705999949,Ga_O_03,"(0, 0, 1)"
6,group15,Sr,1,,,2,2.958098043228469,Sr_O_02,"(0, -1, 0)"
6,group15,Sr,1,,,4,2.864579795118219,Sr_O_01,"(0, 0, 0)"
6,group15,Sr,1,,,16,2.9580979326637595,Sr_O_02,"(1, 0, 0)"
6,group15,Sr,1,,,18,2.8645798765734263,Sr_O_01,"(0, 0, 0)"
6,group15,Sr,1,,,21,2.864579884642825,Sr_O_01,"(0, 0, 0)"
6,group15,Sr,1,,,25,2.8645797959311503,Sr_O_01,"(0, 0, 0)"
6,group15,Sr,1,,,28,2.864579883829894,Sr_O_01,"(0, 0, 0)"
6,group15,Sr,1,,,35,2.95809800345424,Sr_O_02,"(0, -1, 0)"
6,group15,Sr,1,,,38,2.8645798757604948,Sr_O_01,"(0, 0, 0)"
6,group15,Sr,2,,,1,2.8645793251769454,Sr_O_01,"(0, 0, 0)"
6,group15,Sr,2,,,5,2.8645793169995204,Sr_O_01,"(0, 0, 0)"
6,group15,Sr,2,,,9,2.8645792364135385,Sr_O_01,"(0, 0, 0)"
6,group15,Sr,2,,,10,2.9580980427214705,Sr_O_02,"(-1, 0, 0)"
6,group15,Sr,2,,,23,2.95809793284463,Sr_O_02,"(0, 1, 0)"
6,group15,Sr,2,,,27,2.8645793169995213,Sr_O_01,"(0, 0, 0)"
6,group15,Sr,2,,,30,2.8645793251769462,Sr_O_01,"(0, 0, 0)"
6,group15,Sr,2,,,33,2.864579236413537,Sr_O_01,"(0, 0, 0)"
6,group15,Sr,2,,,37,2.9580980035278155,Sr_O_02,"(-1, 0, 0)"
6,group15,Ga,1,1,12k_layer6_3,4,1.9254355757587174,Ga_O_04,"(0, 0, 0)"
6,group15,Ga,1,1,12k_layer6_3,6,1.9844559567789057,Ga_O_05,"(-1, -1, 0)"
6,group15,Ga,1,1,12k_layer6_3,13,2.0983234538406146,Ga_O_10,"(0, 0, 0)"
6,group15,Ga,1,1,12k_layer6_3,19,2.094827515170505,Ga_O_09,"(0, 0, 0)"
6,group15,Ga,1,1,12k_layer6_3,28,1.925435576196381,Ga_O_04,"(0, 0, 0)"
6,group15,Ga,1,1,12k_layer6_3,36,2.0983234538272053,Ga_O_10,"(0, -1, 0)"
6,group15,Ga,2,2,12k_layer2_3,7,1.9844559567789046,Ga_O_05,"(-1, -1, 0)"
6,group15,Ga,2,2,12k_layer2_3,21,1.9254355761963797,Ga_O_04,"(0, 0, 0)"
6,group15,Ga,2,2,12k_layer2_3,25,1.9254355757587163,Ga_O_04,"(0, 0, 0)"
6,group15,Ga,2,2,12k_layer2_3,29,2.098323453827207,Ga_O_10,"(0, -1, 0)"
6,group15,Ga,2,2,12k_layer2_3,31,2.0948275151705062,Ga_O_09,"(0, 0, 0)"
6,group15,Ga,2,2,12k_layer2_3,34,2.0983234538406164,Ga_O_10,"(0, 0, 0)"
6,group15,Ga,3,3,12k_layer14_1,8,2.0983229791065865,Ga_O_10,"(0, 0, 0)"
6,group15,Ga,3,3,12k_layer14_1,9,1.9254359958162917,Ga_O_04,"(0, 0, 0)"
6,group15,Ga,3,3,12k_layer14_1,15,2.094827260093365,Ga_O_09,"(0, 0, 0)"
6,group15,Ga,3,3,12k_layer14_1,20,1.9844560436631808,Ga_O_05,"(-1, -1, 0)"
6,group15,Ga,3,3,12k_layer14_1,24,2.0983229796303986,Ga_O_10,"(-1, 0, 0)"
6,group15,Ga,3,3,12k_layer14_1,30,1.9254359958162914,Ga_O_04,"(0, 0, 0)"
6,group15,Cr,1,4,12k_layer2_2,7,1.984455956778905,Cr_O_05,"(0, -1, 0)"
6,group15,Cr,1,4,12k_layer2_2,18,1.9254355763634932,Cr_O_04,"(0, 0, 0)"
6,group15,Cr,1,4,12k_layer2_2,25,1.925435575758716,Cr_O_04,"(0, 0, 0)"
6,group15,Cr,1,4,12k_layer2_2,31,2.094827515170506,Cr_O_09,"(0, 0, 0)"
6,group15,Cr,1,4,12k_layer2_2,32,2.0983234538709623,Cr_O_10,"(0, -1, 0)"
6,group15,Cr,1,4,12k_layer2_2,34,2.098323454408184,Cr_O_10,"(1, 0, 0)"
6,group15,Ga,4,5,12k_layer14_3,14,2.098322979539073,Ga_O_10,"(0, 0, 0)"
6,group15,Ga,4,5,12k_layer14_3,15,2.094827383098975,Ga_O_09,"(0, 0, 0)"
6,group15,Ga,4,5,12k_layer14_3,20,1.9844560439741377,Ga_O_05,"(0, 0, 0)"
6,group15,Ga,4,5,12k_layer14_3,24,2.098322979658534,Ga_O_10,"(0, 1, 0)"
6,group15,Ga,4,5,12k_layer14_3,27,1.925435983138288,Ga_O_04,"(0, 0, 0)"
6,group15,Ga,4,5,12k_layer14_3,30,1.9254359955204852,Ga_O_04,"(0, 0, 0)"
6,group15,Cr,2,6,12k_layer10_2,5,1.9254359120300575,Cr_O_04,"(0, 0, 0)"
6,group15,Cr,2,6,12k_layer10_2,12,1.98445595738215,Cr_O_05,"(-1, 0, 0)"
6,group15,Cr,2,6,12k_layer10_2,17,2.094827514410795,Cr_O_09,"(0, 0, 0)"
6,group15,Cr,2,6,12k_layer10_2,22,2.0983230321761726,Cr_O_10,"(-1, 0, 0)"
6,group15,Cr,2,6,12k_layer10_2,26,2.0983230324265865,Cr_O_10,"(0, 1, 0)"
6,group15,Cr,2,6,12k_layer10_2,33,1.9254359114895088,Cr_O_04,"(0, 0, 0)"
6,group15,Cr,3,7,12k_layer6_2,3,2.0983234538709605,Cr_O_10,"(0, -1, 0)"
6,group15,Cr,3,7,12k_layer6_2,4,1.9254355757587174,Cr_O_04,"(0, 0, 0)"
6,group15,Cr,3,7,12k_layer6_2,6,1.9844559567789064,Cr_O_05,"(0, -1, 0)"
6,group15,Cr,3,7,12k_layer6_2,13,2.0983234544081824,Cr_O_10,"(1, 0, 0)"
6,group15,Cr,3,7,12k_layer6_2,19,2.0948275151705045,Cr_O_09,"(0, 0, 0)"
6,group15,Cr,3,7,12k_layer6_2,38,1.9254355763634945,Cr_O_04,"(0, 0, 0)"
6,group15,Ga,5,8,12k_layer6_1,3,2.0983234541175877,Ga_O_10,"(0, 0, 0)"
6,group15,Ga,5,8,12k_layer6_1,6,1.9844559569613607,Ga_O_05,"(0, 0, 0)"
6,group15,Ga,5,8,12k_layer6_1,19,2.0948276379027013,Ga_O_09,"(0, 0, 0)"
6,group15,Ga,5,8,12k_layer6_1,28,1.9254355756093047,Ga_O_04,"(0, 0, 0)"
6,group15,Ga,5,8,12k_layer6_1,36,2.0983234546414,Ga_O_10,"(1, 0, 0)"
6,group15,Ga,5,8,12k_layer6_1,38,1.925435563604001,Ga_O_04,"(0, 0, 0)"
6,group15,Cr,4,9,12k_layer14_2,8,2.098322979647595,Cr_O_10,"(0, 1, 0)"
6,group15,Cr,4,9,12k_layer14_2,9,1.9254359955309297,Cr_O_04,"(0, 0, 0)"
6,group15,Cr,4,9,12k_layer14_2,14,2.098322979397181,Cr_O_10,"(-1, 0, 0)"
6,group15,Cr,4,9,12k_layer14_2,15,2.094827260728784,Cr_O_09,"(0, 0, 0)"
6,group15,Cr,4,9,12k_layer14_2,20,1.9844560438241048,Cr_O_05,"(-1, 0, 0)"
6,group15,Cr,4,9,12k_layer14_2,27,1.9254359960714784,Cr_O_04,"(0, 0, 0)"
6,group15,Ga,6,10,2a_layer16,8,1.9948520249218649,Ga_O_07,"(1, 1, 0)"
6,group15,Ga,6,10,2a_layer16,14,1.9948520252426432,Ga_O_07,"(0, 0, 0)"
6,group15,Ga,6,10,2a_layer16,24,1.9948520249218644,Ga_O_07,"(0, 1, 0)"
6,group15,Ga,6,10,2a_layer16,29,1.9948516604791149,Ga_O_07,"(1, 0, 1)"
6,group15,Ga,6,10,2a_layer16,32,1.9948516599281325,Ga_O_07,"(0, 0, 1)"
6,group15,Ga,6,10,2a_layer16,34,1.994851660087002,Ga_O_07,"(1, 1, 1)"
6,group15,Ga,7,11,12k_layer10_3,1,1.9254359114790642,Ga_O_04,"(0, 0, 0)"
6,group15,Ga,7,11,12k_layer10_3,5,1.9254358990968665,Ga_O_04,"(0, 0, 0)"
6,group15,Ga,7,11,12k_layer10_3,11,2.0983230324375253,Ga_O_10,"(0, 1, 0)"
6,group15,Ga,7,11,12k_layer10_3,12,1.9844559575321832,Ga_O_05,"(0, 0, 0)"
6,group15,Ga,7,11,12k_layer10_3,17,2.094827636780971,Ga_O_09,"(0, 0, 0)"
6,group15,Ga,7,11,12k_layer10_3,22,2.0983230323180644,Ga_O_10,"(0, 0, 0)"
6,group15,Ga,8,12,12k_layer10_1,1,1.9254359117748707,Ga_O_04,"(0, 0, 0)"
6,group15,Ga,8,12,12k_layer10_1,11,2.0983230324093904,Ga_O_10,"(-1, 0, 0)"
6,group15,Ga,8,12,12k_layer10_1,12,1.9844559572212264,Ga_O_05,"(-1, -1, 0)"
6,group15,Ga,8,12,12k_layer10_1,17,2.0948275137753765,Ga_O_09,"(0, 0, 0)"
6,group15,Ga,8,12,12k_layer10_1,26,2.098323031885578,Ga_O_10,"(0, 0, 0)"
6,group15,Ga,8,12,12k_layer10_1,33,1.9254359117748707,Ga_O_04,"(0, 0, 0)"
6,group15,Ga,9,13,12k_layer2_1,7,1.9844559569613596,Ga_O_05,"(0, 0, 0)"
6,group15,Ga,9,13,12k_layer2_1,18,1.925435563604,Ga_O_04,"(0, 0, 0)"
6,group15,Ga,9,13,12k_layer2_1,21,1.9254355756093033,Ga_O_04,"(0, 0, 0)"
6,group15,Ga,9,13,12k_layer2_1,29,2.0983234546414016,Ga_O_10,"(1, 0, 0)"
6,group15,Ga,9,13,12k_layer2_1,31,2.0948276379027027,Ga_O_09,"(0, 0, 0)"
6,group15,Ga,9,13,12k_layer2_1,32,2.0983234541175895,Ga_O_10,"(0, 0, 0)"
6,group15,Ga,10,14,2b_layer12,10,1.8700732788205217,Ga_O_01,"(0, 1, 0)"
6,group15,Ga,10,14,2b_layer12,12,2.2779384420000004,Ga_O_11,"(0, 0, 0)"
6,group15,Ga,10,14,2b_layer12,20,2.2779384410000003,Ga_O_11,"(0, 0, 0)"
6,group15,Ga,10,14,2b_layer12,23,1.870073507451236,Ga_O_01,"(1, 1, 0)"
6,group15,Ga,10,14,2b_layer12,37,1.870073355,Ga_O_01,"(0, 0, 0)"
6,group15,Ga,11,15,2a_layer8,3,1.9948516601706343,Ga_O_07,"(0, 0, 0)"
6,group15,Ga,11,15,2a_layer8,11,1.9948520770594027,Ga_O_07,"(0, 1, 0)"
6,group15,Ga,11,15,2a_layer8,13,1.994851660329504,Ga_O_07,"(1, 1, 0)"
6,group15,Ga,11,15,2a_layer8,22,1.9948520773801812,Ga_O_07,"(0, 0, 0)"
6,group15,Ga,11,15,2a_layer8,26,1.9948520770594032,Ga_O_07,"(1, 1, 0)"
6,group15,Ga,11,15,2a_layer8,36,1.9948516607216167,Ga_O_07,"(1, 0, 0)"
6,group15,Ga,12,16,2b_layer4,2,1.8700732794118144,Ga_O_01,"(1, 0, 0)"
6,group15,Ga,12,16,2b_layer4,6,2.277938441000001,Ga_O_11,"(0, 0, 0)"
6,group15,Ga,12,16,2b_layer4,7,2.2779384420000004,Ga_O_11,"(0, 0, 0)"
6,group15,Ga,12,16,2b_layer4,16,1.8700735073000085,Ga_O_01,"(1, 1, 0)"
6,group15,Ga,12,16,2b_layer4,35,1.870073355795254,Ga_O_01,"(0, 0, 0)"
6,group15,Ga,13,17,4f1_layer9,11,1.9084361294606749,Ga_O_02,"(0, 0, 0)"
6,group15,Ga,13,17,4f1_layer9,19,1.9091270429999996,Ga_O_03,"(0, 0, 0)"
6,group15,Ga,13,17,4f1_layer9,22,1.9084362745505044,Ga_O_02,"(0, 0, 0)"
6,group15,Ga,13,17,4f1_layer9,26,1.9084361294606744,Ga_O_02,"(0, 0, 0)"
6,group15,Ga,14,18,4f2_layer11,1,1.9849917587865524,Ga_O_06,"(0, 0, 0)"
6,group15,Ga,14,18,4f2_layer11,5,1.9849916384047732,Ga_O_06,"(0, -1, 0)"
6,group15,Ga,14,18,4f2_layer11,10,2.0663776487443304,Ga_O_08,"(0, 0, 0)"
6,group15,Ga,14,18,4f2_layer11,23,2.0663774783167193,Ga_O_08,"(0, 0, 0)"
6,group15,Ga,14,18,4f2_layer11,33,1.9849917593946298,Ga_O_06,"(1, 0, 0)"
6,group15,Ga,14,18,4f2_layer11,37,2.0663777054221355,Ga_O_08,"(0, 0, 0)"
6,group15,Cr,5,19,4f2_layer3,2,2.0663771907209756,Cr_O_08,"(0, 0, 0)"
6,group15,Cr,5,19,4f2_layer3,16,2.066377020121716,Cr_O_08,"(0, 0, 0)"
6,group15,Cr,5,19,4f2_layer3,18,1.9849922964805824,Cr_O_06,"(-1, 0, 0)"
6,group15,Cr,5,19,4f2_layer3,21,1.9849924174878968,Cr_O_06,"(0, 0, 0)"
6,group15,Cr,5,19,4f2_layer3,25,1.9849924184808014,Cr_O_06,"(0, 1, 0)"
6,group15,Cr,5,19,4f2_layer3,35,2.066377246884635,Cr_O_08,"(0, 0, 0)"
6,group15,Ga,15,20,4f1_layer7,3,1.9084360732701862,Ga_O_02,"(0, 0, 0)"
6,group15,Ga,15,20,4f1_layer7,13,1.9084359271385227,Ga_O_02,"(0, 0, 0)"
6,group15,Ga,15,20,4f1_layer7,17,1.909127043000001,Ga_O_03,"(0, 0, 0)"
6,group15,Ga,15,20,4f1_layer7,36,1.9084359275969722,Ga_O_02,"(0, 0, 0)"
6,group15,Cr,6,21,4f2_layer5,2,2.0663771900543897,Cr_O_08,"(0, 0, 0)"
6,group15,Cr,6,21,4f2_layer5,4,1.9849924184808014,Cr_O_06,"(0, 1, 0)"
6,group15,Cr,6,21,4f2_layer5,16,2.0663770194551296,Cr_O_08,"(0, 0, 0)"
6,group15,Cr,6,21,4f2_layer5,28,1.9849924174878968,Cr_O_06,"(0, 0, 0)"
6,group15,Cr,6,21,4f2_layer5,35,2.0663772462180487,Cr_O_08,"(0, 0, 0)"
6,group15,Cr,6,21,4f2_layer5,38,1.9849922964805824,Cr_O_06,"(-1, 0, 0)"
6,group15,Ga,16,22,4f1_layer1,15,1.9091273005999965,Ga_O_03,"(0, 0, -1)"
6,group15,Ga,16,22,4f1_layer1,29,1.9084359275969722,Ga_O_02,"(0, 0, 0)"
6,group15,Ga,16,22,4f1_layer1,32,1.9084360732701862,Ga_O_02,"(0, 0, 0)"
6,group15,Ga,16,22,4f1_layer1,34,1.9084359271385227,Ga_O_02,"(0, 0, 0)"
6,group15,Ga,17,23,4f2_layer13,9,1.9849917593946296,Ga_O_06,"(1, 0, 0)"
6,group15,Ga,17,23,4f2_layer13,10,2.0663776487443317,Ga_O_08,"(0, 0, 0)"
6,group15,Ga,17,23,4f2_layer13,23,2.0663774783167206,Ga_O_08,"(0, 0, 0)"
6,group15,Ga,17,23,4f2_layer13,27,1.984991638404773,Ga_O_06,"(0, -1, 0)"
6,group15,Ga,17,23,4f2_layer13,30,1.984991758786552,Ga_O_06,"(0, 0, 0)"
6,group15,Ga,17,23,4f2_layer13,37,2.066377705422137,Ga_O_08,"(0, 0, 0)"
6,group15,Ga,18,24,4f1_layer15,8,1.9084361547650497,Ga_O_02,"(0, 0, 0)"
6,group15,Ga,18,24,4f1_layer15,14,1.9084362998548778,Ga_O_02,"(0, 0, 0)"
6,group15,Ga,18,24,4f1_layer15,24,1.9084361547650501,Ga_O_02,"(0, 0, 0)"
6,group15,Ga,18,24,4f1_layer15,31,1.9091268705999949,Ga_O_03,"(0, 0, 1)"
8,group01_all12k_pair12,Sr,1,,,2,2.958098043228469,Sr_O_02,"(0, -1, 0)"
8,group01_all12k_pair12,Sr,1,,,4,2.864579795118219,Sr_O_01,"(0, 0, 0)"
8,group01_all12k_pair12,Sr,1,,,16,2.9580979326637595,Sr_O_02,"(1, 0, 0)"
8,group01_all12k_pair12,Sr,1,,,18,2.8645798765734263,Sr_O_01,"(0, 0, 0)"
8,group01_all12k_pair12,Sr,1,,,21,2.864579884642825,Sr_O_01,"(0, 0, 0)"
8,group01_all12k_pair12,Sr,1,,,25,2.8645797959311503,Sr_O_01,"(0, 0, 0)"
8,group01_all12k_pair12,Sr,1,,,28,2.864579883829894,Sr_O_01,"(0, 0, 0)"
8,group01_all12k_pair12,Sr,1,,,35,2.95809800345424,Sr_O_02,"(0, -1, 0)"
8,group01_all12k_pair12,Sr,1,,,38,2.8645798757604948,Sr_O_01,"(0, 0, 0)"
8,group01_all12k_pair12,Sr,2,,,1,2.8645793251769454,Sr_O_01,"(0, 0, 0)"
8,group01_all12k_pair12,Sr,2,,,5,2.8645793169995204,Sr_O_01,"(0, 0, 0)"
8,group01_all12k_pair12,Sr,2,,,9,2.8645792364135385,Sr_O_01,"(0, 0, 0)"
8,group01_all12k_pair12,Sr,2,,,10,2.9580980427214705,Sr_O_02,"(-1, 0, 0)"
8,group01_all12k_pair12,Sr,2,,,23,2.95809793284463,Sr_O_02,"(0, 1, 0)"
8,group01_all12k_pair12,Sr,2,,,27,2.8645793169995213,Sr_O_01,"(0, 0, 0)"
8,group01_all12k_pair12,Sr,2,,,30,2.8645793251769462,Sr_O_01,"(0, 0, 0)"
8,group01_all12k_pair12,Sr,2,,,33,2.864579236413537,Sr_O_01,"(0, 0, 0)"
8,group01_all12k_pair12,Sr,2,,,37,2.9580980035278155,Sr_O_02,"(-1, 0, 0)"
8,group01_all12k_pair12,Ga,1,1,12k_layer6_3,4,1.9254355757587174,Ga_O_04,"(0, 0, 0)"
8,group01_all12k_pair12,Ga,1,1,12k_layer6_3,6,1.9844559567789057,Ga_O_05,"(-1, -1, 0)"
8,group01_all12k_pair12,Ga,1,1,12k_layer6_3,13,2.0983234538406146,Ga_O_10,"(0, 0, 0)"
8,group01_all12k_pair12,Ga,1,1,12k_layer6_3,19,2.094827515170505,Ga_O_09,"(0, 0, 0)"
8,group01_all12k_pair12,Ga,1,1,12k_layer6_3,28,1.925435576196381,Ga_O_04,"(0, 0, 0)"
8,group01_all12k_pair12,Ga,1,1,12k_layer6_3,36,2.0983234538272053,Ga_O_10,"(0, -1, 0)"
8,group01_all12k_pair12,Ga,2,2,12k_layer2_3,7,1.9844559567789046,Ga_O_05,"(-1, -1, 0)"
8,group01_all12k_pair12,Ga,2,2,12k_layer2_3,21,1.9254355761963797,Ga_O_04,"(0, 0, 0)"
8,group01_all12k_pair12,Ga,2,2,12k_layer2_3,25,1.9254355757587163,Ga_O_04,"(0, 0, 0)"
8,group01_all12k_pair12,Ga,2,2,12k_layer2_3,29,2.098323453827207,Ga_O_10,"(0, -1, 0)"
8,group01_all12k_pair12,Ga,2,2,12k_layer2_3,31,2.0948275151705062,Ga_O_09,"(0, 0, 0)"
8,group01_all12k_pair12,Ga,2,2,12k_layer2_3,34,2.0983234538406164,Ga_O_10,"(0, 0, 0)"
8,group01_all12k_pair12,Cr,1,3,12k_layer14_1,8,2.0983229791065865,Cr_O_10,"(0, 0, 0)"
8,group01_all12k_pair12,Cr,1,3,12k_layer14_1,9,1.9254359958162917,Cr_O_04,"(0, 0, 0)"
8,group01_all12k_pair12,Cr,1,3,12k_layer14_1,15,2.094827260093365,Cr_O_09,"(0, 0, 0)"
8,group01_all12k_pair12,Cr,1,3,12k_layer14_1,20,1.9844560436631808,Cr_O_05,"(-1, -1, 0)"
8,group01_all12k_pair12,Cr,1,3,12k_layer14_1,24,2.0983229796303986,Cr_O_10,"(-1, 0, 0)"
8,group01_all12k_pair12,Cr,1,3,12k_layer14_1,30,1.9254359958162914,Cr_O_04,"(0, 0, 0)"
8,group01_all12k_pair12,Cr,2,4,12k_layer2_2,7,1.984455956778905,Cr_O_05,"(0, -1, 0)"
8,group01_all12k_pair12,Cr,2,4,12k_layer2_2,18,1.9254355763634932,Cr_O_04,"(0, 0, 0)"
8,group01_all12k_pair12,Cr,2,4,12k_layer2_2,25,1.925435575758716,Cr_O_04,"(0, 0, 0)"
8,group01_all12k_pair12,Cr,2,4,12k_layer2_2,31,2.094827515170506,Cr_O_09,"(0, 0, 0)"
8,group01_all12k_pair12,Cr,2,4,12k_layer2_2,32,2.0983234538709623,Cr_O_10,"(0, -1, 0)"
8,group01_all12k_pair12,Cr,2,4,12k_layer2_2,34,2.098323454408184,Cr_O_10,"(1, 0, 0)"
8,group01_all12k_pair12,Ga,3,5,12k_layer14_3,14,2.098322979539073,Ga_O_10,"(0, 0, 0)"
8,group01_all12k_pair12,Ga,3,5,12k_layer14_3,15,2.094827383098975,Ga_O_09,"(0, 0, 0)"
8,group01_all12k_pair12,Ga,3,5,12k_layer14_3,20,1.9844560439741377,Ga_O_05,"(0, 0, 0)"
8,group01_all12k_pair12,Ga,3,5,12k_layer14_3,24,2.098322979658534,Ga_O_10,"(0, 1, 0)"
8,group01_all12k_pair12,Ga,3,5,12k_layer14_3,27,1.925435983138288,Ga_O_04,"(0, 0, 0)"
8,group01_all12k_pair12,Ga,3,5,12k_layer14_3,30,1.9254359955204852,Ga_O_04,"(0, 0, 0)"
8,group01_all12k_pair12,Cr,3,6,12k_layer10_2,5,1.9254359120300575,Cr_O_04,"(0, 0, 0)"
8,group01_all12k_pair12,Cr,3,6,12k_layer10_2,12,1.98445595738215,Cr_O_05,"(-1, 0, 0)"
8,group01_all12k_pair12,Cr,3,6,12k_layer10_2,17,2.094827514410795,Cr_O_09,"(0, 0, 0)"
8,group01_all12k_pair12,Cr,3,6,12k_layer10_2,22,2.0983230321761726,Cr_O_10,"(-1, 0, 0)"
8,group01_all12k_pair12,Cr,3,6,12k_layer10_2,26,2.0983230324265865,Cr_O_10,"(0, 1, 0)"
8,group01_all12k_pair12,Cr,3,6,12k_layer10_2,33,1.9254359114895088,Cr_O_04,"(0, 0, 0)"
8,group01_all12k_pair12,Cr,4,7,12k_layer6_2,3,2.0983234538709605,Cr_O_10,"(0, -1, 0)"
8,group01_all12k_pair12,Cr,4,7,12k_layer6_2,4,1.9254355757587174,Cr_O_04,"(0, 0, 0)"
8,group01_all12k_pair12,Cr,4,7,12k_layer6_2,6,1.9844559567789064,Cr_O_05,"(0, -1, 0)"
8,group01_all12k_pair12,Cr,4,7,12k_layer6_2,13,2.0983234544081824,Cr_O_10,"(1, 0, 0)"
8,group01_all12k_pair12,Cr,4,7,12k_layer6_2,19,2.0948275151705045,Cr_O_09,"(0, 0, 0)"
8,group01_all12k_pair12,Cr,4,7,12k_layer6_2,38,1.9254355763634945,Cr_O_04,"(0, 0, 0)"
8,group01_all12k_pair12,Cr,5,8,12k_layer6_1,3,2.0983234541175877,Cr_O_10,"(0, 0, 0)"
8,group01_all12k_pair12,Cr,5,8,12k_layer6_1,6,1.9844559569613607,Cr_O_05,"(0, 0, 0)"
8,group01_all12k_pair12,Cr,5,8,12k_layer6_1,19,2.0948276379027013,Cr_O_09,"(0, 0, 0)"
8,group01_all12k_pair12,Cr,5,8,12k_layer6_1,28,1.9254355756093047,Cr_O_04,"(0, 0, 0)"
8,group01_all12k_pair12,Cr,5,8,12k_layer6_1,36,2.0983234546414,Cr_O_10,"(1, 0, 0)"
8,group01_all12k_pair12,Cr,5,8,12k_layer6_1,38,1.925435563604001,Cr_O_04,"(0, 0, 0)"
8,group01_all12k_pair12,Cr,6,9,12k_layer14_2,8,2.098322979647595,Cr_O_10,"(0, 1, 0)"
8,group01_all12k_pair12,Cr,6,9,12k_layer14_2,9,1.9254359955309297,Cr_O_04,"(0, 0, 0)"
8,group01_all12k_pair12,Cr,6,9,12k_layer14_2,14,2.098322979397181,Cr_O_10,"(-1, 0, 0)"
8,group01_all12k_pair12,Cr,6,9,12k_layer14_2,15,2.094827260728784,Cr_O_09,"(0, 0, 0)"
8,group01_all12k_pair12,Cr,6,9,12k_layer14_2,20,1.9844560438241048,Cr_O_05,"(-1, 0, 0)"
8,group01_all12k_pair12,Cr,6,9,12k_layer14_2,27,1.9254359960714784,Cr_O_04,"(0, 0, 0)"
8,group01_all12k_pair12,Ga,4,10,2a_layer16,8,1.9948520249218649,Ga_O_07,"(1, 1, 0)"
8,group01_all12k_pair12,Ga,4,10,2a_layer16,14,1.9948520252426432,Ga_O_07,"(0, 0, 0)"
8,group01_all12k_pair12,Ga,4,10,2a_layer16,24,1.9948520249218644,Ga_O_07,"(0, 1, 0)"
8,group01_all12k_pair12,Ga,4,10,2a_layer16,29,1.9948516604791149,Ga_O_07,"(1, 0, 1)"
8,group01_all12k_pair12,Ga,4,10,2a_layer16,32,1.9948516599281325,Ga_O_07,"(0, 0, 1)"
8,group01_all12k_pair12,Ga,4,10,2a_layer16,34,1.994851660087002,Ga_O_07,"(1, 1, 1)"
8,group01_all12k_pair12,Ga,5,11,12k_layer10_3,1,1.9254359114790642,Ga_O_04,"(0, 0, 0)"
8,group01_all12k_pair12,Ga,5,11,12k_layer10_3,5,1.9254358990968665,Ga_O_04,"(0, 0, 0)"
8,group01_all12k_pair12,Ga,5,11,12k_layer10_3,11,2.0983230324375253,Ga_O_10,"(0, 1, 0)"
8,group01_all12k_pair12,Ga,5,11,12k_layer10_3,12,1.9844559575321832,Ga_O_05,"(0, 0, 0)"
8,group01_all12k_pair12,Ga,5,11,12k_layer10_3,17,2.094827636780971,Ga_O_09,"(0, 0, 0)"
8,group01_all12k_pair12,Ga,5,11,12k_layer10_3,22,2.0983230323180644,Ga_O_10,"(0, 0, 0)"
8,group01_all12k_pair12,Cr,7,12,12k_layer10_1,1,1.9254359117748707,Cr_O_04,"(0, 0, 0)"
8,group01_all12k_pair12,Cr,7,12,12k_layer10_1,11,2.0983230324093904,Cr_O_10,"(-1, 0, 0)"
8,group01_all12k_pair12,Cr,7,12,12k_layer10_1,12,1.9844559572212264,Cr_O_05,"(-1, -1, 0)"
8,group01_all12k_pair12,Cr,7,12,12k_layer10_1,17,2.0948275137753765,Cr_O_09,"(0, 0, 0)"
8,group01_all12k_pair12,Cr,7,12,12k_layer10_1,26,2.098323031885578,Cr_O_10,"(0, 0, 0)"
8,group01_all12k_pair12,Cr,7,12,12k_layer10_1,33,1.9254359117748707,Cr_O_04,"(0, 0, 0)"
8,group01_all12k_pair12,Cr,8,13,12k_layer2_1,7,1.9844559569613596,Cr_O_05,"(0, 0, 0)"
8,group01_all12k_pair12,Cr,8,13,12k_layer2_1,18,1.925435563604,Cr_O_04,"(0, 0, 0)"
8,group01_all12k_pair12,Cr,8,13,12k_layer2_1,21,1.9254355756093033,Cr_O_04,"(0, 0, 0)"
8,group01_all12k_pair12,Cr,8,13,12k_layer2_1,29,2.0983234546414016,Cr_O_10,"(1, 0, 0)"
8,group01_all12k_pair12,Cr,8,13,12k_layer2_1,31,2.0948276379027027,Cr_O_09,"(0, 0, 0)"
8,group01_all12k_pair12,Cr,8,13,12k_layer2_1,32,2.0983234541175895,Cr_O_10,"(0, 0, 0)"
8,group01_all12k_pair12,Ga,6,14,2b_layer12,10,1.8700732788205217,Ga_O_01,"(0, 1, 0)"
8,group01_all12k_pair12,Ga,6,14,2b_layer12,12,2.2779384420000004,Ga_O_11,"(0, 0, 0)"
8,group01_all12k_pair12,Ga,6,14,2b_layer12,20,2.2779384410000003,Ga_O_11,"(0, 0, 0)"
8,group01_all12k_pair12,Ga,6,14,2b_layer12,23,1.870073507451236,Ga_O_01,"(1, 1, 0)"
8,group01_all12k_pair12,Ga,6,14,2b_layer12,37,1.870073355,Ga_O_01,"(0, 0, 0)"
8,group01_all12k_pair12,Ga,7,15,2a_layer8,3,1.9948516601706343,Ga_O_07,"(0, 0, 0)"
8,group01_all12k_pair12,Ga,7,15,2a_layer8,11,1.9948520770594027,Ga_O_07,"(0, 1, 0)"
8,group01_all12k_pair12,Ga,7,15,2a_layer8,13,1.994851660329504,Ga_O_07,"(1, 1, 0)"
8,group01_all12k_pair12,Ga,7,15,2a_layer8,22,1.9948520773801812,Ga_O_07,"(0, 0, 0)"
8,group01_all12k_pair12,Ga,7,15,2a_layer8,26,1.9948520770594032,Ga_O_07,"(1, 1, 0)"
8,group01_all12k_pair12,Ga,7,15,2a_layer8,36,1.9948516607216167,Ga_O_07,"(1, 0, 0)"
8,group01_all12k_pair12,Ga,8,16,2b_layer4,2,1.8700732794118144,Ga_O_01,"(1, 0, 0)"
8,group01_all12k_pair12,Ga,8,16,2b_layer4,6,2.277938441000001,Ga_O_11,"(0, 0, 0)"
8,group01_all12k_pair12,Ga,8,16,2b_layer4,7,2.2779384420000004,Ga_O_11,"(0, 0, 0)"
8,group01_all12k_pair12,Ga,8,16,2b_layer4,16,1.8700735073000085,Ga_O_01,"(1, 1, 0)"
8,group01_all12k_pair12,Ga,8,16,2b_layer4,35,1.870073355795254,Ga_O_01,"(0, 0, 0)"
8,group01_all12k_pair12,Ga,9,17,4f1_layer9,11,1.9084361294606749,Ga_O_02,"(0, 0, 0)"
8,group01_all12k_pair12,Ga,9,17,4f1_layer9,19,1.9091270429999996,Ga_O_03,"(0, 0, 0)"
8,group01_all12k_pair12,Ga,9,17,4f1_layer9,22,1.9084362745505044,Ga_O_02,"(0, 0, 0)"
8,group01_all12k_pair12,Ga,9,17,4f1_layer9,26,1.9084361294606744,Ga_O_02,"(0, 0, 0)"
8,group01_all12k_pair12,Ga,10,18,4f2_layer11,1,1.9849917587865524,Ga_O_06,"(0, 0, 0)"
8,group01_all12k_pair12,Ga,10,18,4f2_layer11,5,1.9849916384047732,Ga_O_06,"(0, -1, 0)"
8,group01_all12k_pair12,Ga,10,18,4f2_layer11,10,2.0663776487443304,Ga_O_08,"(0, 0, 0)"
8,group01_all12k_pair12,Ga,10,18,4f2_layer11,23,2.0663774783167193,Ga_O_08,"(0, 0, 0)"
8,group01_all12k_pair12,Ga,10,18,4f2_layer11,33,1.9849917593946298,Ga_O_06,"(1, 0, 0)"
8,group01_all12k_pair12,Ga,10,18,4f2_layer11,37,2.0663777054221355,Ga_O_08,"(0, 0, 0)"
8,group01_all12k_pair12,Ga,11,19,4f2_layer3,2,2.0663771907209756,Ga_O_08,"(0, 0, 0)"
8,group01_all12k_pair12,Ga,11,19,4f2_layer3,16,2.066377020121716,Ga_O_08,"(0, 0, 0)"
8,group01_all12k_pair12,Ga,11,19,4f2_layer3,18,1.9849922964805824,Ga_O_06,"(-1, 0, 0)"
8,group01_all12k_pair12,Ga,11,19,4f2_layer3,21,1.9849924174878968,Ga_O_06,"(0, 0, 0)"
8,group01_all12k_pair12,Ga,11,19,4f2_layer3,25,1.9849924184808014,Ga_O_06,"(0, 1, 0)"
8,group01_all12k_pair12,Ga,11,19,4f2_layer3,35,2.066377246884635,Ga_O_08,"(0, 0, 0)"
8,group01_all12k_pair12,Ga,12,20,4f1_layer7,3,1.9084360732701862,Ga_O_02,"(0, 0, 0)"
8,group01_all12k_pair12,Ga,12,20,4f1_layer7,13,1.9084359271385227,Ga_O_02,"(0, 0, 0)"
8,group01_all12k_pair12,Ga,12,20,4f1_layer7,17,1.909127043000001,Ga_O_03,"(0, 0, 0)"
8,group01_all12k_pair12,Ga,12,20,4f1_layer7,36,1.9084359275969722,Ga_O_02,"(0, 0, 0)"
8,group01_all12k_pair12,Ga,13,21,4f2_layer5,2,2.0663771900543897,Ga_O_08,"(0, 0, 0)"
8,group01_all12k_pair12,Ga,13,21,4f2_layer5,4,1.9849924184808014,Ga_O_06,"(0, 1, 0)"
8,group01_all12k_pair12,Ga,13,21,4f2_layer5,16,2.0663770194551296,Ga_O_08,"(0, 0, 0)"
8,group01_all12k_pair12,Ga,13,21,4f2_layer5,28,1.9849924174878968,Ga_O_06,"(0, 0, 0)"
8,group01_all12k_pair12,Ga,13,21,4f2_layer5,35,2.0663772462180487,Ga_O_08,"(0, 0, 0)"
8,group01_all12k_pair12,Ga,13,21,4f2_layer5,38,1.9849922964805824,Ga_O_06,"(-1, 0, 0)"
8,group01_all12k_pair12,Ga,14,22,4f1_layer1,15,1.9091273005999965,Ga_O_03,"(0, 0, -1)"
8,group01_all12k_pair12,Ga,14,22,4f1_layer1,29,1.9084359275969722,Ga_O_02,"(0, 0, 0)"
8,group01_all12k_pair12,Ga,14,22,4f1_layer1,32,1.9084360732701862,Ga_O_02,"(0, 0, 0)"
8,group01_all12k_pair12,Ga,14,22,4f1_layer1,34,1.9084359271385227,Ga_O_02,"(0, 0, 0)"
8,group01_all12k_pair12,Ga,15,23,4f2_layer13,9,1.9849917593946296,Ga_O_06,"(1, 0, 0)"
8,group01_all12k_pair12,Ga,15,23,4f2_layer13,10,2.0663776487443317,Ga_O_08,"(0, 0, 0)"
8,group01_all12k_pair12,Ga,15,23,4f2_layer13,23,2.0663774783167206,Ga_O_08,"(0, 0, 0)"
8,group01_all12k_pair12,Ga,15,23,4f2_layer13,27,1.984991638404773,Ga_O_06,"(0, -1, 0)"
8,group01_all12k_pair12,Ga,15,23,4f2_layer13,30,1.984991758786552,Ga_O_06,"(0, 0, 0)"
8,group01_all12k_pair12,Ga,15,23,4f2_layer13,37,2.066377705422137,Ga_O_08,"(0, 0, 0)"
8,group01_all12k_pair12,Ga,16,24,4f1_layer15,8,1.9084361547650497,Ga_O_02,"(0, 0, 0)"
8,group01_all12k_pair12,Ga,16,24,4f1_layer15,14,1.9084362998548778,Ga_O_02,"(0, 0, 0)"
8,group01_all12k_pair12,Ga,16,24,4f1_layer15,24,1.9084361547650501,Ga_O_02,"(0, 0, 0)"
8,group01_all12k_pair12,Ga,16,24,4f1_layer15,31,1.9091268705999949,Ga_O_03,"(0, 0, 1)"
8,group02_all12k_pair13,Sr,1,,,2,2.958098043228469,Sr_O_02,"(0, -1, 0)"
8,group02_all12k_pair13,Sr,1,,,4,2.864579795118219,Sr_O_01,"(0, 0, 0)"
8,group02_all12k_pair13,Sr,1,,,16,2.9580979326637595,Sr_O_02,"(1, 0, 0)"
8,group02_all12k_pair13,Sr,1,,,18,2.8645798765734263,Sr_O_01,"(0, 0, 0)"
8,group02_all12k_pair13,Sr,1,,,21,2.864579884642825,Sr_O_01,"(0, 0, 0)"
8,group02_all12k_pair13,Sr,1,,,25,2.8645797959311503,Sr_O_01,"(0, 0, 0)"
8,group02_all12k_pair13,Sr,1,,,28,2.864579883829894,Sr_O_01,"(0, 0, 0)"
8,group02_all12k_pair13,Sr,1,,,35,2.95809800345424,Sr_O_02,"(0, -1, 0)"
8,group02_all12k_pair13,Sr,1,,,38,2.8645798757604948,Sr_O_01,"(0, 0, 0)"
8,group02_all12k_pair13,Sr,2,,,1,2.8645793251769454,Sr_O_01,"(0, 0, 0)"
8,group02_all12k_pair13,Sr,2,,,5,2.8645793169995204,Sr_O_01,"(0, 0, 0)"
8,group02_all12k_pair13,Sr,2,,,9,2.8645792364135385,Sr_O_01,"(0, 0, 0)"
8,group02_all12k_pair13,Sr,2,,,10,2.9580980427214705,Sr_O_02,"(-1, 0, 0)"
8,group02_all12k_pair13,Sr,2,,,23,2.95809793284463,Sr_O_02,"(0, 1, 0)"
8,group02_all12k_pair13,Sr,2,,,27,2.8645793169995213,Sr_O_01,"(0, 0, 0)"
8,group02_all12k_pair13,Sr,2,,,30,2.8645793251769462,Sr_O_01,"(0, 0, 0)"
8,group02_all12k_pair13,Sr,2,,,33,2.864579236413537,Sr_O_01,"(0, 0, 0)"
8,group02_all12k_pair13,Sr,2,,,37,2.9580980035278155,Sr_O_02,"(-1, 0, 0)"
8,group02_all12k_pair13,Cr,1,1,12k_layer6_3,4,1.9254355757587174,Cr_O_04,"(0, 0, 0)"
8,group02_all12k_pair13,Cr,1,1,12k_layer6_3,6,1.9844559567789057,Cr_O_05,"(-1, -1, 0)"
8,group02_all12k_pair13,Cr,1,1,12k_layer6_3,13,2.0983234538406146,Cr_O_10,"(0, 0, 0)"
8,group02_all12k_pair13,Cr,1,1,12k_layer6_3,19,2.094827515170505,Cr_O_09,"(0, 0, 0)"
8,group02_all12k_pair13,Cr,1,1,12k_layer6_3,28,1.925435576196381,Cr_O_04,"(0, 0, 0)"
8,group02_all12k_pair13,Cr,1,1,12k_layer6_3,36,2.0983234538272053,Cr_O_10,"(0, -1, 0)"
8,group02_all12k_pair13,Cr,2,2,12k_layer2_3,7,1.9844559567789046,Cr_O_05,"(-1, -1, 0)"
8,group02_all12k_pair13,Cr,2,2,12k_layer2_3,21,1.9254355761963797,Cr_O_04,"(0, 0, 0)"
8,group02_all12k_pair13,Cr,2,2,12k_layer2_3,25,1.9254355757587163,Cr_O_04,"(0, 0, 0)"
8,group02_all12k_pair13,Cr,2,2,12k_layer2_3,29,2.098323453827207,Cr_O_10,"(0, -1, 0)"
8,group02_all12k_pair13,Cr,2,2,12k_layer2_3,31,2.0948275151705062,Cr_O_09,"(0, 0, 0)"
8,group02_all12k_pair13,Cr,2,2,12k_layer2_3,34,2.0983234538406164,Cr_O_10,"(0, 0, 0)"
8,group02_all12k_pair13,Cr,3,3,12k_layer14_1,8,2.0983229791065865,Cr_O_10,"(0, 0, 0)"
8,group02_all12k_pair13,Cr,3,3,12k_layer14_1,9,1.9254359958162917,Cr_O_04,"(0, 0, 0)"
8,group02_all12k_pair13,Cr,3,3,12k_layer14_1,15,2.094827260093365,Cr_O_09,"(0, 0, 0)"
8,group02_all12k_pair13,Cr,3,3,12k_layer14_1,20,1.9844560436631808,Cr_O_05,"(-1, -1, 0)"
8,group02_all12k_pair13,Cr,3,3,12k_layer14_1,24,2.0983229796303986,Cr_O_10,"(-1, 0, 0)"
8,group02_all12k_pair13,Cr,3,3,12k_layer14_1,30,1.9254359958162914,Cr_O_04,"(0, 0, 0)"
8,group02_all12k_pair13,Ga,1,4,12k_layer2_2,7,1.984455956778905,Ga_O_05,"(0, -1, 0)"
8,group02_all12k_pair13,Ga,1,4,12k_layer2_2,18,1.9254355763634932,Ga_O_04,"(0, 0, 0)"
8,group02_all12k_pair13,Ga,1,4,12k_layer2_2,25,1.925435575758716,Ga_O_04,"(0, 0, 0)"
8,group02_all12k_pair13,Ga,1,4,12k_layer2_2,31,2.094827515170506,Ga_O_09,"(0, 0, 0)"
8,group02_all12k_pair13,Ga,1,4,12k_layer2_2,32,2.0983234538709623,Ga_O_10,"(0, -1, 0)"
8,group02_all12k_pair13,Ga,1,4,12k_layer2_2,34,2.098323454408184,Ga_O_10,"(1, 0, 0)"
8,group02_all12k_pair13,Cr,4,5,12k_layer14_3,14,2.098322979539073,Cr_O_10,"(0, 0, 0)"
8,group02_all12k_pair13,Cr,4,5,12k_layer14_3,15,2.094827383098975,Cr_O_09,"(0, 0, 0)"
8,group02_all12k_pair13,Cr,4,5,12k_layer14_3,20,1.9844560439741377,Cr_O_05,"(0, 0, 0)"
8,group02_all12k_pair13,Cr,4,5,12k_layer14_3,24,2.098322979658534,Cr_O_10,"(0, 1, 0)"
8,group02_all12k_pair13,Cr,4,5,12k_layer14_3,27,1.925435983138288,Cr_O_04,"(0, 0, 0)"
8,group02_all12k_pair13,Cr,4,5,12k_layer14_3,30,1.9254359955204852,Cr_O_04,"(0, 0, 0)"
8,group02_all12k_pair13,Ga,2,6,12k_layer10_2,5,1.9254359120300575,Ga_O_04,"(0, 0, 0)"
8,group02_all12k_pair13,Ga,2,6,12k_layer10_2,12,1.98445595738215,Ga_O_05,"(-1, 0, 0)"
8,group02_all12k_pair13,Ga,2,6,12k_layer10_2,17,2.094827514410795,Ga_O_09,"(0, 0, 0)"
8,group02_all12k_pair13,Ga,2,6,12k_layer10_2,22,2.0983230321761726,Ga_O_10,"(-1, 0, 0)"
8,group02_all12k_pair13,Ga,2,6,12k_layer10_2,26,2.0983230324265865,Ga_O_10,"(0, 1, 0)"
8,group02_all12k_pair13,Ga,2,6,12k_layer10_2,33,1.9254359114895088,Ga_O_04,"(0, 0, 0)"
8,group02_all12k_pair13,Ga,3,7,12k_layer6_2,3,2.0983234538709605,Ga_O_10,"(0, -1, 0)"
8,group02_all12k_pair13,Ga,3,7,12k_layer6_2,4,1.9254355757587174,Ga_O_04,"(0, 0, 0)"
8,group02_all12k_pair13,Ga,3,7,12k_layer6_2,6,1.9844559567789064,Ga_O_05,"(0, -1, 0)"
8,group02_all12k_pair13,Ga,3,7,12k_layer6_2,13,2.0983234544081824,Ga_O_10,"(1, 0, 0)"
8,group02_all12k_pair13,Ga,3,7,12k_layer6_2,19,2.0948275151705045,Ga_O_09,"(0, 0, 0)"
8,group02_all12k_pair13,Ga,3,7,12k_layer6_2,38,1.9254355763634945,Ga_O_04,"(0, 0, 0)"
8,group02_all12k_pair13,Cr,5,8,12k_layer6_1,3,2.0983234541175877,Cr_O_10,"(0, 0, 0)"
8,group02_all12k_pair13,Cr,5,8,12k_layer6_1,6,1.9844559569613607,Cr_O_05,"(0, 0, 0)"
8,group02_all12k_pair13,Cr,5,8,12k_layer6_1,19,2.0948276379027013,Cr_O_09,"(0, 0, 0)"
8,group02_all12k_pair13,Cr,5,8,12k_layer6_1,28,1.9254355756093047,Cr_O_04,"(0, 0, 0)"
8,group02_all12k_pair13,Cr,5,8,12k_layer6_1,36,2.0983234546414,Cr_O_10,"(1, 0, 0)"
8,group02_all12k_pair13,Cr,5,8,12k_layer6_1,38,1.925435563604001,Cr_O_04,"(0, 0, 0)"
8,group02_all12k_pair13,Ga,4,9,12k_layer14_2,8,2.098322979647595,Ga_O_10,"(0, 1, 0)"
8,group02_all12k_pair13,Ga,4,9,12k_layer14_2,9,1.9254359955309297,Ga_O_04,"(0, 0, 0)"
8,group02_all12k_pair13,Ga,4,9,12k_layer14_2,14,2.098322979397181,Ga_O_10,"(-1, 0, 0)"
8,group02_all12k_pair13,Ga,4,9,12k_layer14_2,15,2.094827260728784,Ga_O_09,"(0, 0, 0)"
8,group02_all12k_pair13,Ga,4,9,12k_layer14_2,20,1.9844560438241048,Ga_O_05,"(-1, 0, 0)"
8,group02_all12k_pair13,Ga,4,9,12k_layer14_2,27,1.9254359960714784,Ga_O_04,"(0, 0, 0)"
8,group02_all12k_pair13,Ga,5,10,2a_layer16,8,1.9948520249218649,Ga_O_07,"(1, 1, 0)"
8,group02_all12k_pair13,Ga,5,10,2a_layer16,14,1.9948520252426432,Ga_O_07,"(0, 0, 0)"
8,group02_all12k_pair13,Ga,5,10,2a_layer16,24,1.9948520249218644,Ga_O_07,"(0, 1, 0)"
8,group02_all12k_pair13,Ga,5,10,2a_layer16,29,1.9948516604791149,Ga_O_07,"(1, 0, 1)"
8,group02_all12k_pair13,Ga,5,10,2a_layer16,32,1.9948516599281325,Ga_O_07,"(0, 0, 1)"
8,group02_all12k_pair13,Ga,5,10,2a_layer16,34,1.994851660087002,Ga_O_07,"(1, 1, 1)"
8,group02_all12k_pair13,Cr,6,11,12k_layer10_3,1,1.9254359114790642,Cr_O_04,"(0, 0, 0)"
8,group02_all12k_pair13,Cr,6,11,12k_layer10_3,5,1.9254358990968665,Cr_O_04,"(0, 0, 0)"
8,group02_all12k_pair13,Cr,6,11,12k_layer10_3,11,2.0983230324375253,Cr_O_10,"(0, 1, 0)"
8,group02_all12k_pair13,Cr,6,11,12k_layer10_3,12,1.9844559575321832,Cr_O_05,"(0, 0, 0)"
8,group02_all12k_pair13,Cr,6,11,12k_layer10_3,17,2.094827636780971,Cr_O_09,"(0, 0, 0)"
8,group02_all12k_pair13,Cr,6,11,12k_layer10_3,22,2.0983230323180644,Cr_O_10,"(0, 0, 0)"
8,group02_all12k_pair13,Cr,7,12,12k_layer10_1,1,1.9254359117748707,Cr_O_04,"(0, 0, 0)"
8,group02_all12k_pair13,Cr,7,12,12k_layer10_1,11,2.0983230324093904,Cr_O_10,"(-1, 0, 0)"
8,group02_all12k_pair13,Cr,7,12,12k_layer10_1,12,1.9844559572212264,Cr_O_05,"(-1, -1, 0)"
8,group02_all12k_pair13,Cr,7,12,12k_layer10_1,17,2.0948275137753765,Cr_O_09,"(0, 0, 0)"
8,group02_all12k_pair13,Cr,7,12,12k_layer10_1,26,2.098323031885578,Cr_O_10,"(0, 0, 0)"
8,group02_all12k_pair13,Cr,7,12,12k_layer10_1,33,1.9254359117748707,Cr_O_04,"(0, 0, 0)"
8,group02_all12k_pair13,Cr,8,13,12k_layer2_1,7,1.9844559569613596,Cr_O_05,"(0, 0, 0)"
8,group02_all12k_pair13,Cr,8,13,12k_layer2_1,18,1.925435563604,Cr_O_04,"(0, 0, 0)"
8,group02_all12k_pair13,Cr,8,13,12k_layer2_1,21,1.9254355756093033,Cr_O_04,"(0, 0, 0)"
8,group02_all12k_pair13,Cr,8,13,12k_layer2_1,29,2.0983234546414016,Cr_O_10,"(1, 0, 0)"
8,group02_all12k_pair13,Cr,8,13,12k_layer2_1,31,2.0948276379027027,Cr_O_09,"(0, 0, 0)"
8,group02_all12k_pair13,Cr,8,13,12k_layer2_1,32,2.0983234541175895,Cr_O_10,"(0, 0, 0)"
8,group02_all12k_pair13,Ga,6,14,2b_layer12,10,1.8700732788205217,Ga_O_01,"(0, 1, 0)"
8,group02_all12k_pair13,Ga,6,14,2b_layer12,12,2.2779384420000004,Ga_O_11,"(0, 0, 0)"
8,group02_all12k_pair13,Ga,6,14,2b_layer12,20,2.2779384410000003,Ga_O_11,"(0, 0, 0)"
8,group02_all12k_pair13,Ga,6,14,2b_layer12,23,1.870073507451236,Ga_O_01,"(1, 1, 0)"
8,group02_all12k_pair13,Ga,6,14,2b_layer12,37,1.870073355,Ga_O_01,"(0, 0, 0)"
8,group02_all12k_pair13,Ga,7,15,2a_layer8,3,1.9948516601706343,Ga_O_07,"(0, 0, 0)"
8,group02_all12k_pair13,Ga,7,15,2a_layer8,11,1.9948520770594027,Ga_O_07,"(0, 1, 0)"
8,group02_all12k_pair13,Ga,7,15,2a_layer8,13,1.994851660329504,Ga_O_07,"(1, 1, 0)"
8,group02_all12k_pair13,Ga,7,15,2a_layer8,22,1.9948520773801812,Ga_O_07,"(0, 0, 0)"
8,group02_all12k_pair13,Ga,7,15,2a_layer8,26,1.9948520770594032,Ga_O_07,"(1, 1, 0)"
8,group02_all12k_pair13,Ga,7,15,2a_layer8,36,1.9948516607216167,Ga_O_07,"(1, 0, 0)"
8,group02_all12k_pair13,Ga,8,16,2b_layer4,2,1.8700732794118144,Ga_O_01,"(1, 0, 0)"
8,group02_all12k_pair13,Ga,8,16,2b_layer4,6,2.277938441000001,Ga_O_11,"(0, 0, 0)"
8,group02_all12k_pair13,Ga,8,16,2b_layer4,7,2.2779384420000004,Ga_O_11,"(0, 0, 0)"
8,group02_all12k_pair13,Ga,8,16,2b_layer4,16,1.8700735073000085,Ga_O_01,"(1, 1, 0)"
8,group02_all12k_pair13,Ga,8,16,2b_layer4,35,1.870073355795254,Ga_O_01,"(0, 0, 0)"
8,group02_all12k_pair13,Ga,9,17,4f1_layer9,11,1.9084361294606749,Ga_O_02,"(0, 0, 0)"
8,group02_all12k_pair13,Ga,9,17,4f1_layer9,19,1.9091270429999996,Ga_O_03,"(0, 0, 0)"
8,group02_all12k_pair13,Ga,9,17,4f1_layer9,22,1.9084362745505044,Ga_O_02,"(0, 0, 0)"
8,group02_all12k_pair13,Ga,9,17,4f1_layer9,26,1.9084361294606744,Ga_O_02,"(0, 0, 0)"
8,group02_all12k_pair13,Ga,10,18,4f2_layer11,1,1.9849917587865524,Ga_O_06,"(0, 0, 0)"
8,group02_all12k_pair13,Ga,10,18,4f2_layer11,5,1.9849916384047732,Ga_O_06,"(0, -1, 0)"
8,group02_all12k_pair13,Ga,10,18,4f2_layer11,10,2.0663776487443304,Ga_O_08,"(0, 0, 0)"
8,group02_all12k_pair13,Ga,10,18,4f2_layer11,23,2.0663774783167193,Ga_O_08,"(0, 0, 0)"
8,group02_all12k_pair13,Ga,10,18,4f2_layer11,33,1.9849917593946298,Ga_O_06,"(1, 0, 0)"
8,group02_all12k_pair13,Ga,10,18,4f2_layer11,37,2.0663777054221355,Ga_O_08,"(0, 0, 0)"
8,group02_all12k_pair13,Ga,11,19,4f2_layer3,2,2.0663771907209756,Ga_O_08,"(0, 0, 0)"
8,group02_all12k_pair13,Ga,11,19,4f2_layer3,16,2.066377020121716,Ga_O_08,"(0, 0, 0)"
8,group02_all12k_pair13,Ga,11,19,4f2_layer3,18,1.9849922964805824,Ga_O_06,"(-1, 0, 0)"
8,group02_all12k_pair13,Ga,11,19,4f2_layer3,21,1.9849924174878968,Ga_O_06,"(0, 0, 0)"
8,group02_all12k_pair13,Ga,11,19,4f2_layer3,25,1.9849924184808014,Ga_O_06,"(0, 1, 0)"
8,group02_all12k_pair13,Ga,11,19,4f2_layer3,35,2.066377246884635,Ga_O_08,"(0, 0, 0)"
8,group02_all12k_pair13,Ga,12,20,4f1_layer7,3,1.9084360732701862,Ga_O_02,"(0, 0, 0)"
8,group02_all12k_pair13,Ga,12,20,4f1_layer7,13,1.9084359271385227,Ga_O_02,"(0, 0, 0)"
8,group02_all12k_pair13,Ga,12,20,4f1_layer7,17,1.909127043000001,Ga_O_03,"(0, 0, 0)"
8,group02_all12k_pair13,Ga,12,20,4f1_layer7,36,1.9084359275969722,Ga_O_02,"(0, 0, 0)"
8,group02_all12k_pair13,Ga,13,21,4f2_layer5,2,2.0663771900543897,Ga_O_08,"(0, 0, 0)"
8,group02_all12k_pair13,Ga,13,21,4f2_layer5,4,1.9849924184808014,Ga_O_06,"(0, 1, 0)"
8,group02_all12k_pair13,Ga,13,21,4f2_layer5,16,2.0663770194551296,Ga_O_08,"(0, 0, 0)"
8,group02_all12k_pair13,Ga,13,21,4f2_layer5,28,1.9849924174878968,Ga_O_06,"(0, 0, 0)"
8,group02_all12k_pair13,Ga,13,21,4f2_layer5,35,2.0663772462180487,Ga_O_08,"(0, 0, 0)"
8,group02_all12k_pair13,Ga,13,21,4f2_layer5,38,1.9849922964805824,Ga_O_06,"(-1, 0, 0)"
8,group02_all12k_pair13,Ga,14,22,4f1_layer1,15,1.9091273005999965,Ga_O_03,"(0, 0, -1)"
8,group02_all12k_pair13,Ga,14,22,4f1_layer1,29,1.9084359275969722,Ga_O_02,"(0, 0, 0)"
8,group02_all12k_pair13,Ga,14,22,4f1_layer1,32,1.9084360732701862,Ga_O_02,"(0, 0, 0)"
8,group02_all12k_pair13,Ga,14,22,4f1_layer1,34,1.9084359271385227,Ga_O_02,"(0, 0, 0)"
8,group02_all12k_pair13,Ga,15,23,4f2_layer13,9,1.9849917593946296,Ga_O_06,"(1, 0, 0)"
8,group02_all12k_pair13,Ga,15,23,4f2_layer13,10,2.0663776487443317,Ga_O_08,"(0, 0, 0)"
8,group02_all12k_pair13,Ga,15,23,4f2_layer13,23,2.0663774783167206,Ga_O_08,"(0, 0, 0)"
8,group02_all12k_pair13,Ga,15,23,4f2_layer13,27,1.984991638404773,Ga_O_06,"(0, -1, 0)"
8,group02_all12k_pair13,Ga,15,23,4f2_layer13,30,1.984991758786552,Ga_O_06,"(0, 0, 0)"
8,group02_all12k_pair13,Ga,15,23,4f2_layer13,37,2.066377705422137,Ga_O_08,"(0, 0, 0)"
8,group02_all12k_pair13,Ga,16,24,4f1_layer15,8,1.9084361547650497,Ga_O_02,"(0, 0, 0)"
8,group02_all12k_pair13,Ga,16,24,4f1_layer15,14,1.9084362998548778,Ga_O_02,"(0, 0, 0)"
8,group02_all12k_pair13,Ga,16,24,4f1_layer15,24,1.9084361547650501,Ga_O_02,"(0, 0, 0)"
8,group02_all12k_pair13,Ga,16,24,4f1_layer15,31,1.9091268705999949,Ga_O_03,"(0, 0, 1)"
8,group03_all12k_pair23,Sr,1,,,2,2.958098043228469,Sr_O_02,"(0, -1, 0)"
8,group03_all12k_pair23,Sr,1,,,4,2.864579795118219,Sr_O_01,"(0, 0, 0)"
8,group03_all12k_pair23,Sr,1,,,16,2.9580979326637595,Sr_O_02,"(1, 0, 0)"
8,group03_all12k_pair23,Sr,1,,,18,2.8645798765734263,Sr_O_01,"(0, 0, 0)"
8,group03_all12k_pair23,Sr,1,,,21,2.864579884642825,Sr_O_01,"(0, 0, 0)"
8,group03_all12k_pair23,Sr,1,,,25,2.8645797959311503,Sr_O_01,"(0, 0, 0)"
8,group03_all12k_pair23,Sr,1,,,28,2.864579883829894,Sr_O_01,"(0, 0, 0)"
8,group03_all12k_pair23,Sr,1,,,35,2.95809800345424,Sr_O_02,"(0, -1, 0)"
8,group03_all12k_pair23,Sr,1,,,38,2.8645798757604948,Sr_O_01,"(0, 0, 0)"
8,group03_all12k_pair23,Sr,2,,,1,2.8645793251769454,Sr_O_01,"(0, 0, 0)"
8,group03_all12k_pair23,Sr,2,,,5,2.8645793169995204,Sr_O_01,"(0, 0, 0)"
8,group03_all12k_pair23,Sr,2,,,9,2.8645792364135385,Sr_O_01,"(0, 0, 0)"
8,group03_all12k_pair23,Sr,2,,,10,2.9580980427214705,Sr_O_02,"(-1, 0, 0)"
8,group03_all12k_pair23,Sr,2,,,23,2.95809793284463,Sr_O_02,"(0, 1, 0)"
8,group03_all12k_pair23,Sr,2,,,27,2.8645793169995213,Sr_O_01,"(0, 0, 0)"
8,group03_all12k_pair23,Sr,2,,,30,2.8645793251769462,Sr_O_01,"(0, 0, 0)"
8,group03_all12k_pair23,Sr,2,,,33,2.864579236413537,Sr_O_01,"(0, 0, 0)"
8,group03_all12k_pair23,Sr,2,,,37,2.9580980035278155,Sr_O_02,"(-1, 0, 0)"
8,group03_all12k_pair23,Cr,1,1,12k_layer6_3,4,1.9254355757587174,Cr_O_04,"(0, 0, 0)"
8,group03_all12k_pair23,Cr,1,1,12k_layer6_3,6,1.9844559567789057,Cr_O_05,"(-1, -1, 0)"
8,group03_all12k_pair23,Cr,1,1,12k_layer6_3,13,2.0983234538406146,Cr_O_10,"(0, 0, 0)"
8,group03_all12k_pair23,Cr,1,1,12k_layer6_3,19,2.094827515170505,Cr_O_09,"(0, 0, 0)"
8,group03_all12k_pair23,Cr,1,1,12k_layer6_3,28,1.925435576196381,Cr_O_04,"(0, 0, 0)"
8,group03_all12k_pair23,Cr,1,1,12k_layer6_3,36,2.0983234538272053,Cr_O_10,"(0, -1, 0)"
8,group03_all12k_pair23,Cr,2,2,12k_layer2_3,7,1.9844559567789046,Cr_O_05,"(-1, -1, 0)"
8,group03_all12k_pair23,Cr,2,2,12k_layer2_3,21,1.9254355761963797,Cr_O_04,"(0, 0, 0)"
8,group03_all12k_pair23,Cr,2,2,12k_layer2_3,25,1.9254355757587163,Cr_O_04,"(0, 0, 0)"
8,group03_all12k_pair23,Cr,2,2,12k_layer2_3,29,2.098323453827207,Cr_O_10,"(0, -1, 0)"
8,group03_all12k_pair23,Cr,2,2,12k_layer2_3,31,2.0948275151705062,Cr_O_09,"(0, 0, 0)"
8,group03_all12k_pair23,Cr,2,2,12k_layer2_3,34,2.0983234538406164,Cr_O_10,"(0, 0, 0)"
8,group03_all12k_pair23,Ga,1,3,12k_layer14_1,8,2.0983229791065865,Ga_O_10,"(0, 0, 0)"
8,group03_all12k_pair23,Ga,1,3,12k_layer14_1,9,1.9254359958162917,Ga_O_04,"(0, 0, 0)"
8,group03_all12k_pair23,Ga,1,3,12k_layer14_1,15,2.094827260093365,Ga_O_09,"(0, 0, 0)"
8,group03_all12k_pair23,Ga,1,3,12k_layer14_1,20,1.9844560436631808,Ga_O_05,"(-1, -1, 0)"
8,group03_all12k_pair23,Ga,1,3,12k_layer14_1,24,2.0983229796303986,Ga_O_10,"(-1, 0, 0)"
8,group03_all12k_pair23,Ga,1,3,12k_layer14_1,30,1.9254359958162914,Ga_O_04,"(0, 0, 0)"
8,group03_all12k_pair23,Cr,3,4,12k_layer2_2,7,1.984455956778905,Cr_O_05,"(0, -1, 0)"
8,group03_all12k_pair23,Cr,3,4,12k_layer2_2,18,1.9254355763634932,Cr_O_04,"(0, 0, 0)"
8,group03_all12k_pair23,Cr,3,4,12k_layer2_2,25,1.925435575758716,Cr_O_04,"(0, 0, 0)"
8,group03_all12k_pair23,Cr,3,4,12k_layer2_2,31,2.094827515170506,Cr_O_09,"(0, 0, 0)"
8,group03_all12k_pair23,Cr,3,4,12k_layer2_2,32,2.0983234538709623,Cr_O_10,"(0, -1, 0)"
8,group03_all12k_pair23,Cr,3,4,12k_layer2_2,34,2.098323454408184,Cr_O_10,"(1, 0, 0)"
8,group03_all12k_pair23,Cr,4,5,12k_layer14_3,14,2.098322979539073,Cr_O_10,"(0, 0, 0)"
8,group03_all12k_pair23,Cr,4,5,12k_layer14_3,15,2.094827383098975,Cr_O_09,"(0, 0, 0)"
8,group03_all12k_pair23,Cr,4,5,12k_layer14_3,20,1.9844560439741377,Cr_O_05,"(0, 0, 0)"
8,group03_all12k_pair23,Cr,4,5,12k_layer14_3,24,2.098322979658534,Cr_O_10,"(0, 1, 0)"
8,group03_all12k_pair23,Cr,4,5,12k_layer14_3,27,1.925435983138288,Cr_O_04,"(0, 0, 0)"
8,group03_all12k_pair23,Cr,4,5,12k_layer14_3,30,1.9254359955204852,Cr_O_04,"(0, 0, 0)"
8,group03_all12k_pair23,Cr,5,6,12k_layer10_2,5,1.9254359120300575,Cr_O_04,"(0, 0, 0)"
8,group03_all12k_pair23,Cr,5,6,12k_layer10_2,12,1.98445595738215,Cr_O_05,"(-1, 0, 0)"
8,group03_all12k_pair23,Cr,5,6,12k_layer10_2,17,2.094827514410795,Cr_O_09,"(0, 0, 0)"
8,group03_all12k_pair23,Cr,5,6,12k_layer10_2,22,2.0983230321761726,Cr_O_10,"(-1, 0, 0)"
8,group03_all12k_pair23,Cr,5,6,12k_layer10_2,26,2.0983230324265865,Cr_O_10,"(0, 1, 0)"
8,group03_all12k_pair23,Cr,5,6,12k_layer10_2,33,1.9254359114895088,Cr_O_04,"(0, 0, 0)"
8,group03_all12k_pair23,Cr,6,7,12k_layer6_2,3,2.0983234538709605,Cr_O_10,"(0, -1, 0)"
8,group03_all12k_pair23,Cr,6,7,12k_layer6_2,4,1.9254355757587174,Cr_O_04,"(0, 0, 0)"
8,group03_all12k_pair23,Cr,6,7,12k_layer6_2,6,1.9844559567789064,Cr_O_05,"(0, -1, 0)"
8,group03_all12k_pair23,Cr,6,7,12k_layer6_2,13,2.0983234544081824,Cr_O_10,"(1, 0, 0)"
8,group03_all12k_pair23,Cr,6,7,12k_layer6_2,19,2.0948275151705045,Cr_O_09,"(0, 0, 0)"
8,group03_all12k_pair23,Cr,6,7,12k_layer6_2,38,1.9254355763634945,Cr_O_04,"(0, 0, 0)"
8,group03_all12k_pair23,Ga,2,8,12k_layer6_1,3,2.0983234541175877,Ga_O_10,"(0, 0, 0)"
8,group03_all12k_pair23,Ga,2,8,12k_layer6_1,6,1.9844559569613607,Ga_O_05,"(0, 0, 0)"
8,group03_all12k_pair23,Ga,2,8,12k_layer6_1,19,2.0948276379027013,Ga_O_09,"(0, 0, 0)"
8,group03_all12k_pair23,Ga,2,8,12k_layer6_1,28,1.9254355756093047,Ga_O_04,"(0, 0, 0)"
8,group03_all12k_pair23,Ga,2,8,12k_layer6_1,36,2.0983234546414,Ga_O_10,"(1, 0, 0)"
8,group03_all12k_pair23,Ga,2,8,12k_layer6_1,38,1.925435563604001,Ga_O_04,"(0, 0, 0)"
8,group03_all12k_pair23,Cr,7,9,12k_layer14_2,8,2.098322979647595,Cr_O_10,"(0, 1, 0)"
8,group03_all12k_pair23,Cr,7,9,12k_layer14_2,9,1.9254359955309297,Cr_O_04,"(0, 0, 0)"
8,group03_all12k_pair23,Cr,7,9,12k_layer14_2,14,2.098322979397181,Cr_O_10,"(-1, 0, 0)"
8,group03_all12k_pair23,Cr,7,9,12k_layer14_2,15,2.094827260728784,Cr_O_09,"(0, 0, 0)"
8,group03_all12k_pair23,Cr,7,9,12k_layer14_2,20,1.9844560438241048,Cr_O_05,"(-1, 0, 0)"
8,group03_all12k_pair23,Cr,7,9,12k_layer14_2,27,1.9254359960714784,Cr_O_04,"(0, 0, 0)"
8,group03_all12k_pair23,Ga,3,10,2a_layer16,8,1.9948520249218649,Ga_O_07,"(1, 1, 0)"
8,group03_all12k_pair23,Ga,3,10,2a_layer16,14,1.9948520252426432,Ga_O_07,"(0, 0, 0)"
8,group03_all12k_pair23,Ga,3,10,2a_layer16,24,1.9948520249218644,Ga_O_07,"(0, 1, 0)"
8,group03_all12k_pair23,Ga,3,10,2a_layer16,29,1.9948516604791149,Ga_O_07,"(1, 0, 1)"
8,group03_all12k_pair23,Ga,3,10,2a_layer16,32,1.9948516599281325,Ga_O_07,"(0, 0, 1)"
8,group03_all12k_pair23,Ga,3,10,2a_layer16,34,1.994851660087002,Ga_O_07,"(1, 1, 1)"
8,group03_all12k_pair23,Cr,8,11,12k_layer10_3,1,1.9254359114790642,Cr_O_04,"(0, 0, 0)"
8,group03_all12k_pair23,Cr,8,11,12k_layer10_3,5,1.9254358990968665,Cr_O_04,"(0, 0, 0)"
8,group03_all12k_pair23,Cr,8,11,12k_layer10_3,11,2.0983230324375253,Cr_O_10,"(0, 1, 0)"
8,group03_all12k_pair23,Cr,8,11,12k_layer10_3,12,1.9844559575321832,Cr_O_05,"(0, 0, 0)"
8,group03_all12k_pair23,Cr,8,11,12k_layer10_3,17,2.094827636780971,Cr_O_09,"(0, 0, 0)"
8,group03_all12k_pair23,Cr,8,11,12k_layer10_3,22,2.0983230323180644,Cr_O_10,"(0, 0, 0)"
8,group03_all12k_pair23,Ga,4,12,12k_layer10_1,1,1.9254359117748707,Ga_O_04,"(0, 0, 0)"
8,group03_all12k_pair23,Ga,4,12,12k_layer10_1,11,2.0983230324093904,Ga_O_10,"(-1, 0, 0)"
8,group03_all12k_pair23,Ga,4,12,12k_layer10_1,12,1.9844559572212264,Ga_O_05,"(-1, -1, 0)"
8,group03_all12k_pair23,Ga,4,12,12k_layer10_1,17,2.0948275137753765,Ga_O_09,"(0, 0, 0)"
8,group03_all12k_pair23,Ga,4,12,12k_layer10_1,26,2.098323031885578,Ga_O_10,"(0, 0, 0)"
8,group03_all12k_pair23,Ga,4,12,12k_layer10_1,33,1.9254359117748707,Ga_O_04,"(0, 0, 0)"
8,group03_all12k_pair23,Ga,5,13,12k_layer2_1,7,1.9844559569613596,Ga_O_05,"(0, 0, 0)"
8,group03_all12k_pair23,Ga,5,13,12k_layer2_1,18,1.925435563604,Ga_O_04,"(0, 0, 0)"
8,group03_all12k_pair23,Ga,5,13,12k_layer2_1,21,1.9254355756093033,Ga_O_04,"(0, 0, 0)"
8,group03_all12k_pair23,Ga,5,13,12k_layer2_1,29,2.0983234546414016,Ga_O_10,"(1, 0, 0)"
8,group03_all12k_pair23,Ga,5,13,12k_layer2_1,31,2.0948276379027027,Ga_O_09,"(0, 0, 0)"
8,group03_all12k_pair23,Ga,5,13,12k_layer2_1,32,2.0983234541175895,Ga_O_10,"(0, 0, 0)"
8,group03_all12k_pair23,Ga,6,14,2b_layer12,10,1.8700732788205217,Ga_O_01,"(0, 1, 0)"
8,group03_all12k_pair23,Ga,6,14,2b_layer12,12,2.2779384420000004,Ga_O_11,"(0, 0, 0)"
8,group03_all12k_pair23,Ga,6,14,2b_layer12,20,2.2779384410000003,Ga_O_11,"(0, 0, 0)"
8,group03_all12k_pair23,Ga,6,14,2b_layer12,23,1.870073507451236,Ga_O_01,"(1, 1, 0)"
8,group03_all12k_pair23,Ga,6,14,2b_layer12,37,1.870073355,Ga_O_01,"(0, 0, 0)"
8,group03_all12k_pair23,Ga,7,15,2a_layer8,3,1.9948516601706343,Ga_O_07,"(0, 0, 0)"
8,group03_all12k_pair23,Ga,7,15,2a_layer8,11,1.9948520770594027,Ga_O_07,"(0, 1, 0)"
8,group03_all12k_pair23,Ga,7,15,2a_layer8,13,1.994851660329504,Ga_O_07,"(1, 1, 0)"
8,group03_all12k_pair23,Ga,7,15,2a_layer8,22,1.9948520773801812,Ga_O_07,"(0, 0, 0)"
8,group03_all12k_pair23,Ga,7,15,2a_layer8,26,1.9948520770594032,Ga_O_07,"(1, 1, 0)"
8,group03_all12k_pair23,Ga,7,15,2a_layer8,36,1.9948516607216167,Ga_O_07,"(1, 0, 0)"
8,group03_all12k_pair23,Ga,8,16,2b_layer4,2,1.8700732794118144,Ga_O_01,"(1, 0, 0)"
8,group03_all12k_pair23,Ga,8,16,2b_layer4,6,2.277938441000001,Ga_O_11,"(0, 0, 0)"
8,group03_all12k_pair23,Ga,8,16,2b_layer4,7,2.2779384420000004,Ga_O_11,"(0, 0, 0)"
8,group03_all12k_pair23,Ga,8,16,2b_layer4,16,1.8700735073000085,Ga_O_01,"(1, 1, 0)"
8,group03_all12k_pair23,Ga,8,16,2b_layer4,35,1.870073355795254,Ga_O_01,"(0, 0, 0)"
8,group03_all12k_pair23,Ga,9,17,4f1_layer9,11,1.9084361294606749,Ga_O_02,"(0, 0, 0)"
8,group03_all12k_pair23,Ga,9,17,4f1_layer9,19,1.9091270429999996,Ga_O_03,"(0, 0, 0)"
8,group03_all12k_pair23,Ga,9,17,4f1_layer9,22,1.9084362745505044,Ga_O_02,"(0, 0, 0)"
8,group03_all12k_pair23,Ga,9,17,4f1_layer9,26,1.9084361294606744,Ga_O_02,"(0, 0, 0)"
8,group03_all12k_pair23,Ga,10,18,4f2_layer11,1,1.9849917587865524,Ga_O_06,"(0, 0, 0)"
8,group03_all12k_pair23,Ga,10,18,4f2_layer11,5,1.9849916384047732,Ga_O_06,"(0, -1, 0)"
8,group03_all12k_pair23,Ga,10,18,4f2_layer11,10,2.0663776487443304,Ga_O_08,"(0, 0, 0)"
8,group03_all12k_pair23,Ga,10,18,4f2_layer11,23,2.0663774783167193,Ga_O_08,"(0, 0, 0)"
8,group03_all12k_pair23,Ga,10,18,4f2_layer11,33,1.9849917593946298,Ga_O_06,"(1, 0, 0)"
8,group03_all12k_pair23,Ga,10,18,4f2_layer11,37,2.0663777054221355,Ga_O_08,"(0, 0, 0)"
8,group03_all12k_pair23,Ga,11,19,4f2_layer3,2,2.0663771907209756,Ga_O_08,"(0, 0, 0)"
8,group03_all12k_pair23,Ga,11,19,4f2_layer3,16,2.066377020121716,Ga_O_08,"(0, 0, 0)"
8,group03_all12k_pair23,Ga,11,19,4f2_layer3,18,1.9849922964805824,Ga_O_06,"(-1, 0, 0)"
8,group03_all12k_pair23,Ga,11,19,4f2_layer3,21,1.9849924174878968,Ga_O_06,"(0, 0, 0)"
8,group03_all12k_pair23,Ga,11,19,4f2_layer3,25,1.9849924184808014,Ga_O_06,"(0, 1, 0)"
8,group03_all12k_pair23,Ga,11,19,4f2_layer3,35,2.066377246884635,Ga_O_08,"(0, 0, 0)"
8,group03_all12k_pair23,Ga,12,20,4f1_layer7,3,1.9084360732701862,Ga_O_02,"(0, 0, 0)"
8,group03_all12k_pair23,Ga,12,20,4f1_layer7,13,1.9084359271385227,Ga_O_02,"(0, 0, 0)"
8,group03_all12k_pair23,Ga,12,20,4f1_layer7,17,1.909127043000001,Ga_O_03,"(0, 0, 0)"
8,group03_all12k_pair23,Ga,12,20,4f1_layer7,36,1.9084359275969722,Ga_O_02,"(0, 0, 0)"
8,group03_all12k_pair23,Ga,13,21,4f2_layer5,2,2.0663771900543897,Ga_O_08,"(0, 0, 0)"
8,group03_all12k_pair23,Ga,13,21,4f2_layer5,4,1.9849924184808014,Ga_O_06,"(0, 1, 0)"
8,group03_all12k_pair23,Ga,13,21,4f2_layer5,16,2.0663770194551296,Ga_O_08,"(0, 0, 0)"
8,group03_all12k_pair23,Ga,13,21,4f2_layer5,28,1.9849924174878968,Ga_O_06,"(0, 0, 0)"
8,group03_all12k_pair23,Ga,13,21,4f2_layer5,35,2.0663772462180487,Ga_O_08,"(0, 0, 0)"
8,group03_all12k_pair23,Ga,13,21,4f2_layer5,38,1.9849922964805824,Ga_O_06,"(-1, 0, 0)"
8,group03_all12k_pair23,Ga,14,22,4f1_layer1,15,1.9091273005999965,Ga_O_03,"(0, 0, -1)"
8,group03_all12k_pair23,Ga,14,22,4f1_layer1,29,1.9084359275969722,Ga_O_02,"(0, 0, 0)"
8,group03_all12k_pair23,Ga,14,22,4f1_layer1,32,1.9084360732701862,Ga_O_02,"(0, 0, 0)"
8,group03_all12k_pair23,Ga,14,22,4f1_layer1,34,1.9084359271385227,Ga_O_02,"(0, 0, 0)"
8,group03_all12k_pair23,Ga,15,23,4f2_layer13,9,1.9849917593946296,Ga_O_06,"(1, 0, 0)"
8,group03_all12k_pair23,Ga,15,23,4f2_layer13,10,2.0663776487443317,Ga_O_08,"(0, 0, 0)"
8,group03_all12k_pair23,Ga,15,23,4f2_layer13,23,2.0663774783167206,Ga_O_08,"(0, 0, 0)"
8,group03_all12k_pair23,Ga,15,23,4f2_layer13,27,1.984991638404773,Ga_O_06,"(0, -1, 0)"
8,group03_all12k_pair23,Ga,15,23,4f2_layer13,30,1.984991758786552,Ga_O_06,"(0, 0, 0)"
8,group03_all12k_pair23,Ga,15,23,4f2_layer13,37,2.066377705422137,Ga_O_08,"(0, 0, 0)"
8,group03_all12k_pair23,Ga,16,24,4f1_layer15,8,1.9084361547650497,Ga_O_02,"(0, 0, 0)"
8,group03_all12k_pair23,Ga,16,24,4f1_layer15,14,1.9084362998548778,Ga_O_02,"(0, 0, 0)"
8,group03_all12k_pair23,Ga,16,24,4f1_layer15,24,1.9084361547650501,Ga_O_02,"(0, 0, 0)"
8,group03_all12k_pair23,Ga,16,24,4f1_layer15,31,1.9091268705999949,Ga_O_03,"(0, 0, 1)"
8,group04_12k2-6-10_f2-3-5,Sr,1,,,2,2.958098043228469,Sr_O_02,"(0, -1, 0)"
8,group04_12k2-6-10_f2-3-5,Sr,1,,,4,2.864579795118219,Sr_O_01,"(0, 0, 0)"
8,group04_12k2-6-10_f2-3-5,Sr,1,,,16,2.9580979326637595,Sr_O_02,"(1, 0, 0)"
8,group04_12k2-6-10_f2-3-5,Sr,1,,,18,2.8645798765734263,Sr_O_01,"(0, 0, 0)"
8,group04_12k2-6-10_f2-3-5,Sr,1,,,21,2.864579884642825,Sr_O_01,"(0, 0, 0)"
8,group04_12k2-6-10_f2-3-5,Sr,1,,,25,2.8645797959311503,Sr_O_01,"(0, 0, 0)"
8,group04_12k2-6-10_f2-3-5,Sr,1,,,28,2.864579883829894,Sr_O_01,"(0, 0, 0)"
8,group04_12k2-6-10_f2-3-5,Sr,1,,,35,2.95809800345424,Sr_O_02,"(0, -1, 0)"
8,group04_12k2-6-10_f2-3-5,Sr,1,,,38,2.8645798757604948,Sr_O_01,"(0, 0, 0)"
8,group04_12k2-6-10_f2-3-5,Sr,2,,,1,2.8645793251769454,Sr_O_01,"(0, 0, 0)"
8,group04_12k2-6-10_f2-3-5,Sr,2,,,5,2.8645793169995204,Sr_O_01,"(0, 0, 0)"
8,group04_12k2-6-10_f2-3-5,Sr,2,,,9,2.8645792364135385,Sr_O_01,"(0, 0, 0)"
8,group04_12k2-6-10_f2-3-5,Sr,2,,,10,2.9580980427214705,Sr_O_02,"(-1, 0, 0)"
8,group04_12k2-6-10_f2-3-5,Sr,2,,,23,2.95809793284463,Sr_O_02,"(0, 1, 0)"
8,group04_12k2-6-10_f2-3-5,Sr,2,,,27,2.8645793169995213,Sr_O_01,"(0, 0, 0)"
8,group04_12k2-6-10_f2-3-5,Sr,2,,,30,2.8645793251769462,Sr_O_01,"(0, 0, 0)"
8,group04_12k2-6-10_f2-3-5,Sr,2,,,33,2.864579236413537,Sr_O_01,"(0, 0, 0)"
8,group04_12k2-6-10_f2-3-5,Sr,2,,,37,2.9580980035278155,Sr_O_02,"(-1, 0, 0)"
8,group04_12k2-6-10_f2-3-5,Ga,1,1,12k_layer6_3,4,1.9254355757587174,Ga_O_04,"(0, 0, 0)"
8,group04_12k2-6-10_f2-3-5,Ga,1,1,12k_layer6_3,6,1.9844559567789057,Ga_O_05,"(-1, -1, 0)"
8,group04_12k2-6-10_f2-3-5,Ga,1,1,12k_layer6_3,13,2.0983234538406146,Ga_O_10,"(0, 0, 0)"
8,group04_12k2-6-10_f2-3-5,Ga,1,1,12k_layer6_3,19,2.094827515170505,Ga_O_09,"(0, 0, 0)"
8,group04_12k2-6-10_f2-3-5,Ga,1,1,12k_layer6_3,28,1.925435576196381,Ga_O_04,"(0, 0, 0)"
8,group04_12k2-6-10_f2-3-5,Ga,1,1,12k_layer6_3,36,2.0983234538272053,Ga_O_10,"(0, -1, 0)"
8,group04_12k2-6-10_f2-3-5,Ga,2,2,12k_layer2_3,7,1.9844559567789046,Ga_O_05,"(-1, -1, 0)"
8,group04_12k2-6-10_f2-3-5,Ga,2,2,12k_layer2_3,21,1.9254355761963797,Ga_O_04,"(0, 0, 0)"
8,group04_12k2-6-10_f2-3-5,Ga,2,2,12k_layer2_3,25,1.9254355757587163,Ga_O_04,"(0, 0, 0)"
8,group04_12k2-6-10_f2-3-5,Ga,2,2,12k_layer2_3,29,2.098323453827207,Ga_O_10,"(0, -1, 0)"
8,group04_12k2-6-10_f2-3-5,Ga,2,2,12k_layer2_3,31,2.0948275151705062,Ga_O_09,"(0, 0, 0)"
8,group04_12k2-6-10_f2-3-5,Ga,2,2,12k_layer2_3,34,2.0983234538406164,Ga_O_10,"(0, 0, 0)"
8,group04_12k2-6-10_f2-3-5,Ga,3,3,12k_layer14_1,8,2.0983229791065865,Ga_O_10,"(0, 0, 0)"
8,group04_12k2-6-10_f2-3-5,Ga,3,3,12k_layer14_1,9,1.9254359958162917,Ga_O_04,"(0, 0, 0)"
8,group04_12k2-6-10_f2-3-5,Ga,3,3,12k_layer14_1,15,2.094827260093365,Ga_O_09,"(0, 0, 0)"
8,group04_12k2-6-10_f2-3-5,Ga,3,3,12k_layer14_1,20,1.9844560436631808,Ga_O_05,"(-1, -1, 0)"
8,group04_12k2-6-10_f2-3-5,Ga,3,3,12k_layer14_1,24,2.0983229796303986,Ga_O_10,"(-1, 0, 0)"
8,group04_12k2-6-10_f2-3-5,Ga,3,3,12k_layer14_1,30,1.9254359958162914,Ga_O_04,"(0, 0, 0)"
8,group04_12k2-6-10_f2-3-5,Cr,1,4,12k_layer2_2,7,1.984455956778905,Cr_O_05,"(0, -1, 0)"
8,group04_12k2-6-10_f2-3-5,Cr,1,4,12k_layer2_2,18,1.9254355763634932,Cr_O_04,"(0, 0, 0)"
8,group04_12k2-6-10_f2-3-5,Cr,1,4,12k_layer2_2,25,1.925435575758716,Cr_O_04,"(0, 0, 0)"
8,group04_12k2-6-10_f2-3-5,Cr,1,4,12k_layer2_2,31,2.094827515170506,Cr_O_09,"(0, 0, 0)"
8,group04_12k2-6-10_f2-3-5,Cr,1,4,12k_layer2_2,32,2.0983234538709623,Cr_O_10,"(0, -1, 0)"
8,group04_12k2-6-10_f2-3-5,Cr,1,4,12k_layer2_2,34,2.098323454408184,Cr_O_10,"(1, 0, 0)"
8,group04_12k2-6-10_f2-3-5,Ga,4,5,12k_layer14_3,14,2.098322979539073,Ga_O_10,"(0, 0, 0)"
8,group04_12k2-6-10_f2-3-5,Ga,4,5,12k_layer14_3,15,2.094827383098975,Ga_O_09,"(0, 0, 0)"
8,group04_12k2-6-10_f2-3-5,Ga,4,5,12k_layer14_3,20,1.9844560439741377,Ga_O_05,"(0, 0, 0)"
8,group04_12k2-6-10_f2-3-5,Ga,4,5,12k_layer14_3,24,2.098322979658534,Ga_O_10,"(0, 1, 0)"
8,group04_12k2-6-10_f2-3-5,Ga,4,5,12k_layer14_3,27,1.925435983138288,Ga_O_04,"(0, 0, 0)"
8,group04_12k2-6-10_f2-3-5,Ga,4,5,12k_layer14_3,30,1.9254359955204852,Ga_O_04,"(0, 0, 0)"
8,group04_12k2-6-10_f2-3-5,Cr,2,6,12k_layer10_2,5,1.9254359120300575,Cr_O_04,"(0, 0, 0)"
8,group04_12k2-6-10_f2-3-5,Cr,2,6,12k_layer10_2,12,1.98445595738215,Cr_O_05,"(-1, 0, 0)"
8,group04_12k2-6-10_f2-3-5,Cr,2,6,12k_layer10_2,17,2.094827514410795,Cr_O_09,"(0, 0, 0)"
8,group04_12k2-6-10_f2-3-5,Cr,2,6,12k_layer10_2,22,2.0983230321761726,Cr_O_10,"(-1, 0, 0)"
8,group04_12k2-6-10_f2-3-5,Cr,2,6,12k_layer10_2,26,2.0983230324265865,Cr_O_10,"(0, 1, 0)"
8,group04_12k2-6-10_f2-3-5,Cr,2,6,12k_layer10_2,33,1.9254359114895088,Cr_O_04,"(0, 0, 0)"
8,group04_12k2-6-10_f2-3-5,Cr,3,7,12k_layer6_2,3,2.0983234538709605,Cr_O_10,"(0, -1, 0)"
8,group04_12k2-6-10_f2-3-5,Cr,3,7,12k_layer6_2,4,1.9254355757587174,Cr_O_04,"(0, 0, 0)"
8,group04_12k2-6-10_f2-3-5,Cr,3,7,12k_layer6_2,6,1.9844559567789064,Cr_O_05,"(0, -1, 0)"
8,group04_12k2-6-10_f2-3-5,Cr,3,7,12k_layer6_2,13,2.0983234544081824,Cr_O_10,"(1, 0, 0)"
8,group04_12k2-6-10_f2-3-5,Cr,3,7,12k_layer6_2,19,2.0948275151705045,Cr_O_09,"(0, 0, 0)"
8,group04_12k2-6-10_f2-3-5,Cr,3,7,12k_layer6_2,38,1.9254355763634945,Cr_O_04,"(0, 0, 0)"
8,group04_12k2-6-10_f2-3-5,Cr,4,8,12k_layer6_1,3,2.0983234541175877,Cr_O_10,"(0, 0, 0)"
8,group04_12k2-6-10_f2-3-5,Cr,4,8,12k_layer6_1,6,1.9844559569613607,Cr_O_05,"(0, 0, 0)"
8,group04_12k2-6-10_f2-3-5,Cr,4,8,12k_layer6_1,19,2.0948276379027013,Cr_O_09,"(0, 0, 0)"
8,group04_12k2-6-10_f2-3-5,Cr,4,8,12k_layer6_1,28,1.9254355756093047,Cr_O_04,"(0, 0, 0)"
8,group04_12k2-6-10_f2-3-5,Cr,4,8,12k_layer6_1,36,2.0983234546414,Cr_O_10,"(1, 0, 0)"
8,group04_12k2-6-10_f2-3-5,Cr,4,8,12k_layer6_1,38,1.925435563604001,Cr_O_04,"(0, 0, 0)"
8,group04_12k2-6-10_f2-3-5,Ga,5,9,12k_layer14_2,8,2.098322979647595,Ga_O_10,"(0, 1, 0)"
8,group04_12k2-6-10_f2-3-5,Ga,5,9,12k_layer14_2,9,1.9254359955309297,Ga_O_04,"(0, 0, 0)"
8,group04_12k2-6-10_f2-3-5,Ga,5,9,12k_layer14_2,14,2.098322979397181,Ga_O_10,"(-1, 0, 0)"
8,group04_12k2-6-10_f2-3-5,Ga,5,9,12k_layer14_2,15,2.094827260728784,Ga_O_09,"(0, 0, 0)"
8,group04_12k2-6-10_f2-3-5,Ga,5,9,12k_layer14_2,20,1.9844560438241048,Ga_O_05,"(-1, 0, 0)"
8,group04_12k2-6-10_f2-3-5,Ga,5,9,12k_layer14_2,27,1.9254359960714784,Ga_O_04,"(0, 0, 0)"
8,group04_12k2-6-10_f2-3-5,Ga,6,10,2a_layer16,8,1.9948520249218649,Ga_O_07,"(1, 1, 0)"
8,group04_12k2-6-10_f2-3-5,Ga,6,10,2a_layer16,14,1.9948520252426432,Ga_O_07,"(0, 0, 0)"
8,group04_12k2-6-10_f2-3-5,Ga,6,10,2a_layer16,24,1.9948520249218644,Ga_O_07,"(0, 1, 0)"
8,group04_12k2-6-10_f2-3-5,Ga,6,10,2a_layer16,29,1.9948516604791149,Ga_O_07,"(1, 0, 1)"
8,group04_12k2-6-10_f2-3-5,Ga,6,10,2a_layer16,32,1.9948516599281325,Ga_O_07,"(0, 0, 1)"
8,group04_12k2-6-10_f2-3-5,Ga,6,10,2a_layer16,34,1.994851660087002,Ga_O_07,"(1, 1, 1)"
8,group04_12k2-6-10_f2-3-5,Ga,7,11,12k_layer10_3,1,1.9254359114790642,Ga_O_04,"(0, 0, 0)"
8,group04_12k2-6-10_f2-3-5,Ga,7,11,12k_layer10_3,5,1.9254358990968665,Ga_O_04,"(0, 0, 0)"
8,group04_12k2-6-10_f2-3-5,Ga,7,11,12k_layer10_3,11,2.0983230324375253,Ga_O_10,"(0, 1, 0)"
8,group04_12k2-6-10_f2-3-5,Ga,7,11,12k_layer10_3,12,1.9844559575321832,Ga_O_05,"(0, 0, 0)"
8,group04_12k2-6-10_f2-3-5,Ga,7,11,12k_layer10_3,17,2.094827636780971,Ga_O_09,"(0, 0, 0)"
8,group04_12k2-6-10_f2-3-5,Ga,7,11,12k_layer10_3,22,2.0983230323180644,Ga_O_10,"(0, 0, 0)"
8,group04_12k2-6-10_f2-3-5,Cr,5,12,12k_layer10_1,1,1.9254359117748707,Cr_O_04,"(0, 0, 0)"
8,group04_12k2-6-10_f2-3-5,Cr,5,12,12k_layer10_1,11,2.0983230324093904,Cr_O_10,"(-1, 0, 0)"
8,group04_12k2-6-10_f2-3-5,Cr,5,12,12k_layer10_1,12,1.9844559572212264,Cr_O_05,"(-1, -1, 0)"
8,group04_12k2-6-10_f2-3-5,Cr,5,12,12k_layer10_1,17,2.0948275137753765,Cr_O_09,"(0, 0, 0)"
8,group04_12k2-6-10_f2-3-5,Cr,5,12,12k_layer10_1,26,2.098323031885578,Cr_O_10,"(0, 0, 0)"
8,group04_12k2-6-10_f2-3-5,Cr,5,12,12k_layer10_1,33,1.9254359117748707,Cr_O_04,"(0, 0, 0)"
8,group04_12k2-6-10_f2-3-5,Cr,6,13,12k_layer2_1,7,1.9844559569613596,Cr_O_05,"(0, 0, 0)"
8,group04_12k2-6-10_f2-3-5,Cr,6,13,12k_layer2_1,18,1.925435563604,Cr_O_04,"(0, 0, 0)"
8,group04_12k2-6-10_f2-3-5,Cr,6,13,12k_layer2_1,21,1.9254355756093033,Cr_O_04,"(0, 0, 0)"
8,group04_12k2-6-10_f2-3-5,Cr,6,13,12k_layer2_1,29,2.0983234546414016,Cr_O_10,"(1, 0, 0)"
8,group04_12k2-6-10_f2-3-5,Cr,6,13,12k_layer2_1,31,2.0948276379027027,Cr_O_09,"(0, 0, 0)"
8,group04_12k2-6-10_f2-3-5,Cr,6,13,12k_layer2_1,32,2.0983234541175895,Cr_O_10,"(0, 0, 0)"
8,group04_12k2-6-10_f2-3-5,Ga,8,14,2b_layer12,10,1.8700732788205217,Ga_O_01,"(0, 1, 0)"
8,group04_12k2-6-10_f2-3-5,Ga,8,14,2b_layer12,12,2.2779384420000004,Ga_O_11,"(0, 0, 0)"
8,group04_12k2-6-10_f2-3-5,Ga,8,14,2b_layer12,20,2.2779384410000003,Ga_O_11,"(0, 0, 0)"
8,group04_12k2-6-10_f2-3-5,Ga,8,14,2b_layer12,23,1.870073507451236,Ga_O_01,"(1, 1, 0)"
8,group04_12k2-6-10_f2-3-5,Ga,8,14,2b_layer12,37,1.870073355,Ga_O_01,"(0, 0, 0)"
8,group04_12k2-6-10_f2-3-5,Ga,9,15,2a_layer8,3,1.9948516601706343,Ga_O_07,"(0, 0, 0)"
8,group04_12k2-6-10_f2-3-5,Ga,9,15,2a_layer8,11,1.9948520770594027,Ga_O_07,"(0, 1, 0)"
8,group04_12k2-6-10_f2-3-5,Ga,9,15,2a_layer8,13,1.994851660329504,Ga_O_07,"(1, 1, 0)"
8,group04_12k2-6-10_f2-3-5,Ga,9,15,2a_layer8,22,1.9948520773801812,Ga_O_07,"(0, 0, 0)"
8,group04_12k2-6-10_f2-3-5,Ga,9,15,2a_layer8,26,1.9948520770594032,Ga_O_07,"(1, 1, 0)"
8,group04_12k2-6-10_f2-3-5,Ga,9,15,2a_layer8,36,1.9948516607216167,Ga_O_07,"(1, 0, 0)"
8,group04_12k2-6-10_f2-3-5,Ga,10,16,2b_layer4,2,1.8700732794118144,Ga_O_01,"(1, 0, 0)"
8,group04_12k2-6-10_f2-3-5,Ga,10,16,2b_layer4,6,2.277938441000001,Ga_O_11,"(0, 0, 0)"
8,group04_12k2-6-10_f2-3-5,Ga,10,16,2b_layer4,7,2.2779384420000004,Ga_O_11,"(0, 0, 0)"
8,group04_12k2-6-10_f2-3-5,Ga,10,16,2b_layer4,16,1.8700735073000085,Ga_O_01,"(1, 1, 0)"
8,group04_12k2-6-10_f2-3-5,Ga,10,16,2b_layer4,35,1.870073355795254,Ga_O_01,"(0, 0, 0)"
8,group04_12k2-6-10_f2-3-5,Ga,11,17,4f1_layer9,11,1.9084361294606749,Ga_O_02,"(0, 0, 0)"
8,group04_12k2-6-10_f2-3-5,Ga,11,17,4f1_layer9,19,1.9091270429999996,Ga_O_03,"(0, 0, 0)"
8,group04_12k2-6-10_f2-3-5,Ga,11,17,4f1_layer9,22,1.9084362745505044,Ga_O_02,"(0, 0, 0)"
8,group04_12k2-6-10_f2-3-5,Ga,11,17,4f1_layer9,26,1.9084361294606744,Ga_O_02,"(0, 0, 0)"
8,group04_12k2-6-10_f2-3-5,Ga,12,18,4f2_layer11,1,1.9849917587865524,Ga_O_06,"(0, 0, 0)"
8,group04_12k2-6-10_f2-3-5,Ga,12,18,4f2_layer11,5,1.9849916384047732,Ga_O_06,"(0, -1, 0)"
8,group04_12k2-6-10_f2-3-5,Ga,12,18,4f2_layer11,10,2.0663776487443304,Ga_O_08,"(0, 0, 0)"
8,group04_12k2-6-10_f2-3-5,Ga,12,18,4f2_layer11,23,2.0663774783167193,Ga_O_08,"(0, 0, 0)"
8,group04_12k2-6-10_f2-3-5,Ga,12,18,4f2_layer11,33,1.9849917593946298,Ga_O_06,"(1, 0, 0)"
8,group04_12k2-6-10_f2-3-5,Ga,12,18,4f2_layer11,37,2.0663777054221355,Ga_O_08,"(0, 0, 0)"
8,group04_12k2-6-10_f2-3-5,Cr,7,19,4f2_layer3,2,2.0663771907209756,Cr_O_08,"(0, 0, 0)"
8,group04_12k2-6-10_f2-3-5,Cr,7,19,4f2_layer3,16,2.066377020121716,Cr_O_08,"(0, 0, 0)"
8,group04_12k2-6-10_f2-3-5,Cr,7,19,4f2_layer3,18,1.9849922964805824,Cr_O_06,"(-1, 0, 0)"
8,group04_12k2-6-10_f2-3-5,Cr,7,19,4f2_layer3,21,1.9849924174878968,Cr_O_06,"(0, 0, 0)"
8,group04_12k2-6-10_f2-3-5,Cr,7,19,4f2_layer3,25,1.9849924184808014,Cr_O_06,"(0, 1, 0)"
8,group04_12k2-6-10_f2-3-5,Cr,7,19,4f2_layer3,35,2.066377246884635,Cr_O_08,"(0, 0, 0)"
8,group04_12k2-6-10_f2-3-5,Ga,13,20,4f1_layer7,3,1.9084360732701862,Ga_O_02,"(0, 0, 0)"
8,group04_12k2-6-10_f2-3-5,Ga,13,20,4f1_layer7,13,1.9084359271385227,Ga_O_02,"(0, 0, 0)"
8,group04_12k2-6-10_f2-3-5,Ga,13,20,4f1_layer7,17,1.909127043000001,Ga_O_03,"(0, 0, 0)"
8,group04_12k2-6-10_f2-3-5,Ga,13,20,4f1_layer7,36,1.9084359275969722,Ga_O_02,"(0, 0, 0)"
8,group04_12k2-6-10_f2-3-5,Cr,8,21,4f2_layer5,2,2.0663771900543897,Cr_O_08,"(0, 0, 0)"
8,group04_12k2-6-10_f2-3-5,Cr,8,21,4f2_layer5,4,1.9849924184808014,Cr_O_06,"(0, 1, 0)"
8,group04_12k2-6-10_f2-3-5,Cr,8,21,4f2_layer5,16,2.0663770194551296,Cr_O_08,"(0, 0, 0)"
8,group04_12k2-6-10_f2-3-5,Cr,8,21,4f2_layer5,28,1.9849924174878968,Cr_O_06,"(0, 0, 0)"
8,group04_12k2-6-10_f2-3-5,Cr,8,21,4f2_layer5,35,2.0663772462180487,Cr_O_08,"(0, 0, 0)"
8,group04_12k2-6-10_f2-3-5,Cr,8,21,4f2_layer5,38,1.9849922964805824,Cr_O_06,"(-1, 0, 0)"
8,group04_12k2-6-10_f2-3-5,Ga,14,22,4f1_layer1,15,1.9091273005999965,Ga_O_03,"(0, 0, -1)"
8,group04_12k2-6-10_f2-3-5,Ga,14,22,4f1_layer1,29,1.9084359275969722,Ga_O_02,"(0, 0, 0)"
8,group04_12k2-6-10_f2-3-5,Ga,14,22,4f1_layer1,32,1.9084360732701862,Ga_O_02,"(0, 0, 0)"
8,group04_12k2-6-10_f2-3-5,Ga,14,22,4f1_layer1,34,1.9084359271385227,Ga_O_02,"(0, 0, 0)"
8,group04_12k2-6-10_f2-3-5,Ga,15,23,4f2_layer13,9,1.9849917593946296,Ga_O_06,"(1, 0, 0)"
8,group04_12k2-6-10_f2-3-5,Ga,15,23,4f2_layer13,10,2.0663776487443317,Ga_O_08,"(0, 0, 0)"
8,group04_12k2-6-10_f2-3-5,Ga,15,23,4f2_layer13,23,2.0663774783167206,Ga_O_08,"(0, 0, 0)"
8,group04_12k2-6-10_f2-3-5,Ga,15,23,4f2_layer13,27,1.984991638404773,Ga_O_06,"(0, -1, 0)"
8,group04_12k2-6-10_f2-3-5,Ga,15,23,4f2_layer13,30,1.984991758786552,Ga_O_06,"(0, 0, 0)"
8,group04_12k2-6-10_f2-3-5,Ga,15,23,4f2_layer13,37,2.066377705422137,Ga_O_08,"(0, 0, 0)"
8,group04_12k2-6-10_f2-3-5,Ga,16,24,4f1_layer15,8,1.9084361547650497,Ga_O_02,"(0, 0, 0)"
8,group04_12k2-6-10_f2-3-5,Ga,16,24,4f1_layer15,14,1.9084362998548778,Ga_O_02,"(0, 0, 0)"
8,group04_12k2-6-10_f2-3-5,Ga,16,24,4f1_layer15,24,1.9084361547650501,Ga_O_02,"(0, 0, 0)"
8,group04_12k2-6-10_f2-3-5,Ga,16,24,4f1_layer15,31,1.9091268705999949,Ga_O_03,"(0, 0, 1)"
8,group05_12k2-6-10_f2-3_2a-8,Sr,1,,,2,2.958098043228469,Sr_O_02,"(0, -1, 0)"
8,group05_12k2-6-10_f2-3_2a-8,Sr,1,,,4,2.864579795118219,Sr_O_01,"(0, 0, 0)"
8,group05_12k2-6-10_f2-3_2a-8,Sr,1,,,16,2.9580979326637595,Sr_O_02,"(1, 0, 0)"
8,group05_12k2-6-10_f2-3_2a-8,Sr,1,,,18,2.8645798765734263,Sr_O_01,"(0, 0, 0)"
8,group05_12k2-6-10_f2-3_2a-8,Sr,1,,,21,2.864579884642825,Sr_O_01,"(0, 0, 0)"
8,group05_12k2-6-10_f2-3_2a-8,Sr,1,,,25,2.8645797959311503,Sr_O_01,"(0, 0, 0)"
8,group05_12k2-6-10_f2-3_2a-8,Sr,1,,,28,2.864579883829894,Sr_O_01,"(0, 0, 0)"
8,group05_12k2-6-10_f2-3_2a-8,Sr,1,,,35,2.95809800345424,Sr_O_02,"(0, -1, 0)"
8,group05_12k2-6-10_f2-3_2a-8,Sr,1,,,38,2.8645798757604948,Sr_O_01,"(0, 0, 0)"
8,group05_12k2-6-10_f2-3_2a-8,Sr,2,,,1,2.8645793251769454,Sr_O_01,"(0, 0, 0)"
8,group05_12k2-6-10_f2-3_2a-8,Sr,2,,,5,2.8645793169995204,Sr_O_01,"(0, 0, 0)"
8,group05_12k2-6-10_f2-3_2a-8,Sr,2,,,9,2.8645792364135385,Sr_O_01,"(0, 0, 0)"
8,group05_12k2-6-10_f2-3_2a-8,Sr,2,,,10,2.9580980427214705,Sr_O_02,"(-1, 0, 0)"
8,group05_12k2-6-10_f2-3_2a-8,Sr,2,,,23,2.95809793284463,Sr_O_02,"(0, 1, 0)"
8,group05_12k2-6-10_f2-3_2a-8,Sr,2,,,27,2.8645793169995213,Sr_O_01,"(0, 0, 0)"
8,group05_12k2-6-10_f2-3_2a-8,Sr,2,,,30,2.8645793251769462,Sr_O_01,"(0, 0, 0)"
8,group05_12k2-6-10_f2-3_2a-8,Sr,2,,,33,2.864579236413537,Sr_O_01,"(0, 0, 0)"
8,group05_12k2-6-10_f2-3_2a-8,Sr,2,,,37,2.9580980035278155,Sr_O_02,"(-1, 0, 0)"
8,group05_12k2-6-10_f2-3_2a-8,Ga,1,1,12k_layer6_3,4,1.9254355757587174,Ga_O_04,"(0, 0, 0)"
8,group05_12k2-6-10_f2-3_2a-8,Ga,1,1,12k_layer6_3,6,1.9844559567789057,Ga_O_05,"(-1, -1, 0)"
8,group05_12k2-6-10_f2-3_2a-8,Ga,1,1,12k_layer6_3,13,2.0983234538406146,Ga_O_10,"(0, 0, 0)"
8,group05_12k2-6-10_f2-3_2a-8,Ga,1,1,12k_layer6_3,19,2.094827515170505,Ga_O_09,"(0, 0, 0)"
8,group05_12k2-6-10_f2-3_2a-8,Ga,1,1,12k_layer6_3,28,1.925435576196381,Ga_O_04,"(0, 0, 0)"
8,group05_12k2-6-10_f2-3_2a-8,Ga,1,1,12k_layer6_3,36,2.0983234538272053,Ga_O_10,"(0, -1, 0)"
8,group05_12k2-6-10_f2-3_2a-8,Ga,2,2,12k_layer2_3,7,1.9844559567789046,Ga_O_05,"(-1, -1, 0)"
8,group05_12k2-6-10_f2-3_2a-8,Ga,2,2,12k_layer2_3,21,1.9254355761963797,Ga_O_04,"(0, 0, 0)"
8,group05_12k2-6-10_f2-3_2a-8,Ga,2,2,12k_layer2_3,25,1.9254355757587163,Ga_O_04,"(0, 0, 0)"
8,group05_12k2-6-10_f2-3_2a-8,Ga,2,2,12k_layer2_3,29,2.098323453827207,Ga_O_10,"(0, -1, 0)"
8,group05_12k2-6-10_f2-3_2a-8,Ga,2,2,12k_layer2_3,31,2.0948275151705062,Ga_O_09,"(0, 0, 0)"
8,group05_12k2-6-10_f2-3_2a-8,Ga,2,2,12k_layer2_3,34,2.0983234538406164,Ga_O_10,"(0, 0, 0)"
8,group05_12k2-6-10_f2-3_2a-8,Ga,3,3,12k_layer14_1,8,2.0983229791065865,Ga_O_10,"(0, 0, 0)"
8,group05_12k2-6-10_f2-3_2a-8,Ga,3,3,12k_layer14_1,9,1.9254359958162917,Ga_O_04,"(0, 0, 0)"
8,group05_12k2-6-10_f2-3_2a-8,Ga,3,3,12k_layer14_1,15,2.094827260093365,Ga_O_09,"(0, 0, 0)"
8,group05_12k2-6-10_f2-3_2a-8,Ga,3,3,12k_layer14_1,20,1.9844560436631808,Ga_O_05,"(-1, -1, 0)"
8,group05_12k2-6-10_f2-3_2a-8,Ga,3,3,12k_layer14_1,24,2.0983229796303986,Ga_O_10,"(-1, 0, 0)"
8,group05_12k2-6-10_f2-3_2a-8,Ga,3,3,12k_layer14_1,30,1.9254359958162914,Ga_O_04,"(0, 0, 0)"
8,group05_12k2-6-10_f2-3_2a-8,Cr,1,4,12k_layer2_2,7,1.984455956778905,Cr_O_05,"(0, -1, 0)"
8,group05_12k2-6-10_f2-3_2a-8,Cr,1,4,12k_layer2_2,18,1.9254355763634932,Cr_O_04,"(0, 0, 0)"
8,group05_12k2-6-10_f2-3_2a-8,Cr,1,4,12k_layer2_2,25,1.925435575758716,Cr_O_04,"(0, 0, 0)"
8,group05_12k2-6-10_f2-3_2a-8,Cr,1,4,12k_layer2_2,31,2.094827515170506,Cr_O_09,"(0, 0, 0)"
8,group05_12k2-6-10_f2-3_2a-8,Cr,1,4,12k_layer2_2,32,2.0983234538709623,Cr_O_10,"(0, -1, 0)"
8,group05_12k2-6-10_f2-3_2a-8,Cr,1,4,12k_layer2_2,34,2.098323454408184,Cr_O_10,"(1, 0, 0)"
8,group05_12k2-6-10_f2-3_2a-8,Ga,4,5,12k_layer14_3,14,2.098322979539073,Ga_O_10,"(0, 0, 0)"
8,group05_12k2-6-10_f2-3_2a-8,Ga,4,5,12k_layer14_3,15,2.094827383098975,Ga_O_09,"(0, 0, 0)"
8,group05_12k2-6-10_f2-3_2a-8,Ga,4,5,12k_layer14_3,20,1.9844560439741377,Ga_O_05,"(0, 0, 0)"
8,group05_12k2-6-10_f2-3_2a-8,Ga,4,5,12k_layer14_3,24,2.098322979658534,Ga_O_10,"(0, 1, 0)"
8,group05_12k2-6-10_f2-3_2a-8,Ga,4,5,12k_layer14_3,27,1.925435983138288,Ga_O_04,"(0, 0, 0)"
8,group05_12k2-6-10_f2-3_2a-8,Ga,4,5,12k_layer14_3,30,1.9254359955204852,Ga_O_04,"(0, 0, 0)"
8,group05_12k2-6-10_f2-3_2a-8,Cr,2,6,12k_layer10_2,5,1.9254359120300575,Cr_O_04,"(0, 0, 0)"
8,group05_12k2-6-10_f2-3_2a-8,Cr,2,6,12k_layer10_2,12,1.98445595738215,Cr_O_05,"(-1, 0, 0)"
8,group05_12k2-6-10_f2-3_2a-8,Cr,2,6,12k_layer10_2,17,2.094827514410795,Cr_O_09,"(0, 0, 0)"
8,group05_12k2-6-10_f2-3_2a-8,Cr,2,6,12k_layer10_2,22,2.0983230321761726,Cr_O_10,"(-1, 0, 0)"
8,group05_12k2-6-10_f2-3_2a-8,Cr,2,6,12k_layer10_2,26,2.0983230324265865,Cr_O_10,"(0, 1, 0)"
8,group05_12k2-6-10_f2-3_2a-8,Cr,2,6,12k_layer10_2,33,1.9254359114895088,Cr_O_04,"(0, 0, 0)"
8,group05_12k2-6-10_f2-3_2a-8,Cr,3,7,12k_layer6_2,3,2.0983234538709605,Cr_O_10,"(0, -1, 0)"
8,group05_12k2-6-10_f2-3_2a-8,Cr,3,7,12k_layer6_2,4,1.9254355757587174,Cr_O_04,"(0, 0, 0)"
8,group05_12k2-6-10_f2-3_2a-8,Cr,3,7,12k_layer6_2,6,1.9844559567789064,Cr_O_05,"(0, -1, 0)"
8,group05_12k2-6-10_f2-3_2a-8,Cr,3,7,12k_layer6_2,13,2.0983234544081824,Cr_O_10,"(1, 0, 0)"
8,group05_12k2-6-10_f2-3_2a-8,Cr,3,7,12k_layer6_2,19,2.0948275151705045,Cr_O_09,"(0, 0, 0)"
8,group05_12k2-6-10_f2-3_2a-8,Cr,3,7,12k_layer6_2,38,1.9254355763634945,Cr_O_04,"(0, 0, 0)"
8,group05_12k2-6-10_f2-3_2a-8,Cr,4,8,12k_layer6_1,3,2.0983234541175877,Cr_O_10,"(0, 0, 0)"
8,group05_12k2-6-10_f2-3_2a-8,Cr,4,8,12k_layer6_1,6,1.9844559569613607,Cr_O_05,"(0, 0, 0)"
8,group05_12k2-6-10_f2-3_2a-8,Cr,4,8,12k_layer6_1,19,2.0948276379027013,Cr_O_09,"(0, 0, 0)"
8,group05_12k2-6-10_f2-3_2a-8,Cr,4,8,12k_layer6_1,28,1.9254355756093047,Cr_O_04,"(0, 0, 0)"
8,group05_12k2-6-10_f2-3_2a-8,Cr,4,8,12k_layer6_1,36,2.0983234546414,Cr_O_10,"(1, 0, 0)"
8,group05_12k2-6-10_f2-3_2a-8,Cr,4,8,12k_layer6_1,38,1.925435563604001,Cr_O_04,"(0, 0, 0)"
8,group05_12k2-6-10_f2-3_2a-8,Ga,5,9,12k_layer14_2,8,2.098322979647595,Ga_O_10,"(0, 1, 0)"
8,group05_12k2-6-10_f2-3_2a-8,Ga,5,9,12k_layer14_2,9,1.9254359955309297,Ga_O_04,"(0, 0, 0)"
8,group05_12k2-6-10_f2-3_2a-8,Ga,5,9,12k_layer14_2,14,2.098322979397181,Ga_O_10,"(-1, 0, 0)"
8,group05_12k2-6-10_f2-3_2a-8,Ga,5,9,12k_layer14_2,15,2.094827260728784,Ga_O_09,"(0, 0, 0)"
8,group05_12k2-6-10_f2-3_2a-8,Ga,5,9,12k_layer14_2,20,1.9844560438241048,Ga_O_05,"(-1, 0, 0)"
8,group05_12k2-6-10_f2-3_2a-8,Ga,5,9,12k_layer14_2,27,1.9254359960714784,Ga_O_04,"(0, 0, 0)"
8,group05_12k2-6-10_f2-3_2a-8,Ga,6,10,2a_layer16,8,1.9948520249218649,Ga_O_07,"(1, 1, 0)"
8,group05_12k2-6-10_f2-3_2a-8,Ga,6,10,2a_layer16,14,1.9948520252426432,Ga_O_07,"(0, 0, 0)"
8,group05_12k2-6-10_f2-3_2a-8,Ga,6,10,2a_layer16,24,1.9948520249218644,Ga_O_07,"(0, 1, 0)"
8,group05_12k2-6-10_f2-3_2a-8,Ga,6,10,2a_layer16,29,1.9948516604791149,Ga_O_07,"(1, 0, 1)"
8,group05_12k2-6-10_f2-3_2a-8,Ga,6,10,2a_layer16,32,1.9948516599281325,Ga_O_07,"(0, 0, 1)"
8,group05_12k2-6-10_f2-3_2a-8,Ga,6,10,2a_layer16,34,1.994851660087002,Ga_O_07,"(1, 1, 1)"
8,group05_12k2-6-10_f2-3_2a-8,Ga,7,11,12k_layer10_3,1,1.9254359114790642,Ga_O_04,"(0, 0, 0)"
8,group05_12k2-6-10_f2-3_2a-8,Ga,7,11,12k_layer10_3,5,1.9254358990968665,Ga_O_04,"(0, 0, 0)"
8,group05_12k2-6-10_f2-3_2a-8,Ga,7,11,12k_layer10_3,11,2.0983230324375253,Ga_O_10,"(0, 1, 0)"
8,group05_12k2-6-10_f2-3_2a-8,Ga,7,11,12k_layer10_3,12,1.9844559575321832,Ga_O_05,"(0, 0, 0)"
8,group05_12k2-6-10_f2-3_2a-8,Ga,7,11,12k_layer10_3,17,2.094827636780971,Ga_O_09,"(0, 0, 0)"
8,group05_12k2-6-10_f2-3_2a-8,Ga,7,11,12k_layer10_3,22,2.0983230323180644,Ga_O_10,"(0, 0, 0)"
8,group05_12k2-6-10_f2-3_2a-8,Cr,5,12,12k_layer10_1,1,1.9254359117748707,Cr_O_04,"(0, 0, 0)"
8,group05_12k2-6-10_f2-3_2a-8,Cr,5,12,12k_layer10_1,11,2.0983230324093904,Cr_O_10,"(-1, 0, 0)"
8,group05_12k2-6-10_f2-3_2a-8,Cr,5,12,12k_layer10_1,12,1.9844559572212264,Cr_O_05,"(-1, -1, 0)"
8,group05_12k2-6-10_f2-3_2a-8,Cr,5,12,12k_layer10_1,17,2.0948275137753765,Cr_O_09,"(0, 0, 0)"
8,group05_12k2-6-10_f2-3_2a-8,Cr,5,12,12k_layer10_1,26,2.098323031885578,Cr_O_10,"(0, 0, 0)"
8,group05_12k2-6-10_f2-3_2a-8,Cr,5,12,12k_layer10_1,33,1.9254359117748707,Cr_O_04,"(0, 0, 0)"
8,group05_12k2-6-10_f2-3_2a-8,Cr,6,13,12k_layer2_1,7,1.9844559569613596,Cr_O_05,"(0, 0, 0)"
8,group05_12k2-6-10_f2-3_2a-8,Cr,6,13,12k_layer2_1,18,1.925435563604,Cr_O_04,"(0, 0, 0)"
8,group05_12k2-6-10_f2-3_2a-8,Cr,6,13,12k_layer2_1,21,1.9254355756093033,Cr_O_04,"(0, 0, 0)"
8,group05_12k2-6-10_f2-3_2a-8,Cr,6,13,12k_layer2_1,29,2.0983234546414016,Cr_O_10,"(1, 0, 0)"
8,group05_12k2-6-10_f2-3_2a-8,Cr,6,13,12k_layer2_1,31,2.0948276379027027,Cr_O_09,"(0, 0, 0)"
8,group05_12k2-6-10_f2-3_2a-8,Cr,6,13,12k_layer2_1,32,2.0983234541175895,Cr_O_10,"(0, 0, 0)"
8,group05_12k2-6-10_f2-3_2a-8,Ga,8,14,2b_layer12,10,1.8700732788205217,Ga_O_01,"(0, 1, 0)"
8,group05_12k2-6-10_f2-3_2a-8,Ga,8,14,2b_layer12,12,2.2779384420000004,Ga_O_11,"(0, 0, 0)"
8,group05_12k2-6-10_f2-3_2a-8,Ga,8,14,2b_layer12,20,2.2779384410000003,Ga_O_11,"(0, 0, 0)"
8,group05_12k2-6-10_f2-3_2a-8,Ga,8,14,2b_layer12,23,1.870073507451236,Ga_O_01,"(1, 1, 0)"
8,group05_12k2-6-10_f2-3_2a-8,Ga,8,14,2b_layer12,37,1.870073355,Ga_O_01,"(0, 0, 0)"
8,group05_12k2-6-10_f2-3_2a-8,Cr,7,15,2a_layer8,3,1.9948516601706343,Cr_O_07,"(0, 0, 0)"
8,group05_12k2-6-10_f2-3_2a-8,Cr,7,15,2a_layer8,11,1.9948520770594027,Cr_O_07,"(0, 1, 0)"
8,group05_12k2-6-10_f2-3_2a-8,Cr,7,15,2a_layer8,13,1.994851660329504,Cr_O_07,"(1, 1, 0)"
8,group05_12k2-6-10_f2-3_2a-8,Cr,7,15,2a_layer8,22,1.9948520773801812,Cr_O_07,"(0, 0, 0)"
8,group05_12k2-6-10_f2-3_2a-8,Cr,7,15,2a_layer8,26,1.9948520770594032,Cr_O_07,"(1, 1, 0)"
8,group05_12k2-6-10_f2-3_2a-8,Cr,7,15,2a_layer8,36,1.9948516607216167,Cr_O_07,"(1, 0, 0)"
8,group05_12k2-6-10_f2-3_2a-8,Ga,9,16,2b_layer4,2,1.8700732794118144,Ga_O_01,"(1, 0, 0)"
8,group05_12k2-6-10_f2-3_2a-8,Ga,9,16,2b_layer4,6,2.277938441000001,Ga_O_11,"(0, 0, 0)"
8,group05_12k2-6-10_f2-3_2a-8,Ga,9,16,2b_layer4,7,2.2779384420000004,Ga_O_11,"(0, 0, 0)"
8,group05_12k2-6-10_f2-3_2a-8,Ga,9,16,2b_layer4,16,1.8700735073000085,Ga_O_01,"(1, 1, 0)"
8,group05_12k2-6-10_f2-3_2a-8,Ga,9,16,2b_layer4,35,1.870073355795254,Ga_O_01,"(0, 0, 0)"
8,group05_12k2-6-10_f2-3_2a-8,Ga,10,17,4f1_layer9,11,1.9084361294606749,Ga_O_02,"(0, 0, 0)"
8,group05_12k2-6-10_f2-3_2a-8,Ga,10,17,4f1_layer9,19,1.9091270429999996,Ga_O_03,"(0, 0, 0)"
8,group05_12k2-6-10_f2-3_2a-8,Ga,10,17,4f1_layer9,22,1.9084362745505044,Ga_O_02,"(0, 0, 0)"
8,group05_12k2-6-10_f2-3_2a-8,Ga,10,17,4f1_layer9,26,1.9084361294606744,Ga_O_02,"(0, 0, 0)"
8,group05_12k2-6-10_f2-3_2a-8,Ga,11,18,4f2_layer11,1,1.9849917587865524,Ga_O_06,"(0, 0, 0)"
8,group05_12k2-6-10_f2-3_2a-8,Ga,11,18,4f2_layer11,5,1.9849916384047732,Ga_O_06,"(0, -1, 0)"
8,group05_12k2-6-10_f2-3_2a-8,Ga,11,18,4f2_layer11,10,2.0663776487443304,Ga_O_08,"(0, 0, 0)"
8,group05_12k2-6-10_f2-3_2a-8,Ga,11,18,4f2_layer11,23,2.0663774783167193,Ga_O_08,"(0, 0, 0)"
8,group05_12k2-6-10_f2-3_2a-8,Ga,11,18,4f2_layer11,33,1.9849917593946298,Ga_O_06,"(1, 0, 0)"
8,group05_12k2-6-10_f2-3_2a-8,Ga,11,18,4f2_layer11,37,2.0663777054221355,Ga_O_08,"(0, 0, 0)"
8,group05_12k2-6-10_f2-3_2a-8,Cr,8,19,4f2_layer3,2,2.0663771907209756,Cr_O_08,"(0, 0, 0)"
8,group05_12k2-6-10_f2-3_2a-8,Cr,8,19,4f2_layer3,16,2.066377020121716,Cr_O_08,"(0, 0, 0)"
8,group05_12k2-6-10_f2-3_2a-8,Cr,8,19,4f2_layer3,18,1.9849922964805824,Cr_O_06,"(-1, 0, 0)"
8,group05_12k2-6-10_f2-3_2a-8,Cr,8,19,4f2_layer3,21,1.9849924174878968,Cr_O_06,"(0, 0, 0)"
8,group05_12k2-6-10_f2-3_2a-8,Cr,8,19,4f2_layer3,25,1.9849924184808014,Cr_O_06,"(0, 1, 0)"
8,group05_12k2-6-10_f2-3_2a-8,Cr,8,19,4f2_layer3,35,2.066377246884635,Cr_O_08,"(0, 0, 0)"
8,group05_12k2-6-10_f2-3_2a-8,Ga,12,20,4f1_layer7,3,1.9084360732701862,Ga_O_02,"(0, 0, 0)"
8,group05_12k2-6-10_f2-3_2a-8,Ga,12,20,4f1_layer7,13,1.9084359271385227,Ga_O_02,"(0, 0, 0)"
8,group05_12k2-6-10_f2-3_2a-8,Ga,12,20,4f1_layer7,17,1.909127043000001,Ga_O_03,"(0, 0, 0)"
8,group05_12k2-6-10_f2-3_2a-8,Ga,12,20,4f1_layer7,36,1.9084359275969722,Ga_O_02,"(0, 0, 0)"
8,group05_12k2-6-10_f2-3_2a-8,Ga,13,21,4f2_layer5,2,2.0663771900543897,Ga_O_08,"(0, 0, 0)"
8,group05_12k2-6-10_f2-3_2a-8,Ga,13,21,4f2_layer5,4,1.9849924184808014,Ga_O_06,"(0, 1, 0)"
8,group05_12k2-6-10_f2-3_2a-8,Ga,13,21,4f2_layer5,16,2.0663770194551296,Ga_O_08,"(0, 0, 0)"
8,group05_12k2-6-10_f2-3_2a-8,Ga,13,21,4f2_layer5,28,1.9849924174878968,Ga_O_06,"(0, 0, 0)"
8,group05_12k2-6-10_f2-3_2a-8,Ga,13,21,4f2_layer5,35,2.0663772462180487,Ga_O_08,"(0, 0, 0)"
8,group05_12k2-6-10_f2-3_2a-8,Ga,13,21,4f2_layer5,38,1.9849922964805824,Ga_O_06,"(-1, 0, 0)"
8,group05_12k2-6-10_f2-3_2a-8,Ga,14,22,4f1_layer1,15,1.9091273005999965,Ga_O_03,"(0, 0, -1)"
8,group05_12k2-6-10_f2-3_2a-8,Ga,14,22,4f1_layer1,29,1.9084359275969722,Ga_O_02,"(0, 0, 0)"
8,group05_12k2-6-10_f2-3_2a-8,Ga,14,22,4f1_layer1,32,1.9084360732701862,Ga_O_02,"(0, 0, 0)"
8,group05_12k2-6-10_f2-3_2a-8,Ga,14,22,4f1_layer1,34,1.9084359271385227,Ga_O_02,"(0, 0, 0)"
8,group05_12k2-6-10_f2-3_2a-8,Ga,15,23,4f2_layer13,9,1.9849917593946296,Ga_O_06,"(1, 0, 0)"
8,group05_12k2-6-10_f2-3_2a-8,Ga,15,23,4f2_layer13,10,2.0663776487443317,Ga_O_08,"(0, 0, 0)"
8,group05_12k2-6-10_f2-3_2a-8,Ga,15,23,4f2_layer13,23,2.0663774783167206,Ga_O_08,"(0, 0, 0)"
8,group05_12k2-6-10_f2-3_2a-8,Ga,15,23,4f2_layer13,27,1.984991638404773,Ga_O_06,"(0, -1, 0)"
8,group05_12k2-6-10_f2-3_2a-8,Ga,15,23,4f2_layer13,30,1.984991758786552,Ga_O_06,"(0, 0, 0)"
8,group05_12k2-6-10_f2-3_2a-8,Ga,15,23,4f2_layer13,37,2.066377705422137,Ga_O_08,"(0, 0, 0)"
8,group05_12k2-6-10_f2-3_2a-8,Ga,16,24,4f1_layer15,8,1.9084361547650497,Ga_O_02,"(0, 0, 0)"
8,group05_12k2-6-10_f2-3_2a-8,Ga,16,24,4f1_layer15,14,1.9084362998548778,Ga_O_02,"(0, 0, 0)"
8,group05_12k2-6-10_f2-3_2a-8,Ga,16,24,4f1_layer15,24,1.9084361547650501,Ga_O_02,"(0, 0, 0)"
8,group05_12k2-6-10_f2-3_2a-8,Ga,16,24,4f1_layer15,31,1.9091268705999949,Ga_O_03,"(0, 0, 1)"
8,group06_12k2-6-10_2a,Sr,1,,,2,2.958098043228469,Sr_O_02,"(0, -1, 0)"
8,group06_12k2-6-10_2a,Sr,1,,,4,2.864579795118219,Sr_O_01,"(0, 0, 0)"
8,group06_12k2-6-10_2a,Sr,1,,,16,2.9580979326637595,Sr_O_02,"(1, 0, 0)"
8,group06_12k2-6-10_2a,Sr,1,,,18,2.8645798765734263,Sr_O_01,"(0, 0, 0)"
8,group06_12k2-6-10_2a,Sr,1,,,21,2.864579884642825,Sr_O_01,"(0, 0, 0)"
8,group06_12k2-6-10_2a,Sr,1,,,25,2.8645797959311503,Sr_O_01,"(0, 0, 0)"
8,group06_12k2-6-10_2a,Sr,1,,,28,2.864579883829894,Sr_O_01,"(0, 0, 0)"
8,group06_12k2-6-10_2a,Sr,1,,,35,2.95809800345424,Sr_O_02,"(0, -1, 0)"
8,group06_12k2-6-10_2a,Sr,1,,,38,2.8645798757604948,Sr_O_01,"(0, 0, 0)"
8,group06_12k2-6-10_2a,Sr,2,,,1,2.8645793251769454,Sr_O_01,"(0, 0, 0)"
8,group06_12k2-6-10_2a,Sr,2,,,5,2.8645793169995204,Sr_O_01,"(0, 0, 0)"
8,group06_12k2-6-10_2a,Sr,2,,,9,2.8645792364135385,Sr_O_01,"(0, 0, 0)"
8,group06_12k2-6-10_2a,Sr,2,,,10,2.9580980427214705,Sr_O_02,"(-1, 0, 0)"
8,group06_12k2-6-10_2a,Sr,2,,,23,2.95809793284463,Sr_O_02,"(0, 1, 0)"
8,group06_12k2-6-10_2a,Sr,2,,,27,2.8645793169995213,Sr_O_01,"(0, 0, 0)"
8,group06_12k2-6-10_2a,Sr,2,,,30,2.8645793251769462,Sr_O_01,"(0, 0, 0)"
8,group06_12k2-6-10_2a,Sr,2,,,33,2.864579236413537,Sr_O_01,"(0, 0, 0)"
8,group06_12k2-6-10_2a,Sr,2,,,37,2.9580980035278155,Sr_O_02,"(-1, 0, 0)"
8,group06_12k2-6-10_2a,Ga,1,1,12k_layer6_3,4,1.9254355757587174,Ga_O_04,"(0, 0, 0)"
8,group06_12k2-6-10_2a,Ga,1,1,12k_layer6_3,6,1.9844559567789057,Ga_O_05,"(-1, -1, 0)"
8,group06_12k2-6-10_2a,Ga,1,1,12k_layer6_3,13,2.0983234538406146,Ga_O_10,"(0, 0, 0)"
8,group06_12k2-6-10_2a,Ga,1,1,12k_layer6_3,19,2.094827515170505,Ga_O_09,"(0, 0, 0)"
8,group06_12k2-6-10_2a,Ga,1,1,12k_layer6_3,28,1.925435576196381,Ga_O_04,"(0, 0, 0)"
8,group06_12k2-6-10_2a,Ga,1,1,12k_layer6_3,36,2.0983234538272053,Ga_O_10,"(0, -1, 0)"
8,group06_12k2-6-10_2a,Ga,2,2,12k_layer2_3,7,1.9844559567789046,Ga_O_05,"(-1, -1, 0)"
8,group06_12k2-6-10_2a,Ga,2,2,12k_layer2_3,21,1.9254355761963797,Ga_O_04,"(0, 0, 0)"
8,group06_12k2-6-10_2a,Ga,2,2,12k_layer2_3,25,1.9254355757587163,Ga_O_04,"(0, 0, 0)"
8,group06_12k2-6-10_2a,Ga,2,2,12k_layer2_3,29,2.098323453827207,Ga_O_10,"(0, -1, 0)"
8,group06_12k2-6-10_2a,Ga,2,2,12k_layer2_3,31,2.0948275151705062,Ga_O_09,"(0, 0, 0)"
8,group06_12k2-6-10_2a,Ga,2,2,12k_layer2_3,34,2.0983234538406164,Ga_O_10,"(0, 0, 0)"
8,group06_12k2-6-10_2a,Ga,3,3,12k_layer14_1,8,2.0983229791065865,Ga_O_10,"(0, 0, 0)"
8,group06_12k2-6-10_2a,Ga,3,3,12k_layer14_1,9,1.9254359958162917,Ga_O_04,"(0, 0, 0)"
8,group06_12k2-6-10_2a,Ga,3,3,12k_layer14_1,15,2.094827260093365,Ga_O_09,"(0, 0, 0)"
8,group06_12k2-6-10_2a,Ga,3,3,12k_layer14_1,20,1.9844560436631808,Ga_O_05,"(-1, -1, 0)"
8,group06_12k2-6-10_2a,Ga,3,3,12k_layer14_1,24,2.0983229796303986,Ga_O_10,"(-1, 0, 0)"
8,group06_12k2-6-10_2a,Ga,3,3,12k_layer14_1,30,1.9254359958162914,Ga_O_04,"(0, 0, 0)"
8,group06_12k2-6-10_2a,Cr,1,4,12k_layer2_2,7,1.984455956778905,Cr_O_05,"(0, -1, 0)"
8,group06_12k2-6-10_2a,Cr,1,4,12k_layer2_2,18,1.9254355763634932,Cr_O_04,"(0, 0, 0)"
8,group06_12k2-6-10_2a,Cr,1,4,12k_layer2_2,25,1.925435575758716,Cr_O_04,"(0, 0, 0)"
8,group06_12k2-6-10_2a,Cr,1,4,12k_layer2_2,31,2.094827515170506,Cr_O_09,"(0, 0, 0)"
8,group06_12k2-6-10_2a,Cr,1,4,12k_layer2_2,32,2.0983234538709623,Cr_O_10,"(0, -1, 0)"
8,group06_12k2-6-10_2a,Cr,1,4,12k_layer2_2,34,2.098323454408184,Cr_O_10,"(1, 0, 0)"
8,group06_12k2-6-10_2a,Ga,4,5,12k_layer14_3,14,2.098322979539073,Ga_O_10,"(0, 0, 0)"
8,group06_12k2-6-10_2a,Ga,4,5,12k_layer14_3,15,2.094827383098975,Ga_O_09,"(0, 0, 0)"
8,group06_12k2-6-10_2a,Ga,4,5,12k_layer14_3,20,1.9844560439741377,Ga_O_05,"(0, 0, 0)"
8,group06_12k2-6-10_2a,Ga,4,5,12k_layer14_3,24,2.098322979658534,Ga_O_10,"(0, 1, 0)"
8,group06_12k2-6-10_2a,Ga,4,5,12k_layer14_3,27,1.925435983138288,Ga_O_04,"(0, 0, 0)"
8,group06_12k2-6-10_2a,Ga,4,5,12k_layer14_3,30,1.9254359955204852,Ga_O_04,"(0, 0, 0)"
8,group06_12k2-6-10_2a,Cr,2,6,12k_layer10_2,5,1.9254359120300575,Cr_O_04,"(0, 0, 0)"
8,group06_12k2-6-10_2a,Cr,2,6,12k_layer10_2,12,1.98445595738215,Cr_O_05,"(-1, 0, 0)"
8,group06_12k2-6-10_2a,Cr,2,6,12k_layer10_2,17,2.094827514410795,Cr_O_09,"(0, 0, 0)"
8,group06_12k2-6-10_2a,Cr,2,6,12k_layer10_2,22,2.0983230321761726,Cr_O_10,"(-1, 0, 0)"
8,group06_12k2-6-10_2a,Cr,2,6,12k_layer10_2,26,2.0983230324265865,Cr_O_10,"(0, 1, 0)"
8,group06_12k2-6-10_2a,Cr,2,6,12k_layer10_2,33,1.9254359114895088,Cr_O_04,"(0, 0, 0)"
8,group06_12k2-6-10_2a,Cr,3,7,12k_layer6_2,3,2.0983234538709605,Cr_O_10,"(0, -1, 0)"
8,group06_12k2-6-10_2a,Cr,3,7,12k_layer6_2,4,1.9254355757587174,Cr_O_04,"(0, 0, 0)"
8,group06_12k2-6-10_2a,Cr,3,7,12k_layer6_2,6,1.9844559567789064,Cr_O_05,"(0, -1, 0)"
8,group06_12k2-6-10_2a,Cr,3,7,12k_layer6_2,13,2.0983234544081824,Cr_O_10,"(1, 0, 0)"
8,group06_12k2-6-10_2a,Cr,3,7,12k_layer6_2,19,2.0948275151705045,Cr_O_09,"(0, 0, 0)"
8,group06_12k2-6-10_2a,Cr,3,7,12k_layer6_2,38,1.9254355763634945,Cr_O_04,"(0, 0, 0)"
8,group06_12k2-6-10_2a,Cr,4,8,12k_layer6_1,3,2.0983234541175877,Cr_O_10,"(0, 0, 0)"
8,group06_12k2-6-10_2a,Cr,4,8,12k_layer6_1,6,1.9844559569613607,Cr_O_05,"(0, 0, 0)"
8,group06_12k2-6-10_2a,Cr,4,8,12k_layer6_1,19,2.0948276379027013,Cr_O_09,"(0, 0, 0)"
8,group06_12k2-6-10_2a,Cr,4,8,12k_layer6_1,28,1.9254355756093047,Cr_O_04,"(0, 0, 0)"
8,group06_12k2-6-10_2a,Cr,4,8,12k_layer6_1,36,2.0983234546414,Cr_O_10,"(1, 0, 0)"
8,group06_12k2-6-10_2a,Cr,4,8,12k_layer6_1,38,1.925435563604001,Cr_O_04,"(0, 0, 0)"
8,group06_12k2-6-10_2a,Ga,5,9,12k_layer14_2,8,2.098322979647595,Ga_O_10,"(0, 1, 0)"
8,group06_12k2-6-10_2a,Ga,5,9,12k_layer14_2,9,1.9254359955309297,Ga_O_04,"(0, 0, 0)"
8,group06_12k2-6-10_2a,Ga,5,9,12k_layer14_2,14,2.098322979397181,Ga_O_10,"(-1, 0, 0)"
8,group06_12k2-6-10_2a,Ga,5,9,12k_layer14_2,15,2.094827260728784,Ga_O_09,"(0, 0, 0)"
8,group06_12k2-6-10_2a,Ga,5,9,12k_layer14_2,20,1.9844560438241048,Ga_O_05,"(-1, 0, 0)"
8,group06_12k2-6-10_2a,Ga,5,9,12k_layer14_2,27,1.9254359960714784,Ga_O_04,"(0, 0, 0)"
8,group06_12k2-6-10_2a,Cr,5,10,2a_layer16,8,1.9948520249218649,Cr_O_07,"(1, 1, 0)"
8,group06_12k2-6-10_2a,Cr,5,10,2a_layer16,14,1.9948520252426432,Cr_O_07,"(0, 0, 0)"
8,group06_12k2-6-10_2a,Cr,5,10,2a_layer16,24,1.9948520249218644,Cr_O_07,"(0, 1, 0)"
8,group06_12k2-6-10_2a,Cr,5,10,2a_layer16,29,1.9948516604791149,Cr_O_07,"(1, 0, 1)"
8,group06_12k2-6-10_2a,Cr,5,10,2a_layer16,32,1.9948516599281325,Cr_O_07,"(0, 0, 1)"
8,group06_12k2-6-10_2a,Cr,5,10,2a_layer16,34,1.994851660087002,Cr_O_07,"(1, 1, 1)"
8,group06_12k2-6-10_2a,Ga,6,11,12k_layer10_3,1,1.9254359114790642,Ga_O_04,"(0, 0, 0)"
8,group06_12k2-6-10_2a,Ga,6,11,12k_layer10_3,5,1.9254358990968665,Ga_O_04,"(0, 0, 0)"
8,group06_12k2-6-10_2a,Ga,6,11,12k_layer10_3,11,2.0983230324375253,Ga_O_10,"(0, 1, 0)"
8,group06_12k2-6-10_2a,Ga,6,11,12k_layer10_3,12,1.9844559575321832,Ga_O_05,"(0, 0, 0)"
8,group06_12k2-6-10_2a,Ga,6,11,12k_layer10_3,17,2.094827636780971,Ga_O_09,"(0, 0, 0)"
8,group06_12k2-6-10_2a,Ga,6,11,12k_layer10_3,22,2.0983230323180644,Ga_O_10,"(0, 0, 0)"
8,group06_12k2-6-10_2a,Cr,6,12,12k_layer10_1,1,1.9254359117748707,Cr_O_04,"(0, 0, 0)"
8,group06_12k2-6-10_2a,Cr,6,12,12k_layer10_1,11,2.0983230324093904,Cr_O_10,"(-1, 0, 0)"
8,group06_12k2-6-10_2a,Cr,6,12,12k_layer10_1,12,1.9844559572212264,Cr_O_05,"(-1, -1, 0)"
8,group06_12k2-6-10_2a,Cr,6,12,12k_layer10_1,17,2.0948275137753765,Cr_O_09,"(0, 0, 0)"
8,group06_12k2-6-10_2a,Cr,6,12,12k_layer10_1,26,2.098323031885578,Cr_O_10,"(0, 0, 0)"
8,group06_12k2-6-10_2a,Cr,6,12,12k_layer10_1,33,1.9254359117748707,Cr_O_04,"(0, 0, 0)"
8,group06_12k2-6-10_2a,Cr,7,13,12k_layer2_1,7,1.9844559569613596,Cr_O_05,"(0, 0, 0)"
8,group06_12k2-6-10_2a,Cr,7,13,12k_layer2_1,18,1.925435563604,Cr_O_04,"(0, 0, 0)"
8,group06_12k2-6-10_2a,Cr,7,13,12k_layer2_1,21,1.9254355756093033,Cr_O_04,"(0, 0, 0)"
8,group06_12k2-6-10_2a,Cr,7,13,12k_layer2_1,29,2.0983234546414016,Cr_O_10,"(1, 0, 0)"
8,group06_12k2-6-10_2a,Cr,7,13,12k_layer2_1,31,2.0948276379027027,Cr_O_09,"(0, 0, 0)"
8,group06_12k2-6-10_2a,Cr,7,13,12k_layer2_1,32,2.0983234541175895,Cr_O_10,"(0, 0, 0)"
8,group06_12k2-6-10_2a,Ga,7,14,2b_layer12,10,1.8700732788205217,Ga_O_01,"(0, 1, 0)"
8,group06_12k2-6-10_2a,Ga,7,14,2b_layer12,12,2.2779384420000004,Ga_O_11,"(0, 0, 0)"
8,group06_12k2-6-10_2a,Ga,7,14,2b_layer12,20,2.2779384410000003,Ga_O_11,"(0, 0, 0)"
8,group06_12k2-6-10_2a,Ga,7,14,2b_layer12,23,1.870073507451236,Ga_O_01,"(1, 1, 0)"
8,group06_12k2-6-10_2a,Ga,7,14,2b_layer12,37,1.870073355,Ga_O_01,"(0, 0, 0)"
8,group06_12k2-6-10_2a,Cr,8,15,2a_layer8,3,1.9948516601706343,Cr_O_07,"(0, 0, 0)"
8,group06_12k2-6-10_2a,Cr,8,15,2a_layer8,11,1.9948520770594027,Cr_O_07,"(0, 1, 0)"
8,group06_12k2-6-10_2a,Cr,8,15,2a_layer8,13,1.994851660329504,Cr_O_07,"(1, 1, 0)"
8,group06_12k2-6-10_2a,Cr,8,15,2a_layer8,22,1.9948520773801812,Cr_O_07,"(0, 0, 0)"
8,group06_12k2-6-10_2a,Cr,8,15,2a_layer8,26,1.9948520770594032,Cr_O_07,"(1, 1, 0)"
8,group06_12k2-6-10_2a,Cr,8,15,2a_layer8,36,1.9948516607216167,Cr_O_07,"(1, 0, 0)"
8,group06_12k2-6-10_2a,Ga,8,16,2b_layer4,2,1.8700732794118144,Ga_O_01,"(1, 0, 0)"
8,group06_12k2-6-10_2a,Ga,8,16,2b_layer4,6,2.277938441000001,Ga_O_11,"(0, 0, 0)"
8,group06_12k2-6-10_2a,Ga,8,16,2b_layer4,7,2.2779384420000004,Ga_O_11,"(0, 0, 0)"
8,group06_12k2-6-10_2a,Ga,8,16,2b_layer4,16,1.8700735073000085,Ga_O_01,"(1, 1, 0)"
8,group06_12k2-6-10_2a,Ga,8,16,2b_layer4,35,1.870073355795254,Ga_O_01,"(0, 0, 0)"
8,group06_12k2-6-10_2a,Ga,9,17,4f1_layer9,11,1.9084361294606749,Ga_O_02,"(0, 0, 0)"
8,group06_12k2-6-10_2a,Ga,9,17,4f1_layer9,19,1.9091270429999996,Ga_O_03,"(0, 0, 0)"
8,group06_12k2-6-10_2a,Ga,9,17,4f1_layer9,22,1.9084362745505044,Ga_O_02,"(0, 0, 0)"
8,group06_12k2-6-10_2a,Ga,9,17,4f1_layer9,26,1.9084361294606744,Ga_O_02,"(0, 0, 0)"
8,group06_12k2-6-10_2a,Ga,10,18,4f2_layer11,1,1.9849917587865524,Ga_O_06,"(0, 0, 0)"
8,group06_12k2-6-10_2a,Ga,10,18,4f2_layer11,5,1.9849916384047732,Ga_O_06,"(0, -1, 0)"
8,group06_12k2-6-10_2a,Ga,10,18,4f2_layer11,10,2.0663776487443304,Ga_O_08,"(0, 0, 0)"
8,group06_12k2-6-10_2a,Ga,10,18,4f2_layer11,23,2.0663774783167193,Ga_O_08,"(0, 0, 0)"
8,group06_12k2-6-10_2a,Ga,10,18,4f2_layer11,33,1.9849917593946298,Ga_O_06,"(1, 0, 0)"
8,group06_12k2-6-10_2a,Ga,10,18,4f2_layer11,37,2.0663777054221355,Ga_O_08,"(0, 0, 0)"
8,group06_12k2-6-10_2a,Ga,11,19,4f2_layer3,2,2.0663771907209756,Ga_O_08,"(0, 0, 0)"
8,group06_12k2-6-10_2a,Ga,11,19,4f2_layer3,16,2.066377020121716,Ga_O_08,"(0, 0, 0)"
8,group06_12k2-6-10_2a,Ga,11,19,4f2_layer3,18,1.9849922964805824,Ga_O_06,"(-1, 0, 0)"
8,group06_12k2-6-10_2a,Ga,11,19,4f2_layer3,21,1.9849924174878968,Ga_O_06,"(0, 0, 0)"
8,group06_12k2-6-10_2a,Ga,11,19,4f2_layer3,25,1.9849924184808014,Ga_O_06,"(0, 1, 0)"
8,group06_12k2-6-10_2a,Ga,11,19,4f2_layer3,35,2.066377246884635,Ga_O_08,"(0, 0, 0)"
8,group06_12k2-6-10_2a,Ga,12,20,4f1_layer7,3,1.9084360732701862,Ga_O_02,"(0, 0, 0)"
8,group06_12k2-6-10_2a,Ga,12,20,4f1_layer7,13,1.9084359271385227,Ga_O_02,"(0, 0, 0)"
8,group06_12k2-6-10_2a,Ga,12,20,4f1_layer7,17,1.909127043000001,Ga_O_03,"(0, 0, 0)"
8,group06_12k2-6-10_2a,Ga,12,20,4f1_layer7,36,1.9084359275969722,Ga_O_02,"(0, 0, 0)"
8,group06_12k2-6-10_2a,Ga,13,21,4f2_layer5,2,2.0663771900543897,Ga_O_08,"(0, 0, 0)"
8,group06_12k2-6-10_2a,Ga,13,21,4f2_layer5,4,1.9849924184808014,Ga_O_06,"(0, 1, 0)"
8,group06_12k2-6-10_2a,Ga,13,21,4f2_layer5,16,2.0663770194551296,Ga_O_08,"(0, 0, 0)"
8,group06_12k2-6-10_2a,Ga,13,21,4f2_layer5,28,1.9849924174878968,Ga_O_06,"(0, 0, 0)"
8,group06_12k2-6-10_2a,Ga,13,21,4f2_layer5,35,2.0663772462180487,Ga_O_08,"(0, 0, 0)"
8,group06_12k2-6-10_2a,Ga,13,21,4f2_layer5,38,1.9849922964805824,Ga_O_06,"(-1, 0, 0)"
8,group06_12k2-6-10_2a,Ga,14,22,4f1_layer1,15,1.9091273005999965,Ga_O_03,"(0, 0, -1)"
8,group06_12k2-6-10_2a,Ga,14,22,4f1_layer1,29,1.9084359275969722,Ga_O_02,"(0, 0, 0)"
8,group06_12k2-6-10_2a,Ga,14,22,4f1_layer1,32,1.9084360732701862,Ga_O_02,"(0, 0, 0)"
8,group06_12k2-6-10_2a,Ga,14,22,4f1_layer1,34,1.9084359271385227,Ga_O_02,"(0, 0, 0)"
8,group06_12k2-6-10_2a,Ga,15,23,4f2_layer13,9,1.9849917593946296,Ga_O_06,"(1, 0, 0)"
8,group06_12k2-6-10_2a,Ga,15,23,4f2_layer13,10,2.0663776487443317,Ga_O_08,"(0, 0, 0)"
8,group06_12k2-6-10_2a,Ga,15,23,4f2_layer13,23,2.0663774783167206,Ga_O_08,"(0, 0, 0)"
8,group06_12k2-6-10_2a,Ga,15,23,4f2_layer13,27,1.984991638404773,Ga_O_06,"(0, -1, 0)"
8,group06_12k2-6-10_2a,Ga,15,23,4f2_layer13,30,1.984991758786552,Ga_O_06,"(0, 0, 0)"
8,group06_12k2-6-10_2a,Ga,15,23,4f2_layer13,37,2.066377705422137,Ga_O_08,"(0, 0, 0)"
8,group06_12k2-6-10_2a,Ga,16,24,4f1_layer15,8,1.9084361547650497,Ga_O_02,"(0, 0, 0)"
8,group06_12k2-6-10_2a,Ga,16,24,4f1_layer15,14,1.9084362998548778,Ga_O_02,"(0, 0, 0)"
8,group06_12k2-6-10_2a,Ga,16,24,4f1_layer15,24,1.9084361547650501,Ga_O_02,"(0, 0, 0)"
8,group06_12k2-6-10_2a,Ga,16,24,4f1_layer15,31,1.9091268705999949,Ga_O_03,"(0, 0, 1)"
8,group07_allf2_2a_12k-layer2,Sr,1,,,2,2.958098043228469,Sr_O_02,"(0, -1, 0)"
8,group07_allf2_2a_12k-layer2,Sr,1,,,4,2.864579795118219,Sr_O_01,"(0, 0, 0)"
8,group07_allf2_2a_12k-layer2,Sr,1,,,16,2.9580979326637595,Sr_O_02,"(1, 0, 0)"
8,group07_allf2_2a_12k-layer2,Sr,1,,,18,2.8645798765734263,Sr_O_01,"(0, 0, 0)"
8,group07_allf2_2a_12k-layer2,Sr,1,,,21,2.864579884642825,Sr_O_01,"(0, 0, 0)"
8,group07_allf2_2a_12k-layer2,Sr,1,,,25,2.8645797959311503,Sr_O_01,"(0, 0, 0)"
8,group07_allf2_2a_12k-layer2,Sr,1,,,28,2.864579883829894,Sr_O_01,"(0, 0, 0)"
8,group07_allf2_2a_12k-layer2,Sr,1,,,35,2.95809800345424,Sr_O_02,"(0, -1, 0)"
8,group07_allf2_2a_12k-layer2,Sr,1,,,38,2.8645798757604948,Sr_O_01,"(0, 0, 0)"
8,group07_allf2_2a_12k-layer2,Sr,2,,,1,2.8645793251769454,Sr_O_01,"(0, 0, 0)"
8,group07_allf2_2a_12k-layer2,Sr,2,,,5,2.8645793169995204,Sr_O_01,"(0, 0, 0)"
8,group07_allf2_2a_12k-layer2,Sr,2,,,9,2.8645792364135385,Sr_O_01,"(0, 0, 0)"
8,group07_allf2_2a_12k-layer2,Sr,2,,,10,2.9580980427214705,Sr_O_02,"(-1, 0, 0)"
8,group07_allf2_2a_12k-layer2,Sr,2,,,23,2.95809793284463,Sr_O_02,"(0, 1, 0)"
8,group07_allf2_2a_12k-layer2,Sr,2,,,27,2.8645793169995213,Sr_O_01,"(0, 0, 0)"
8,group07_allf2_2a_12k-layer2,Sr,2,,,30,2.8645793251769462,Sr_O_01,"(0, 0, 0)"
8,group07_allf2_2a_12k-layer2,Sr,2,,,33,2.864579236413537,Sr_O_01,"(0, 0, 0)"
8,group07_allf2_2a_12k-layer2,Sr,2,,,37,2.9580980035278155,Sr_O_02,"(-1, 0, 0)"
8,group07_allf2_2a_12k-layer2,Ga,1,1,12k_layer6_3,4,1.9254355757587174,Ga_O_04,"(0, 0, 0)"
8,group07_allf2_2a_12k-layer2,Ga,1,1,12k_layer6_3,6,1.9844559567789057,Ga_O_05,"(-1, -1, 0)"
8,group07_allf2_2a_12k-layer2,Ga,1,1,12k_layer6_3,13,2.0983234538406146,Ga_O_10,"(0, 0, 0)"
8,group07_allf2_2a_12k-layer2,Ga,1,1,12k_layer6_3,19,2.094827515170505,Ga_O_09,"(0, 0, 0)"
8,group07_allf2_2a_12k-layer2,Ga,1,1,12k_layer6_3,28,1.925435576196381,Ga_O_04,"(0, 0, 0)"
8,group07_allf2_2a_12k-layer2,Ga,1,1,12k_layer6_3,36,2.0983234538272053,Ga_O_10,"(0, -1, 0)"
8,group07_allf2_2a_12k-layer2,Ga,2,2,12k_layer2_3,7,1.9844559567789046,Ga_O_05,"(-1, -1, 0)"
8,group07_allf2_2a_12k-layer2,Ga,2,2,12k_layer2_3,21,1.9254355761963797,Ga_O_04,"(0, 0, 0)"
8,group07_allf2_2a_12k-layer2,Ga,2,2,12k_layer2_3,25,1.9254355757587163,Ga_O_04,"(0, 0, 0)"
8,group07_allf2_2a_12k-layer2,Ga,2,2,12k_layer2_3,29,2.098323453827207,Ga_O_10,"(0, -1, 0)"
8,group07_allf2_2a_12k-layer2,Ga,2,2,12k_layer2_3,31,2.0948275151705062,Ga_O_09,"(0, 0, 0)"
8,group07_allf2_2a_12k-layer2,Ga,2,2,12k_layer2_3,34,2.0983234538406164,Ga_O_10,"(0, 0, 0)"
8,group07_allf2_2a_12k-layer2,Ga,3,3,12k_layer14_1,8,2.0983229791065865,Ga_O_10,"(0, 0, 0)"
8,group07_allf2_2a_12k-layer2,Ga,3,3,12k_layer14_1,9,1.9254359958162917,Ga_O_04,"(0, 0, 0)"
8,group07_allf2_2a_12k-layer2,Ga,3,3,12k_layer14_1,15,2.094827260093365,Ga_O_09,"(0, 0, 0)"
8,group07_allf2_2a_12k-layer2,Ga,3,3,12k_layer14_1,20,1.9844560436631808,Ga_O_05,"(-1, -1, 0)"
8,group07_allf2_2a_12k-layer2,Ga,3,3,12k_layer14_1,24,2.0983229796303986,Ga_O_10,"(-1, 0, 0)"
8,group07_allf2_2a_12k-layer2,Ga,3,3,12k_layer14_1,30,1.9254359958162914,Ga_O_04,"(0, 0, 0)"
8,group07_allf2_2a_12k-layer2,Cr,1,4,12k_layer2_2,7,1.984455956778905,Cr_O_05,"(0, -1, 0)"
8,group07_allf2_2a_12k-layer2,Cr,1,4,12k_layer2_2,18,1.9254355763634932,Cr_O_04,"(0, 0, 0)"
8,group07_allf2_2a_12k-layer2,Cr,1,4,12k_layer2_2,25,1.925435575758716,Cr_O_04,"(0, 0, 0)"
8,group07_allf2_2a_12k-layer2,Cr,1,4,12k_layer2_2,31,2.094827515170506,Cr_O_09,"(0, 0, 0)"
8,group07_allf2_2a_12k-layer2,Cr,1,4,12k_layer2_2,32,2.0983234538709623,Cr_O_10,"(0, -1, 0)"
8,group07_allf2_2a_12k-layer2,Cr,1,4,12k_layer2_2,34,2.098323454408184,Cr_O_10,"(1, 0, 0)"
8,group07_allf2_2a_12k-layer2,Ga,4,5,12k_layer14_3,14,2.098322979539073,Ga_O_10,"(0, 0, 0)"
8,group07_allf2_2a_12k-layer2,Ga,4,5,12k_layer14_3,15,2.094827383098975,Ga_O_09,"(0, 0, 0)"
8,group07_allf2_2a_12k-layer2,Ga,4,5,12k_layer14_3,20,1.9844560439741377,Ga_O_05,"(0, 0, 0)"
8,group07_allf2_2a_12k-layer2,Ga,4,5,12k_layer14_3,24,2.098322979658534,Ga_O_10,"(0, 1, 0)"
8,group07_allf2_2a_12k-layer2,Ga,4,5,12k_layer14_3,27,1.925435983138288,Ga_O_04,"(0, 0, 0)"
8,group07_allf2_2a_12k-layer2,Ga,4,5,12k_layer14_3,30,1.9254359955204852,Ga_O_04,"(0, 0, 0)"
8,group07_allf2_2a_12k-layer2,Ga,5,6,12k_layer10_2,5,1.9254359120300575,Ga_O_04,"(0, 0, 0)"
8,group07_allf2_2a_12k-layer2,Ga,5,6,12k_layer10_2,12,1.98445595738215,Ga_O_05,"(-1, 0, 0)"
8,group07_allf2_2a_12k-layer2,Ga,5,6,12k_layer10_2,17,2.094827514410795,Ga_O_09,"(0, 0, 0)"
8,group07_allf2_2a_12k-layer2,Ga,5,6,12k_layer10_2,22,2.0983230321761726,Ga_O_10,"(-1, 0, 0)"
8,group07_allf2_2a_12k-layer2,Ga,5,6,12k_layer10_2,26,2.0983230324265865,Ga_O_10,"(0, 1, 0)"
8,group07_allf2_2a_12k-layer2,Ga,5,6,12k_layer10_2,33,1.9254359114895088,Ga_O_04,"(0, 0, 0)"
8,group07_allf2_2a_12k-layer2,Ga,6,7,12k_layer6_2,3,2.0983234538709605,Ga_O_10,"(0, -1, 0)"
8,group07_allf2_2a_12k-layer2,Ga,6,7,12k_layer6_2,4,1.9254355757587174,Ga_O_04,"(0, 0, 0)"
8,group07_allf2_2a_12k-layer2,Ga,6,7,12k_layer6_2,6,1.9844559567789064,Ga_O_05,"(0, -1, 0)"
8,group07_allf2_2a_12k-layer2,Ga,6,7,12k_layer6_2,13,2.0983234544081824,Ga_O_10,"(1, 0, 0)"
8,group07_allf2_2a_12k-layer2,Ga,6,7,12k_layer6_2,19,2.0948275151705045,Ga_O_09,"(0, 0, 0)"
8,group07_allf2_2a_12k-layer2,Ga,6,7,12k_layer6_2,38,1.9254355763634945,Ga_O_04,"(0, 0, 0)"
8,group07_allf2_2a_12k-layer2,Ga,7,8,12k_layer6_1,3,2.0983234541175877,Ga_O_10,"(0, 0, 0)"
8,group07_allf2_2a_12k-layer2,Ga,7,8,12k_layer6_1,6,1.9844559569613607,Ga_O_05,"(0, 0, 0)"
8,group07_allf2_2a_12k-layer2,Ga,7,8,12k_layer6_1,19,2.0948276379027013,Ga_O_09,"(0, 0, 0)"
8,group07_allf2_2a_12k-layer2,Ga,7,8,12k_layer6_1,28,1.9254355756093047,Ga_O_04,"(0, 0, 0)"
8,group07_allf2_2a_12k-layer2,Ga,7,8,12k_layer6_1,36,2.0983234546414,Ga_O_10,"(1, 0, 0)"
8,group07_allf2_2a_12k-layer2,Ga,7,8,12k_layer6_1,38,1.925435563604001,Ga_O_04,"(0, 0, 0)"
8,group07_allf2_2a_12k-layer2,Ga,8,9,12k_layer14_2,8,2.098322979647595,Ga_O_10,"(0, 1, 0)"
8,group07_allf2_2a_12k-layer2,Ga,8,9,12k_layer14_2,9,1.9254359955309297,Ga_O_04,"(0, 0, 0)"
8,group07_allf2_2a_12k-layer2,Ga,8,9,12k_layer14_2,14,2.098322979397181,Ga_O_10,"(-1, 0, 0)"
8,group07_allf2_2a_12k-layer2,Ga,8,9,12k_layer14_2,15,2.094827260728784,Ga_O_09,"(0, 0, 0)"
8,group07_allf2_2a_12k-layer2,Ga,8,9,12k_layer14_2,20,1.9844560438241048,Ga_O_05,"(-1, 0, 0)"
8,group07_allf2_2a_12k-layer2,Ga,8,9,12k_layer14_2,27,1.9254359960714784,Ga_O_04,"(0, 0, 0)"
8,group07_allf2_2a_12k-layer2,Cr,2,10,2a_layer16,8,1.9948520249218649,Cr_O_07,"(1, 1, 0)"
8,group07_allf2_2a_12k-layer2,Cr,2,10,2a_layer16,14,1.9948520252426432,Cr_O_07,"(0, 0, 0)"
8,group07_allf2_2a_12k-layer2,Cr,2,10,2a_layer16,24,1.9948520249218644,Cr_O_07,"(0, 1, 0)"
8,group07_allf2_2a_12k-layer2,Cr,2,10,2a_layer16,29,1.9948516604791149,Cr_O_07,"(1, 0, 1)"
8,group07_allf2_2a_12k-layer2,Cr,2,10,2a_layer16,32,1.9948516599281325,Cr_O_07,"(0, 0, 1)"
8,group07_allf2_2a_12k-layer2,Cr,2,10,2a_layer16,34,1.994851660087002,Cr_O_07,"(1, 1, 1)"
8,group07_allf2_2a_12k-layer2,Ga,9,11,12k_layer10_3,1,1.9254359114790642,Ga_O_04,"(0, 0, 0)"
8,group07_allf2_2a_12k-layer2,Ga,9,11,12k_layer10_3,5,1.9254358990968665,Ga_O_04,"(0, 0, 0)"
8,group07_allf2_2a_12k-layer2,Ga,9,11,12k_layer10_3,11,2.0983230324375253,Ga_O_10,"(0, 1, 0)"
8,group07_allf2_2a_12k-layer2,Ga,9,11,12k_layer10_3,12,1.9844559575321832,Ga_O_05,"(0, 0, 0)"
8,group07_allf2_2a_12k-layer2,Ga,9,11,12k_layer10_3,17,2.094827636780971,Ga_O_09,"(0, 0, 0)"
8,group07_allf2_2a_12k-layer2,Ga,9,11,12k_layer10_3,22,2.0983230323180644,Ga_O_10,"(0, 0, 0)"
8,group07_allf2_2a_12k-layer2,Ga,10,12,12k_layer10_1,1,1.9254359117748707,Ga_O_04,"(0, 0, 0)"
8,group07_allf2_2a_12k-layer2,Ga,10,12,12k_layer10_1,11,2.0983230324093904,Ga_O_10,"(-1, 0, 0)"
8,group07_allf2_2a_12k-layer2,Ga,10,12,12k_layer10_1,12,1.9844559572212264,Ga_O_05,"(-1, -1, 0)"
8,group07_allf2_2a_12k-layer2,Ga,10,12,12k_layer10_1,17,2.0948275137753765,Ga_O_09,"(0, 0, 0)"
8,group07_allf2_2a_12k-layer2,Ga,10,12,12k_layer10_1,26,2.098323031885578,Ga_O_10,"(0, 0, 0)"
8,group07_allf2_2a_12k-layer2,Ga,10,12,12k_layer10_1,33,1.9254359117748707,Ga_O_04,"(0, 0, 0)"
8,group07_allf2_2a_12k-layer2,Cr,3,13,12k_layer2_1,7,1.9844559569613596,Cr_O_05,"(0, 0, 0)"
8,group07_allf2_2a_12k-layer2,Cr,3,13,12k_layer2_1,18,1.925435563604,Cr_O_04,"(0, 0, 0)"
8,group07_allf2_2a_12k-layer2,Cr,3,13,12k_layer2_1,21,1.9254355756093033,Cr_O_04,"(0, 0, 0)"
8,group07_allf2_2a_12k-layer2,Cr,3,13,12k_layer2_1,29,2.0983234546414016,Cr_O_10,"(1, 0, 0)"
8,group07_allf2_2a_12k-layer2,Cr,3,13,12k_layer2_1,31,2.0948276379027027,Cr_O_09,"(0, 0, 0)"
8,group07_allf2_2a_12k-layer2,Cr,3,13,12k_layer2_1,32,2.0983234541175895,Cr_O_10,"(0, 0, 0)"
8,group07_allf2_2a_12k-layer2,Ga,11,14,2b_layer12,10,1.8700732788205217,Ga_O_01,"(0, 1, 0)"
8,group07_allf2_2a_12k-layer2,Ga,11,14,2b_layer12,12,2.2779384420000004,Ga_O_11,"(0, 0, 0)"
8,group07_allf2_2a_12k-layer2,Ga,11,14,2b_layer12,20,2.2779384410000003,Ga_O_11,"(0, 0, 0)"
8,group07_allf2_2a_12k-layer2,Ga,11,14,2b_layer12,23,1.870073507451236,Ga_O_01,"(1, 1, 0)"
8,group07_allf2_2a_12k-layer2,Ga,11,14,2b_layer12,37,1.870073355,Ga_O_01,"(0, 0, 0)"
8,group07_allf2_2a_12k-layer2,Cr,4,15,2a_layer8,3,1.9948516601706343,Cr_O_07,"(0, 0, 0)"
8,group07_allf2_2a_12k-layer2,Cr,4,15,2a_layer8,11,1.9948520770594027,Cr_O_07,"(0, 1, 0)"
8,group07_allf2_2a_12k-layer2,Cr,4,15,2a_layer8,13,1.994851660329504,Cr_O_07,"(1, 1, 0)"
8,group07_allf2_2a_12k-layer2,Cr,4,15,2a_layer8,22,1.9948520773801812,Cr_O_07,"(0, 0, 0)"
8,group07_allf2_2a_12k-layer2,Cr,4,15,2a_layer8,26,1.9948520770594032,Cr_O_07,"(1, 1, 0)"
8,group07_allf2_2a_12k-layer2,Cr,4,15,2a_layer8,36,1.9948516607216167,Cr_O_07,"(1, 0, 0)"
8,group07_allf2_2a_12k-layer2,Ga,12,16,2b_layer4,2,1.8700732794118144,Ga_O_01,"(1, 0, 0)"
8,group07_allf2_2a_12k-layer2,Ga,12,16,2b_layer4,6,2.277938441000001,Ga_O_11,"(0, 0, 0)"
8,group07_allf2_2a_12k-layer2,Ga,12,16,2b_layer4,7,2.2779384420000004,Ga_O_11,"(0, 0, 0)"
8,group07_allf2_2a_12k-layer2,Ga,12,16,2b_layer4,16,1.8700735073000085,Ga_O_01,"(1, 1, 0)"
8,group07_allf2_2a_12k-layer2,Ga,12,16,2b_layer4,35,1.870073355795254,Ga_O_01,"(0, 0, 0)"
8,group07_allf2_2a_12k-layer2,Ga,13,17,4f1_layer9,11,1.9084361294606749,Ga_O_02,"(0, 0, 0)"
8,group07_allf2_2a_12k-layer2,Ga,13,17,4f1_layer9,19,1.9091270429999996,Ga_O_03,"(0, 0, 0)"
8,group07_allf2_2a_12k-layer2,Ga,13,17,4f1_layer9,22,1.9084362745505044,Ga_O_02,"(0, 0, 0)"
8,group07_allf2_2a_12k-layer2,Ga,13,17,4f1_layer9,26,1.9084361294606744,Ga_O_02,"(0, 0, 0)"
8,group07_allf2_2a_12k-layer2,Cr,5,18,4f2_layer11,1,1.9849917587865524,Cr_O_06,"(0, 0, 0)"
8,group07_allf2_2a_12k-layer2,Cr,5,18,4f2_layer11,5,1.9849916384047732,Cr_O_06,"(0, -1, 0)"
8,group07_allf2_2a_12k-layer2,Cr,5,18,4f2_layer11,10,2.0663776487443304,Cr_O_08,"(0, 0, 0)"
8,group07_allf2_2a_12k-layer2,Cr,5,18,4f2_layer11,23,2.0663774783167193,Cr_O_08,"(0, 0, 0)"
8,group07_allf2_2a_12k-layer2,Cr,5,18,4f2_layer11,33,1.9849917593946298,Cr_O_06,"(1, 0, 0)"
8,group07_allf2_2a_12k-layer2,Cr,5,18,4f2_layer11,37,2.0663777054221355,Cr_O_08,"(0, 0, 0)"
8,group07_allf2_2a_12k-layer2,Cr,6,19,4f2_layer3,2,2.0663771907209756,Cr_O_08,"(0, 0, 0)"
8,group07_allf2_2a_12k-layer2,Cr,6,19,4f2_layer3,16,2.066377020121716,Cr_O_08,"(0, 0, 0)"
8,group07_allf2_2a_12k-layer2,Cr,6,19,4f2_layer3,18,1.9849922964805824,Cr_O_06,"(-1, 0, 0)"
8,group07_allf2_2a_12k-layer2,Cr,6,19,4f2_layer3,21,1.9849924174878968,Cr_O_06,"(0, 0, 0)"
8,group07_allf2_2a_12k-layer2,Cr,6,19,4f2_layer3,25,1.9849924184808014,Cr_O_06,"(0, 1, 0)"
8,group07_allf2_2a_12k-layer2,Cr,6,19,4f2_layer3,35,2.066377246884635,Cr_O_08,"(0, 0, 0)"
8,group07_allf2_2a_12k-layer2,Ga,14,20,4f1_layer7,3,1.9084360732701862,Ga_O_02,"(0, 0, 0)"
8,group07_allf2_2a_12k-layer2,Ga,14,20,4f1_layer7,13,1.9084359271385227,Ga_O_02,"(0, 0, 0)"
8,group07_allf2_2a_12k-layer2,Ga,14,20,4f1_layer7,17,1.909127043000001,Ga_O_03,"(0, 0, 0)"
8,group07_allf2_2a_12k-layer2,Ga,14,20,4f1_layer7,36,1.9084359275969722,Ga_O_02,"(0, 0, 0)"
8,group07_allf2_2a_12k-layer2,Cr,7,21,4f2_layer5,2,2.0663771900543897,Cr_O_08,"(0, 0, 0)"
8,group07_allf2_2a_12k-layer2,Cr,7,21,4f2_layer5,4,1.9849924184808014,Cr_O_06,"(0, 1, 0)"
8,group07_allf2_2a_12k-layer2,Cr,7,21,4f2_layer5,16,2.0663770194551296,Cr_O_08,"(0, 0, 0)"
8,group07_allf2_2a_12k-layer2,Cr,7,21,4f2_layer5,28,1.9849924174878968,Cr_O_06,"(0, 0, 0)"
8,group07_allf2_2a_12k-layer2,Cr,7,21,4f2_layer5,35,2.0663772462180487,Cr_O_08,"(0, 0, 0)"
8,group07_allf2_2a_12k-layer2,Cr,7,21,4f2_layer5,38,1.9849922964805824,Cr_O_06,"(-1, 0, 0)"
8,group07_allf2_2a_12k-layer2,Ga,15,22,4f1_layer1,15,1.9091273005999965,Ga_O_03,"(0, 0, -1)"
8,group07_allf2_2a_12k-layer2,Ga,15,22,4f1_layer1,29,1.9084359275969722,Ga_O_02,"(0, 0, 0)"
8,group07_allf2_2a_12k-layer2,Ga,15,22,4f1_layer1,32,1.9084360732701862,Ga_O_02,"(0, 0, 0)"
8,group07_allf2_2a_12k-layer2,Ga,15,22,4f1_layer1,34,1.9084359271385227,Ga_O_02,"(0, 0, 0)"
8,group07_allf2_2a_12k-layer2,Cr,8,23,4f2_layer13,9,1.9849917593946296,Cr_O_06,"(1, 0, 0)"
8,group07_allf2_2a_12k-layer2,Cr,8,23,4f2_layer13,10,2.0663776487443317,Cr_O_08,"(0, 0, 0)"
8,group07_allf2_2a_12k-layer2,Cr,8,23,4f2_layer13,23,2.0663774783167206,Cr_O_08,"(0, 0, 0)"
8,group07_allf2_2a_12k-layer2,Cr,8,23,4f2_layer13,27,1.984991638404773,Cr_O_06,"(0, -1, 0)"
8,group07_allf2_2a_12k-layer2,Cr,8,23,4f2_layer13,30,1.984991758786552,Cr_O_06,"(0, 0, 0)"
8,group07_allf2_2a_12k-layer2,Cr,8,23,4f2_layer13,37,2.066377705422137,Cr_O_08,"(0, 0, 0)"
8,group07_allf2_2a_12k-layer2,Ga,16,24,4f1_layer15,8,1.9084361547650497,Ga_O_02,"(0, 0, 0)"
8,group07_allf2_2a_12k-layer2,Ga,16,24,4f1_layer15,14,1.9084362998548778,Ga_O_02,"(0, 0, 0)"
8,group07_allf2_2a_12k-layer2,Ga,16,24,4f1_layer15,24,1.9084361547650501,Ga_O_02,"(0, 0, 0)"
8,group07_allf2_2a_12k-layer2,Ga,16,24,4f1_layer15,31,1.9091268705999949,Ga_O_03,"(0, 0, 1)"
8,group08_allf2_2a_single12k-layers2-6,Sr,1,,,2,2.958098043228469,Sr_O_02,"(0, -1, 0)"
8,group08_allf2_2a_single12k-layers2-6,Sr,1,,,4,2.864579795118219,Sr_O_01,"(0, 0, 0)"
8,group08_allf2_2a_single12k-layers2-6,Sr,1,,,16,2.9580979326637595,Sr_O_02,"(1, 0, 0)"
8,group08_allf2_2a_single12k-layers2-6,Sr,1,,,18,2.8645798765734263,Sr_O_01,"(0, 0, 0)"
8,group08_allf2_2a_single12k-layers2-6,Sr,1,,,21,2.864579884642825,Sr_O_01,"(0, 0, 0)"
8,group08_allf2_2a_single12k-layers2-6,Sr,1,,,25,2.8645797959311503,Sr_O_01,"(0, 0, 0)"
8,group08_allf2_2a_single12k-layers2-6,Sr,1,,,28,2.864579883829894,Sr_O_01,"(0, 0, 0)"
8,group08_allf2_2a_single12k-layers2-6,Sr,1,,,35,2.95809800345424,Sr_O_02,"(0, -1, 0)"
8,group08_allf2_2a_single12k-layers2-6,Sr,1,,,38,2.8645798757604948,Sr_O_01,"(0, 0, 0)"
8,group08_allf2_2a_single12k-layers2-6,Sr,2,,,1,2.8645793251769454,Sr_O_01,"(0, 0, 0)"
8,group08_allf2_2a_single12k-layers2-6,Sr,2,,,5,2.8645793169995204,Sr_O_01,"(0, 0, 0)"
8,group08_allf2_2a_single12k-layers2-6,Sr,2,,,9,2.8645792364135385,Sr_O_01,"(0, 0, 0)"
8,group08_allf2_2a_single12k-layers2-6,Sr,2,,,10,2.9580980427214705,Sr_O_02,"(-1, 0, 0)"
8,group08_allf2_2a_single12k-layers2-6,Sr,2,,,23,2.95809793284463,Sr_O_02,"(0, 1, 0)"
8,group08_allf2_2a_single12k-layers2-6,Sr,2,,,27,2.8645793169995213,Sr_O_01,"(0, 0, 0)"
8,group08_allf2_2a_single12k-layers2-6,Sr,2,,,30,2.8645793251769462,Sr_O_01,"(0, 0, 0)"
8,group08_allf2_2a_single12k-layers2-6,Sr,2,,,33,2.864579236413537,Sr_O_01,"(0, 0, 0)"
8,group08_allf2_2a_single12k-layers2-6,Sr,2,,,37,2.9580980035278155,Sr_O_02,"(-1, 0, 0)"
8,group08_allf2_2a_single12k-layers2-6,Ga,1,1,12k_layer6_3,4,1.9254355757587174,Ga_O_04,"(0, 0, 0)"
8,group08_allf2_2a_single12k-layers2-6,Ga,1,1,12k_layer6_3,6,1.9844559567789057,Ga_O_05,"(-1, -1, 0)"
8,group08_allf2_2a_single12k-layers2-6,Ga,1,1,12k_layer6_3,13,2.0983234538406146,Ga_O_10,"(0, 0, 0)"
8,group08_allf2_2a_single12k-layers2-6,Ga,1,1,12k_layer6_3,19,2.094827515170505,Ga_O_09,"(0, 0, 0)"
8,group08_allf2_2a_single12k-layers2-6,Ga,1,1,12k_layer6_3,28,1.925435576196381,Ga_O_04,"(0, 0, 0)"
8,group08_allf2_2a_single12k-layers2-6,Ga,1,1,12k_layer6_3,36,2.0983234538272053,Ga_O_10,"(0, -1, 0)"
8,group08_allf2_2a_single12k-layers2-6,Ga,2,2,12k_layer2_3,7,1.9844559567789046,Ga_O_05,"(-1, -1, 0)"
8,group08_allf2_2a_single12k-layers2-6,Ga,2,2,12k_layer2_3,21,1.9254355761963797,Ga_O_04,"(0, 0, 0)"
8,group08_allf2_2a_single12k-layers2-6,Ga,2,2,12k_layer2_3,25,1.9254355757587163,Ga_O_04,"(0, 0, 0)"
8,group08_allf2_2a_single12k-layers2-6,Ga,2,2,12k_layer2_3,29,2.098323453827207,Ga_O_10,"(0, -1, 0)"
8,group08_allf2_2a_single12k-layers2-6,Ga,2,2,12k_layer2_3,31,2.0948275151705062,Ga_O_09,"(0, 0, 0)"
8,group08_allf2_2a_single12k-layers2-6,Ga,2,2,12k_layer2_3,34,2.0983234538406164,Ga_O_10,"(0, 0, 0)"
8,group08_allf2_2a_single12k-layers2-6,Ga,3,3,12k_layer14_1,8,2.0983229791065865,Ga_O_10,"(0, 0, 0)"
8,group08_allf2_2a_single12k-layers2-6,Ga,3,3,12k_layer14_1,9,1.9254359958162917,Ga_O_04,"(0, 0, 0)"
8,group08_allf2_2a_single12k-layers2-6,Ga,3,3,12k_layer14_1,15,2.094827260093365,Ga_O_09,"(0, 0, 0)"
8,group08_allf2_2a_single12k-layers2-6,Ga,3,3,12k_layer14_1,20,1.9844560436631808,Ga_O_05,"(-1, -1, 0)"
8,group08_allf2_2a_single12k-layers2-6,Ga,3,3,12k_layer14_1,24,2.0983229796303986,Ga_O_10,"(-1, 0, 0)"
8,group08_allf2_2a_single12k-layers2-6,Ga,3,3,12k_layer14_1,30,1.9254359958162914,Ga_O_04,"(0, 0, 0)"
8,group08_allf2_2a_single12k-layers2-6,Ga,4,4,12k_layer2_2,7,1.984455956778905,Ga_O_05,"(0, -1, 0)"
8,group08_allf2_2a_single12k-layers2-6,Ga,4,4,12k_layer2_2,18,1.9254355763634932,Ga_O_04,"(0, 0, 0)"
8,group08_allf2_2a_single12k-layers2-6,Ga,4,4,12k_layer2_2,25,1.925435575758716,Ga_O_04,"(0, 0, 0)"
8,group08_allf2_2a_single12k-layers2-6,Ga,4,4,12k_layer2_2,31,2.094827515170506,Ga_O_09,"(0, 0, 0)"
8,group08_allf2_2a_single12k-layers2-6,Ga,4,4,12k_layer2_2,32,2.0983234538709623,Ga_O_10,"(0, -1, 0)"
8,group08_allf2_2a_single12k-layers2-6,Ga,4,4,12k_layer2_2,34,2.098323454408184,Ga_O_10,"(1, 0, 0)"
8,group08_allf2_2a_single12k-layers2-6,Ga,5,5,12k_layer14_3,14,2.098322979539073,Ga_O_10,"(0, 0, 0)"
8,group08_allf2_2a_single12k-layers2-6,Ga,5,5,12k_layer14_3,15,2.094827383098975,Ga_O_09,"(0, 0, 0)"
8,group08_allf2_2a_single12k-layers2-6,Ga,5,5,12k_layer14_3,20,1.9844560439741377,Ga_O_05,"(0, 0, 0)"
8,group08_allf2_2a_single12k-layers2-6,Ga,5,5,12k_layer14_3,24,2.098322979658534,Ga_O_10,"(0, 1, 0)"
8,group08_allf2_2a_single12k-layers2-6,Ga,5,5,12k_layer14_3,27,1.925435983138288,Ga_O_04,"(0, 0, 0)"
8,group08_allf2_2a_single12k-layers2-6,Ga,5,5,12k_layer14_3,30,1.9254359955204852,Ga_O_04,"(0, 0, 0)"
8,group08_allf2_2a_single12k-layers2-6,Ga,6,6,12k_layer10_2,5,1.9254359120300575,Ga_O_04,"(0, 0, 0)"
8,group08_allf2_2a_single12k-layers2-6,Ga,6,6,12k_layer10_2,12,1.98445595738215,Ga_O_05,"(-1, 0, 0)"
8,group08_allf2_2a_single12k-layers2-6,Ga,6,6,12k_layer10_2,17,2.094827514410795,Ga_O_09,"(0, 0, 0)"
8,group08_allf2_2a_single12k-layers2-6,Ga,6,6,12k_layer10_2,22,2.0983230321761726,Ga_O_10,"(-1, 0, 0)"
8,group08_allf2_2a_single12k-layers2-6,Ga,6,6,12k_layer10_2,26,2.0983230324265865,Ga_O_10,"(0, 1, 0)"
8,group08_allf2_2a_single12k-layers2-6,Ga,6,6,12k_layer10_2,33,1.9254359114895088,Ga_O_04,"(0, 0, 0)"
8,group08_allf2_2a_single12k-layers2-6,Ga,7,7,12k_layer6_2,3,2.0983234538709605,Ga_O_10,"(0, -1, 0)"
8,group08_allf2_2a_single12k-layers2-6,Ga,7,7,12k_layer6_2,4,1.9254355757587174,Ga_O_04,"(0, 0, 0)"
8,group08_allf2_2a_single12k-layers2-6,Ga,7,7,12k_layer6_2,6,1.9844559567789064,Ga_O_05,"(0, -1, 0)"
8,group08_allf2_2a_single12k-layers2-6,Ga,7,7,12k_layer6_2,13,2.0983234544081824,Ga_O_10,"(1, 0, 0)"
8,group08_allf2_2a_single12k-layers2-6,Ga,7,7,12k_layer6_2,19,2.0948275151705045,Ga_O_09,"(0, 0, 0)"
8,group08_allf2_2a_single12k-layers2-6,Ga,7,7,12k_layer6_2,38,1.9254355763634945,Ga_O_04,"(0, 0, 0)"
8,group08_allf2_2a_single12k-layers2-6,Cr,1,8,12k_layer6_1,3,2.0983234541175877,Cr_O_10,"(0, 0, 0)"
8,group08_allf2_2a_single12k-layers2-6,Cr,1,8,12k_layer6_1,6,1.9844559569613607,Cr_O_05,"(0, 0, 0)"
8,group08_allf2_2a_single12k-layers2-6,Cr,1,8,12k_layer6_1,19,2.0948276379027013,Cr_O_09,"(0, 0, 0)"
8,group08_allf2_2a_single12k-layers2-6,Cr,1,8,12k_layer6_1,28,1.9254355756093047,Cr_O_04,"(0, 0, 0)"
8,group08_allf2_2a_single12k-layers2-6,Cr,1,8,12k_layer6_1,36,2.0983234546414,Cr_O_10,"(1, 0, 0)"
8,group08_allf2_2a_single12k-layers2-6,Cr,1,8,12k_layer6_1,38,1.925435563604001,Cr_O_04,"(0, 0, 0)"
8,group08_allf2_2a_single12k-layers2-6,Ga,8,9,12k_layer14_2,8,2.098322979647595,Ga_O_10,"(0, 1, 0)"
8,group08_allf2_2a_single12k-layers2-6,Ga,8,9,12k_layer14_2,9,1.9254359955309297,Ga_O_04,"(0, 0, 0)"
8,group08_allf2_2a_single12k-layers2-6,Ga,8,9,12k_layer14_2,14,2.098322979397181,Ga_O_10,"(-1, 0, 0)"
8,group08_allf2_2a_single12k-layers2-6,Ga,8,9,12k_layer14_2,15,2.094827260728784,Ga_O_09,"(0, 0, 0)"
8,group08_allf2_2a_single12k-layers2-6,Ga,8,9,12k_layer14_2,20,1.9844560438241048,Ga_O_05,"(-1, 0, 0)"
8,group08_allf2_2a_single12k-layers2-6,Ga,8,9,12k_layer14_2,27,1.9254359960714784,Ga_O_04,"(0, 0, 0)"
8,group08_allf2_2a_single12k-layers2-6,Cr,2,10,2a_layer16,8,1.9948520249218649,Cr_O_07,"(1, 1, 0)"
8,group08_allf2_2a_single12k-layers2-6,Cr,2,10,2a_layer16,14,1.9948520252426432,Cr_O_07,"(0, 0, 0)"
8,group08_allf2_2a_single12k-layers2-6,Cr,2,10,2a_layer16,24,1.9948520249218644,Cr_O_07,"(0, 1, 0)"
8,group08_allf2_2a_single12k-layers2-6,Cr,2,10,2a_layer16,29,1.9948516604791149,Cr_O_07,"(1, 0, 1)"
8,group08_allf2_2a_single12k-layers2-6,Cr,2,10,2a_layer16,32,1.9948516599281325,Cr_O_07,"(0, 0, 1)"
8,group08_allf2_2a_single12k-layers2-6,Cr,2,10,2a_layer16,34,1.994851660087002,Cr_O_07,"(1, 1, 1)"
8,group08_allf2_2a_single12k-layers2-6,Ga,9,11,12k_layer10_3,1,1.9254359114790642,Ga_O_04,"(0, 0, 0)"
8,group08_allf2_2a_single12k-layers2-6,Ga,9,11,12k_layer10_3,5,1.9254358990968665,Ga_O_04,"(0, 0, 0)"
8,group08_allf2_2a_single12k-layers2-6,Ga,9,11,12k_layer10_3,11,2.0983230324375253,Ga_O_10,"(0, 1, 0)"
8,group08_allf2_2a_single12k-layers2-6,Ga,9,11,12k_layer10_3,12,1.9844559575321832,Ga_O_05,"(0, 0, 0)"
8,group08_allf2_2a_single12k-layers2-6,Ga,9,11,12k_layer10_3,17,2.094827636780971,Ga_O_09,"(0, 0, 0)"
8,group08_allf2_2a_single12k-layers2-6,Ga,9,11,12k_layer10_3,22,2.0983230323180644,Ga_O_10,"(0, 0, 0)"
8,group08_allf2_2a_single12k-layers2-6,Ga,10,12,12k_layer10_1,1,1.9254359117748707,Ga_O_04,"(0, 0, 0)"
8,group08_allf2_2a_single12k-layers2-6,Ga,10,12,12k_layer10_1,11,2.0983230324093904,Ga_O_10,"(-1, 0, 0)"
8,group08_allf2_2a_single12k-layers2-6,Ga,10,12,12k_layer10_1,12,1.9844559572212264,Ga_O_05,"(-1, -1, 0)"
8,group08_allf2_2a_single12k-layers2-6,Ga,10,12,12k_layer10_1,17,2.0948275137753765,Ga_O_09,"(0, 0, 0)"
8,group08_allf2_2a_single12k-layers2-6,Ga,10,12,12k_layer10_1,26,2.098323031885578,Ga_O_10,"(0, 0, 0)"
8,group08_allf2_2a_single12k-layers2-6,Ga,10,12,12k_layer10_1,33,1.9254359117748707,Ga_O_04,"(0, 0, 0)"
8,group08_allf2_2a_single12k-layers2-6,Cr,3,13,12k_layer2_1,7,1.9844559569613596,Cr_O_05,"(0, 0, 0)"
8,group08_allf2_2a_single12k-layers2-6,Cr,3,13,12k_layer2_1,18,1.925435563604,Cr_O_04,"(0, 0, 0)"
8,group08_allf2_2a_single12k-layers2-6,Cr,3,13,12k_layer2_1,21,1.9254355756093033,Cr_O_04,"(0, 0, 0)"
8,group08_allf2_2a_single12k-layers2-6,Cr,3,13,12k_layer2_1,29,2.0983234546414016,Cr_O_10,"(1, 0, 0)"
8,group08_allf2_2a_single12k-layers2-6,Cr,3,13,12k_layer2_1,31,2.0948276379027027,Cr_O_09,"(0, 0, 0)"
8,group08_allf2_2a_single12k-layers2-6,Cr,3,13,12k_layer2_1,32,2.0983234541175895,Cr_O_10,"(0, 0, 0)"
8,group08_allf2_2a_single12k-layers2-6,Ga,11,14,2b_layer12,10,1.8700732788205217,Ga_O_01,"(0, 1, 0)"
8,group08_allf2_2a_single12k-layers2-6,Ga,11,14,2b_layer12,12,2.2779384420000004,Ga_O_11,"(0, 0, 0)"
8,group08_allf2_2a_single12k-layers2-6,Ga,11,14,2b_layer12,20,2.2779384410000003,Ga_O_11,"(0, 0, 0)"
8,group08_allf2_2a_single12k-layers2-6,Ga,11,14,2b_layer12,23,1.870073507451236,Ga_O_01,"(1, 1, 0)"
8,group08_allf2_2a_single12k-layers2-6,Ga,11,14,2b_layer12,37,1.870073355,Ga_O_01,"(0, 0, 0)"
8,group08_allf2_2a_single12k-layers2-6,Cr,4,15,2a_layer8,3,1.9948516601706343,Cr_O_07,"(0, 0, 0)"
8,group08_allf2_2a_single12k-layers2-6,Cr,4,15,2a_layer8,11,1.9948520770594027,Cr_O_07,"(0, 1, 0)"
8,group08_allf2_2a_single12k-layers2-6,Cr,4,15,2a_layer8,13,1.994851660329504,Cr_O_07,"(1, 1, 0)"
8,group08_allf2_2a_single12k-layers2-6,Cr,4,15,2a_layer8,22,1.9948520773801812,Cr_O_07,"(0, 0, 0)"
8,group08_allf2_2a_single12k-layers2-6,Cr,4,15,2a_layer8,26,1.9948520770594032,Cr_O_07,"(1, 1, 0)"
8,group08_allf2_2a_single12k-layers2-6,Cr,4,15,2a_layer8,36,1.9948516607216167,Cr_O_07,"(1, 0, 0)"
8,group08_allf2_2a_single12k-layers2-6,Ga,12,16,2b_layer4,2,1.8700732794118144,Ga_O_01,"(1, 0, 0)"
8,group08_allf2_2a_single12k-layers2-6,Ga,12,16,2b_layer4,6,2.277938441000001,Ga_O_11,"(0, 0, 0)"
8,group08_allf2_2a_single12k-layers2-6,Ga,12,16,2b_layer4,7,2.2779384420000004,Ga_O_11,"(0, 0, 0)"
8,group08_allf2_2a_single12k-layers2-6,Ga,12,16,2b_layer4,16,1.8700735073000085,Ga_O_01,"(1, 1, 0)"
8,group08_allf2_2a_single12k-layers2-6,Ga,12,16,2b_layer4,35,1.870073355795254,Ga_O_01,"(0, 0, 0)"
8,group08_allf2_2a_single12k-layers2-6,Ga,13,17,4f1_layer9,11,1.9084361294606749,Ga_O_02,"(0, 0, 0)"
8,group08_allf2_2a_single12k-layers2-6,Ga,13,17,4f1_layer9,19,1.9091270429999996,Ga_O_03,"(0, 0, 0)"
8,group08_allf2_2a_single12k-layers2-6,Ga,13,17,4f1_layer9,22,1.9084362745505044,Ga_O_02,"(0, 0, 0)"
8,group08_allf2_2a_single12k-layers2-6,Ga,13,17,4f1_layer9,26,1.9084361294606744,Ga_O_02,"(0, 0, 0)"
8,group08_allf2_2a_single12k-layers2-6,Cr,5,18,4f2_layer11,1,1.9849917587865524,Cr_O_06,"(0, 0, 0)"
8,group08_allf2_2a_single12k-layers2-6,Cr,5,18,4f2_layer11,5,1.9849916384047732,Cr_O_06,"(0, -1, 0)"
8,group08_allf2_2a_single12k-layers2-6,Cr,5,18,4f2_layer11,10,2.0663776487443304,Cr_O_08,"(0, 0, 0)"
8,group08_allf2_2a_single12k-layers2-6,Cr,5,18,4f2_layer11,23,2.0663774783167193,Cr_O_08,"(0, 0, 0)"
8,group08_allf2_2a_single12k-layers2-6,Cr,5,18,4f2_layer11,33,1.9849917593946298,Cr_O_06,"(1, 0, 0)"
8,group08_allf2_2a_single12k-layers2-6,Cr,5,18,4f2_layer11,37,2.0663777054221355,Cr_O_08,"(0, 0, 0)"
8,group08_allf2_2a_single12k-layers2-6,Cr,6,19,4f2_layer3,2,2.0663771907209756,Cr_O_08,"(0, 0, 0)"
8,group08_allf2_2a_single12k-layers2-6,Cr,6,19,4f2_layer3,16,2.066377020121716,Cr_O_08,"(0, 0, 0)"
8,group08_allf2_2a_single12k-layers2-6,Cr,6,19,4f2_layer3,18,1.9849922964805824,Cr_O_06,"(-1, 0, 0)"
8,group08_allf2_2a_single12k-layers2-6,Cr,6,19,4f2_layer3,21,1.9849924174878968,Cr_O_06,"(0, 0, 0)"
8,group08_allf2_2a_single12k-layers2-6,Cr,6,19,4f2_layer3,25,1.9849924184808014,Cr_O_06,"(0, 1, 0)"
8,group08_allf2_2a_single12k-layers2-6,Cr,6,19,4f2_layer3,35,2.066377246884635,Cr_O_08,"(0, 0, 0)"
8,group08_allf2_2a_single12k-layers2-6,Ga,14,20,4f1_layer7,3,1.9084360732701862,Ga_O_02,"(0, 0, 0)"
8,group08_allf2_2a_single12k-layers2-6,Ga,14,20,4f1_layer7,13,1.9084359271385227,Ga_O_02,"(0, 0, 0)"
8,group08_allf2_2a_single12k-layers2-6,Ga,14,20,4f1_layer7,17,1.909127043000001,Ga_O_03,"(0, 0, 0)"
8,group08_allf2_2a_single12k-layers2-6,Ga,14,20,4f1_layer7,36,1.9084359275969722,Ga_O_02,"(0, 0, 0)"
8,group08_allf2_2a_single12k-layers2-6,Cr,7,21,4f2_layer5,2,2.0663771900543897,Cr_O_08,"(0, 0, 0)"
8,group08_allf2_2a_single12k-layers2-6,Cr,7,21,4f2_layer5,4,1.9849924184808014,Cr_O_06,"(0, 1, 0)"
8,group08_allf2_2a_single12k-layers2-6,Cr,7,21,4f2_layer5,16,2.0663770194551296,Cr_O_08,"(0, 0, 0)"
8,group08_allf2_2a_single12k-layers2-6,Cr,7,21,4f2_layer5,28,1.9849924174878968,Cr_O_06,"(0, 0, 0)"
8,group08_allf2_2a_single12k-layers2-6,Cr,7,21,4f2_layer5,35,2.0663772462180487,Cr_O_08,"(0, 0, 0)"
8,group08_allf2_2a_single12k-layers2-6,Cr,7,21,4f2_layer5,38,1.9849922964805824,Cr_O_06,"(-1, 0, 0)"
8,group08_allf2_2a_single12k-layers2-6,Ga,15,22,4f1_layer1,15,1.9091273005999965,Ga_O_03,"(0, 0, -1)"
8,group08_allf2_2a_single12k-layers2-6,Ga,15,22,4f1_layer1,29,1.9084359275969722,Ga_O_02,"(0, 0, 0)"
8,group08_allf2_2a_single12k-layers2-6,Ga,15,22,4f1_layer1,32,1.9084360732701862,Ga_O_02,"(0, 0, 0)"
8,group08_allf2_2a_single12k-layers2-6,Ga,15,22,4f1_layer1,34,1.9084359271385227,Ga_O_02,"(0, 0, 0)"
8,group08_allf2_2a_single12k-layers2-6,Cr,8,23,4f2_layer13,9,1.9849917593946296,Cr_O_06,"(1, 0, 0)"
8,group08_allf2_2a_single12k-layers2-6,Cr,8,23,4f2_layer13,10,2.0663776487443317,Cr_O_08,"(0, 0, 0)"
8,group08_allf2_2a_single12k-layers2-6,Cr,8,23,4f2_layer13,23,2.0663774783167206,Cr_O_08,"(0, 0, 0)"
8,group08_allf2_2a_single12k-layers2-6,Cr,8,23,4f2_layer13,27,1.984991638404773,Cr_O_06,"(0, -1, 0)"
8,group08_allf2_2a_single12k-layers2-6,Cr,8,23,4f2_layer13,30,1.984991758786552,Cr_O_06,"(0, 0, 0)"
8,group08_allf2_2a_single12k-layers2-6,Cr,8,23,4f2_layer13,37,2.066377705422137,Cr_O_08,"(0, 0, 0)"
8,group08_allf2_2a_single12k-layers2-6,Ga,16,24,4f1_layer15,8,1.9084361547650497,Ga_O_02,"(0, 0, 0)"
8,group08_allf2_2a_single12k-layers2-6,Ga,16,24,4f1_layer15,14,1.9084362998548778,Ga_O_02,"(0, 0, 0)"
8,group08_allf2_2a_single12k-layers2-6,Ga,16,24,4f1_layer15,24,1.9084361547650501,Ga_O_02,"(0, 0, 0)"
8,group08_allf2_2a_single12k-layers2-6,Ga,16,24,4f1_layer15,31,1.9091268705999949,Ga_O_03,"(0, 0, 1)"
8,group09_allf2_2a_single12k-layers2-10,Sr,1,,,2,2.958098043228469,Sr_O_02,"(0, -1, 0)"
8,group09_allf2_2a_single12k-layers2-10,Sr,1,,,4,2.864579795118219,Sr_O_01,"(0, 0, 0)"
8,group09_allf2_2a_single12k-layers2-10,Sr,1,,,16,2.9580979326637595,Sr_O_02,"(1, 0, 0)"
8,group09_allf2_2a_single12k-layers2-10,Sr,1,,,18,2.8645798765734263,Sr_O_01,"(0, 0, 0)"
8,group09_allf2_2a_single12k-layers2-10,Sr,1,,,21,2.864579884642825,Sr_O_01,"(0, 0, 0)"
8,group09_allf2_2a_single12k-layers2-10,Sr,1,,,25,2.8645797959311503,Sr_O_01,"(0, 0, 0)"
8,group09_allf2_2a_single12k-layers2-10,Sr,1,,,28,2.864579883829894,Sr_O_01,"(0, 0, 0)"
8,group09_allf2_2a_single12k-layers2-10,Sr,1,,,35,2.95809800345424,Sr_O_02,"(0, -1, 0)"
8,group09_allf2_2a_single12k-layers2-10,Sr,1,,,38,2.8645798757604948,Sr_O_01,"(0, 0, 0)"
8,group09_allf2_2a_single12k-layers2-10,Sr,2,,,1,2.8645793251769454,Sr_O_01,"(0, 0, 0)"
8,group09_allf2_2a_single12k-layers2-10,Sr,2,,,5,2.8645793169995204,Sr_O_01,"(0, 0, 0)"
8,group09_allf2_2a_single12k-layers2-10,Sr,2,,,9,2.8645792364135385,Sr_O_01,"(0, 0, 0)"
8,group09_allf2_2a_single12k-layers2-10,Sr,2,,,10,2.9580980427214705,Sr_O_02,"(-1, 0, 0)"
8,group09_allf2_2a_single12k-layers2-10,Sr,2,,,23,2.95809793284463,Sr_O_02,"(0, 1, 0)"
8,group09_allf2_2a_single12k-layers2-10,Sr,2,,,27,2.8645793169995213,Sr_O_01,"(0, 0, 0)"
8,group09_allf2_2a_single12k-layers2-10,Sr,2,,,30,2.8645793251769462,Sr_O_01,"(0, 0, 0)"
8,group09_allf2_2a_single12k-layers2-10,Sr,2,,,33,2.864579236413537,Sr_O_01,"(0, 0, 0)"
8,group09_allf2_2a_single12k-layers2-10,Sr,2,,,37,2.9580980035278155,Sr_O_02,"(-1, 0, 0)"
8,group09_allf2_2a_single12k-layers2-10,Ga,1,1,12k_layer6_3,4,1.9254355757587174,Ga_O_04,"(0, 0, 0)"
8,group09_allf2_2a_single12k-layers2-10,Ga,1,1,12k_layer6_3,6,1.9844559567789057,Ga_O_05,"(-1, -1, 0)"
8,group09_allf2_2a_single12k-layers2-10,Ga,1,1,12k_layer6_3,13,2.0983234538406146,Ga_O_10,"(0, 0, 0)"
8,group09_allf2_2a_single12k-layers2-10,Ga,1,1,12k_layer6_3,19,2.094827515170505,Ga_O_09,"(0, 0, 0)"
8,group09_allf2_2a_single12k-layers2-10,Ga,1,1,12k_layer6_3,28,1.925435576196381,Ga_O_04,"(0, 0, 0)"
8,group09_allf2_2a_single12k-layers2-10,Ga,1,1,12k_layer6_3,36,2.0983234538272053,Ga_O_10,"(0, -1, 0)"
8,group09_allf2_2a_single12k-layers2-10,Ga,2,2,12k_layer2_3,7,1.9844559567789046,Ga_O_05,"(-1, -1, 0)"
8,group09_allf2_2a_single12k-layers2-10,Ga,2,2,12k_layer2_3,21,1.9254355761963797,Ga_O_04,"(0, 0, 0)"
8,group09_allf2_2a_single12k-layers2-10,Ga,2,2,12k_layer2_3,25,1.9254355757587163,Ga_O_04,"(0, 0, 0)"
8,group09_allf2_2a_single12k-layers2-10,Ga,2,2,12k_layer2_3,29,2.098323453827207,Ga_O_10,"(0, -1, 0)"
8,group09_allf2_2a_single12k-layers2-10,Ga,2,2,12k_layer2_3,31,2.0948275151705062,Ga_O_09,"(0, 0, 0)"
8,group09_allf2_2a_single12k-layers2-10,Ga,2,2,12k_layer2_3,34,2.0983234538406164,Ga_O_10,"(0, 0, 0)"
8,group09_allf2_2a_single12k-layers2-10,Ga,3,3,12k_layer14_1,8,2.0983229791065865,Ga_O_10,"(0, 0, 0)"
8,group09_allf2_2a_single12k-layers2-10,Ga,3,3,12k_layer14_1,9,1.9254359958162917,Ga_O_04,"(0, 0, 0)"
8,group09_allf2_2a_single12k-layers2-10,Ga,3,3,12k_layer14_1,15,2.094827260093365,Ga_O_09,"(0, 0, 0)"
8,group09_allf2_2a_single12k-layers2-10,Ga,3,3,12k_layer14_1,20,1.9844560436631808,Ga_O_05,"(-1, -1, 0)"
8,group09_allf2_2a_single12k-layers2-10,Ga,3,3,12k_layer14_1,24,2.0983229796303986,Ga_O_10,"(-1, 0, 0)"
8,group09_allf2_2a_single12k-layers2-10,Ga,3,3,12k_layer14_1,30,1.9254359958162914,Ga_O_04,"(0, 0, 0)"
8,group09_allf2_2a_single12k-layers2-10,Ga,4,4,12k_layer2_2,7,1.984455956778905,Ga_O_05,"(0, -1, 0)"
8,group09_allf2_2a_single12k-layers2-10,Ga,4,4,12k_layer2_2,18,1.9254355763634932,Ga_O_04,"(0, 0, 0)"
8,group09_allf2_2a_single12k-layers2-10,Ga,4,4,12k_layer2_2,25,1.925435575758716,Ga_O_04,"(0, 0, 0)"
8,group09_allf2_2a_single12k-layers2-10,Ga,4,4,12k_layer2_2,31,2.094827515170506,Ga_O_09,"(0, 0, 0)"
8,group09_allf2_2a_single12k-layers2-10,Ga,4,4,12k_layer2_2,32,2.0983234538709623,Ga_O_10,"(0, -1, 0)"
8,group09_allf2_2a_single12k-layers2-10,Ga,4,4,12k_layer2_2,34,2.098323454408184,Ga_O_10,"(1, 0, 0)"
8,group09_allf2_2a_single12k-layers2-10,Ga,5,5,12k_layer14_3,14,2.098322979539073,Ga_O_10,"(0, 0, 0)"
8,group09_allf2_2a_single12k-layers2-10,Ga,5,5,12k_layer14_3,15,2.094827383098975,Ga_O_09,"(0, 0, 0)"
8,group09_allf2_2a_single12k-layers2-10,Ga,5,5,12k_layer14_3,20,1.9844560439741377,Ga_O_05,"(0, 0, 0)"
8,group09_allf2_2a_single12k-layers2-10,Ga,5,5,12k_layer14_3,24,2.098322979658534,Ga_O_10,"(0, 1, 0)"
8,group09_allf2_2a_single12k-layers2-10,Ga,5,5,12k_layer14_3,27,1.925435983138288,Ga_O_04,"(0, 0, 0)"
8,group09_allf2_2a_single12k-layers2-10,Ga,5,5,12k_layer14_3,30,1.9254359955204852,Ga_O_04,"(0, 0, 0)"
8,group09_allf2_2a_single12k-layers2-10,Ga,6,6,12k_layer10_2,5,1.9254359120300575,Ga_O_04,"(0, 0, 0)"
8,group09_allf2_2a_single12k-layers2-10,Ga,6,6,12k_layer10_2,12,1.98445595738215,Ga_O_05,"(-1, 0, 0)"
8,group09_allf2_2a_single12k-layers2-10,Ga,6,6,12k_layer10_2,17,2.094827514410795,Ga_O_09,"(0, 0, 0)"
8,group09_allf2_2a_single12k-layers2-10,Ga,6,6,12k_layer10_2,22,2.0983230321761726,Ga_O_10,"(-1, 0, 0)"
8,group09_allf2_2a_single12k-layers2-10,Ga,6,6,12k_layer10_2,26,2.0983230324265865,Ga_O_10,"(0, 1, 0)"
8,group09_allf2_2a_single12k-layers2-10,Ga,6,6,12k_layer10_2,33,1.9254359114895088,Ga_O_04,"(0, 0, 0)"
8,group09_allf2_2a_single12k-layers2-10,Ga,7,7,12k_layer6_2,3,2.0983234538709605,Ga_O_10,"(0, -1, 0)"
8,group09_allf2_2a_single12k-layers2-10,Ga,7,7,12k_layer6_2,4,1.9254355757587174,Ga_O_04,"(0, 0, 0)"
8,group09_allf2_2a_single12k-layers2-10,Ga,7,7,12k_layer6_2,6,1.9844559567789064,Ga_O_05,"(0, -1, 0)"
8,group09_allf2_2a_single12k-layers2-10,Ga,7,7,12k_layer6_2,13,2.0983234544081824,Ga_O_10,"(1, 0, 0)"
8,group09_allf2_2a_single12k-layers2-10,Ga,7,7,12k_layer6_2,19,2.0948275151705045,Ga_O_09,"(0, 0, 0)"
8,group09_allf2_2a_single12k-layers2-10,Ga,7,7,12k_layer6_2,38,1.9254355763634945,Ga_O_04,"(0, 0, 0)"
8,group09_allf2_2a_single12k-layers2-10,Ga,8,8,12k_layer6_1,3,2.0983234541175877,Ga_O_10,"(0, 0, 0)"
8,group09_allf2_2a_single12k-layers2-10,Ga,8,8,12k_layer6_1,6,1.9844559569613607,Ga_O_05,"(0, 0, 0)"
8,group09_allf2_2a_single12k-layers2-10,Ga,8,8,12k_layer6_1,19,2.0948276379027013,Ga_O_09,"(0, 0, 0)"
8,group09_allf2_2a_single12k-layers2-10,Ga,8,8,12k_layer6_1,28,1.9254355756093047,Ga_O_04,"(0, 0, 0)"
8,group09_allf2_2a_single12k-layers2-10,Ga,8,8,12k_layer6_1,36,2.0983234546414,Ga_O_10,"(1, 0, 0)"
8,group09_allf2_2a_single12k-layers2-10,Ga,8,8,12k_layer6_1,38,1.925435563604001,Ga_O_04,"(0, 0, 0)"
8,group09_allf2_2a_single12k-layers2-10,Ga,9,9,12k_layer14_2,8,2.098322979647595,Ga_O_10,"(0, 1, 0)"
8,group09_allf2_2a_single12k-layers2-10,Ga,9,9,12k_layer14_2,9,1.9254359955309297,Ga_O_04,"(0, 0, 0)"
8,group09_allf2_2a_single12k-layers2-10,Ga,9,9,12k_layer14_2,14,2.098322979397181,Ga_O_10,"(-1, 0, 0)"
8,group09_allf2_2a_single12k-layers2-10,Ga,9,9,12k_layer14_2,15,2.094827260728784,Ga_O_09,"(0, 0, 0)"
8,group09_allf2_2a_single12k-layers2-10,Ga,9,9,12k_layer14_2,20,1.9844560438241048,Ga_O_05,"(-1, 0, 0)"
8,group09_allf2_2a_single12k-layers2-10,Ga,9,9,12k_layer14_2,27,1.9254359960714784,Ga_O_04,"(0, 0, 0)"
8,group09_allf2_2a_single12k-layers2-10,Cr,1,10,2a_layer16,8,1.9948520249218649,Cr_O_07,"(1, 1, 0)"
8,group09_allf2_2a_single12k-layers2-10,Cr,1,10,2a_layer16,14,1.9948520252426432,Cr_O_07,"(0, 0, 0)"
8,group09_allf2_2a_single12k-layers2-10,Cr,1,10,2a_layer16,24,1.9948520249218644,Cr_O_07,"(0, 1, 0)"
8,group09_allf2_2a_single12k-layers2-10,Cr,1,10,2a_layer16,29,1.9948516604791149,Cr_O_07,"(1, 0, 1)"
8,group09_allf2_2a_single12k-layers2-10,Cr,1,10,2a_layer16,32,1.9948516599281325,Cr_O_07,"(0, 0, 1)"
8,group09_allf2_2a_single12k-layers2-10,Cr,1,10,2a_layer16,34,1.994851660087002,Cr_O_07,"(1, 1, 1)"
8,group09_allf2_2a_single12k-layers2-10,Ga,10,11,12k_layer10_3,1,1.9254359114790642,Ga_O_04,"(0, 0, 0)"
8,group09_allf2_2a_single12k-layers2-10,Ga,10,11,12k_layer10_3,5,1.9254358990968665,Ga_O_04,"(0, 0, 0)"
8,group09_allf2_2a_single12k-layers2-10,Ga,10,11,12k_layer10_3,11,2.0983230324375253,Ga_O_10,"(0, 1, 0)"
8,group09_allf2_2a_single12k-layers2-10,Ga,10,11,12k_layer10_3,12,1.9844559575321832,Ga_O_05,"(0, 0, 0)"
8,group09_allf2_2a_single12k-layers2-10,Ga,10,11,12k_layer10_3,17,2.094827636780971,Ga_O_09,"(0, 0, 0)"
8,group09_allf2_2a_single12k-layers2-10,Ga,10,11,12k_layer10_3,22,2.0983230323180644,Ga_O_10,"(0, 0, 0)"
8,group09_allf2_2a_single12k-layers2-10,Cr,2,12,12k_layer10_1,1,1.9254359117748707,Cr_O_04,"(0, 0, 0)"
8,group09_allf2_2a_single12k-layers2-10,Cr,2,12,12k_layer10_1,11,2.0983230324093904,Cr_O_10,"(-1, 0, 0)"
8,group09_allf2_2a_single12k-layers2-10,Cr,2,12,12k_layer10_1,12,1.9844559572212264,Cr_O_05,"(-1, -1, 0)"
8,group09_allf2_2a_single12k-layers2-10,Cr,2,12,12k_layer10_1,17,2.0948275137753765,Cr_O_09,"(0, 0, 0)"
8,group09_allf2_2a_single12k-layers2-10,Cr,2,12,12k_layer10_1,26,2.098323031885578,Cr_O_10,"(0, 0, 0)"
8,group09_allf2_2a_single12k-layers2-10,Cr,2,12,12k_layer10_1,33,1.9254359117748707,Cr_O_04,"(0, 0, 0)"
8,group09_allf2_2a_single12k-layers2-10,Cr,3,13,12k_layer2_1,7,1.9844559569613596,Cr_O_05,"(0, 0, 0)"
8,group09_allf2_2a_single12k-layers2-10,Cr,3,13,12k_layer2_1,18,1.925435563604,Cr_O_04,"(0, 0, 0)"
8,group09_allf2_2a_single12k-layers2-10,Cr,3,13,12k_layer2_1,21,1.9254355756093033,Cr_O_04,"(0, 0, 0)"
8,group09_allf2_2a_single12k-layers2-10,Cr,3,13,12k_layer2_1,29,2.0983234546414016,Cr_O_10,"(1, 0, 0)"
8,group09_allf2_2a_single12k-layers2-10,Cr,3,13,12k_layer2_1,31,2.0948276379027027,Cr_O_09,"(0, 0, 0)"
8,group09_allf2_2a_single12k-layers2-10,Cr,3,13,12k_layer2_1,32,2.0983234541175895,Cr_O_10,"(0, 0, 0)"
8,group09_allf2_2a_single12k-layers2-10,Ga,11,14,2b_layer12,10,1.8700732788205217,Ga_O_01,"(0, 1, 0)"
8,group09_allf2_2a_single12k-layers2-10,Ga,11,14,2b_layer12,12,2.2779384420000004,Ga_O_11,"(0, 0, 0)"
8,group09_allf2_2a_single12k-layers2-10,Ga,11,14,2b_layer12,20,2.2779384410000003,Ga_O_11,"(0, 0, 0)"
8,group09_allf2_2a_single12k-layers2-10,Ga,11,14,2b_layer12,23,1.870073507451236,Ga_O_01,"(1, 1, 0)"
8,group09_allf2_2a_single12k-layers2-10,Ga,11,14,2b_layer12,37,1.870073355,Ga_O_01,"(0, 0, 0)"
8,group09_allf2_2a_single12k-layers2-10,Cr,4,15,2a_layer8,3,1.9948516601706343,Cr_O_07,"(0, 0, 0)"
8,group09_allf2_2a_single12k-layers2-10,Cr,4,15,2a_layer8,11,1.9948520770594027,Cr_O_07,"(0, 1, 0)"
8,group09_allf2_2a_single12k-layers2-10,Cr,4,15,2a_layer8,13,1.994851660329504,Cr_O_07,"(1, 1, 0)"
8,group09_allf2_2a_single12k-layers2-10,Cr,4,15,2a_layer8,22,1.9948520773801812,Cr_O_07,"(0, 0, 0)"
8,group09_allf2_2a_single12k-layers2-10,Cr,4,15,2a_layer8,26,1.9948520770594032,Cr_O_07,"(1, 1, 0)"
8,group09_allf2_2a_single12k-layers2-10,Cr,4,15,2a_layer8,36,1.9948516607216167,Cr_O_07,"(1, 0, 0)"
8,group09_allf2_2a_single12k-layers2-10,Ga,12,16,2b_layer4,2,1.8700732794118144,Ga_O_01,"(1, 0, 0)"
8,group09_allf2_2a_single12k-layers2-10,Ga,12,16,2b_layer4,6,2.277938441000001,Ga_O_11,"(0, 0, 0)"
8,group09_allf2_2a_single12k-layers2-10,Ga,12,16,2b_layer4,7,2.2779384420000004,Ga_O_11,"(0, 0, 0)"
8,group09_allf2_2a_single12k-layers2-10,Ga,12,16,2b_layer4,16,1.8700735073000085,Ga_O_01,"(1, 1, 0)"
8,group09_allf2_2a_single12k-layers2-10,Ga,12,16,2b_layer4,35,1.870073355795254,Ga_O_01,"(0, 0, 0)"
8,group09_allf2_2a_single12k-layers2-10,Ga,13,17,4f1_layer9,11,1.9084361294606749,Ga_O_02,"(0, 0, 0)"
8,group09_allf2_2a_single12k-layers2-10,Ga,13,17,4f1_layer9,19,1.9091270429999996,Ga_O_03,"(0, 0, 0)"
8,group09_allf2_2a_single12k-layers2-10,Ga,13,17,4f1_layer9,22,1.9084362745505044,Ga_O_02,"(0, 0, 0)"
8,group09_allf2_2a_single12k-layers2-10,Ga,13,17,4f1_layer9,26,1.9084361294606744,Ga_O_02,"(0, 0, 0)"
8,group09_allf2_2a_single12k-layers2-10,Cr,5,18,4f2_layer11,1,1.9849917587865524,Cr_O_06,"(0, 0, 0)"
8,group09_allf2_2a_single12k-layers2-10,Cr,5,18,4f2_layer11,5,1.9849916384047732,Cr_O_06,"(0, -1, 0)"
8,group09_allf2_2a_single12k-layers2-10,Cr,5,18,4f2_layer11,10,2.0663776487443304,Cr_O_08,"(0, 0, 0)"
8,group09_allf2_2a_single12k-layers2-10,Cr,5,18,4f2_layer11,23,2.0663774783167193,Cr_O_08,"(0, 0, 0)"
8,group09_allf2_2a_single12k-layers2-10,Cr,5,18,4f2_layer11,33,1.9849917593946298,Cr_O_06,"(1, 0, 0)"
8,group09_allf2_2a_single12k-layers2-10,Cr,5,18,4f2_layer11,37,2.0663777054221355,Cr_O_08,"(0, 0, 0)"
8,group09_allf2_2a_single12k-layers2-10,Cr,6,19,4f2_layer3,2,2.0663771907209756,Cr_O_08,"(0, 0, 0)"
8,group09_allf2_2a_single12k-layers2-10,Cr,6,19,4f2_layer3,16,2.066377020121716,Cr_O_08,"(0, 0, 0)"
8,group09_allf2_2a_single12k-layers2-10,Cr,6,19,4f2_layer3,18,1.9849922964805824,Cr_O_06,"(-1, 0, 0)"
8,group09_allf2_2a_single12k-layers2-10,Cr,6,19,4f2_layer3,21,1.9849924174878968,Cr_O_06,"(0, 0, 0)"
8,group09_allf2_2a_single12k-layers2-10,Cr,6,19,4f2_layer3,25,1.9849924184808014,Cr_O_06,"(0, 1, 0)"
8,group09_allf2_2a_single12k-layers2-10,Cr,6,19,4f2_layer3,35,2.066377246884635,Cr_O_08,"(0, 0, 0)"
8,group09_allf2_2a_single12k-layers2-10,Ga,14,20,4f1_layer7,3,1.9084360732701862,Ga_O_02,"(0, 0, 0)"
8,group09_allf2_2a_single12k-layers2-10,Ga,14,20,4f1_layer7,13,1.9084359271385227,Ga_O_02,"(0, 0, 0)"
8,group09_allf2_2a_single12k-layers2-10,Ga,14,20,4f1_layer7,17,1.909127043000001,Ga_O_03,"(0, 0, 0)"
8,group09_allf2_2a_single12k-layers2-10,Ga,14,20,4f1_layer7,36,1.9084359275969722,Ga_O_02,"(0, 0, 0)"
8,group09_allf2_2a_single12k-layers2-10,Cr,7,21,4f2_layer5,2,2.0663771900543897,Cr_O_08,"(0, 0, 0)"
8,group09_allf2_2a_single12k-layers2-10,Cr,7,21,4f2_layer5,4,1.9849924184808014,Cr_O_06,"(0, 1, 0)"
8,group09_allf2_2a_single12k-layers2-10,Cr,7,21,4f2_layer5,16,2.0663770194551296,Cr_O_08,"(0, 0, 0)"
8,group09_allf2_2a_single12k-layers2-10,Cr,7,21,4f2_layer5,28,1.9849924174878968,Cr_O_06,"(0, 0, 0)"
8,group09_allf2_2a_single12k-layers2-10,Cr,7,21,4f2_layer5,35,2.0663772462180487,Cr_O_08,"(0, 0, 0)"
8,group09_allf2_2a_single12k-layers2-10,Cr,7,21,4f2_layer5,38,1.9849922964805824,Cr_O_06,"(-1, 0, 0)"
8,group09_allf2_2a_single12k-layers2-10,Ga,15,22,4f1_layer1,15,1.9091273005999965,Ga_O_03,"(0, 0, -1)"
8,group09_allf2_2a_single12k-layers2-10,Ga,15,22,4f1_layer1,29,1.9084359275969722,Ga_O_02,"(0, 0, 0)"
8,group09_allf2_2a_single12k-layers2-10,Ga,15,22,4f1_layer1,32,1.9084360732701862,Ga_O_02,"(0, 0, 0)"
8,group09_allf2_2a_single12k-layers2-10,Ga,15,22,4f1_layer1,34,1.9084359271385227,Ga_O_02,"(0, 0, 0)"
8,group09_allf2_2a_single12k-layers2-10,Cr,8,23,4f2_layer13,9,1.9849917593946296,Cr_O_06,"(1, 0, 0)"
8,group09_allf2_2a_single12k-layers2-10,Cr,8,23,4f2_layer13,10,2.0663776487443317,Cr_O_08,"(0, 0, 0)"
8,group09_allf2_2a_single12k-layers2-10,Cr,8,23,4f2_layer13,23,2.0663774783167206,Cr_O_08,"(0, 0, 0)"
8,group09_allf2_2a_single12k-layers2-10,Cr,8,23,4f2_layer13,27,1.984991638404773,Cr_O_06,"(0, -1, 0)"
8,group09_allf2_2a_single12k-layers2-10,Cr,8,23,4f2_layer13,30,1.984991758786552,Cr_O_06,"(0, 0, 0)"
8,group09_allf2_2a_single12k-layers2-10,Cr,8,23,4f2_layer13,37,2.066377705422137,Cr_O_08,"(0, 0, 0)"
8,group09_allf2_2a_single12k-layers2-10,Ga,16,24,4f1_layer15,8,1.9084361547650497,Ga_O_02,"(0, 0, 0)"
8,group09_allf2_2a_single12k-layers2-10,Ga,16,24,4f1_layer15,14,1.9084362998548778,Ga_O_02,"(0, 0, 0)"
8,group09_allf2_2a_single12k-layers2-10,Ga,16,24,4f1_layer15,24,1.9084361547650501,Ga_O_02,"(0, 0, 0)"
8,group09_allf2_2a_single12k-layers2-10,Ga,16,24,4f1_layer15,31,1.9091268705999949,Ga_O_03,"(0, 0, 1)"
8,group10_allf2_one-per-12k-layer,Sr,1,,,2,2.958098043228469,Sr_O_02,"(0, -1, 0)"
8,group10_allf2_one-per-12k-layer,Sr,1,,,4,2.864579795118219,Sr_O_01,"(0, 0, 0)"
8,group10_allf2_one-per-12k-layer,Sr,1,,,16,2.9580979326637595,Sr_O_02,"(1, 0, 0)"
8,group10_allf2_one-per-12k-layer,Sr,1,,,18,2.8645798765734263,Sr_O_01,"(0, 0, 0)"
8,group10_allf2_one-per-12k-layer,Sr,1,,,21,2.864579884642825,Sr_O_01,"(0, 0, 0)"
8,group10_allf2_one-per-12k-layer,Sr,1,,,25,2.8645797959311503,Sr_O_01,"(0, 0, 0)"
8,group10_allf2_one-per-12k-layer,Sr,1,,,28,2.864579883829894,Sr_O_01,"(0, 0, 0)"
8,group10_allf2_one-per-12k-layer,Sr,1,,,35,2.95809800345424,Sr_O_02,"(0, -1, 0)"
8,group10_allf2_one-per-12k-layer,Sr,1,,,38,2.8645798757604948,Sr_O_01,"(0, 0, 0)"
8,group10_allf2_one-per-12k-layer,Sr,2,,,1,2.8645793251769454,Sr_O_01,"(0, 0, 0)"
8,group10_allf2_one-per-12k-layer,Sr,2,,,5,2.8645793169995204,Sr_O_01,"(0, 0, 0)"
8,group10_allf2_one-per-12k-layer,Sr,2,,,9,2.8645792364135385,Sr_O_01,"(0, 0, 0)"
8,group10_allf2_one-per-12k-layer,Sr,2,,,10,2.9580980427214705,Sr_O_02,"(-1, 0, 0)"
8,group10_allf2_one-per-12k-layer,Sr,2,,,23,2.95809793284463,Sr_O_02,"(0, 1, 0)"
8,group10_allf2_one-per-12k-layer,Sr,2,,,27,2.8645793169995213,Sr_O_01,"(0, 0, 0)"
8,group10_allf2_one-per-12k-layer,Sr,2,,,30,2.8645793251769462,Sr_O_01,"(0, 0, 0)"
8,group10_allf2_one-per-12k-layer,Sr,2,,,33,2.864579236413537,Sr_O_01,"(0, 0, 0)"
8,group10_allf2_one-per-12k-layer,Sr,2,,,37,2.9580980035278155,Sr_O_02,"(-1, 0, 0)"
8,group10_allf2_one-per-12k-layer,Ga,1,1,12k_layer6_3,4,1.9254355757587174,Ga_O_04,"(0, 0, 0)"
8,group10_allf2_one-per-12k-layer,Ga,1,1,12k_layer6_3,6,1.9844559567789057,Ga_O_05,"(-1, -1, 0)"
8,group10_allf2_one-per-12k-layer,Ga,1,1,12k_layer6_3,13,2.0983234538406146,Ga_O_10,"(0, 0, 0)"
8,group10_allf2_one-per-12k-layer,Ga,1,1,12k_layer6_3,19,2.094827515170505,Ga_O_09,"(0, 0, 0)"
8,group10_allf2_one-per-12k-layer,Ga,1,1,12k_layer6_3,28,1.925435576196381,Ga_O_04,"(0, 0, 0)"
8,group10_allf2_one-per-12k-layer,Ga,1,1,12k_layer6_3,36,2.0983234538272053,Ga_O_10,"(0, -1, 0)"
8,group10_allf2_one-per-12k-layer,Ga,2,2,12k_layer2_3,7,1.9844559567789046,Ga_O_05,"(-1, -1, 0)"
8,group10_allf2_one-per-12k-layer,Ga,2,2,12k_layer2_3,21,1.9254355761963797,Ga_O_04,"(0, 0, 0)"
8,group10_allf2_one-per-12k-layer,Ga,2,2,12k_layer2_3,25,1.9254355757587163,Ga_O_04,"(0, 0, 0)"
8,group10_allf2_one-per-12k-layer,Ga,2,2,12k_layer2_3,29,2.098323453827207,Ga_O_10,"(0, -1, 0)"
8,group10_allf2_one-per-12k-layer,Ga,2,2,12k_layer2_3,31,2.0948275151705062,Ga_O_09,"(0, 0, 0)"
8,group10_allf2_one-per-12k-layer,Ga,2,2,12k_layer2_3,34,2.0983234538406164,Ga_O_10,"(0, 0, 0)"
8,group10_allf2_one-per-12k-layer,Cr,1,3,12k_layer14_1,8,2.0983229791065865,Cr_O_10,"(0, 0, 0)"
8,group10_allf2_one-per-12k-layer,Cr,1,3,12k_layer14_1,9,1.9254359958162917,Cr_O_04,"(0, 0, 0)"
8,group10_allf2_one-per-12k-layer,Cr,1,3,12k_layer14_1,15,2.094827260093365,Cr_O_09,"(0, 0, 0)"
8,group10_allf2_one-per-12k-layer,Cr,1,3,12k_layer14_1,20,1.9844560436631808,Cr_O_05,"(-1, -1, 0)"
8,group10_allf2_one-per-12k-layer,Cr,1,3,12k_layer14_1,24,2.0983229796303986,Cr_O_10,"(-1, 0, 0)"
8,group10_allf2_one-per-12k-layer,Cr,1,3,12k_layer14_1,30,1.9254359958162914,Cr_O_04,"(0, 0, 0)"
8,group10_allf2_one-per-12k-layer,Ga,3,4,12k_layer2_2,7,1.984455956778905,Ga_O_05,"(0, -1, 0)"
8,group10_allf2_one-per-12k-layer,Ga,3,4,12k_layer2_2,18,1.9254355763634932,Ga_O_04,"(0, 0, 0)"
8,group10_allf2_one-per-12k-layer,Ga,3,4,12k_layer2_2,25,1.925435575758716,Ga_O_04,"(0, 0, 0)"
8,group10_allf2_one-per-12k-layer,Ga,3,4,12k_layer2_2,31,2.094827515170506,Ga_O_09,"(0, 0, 0)"
8,group10_allf2_one-per-12k-layer,Ga,3,4,12k_layer2_2,32,2.0983234538709623,Ga_O_10,"(0, -1, 0)"
8,group10_allf2_one-per-12k-layer,Ga,3,4,12k_layer2_2,34,2.098323454408184,Ga_O_10,"(1, 0, 0)"
8,group10_allf2_one-per-12k-layer,Ga,4,5,12k_layer14_3,14,2.098322979539073,Ga_O_10,"(0, 0, 0)"
8,group10_allf2_one-per-12k-layer,Ga,4,5,12k_layer14_3,15,2.094827383098975,Ga_O_09,"(0, 0, 0)"
8,group10_allf2_one-per-12k-layer,Ga,4,5,12k_layer14_3,20,1.9844560439741377,Ga_O_05,"(0, 0, 0)"
8,group10_allf2_one-per-12k-layer,Ga,4,5,12k_layer14_3,24,2.098322979658534,Ga_O_10,"(0, 1, 0)"
8,group10_allf2_one-per-12k-layer,Ga,4,5,12k_layer14_3,27,1.925435983138288,Ga_O_04,"(0, 0, 0)"
8,group10_allf2_one-per-12k-layer,Ga,4,5,12k_layer14_3,30,1.9254359955204852,Ga_O_04,"(0, 0, 0)"
8,group10_allf2_one-per-12k-layer,Ga,5,6,12k_layer10_2,5,1.9254359120300575,Ga_O_04,"(0, 0, 0)"
8,group10_allf2_one-per-12k-layer,Ga,5,6,12k_layer10_2,12,1.98445595738215,Ga_O_05,"(-1, 0, 0)"
8,group10_allf2_one-per-12k-layer,Ga,5,6,12k_layer10_2,17,2.094827514410795,Ga_O_09,"(0, 0, 0)"
8,group10_allf2_one-per-12k-layer,Ga,5,6,12k_layer10_2,22,2.0983230321761726,Ga_O_10,"(-1, 0, 0)"
8,group10_allf2_one-per-12k-layer,Ga,5,6,12k_layer10_2,26,2.0983230324265865,Ga_O_10,"(0, 1, 0)"
8,group10_allf2_one-per-12k-layer,Ga,5,6,12k_layer10_2,33,1.9254359114895088,Ga_O_04,"(0, 0, 0)"
8,group10_allf2_one-per-12k-layer,Ga,6,7,12k_layer6_2,3,2.0983234538709605,Ga_O_10,"(0, -1, 0)"
8,group10_allf2_one-per-12k-layer,Ga,6,7,12k_layer6_2,4,1.9254355757587174,Ga_O_04,"(0, 0, 0)"
8,group10_allf2_one-per-12k-layer,Ga,6,7,12k_layer6_2,6,1.9844559567789064,Ga_O_05,"(0, -1, 0)"
8,group10_allf2_one-per-12k-layer,Ga,6,7,12k_layer6_2,13,2.0983234544081824,Ga_O_10,"(1, 0, 0)"
8,group10_allf2_one-per-12k-layer,Ga,6,7,12k_layer6_2,19,2.0948275151705045,Ga_O_09,"(0, 0, 0)"
8,group10_allf2_one-per-12k-layer,Ga,6,7,12k_layer6_2,38,1.9254355763634945,Ga_O_04,"(0, 0, 0)"
8,group10_allf2_one-per-12k-layer,Cr,2,8,12k_layer6_1,3,2.0983234541175877,Cr_O_10,"(0, 0, 0)"
8,group10_allf2_one-per-12k-layer,Cr,2,8,12k_layer6_1,6,1.9844559569613607,Cr_O_05,"(0, 0, 0)"
8,group10_allf2_one-per-12k-layer,Cr,2,8,12k_layer6_1,19,2.0948276379027013,Cr_O_09,"(0, 0, 0)"
8,group10_allf2_one-per-12k-layer,Cr,2,8,12k_layer6_1,28,1.9254355756093047,Cr_O_04,"(0, 0, 0)"
8,group10_allf2_one-per-12k-layer,Cr,2,8,12k_layer6_1,36,2.0983234546414,Cr_O_10,"(1, 0, 0)"
8,group10_allf2_one-per-12k-layer,Cr,2,8,12k_layer6_1,38,1.925435563604001,Cr_O_04,"(0, 0, 0)"
8,group10_allf2_one-per-12k-layer,Ga,7,9,12k_layer14_2,8,2.098322979647595,Ga_O_10,"(0, 1, 0)"
8,group10_allf2_one-per-12k-layer,Ga,7,9,12k_layer14_2,9,1.9254359955309297,Ga_O_04,"(0, 0, 0)"
8,group10_allf2_one-per-12k-layer,Ga,7,9,12k_layer14_2,14,2.098322979397181,Ga_O_10,"(-1, 0, 0)"
8,group10_allf2_one-per-12k-layer,Ga,7,9,12k_layer14_2,15,2.094827260728784,Ga_O_09,"(0, 0, 0)"
8,group10_allf2_one-per-12k-layer,Ga,7,9,12k_layer14_2,20,1.9844560438241048,Ga_O_05,"(-1, 0, 0)"
8,group10_allf2_one-per-12k-layer,Ga,7,9,12k_layer14_2,27,1.9254359960714784,Ga_O_04,"(0, 0, 0)"
8,group10_allf2_one-per-12k-layer,Ga,8,10,2a_layer16,8,1.9948520249218649,Ga_O_07,"(1, 1, 0)"
8,group10_allf2_one-per-12k-layer,Ga,8,10,2a_layer16,14,1.9948520252426432,Ga_O_07,"(0, 0, 0)"
8,group10_allf2_one-per-12k-layer,Ga,8,10,2a_layer16,24,1.9948520249218644,Ga_O_07,"(0, 1, 0)"
8,group10_allf2_one-per-12k-layer,Ga,8,10,2a_layer16,29,1.9948516604791149,Ga_O_07,"(1, 0, 1)"
8,group10_allf2_one-per-12k-layer,Ga,8,10,2a_layer16,32,1.9948516599281325,Ga_O_07,"(0, 0, 1)"
8,group10_allf2_one-per-12k-layer,Ga,8,10,2a_layer16,34,1.994851660087002,Ga_O_07,"(1, 1, 1)"
8,group10_allf2_one-per-12k-layer,Ga,9,11,12k_layer10_3,1,1.9254359114790642,Ga_O_04,"(0, 0, 0)"
8,group10_allf2_one-per-12k-layer,Ga,9,11,12k_layer10_3,5,1.9254358990968665,Ga_O_04,"(0, 0, 0)"
8,group10_allf2_one-per-12k-layer,Ga,9,11,12k_layer10_3,11,2.0983230324375253,Ga_O_10,"(0, 1, 0)"
8,group10_allf2_one-per-12k-layer,Ga,9,11,12k_layer10_3,12,1.9844559575321832,Ga_O_05,"(0, 0, 0)"
8,group10_allf2_one-per-12k-layer,Ga,9,11,12k_layer10_3,17,2.094827636780971,Ga_O_09,"(0, 0, 0)"
8,group10_allf2_one-per-12k-layer,Ga,9,11,12k_layer10_3,22,2.0983230323180644,Ga_O_10,"(0, 0, 0)"
8,group10_allf2_one-per-12k-layer,Cr,3,12,12k_layer10_1,1,1.9254359117748707,Cr_O_04,"(0, 0, 0)"
8,group10_allf2_one-per-12k-layer,Cr,3,12,12k_layer10_1,11,2.0983230324093904,Cr_O_10,"(-1, 0, 0)"
8,group10_allf2_one-per-12k-layer,Cr,3,12,12k_layer10_1,12,1.9844559572212264,Cr_O_05,"(-1, -1, 0)"
8,group10_allf2_one-per-12k-layer,Cr,3,12,12k_layer10_1,17,2.0948275137753765,Cr_O_09,"(0, 0, 0)"
8,group10_allf2_one-per-12k-layer,Cr,3,12,12k_layer10_1,26,2.098323031885578,Cr_O_10,"(0, 0, 0)"
8,group10_allf2_one-per-12k-layer,Cr,3,12,12k_layer10_1,33,1.9254359117748707,Cr_O_04,"(0, 0, 0)"
8,group10_allf2_one-per-12k-layer,Cr,4,13,12k_layer2_1,7,1.9844559569613596,Cr_O_05,"(0, 0, 0)"
8,group10_allf2_one-per-12k-layer,Cr,4,13,12k_layer2_1,18,1.925435563604,Cr_O_04,"(0, 0, 0)"
8,group10_allf2_one-per-12k-layer,Cr,4,13,12k_layer2_1,21,1.9254355756093033,Cr_O_04,"(0, 0, 0)"
8,group10_allf2_one-per-12k-layer,Cr,4,13,12k_layer2_1,29,2.0983234546414016,Cr_O_10,"(1, 0, 0)"
8,group10_allf2_one-per-12k-layer,Cr,4,13,12k_layer2_1,31,2.0948276379027027,Cr_O_09,"(0, 0, 0)"
8,group10_allf2_one-per-12k-layer,Cr,4,13,12k_layer2_1,32,2.0983234541175895,Cr_O_10,"(0, 0, 0)"
8,group10_allf2_one-per-12k-layer,Ga,10,14,2b_layer12,10,1.8700732788205217,Ga_O_01,"(0, 1, 0)"
8,group10_allf2_one-per-12k-layer,Ga,10,14,2b_layer12,12,2.2779384420000004,Ga_O_11,"(0, 0, 0)"
8,group10_allf2_one-per-12k-layer,Ga,10,14,2b_layer12,20,2.2779384410000003,Ga_O_11,"(0, 0, 0)"
8,group10_allf2_one-per-12k-layer,Ga,10,14,2b_layer12,23,1.870073507451236,Ga_O_01,"(1, 1, 0)"
8,group10_allf2_one-per-12k-layer,Ga,10,14,2b_layer12,37,1.870073355,Ga_O_01,"(0, 0, 0)"
8,group10_allf2_one-per-12k-layer,Ga,11,15,2a_layer8,3,1.9948516601706343,Ga_O_07,"(0, 0, 0)"
8,group10_allf2_one-per-12k-layer,Ga,11,15,2a_layer8,11,1.9948520770594027,Ga_O_07,"(0, 1, 0)"
8,group10_allf2_one-per-12k-layer,Ga,11,15,2a_layer8,13,1.994851660329504,Ga_O_07,"(1, 1, 0)"
8,group10_allf2_one-per-12k-layer,Ga,11,15,2a_layer8,22,1.9948520773801812,Ga_O_07,"(0, 0, 0)"
8,group10_allf2_one-per-12k-layer,Ga,11,15,2a_layer8,26,1.9948520770594032,Ga_O_07,"(1, 1, 0)"
8,group10_allf2_one-per-12k-layer,Ga,11,15,2a_layer8,36,1.9948516607216167,Ga_O_07,"(1, 0, 0)"
8,group10_allf2_one-per-12k-layer,Ga,12,16,2b_layer4,2,1.8700732794118144,Ga_O_01,"(1, 0, 0)"
8,group10_allf2_one-per-12k-layer,Ga,12,16,2b_layer4,6,2.277938441000001,Ga_O_11,"(0, 0, 0)"
8,group10_allf2_one-per-12k-layer,Ga,12,16,2b_layer4,7,2.2779384420000004,Ga_O_11,"(0, 0, 0)"
8,group10_allf2_one-per-12k-layer,Ga,12,16,2b_layer4,16,1.8700735073000085,Ga_O_01,"(1, 1, 0)"
8,group10_allf2_one-per-12k-layer,Ga,12,16,2b_layer4,35,1.870073355795254,Ga_O_01,"(0, 0, 0)"
8,group10_allf2_one-per-12k-layer,Ga,13,17,4f1_layer9,11,1.9084361294606749,Ga_O_02,"(0, 0, 0)"
8,group10_allf2_one-per-12k-layer,Ga,13,17,4f1_layer9,19,1.9091270429999996,Ga_O_03,"(0, 0, 0)"
8,group10_allf2_one-per-12k-layer,Ga,13,17,4f1_layer9,22,1.9084362745505044,Ga_O_02,"(0, 0, 0)"
8,group10_allf2_one-per-12k-layer,Ga,13,17,4f1_layer9,26,1.9084361294606744,Ga_O_02,"(0, 0, 0)"
8,group10_allf2_one-per-12k-layer,Cr,5,18,4f2_layer11,1,1.9849917587865524,Cr_O_06,"(0, 0, 0)"
8,group10_allf2_one-per-12k-layer,Cr,5,18,4f2_layer11,5,1.9849916384047732,Cr_O_06,"(0, -1, 0)"
8,group10_allf2_one-per-12k-layer,Cr,5,18,4f2_layer11,10,2.0663776487443304,Cr_O_08,"(0, 0, 0)"
8,group10_allf2_one-per-12k-layer,Cr,5,18,4f2_layer11,23,2.0663774783167193,Cr_O_08,"(0, 0, 0)"
8,group10_allf2_one-per-12k-layer,Cr,5,18,4f2_layer11,33,1.9849917593946298,Cr_O_06,"(1, 0, 0)"
8,group10_allf2_one-per-12k-layer,Cr,5,18,4f2_layer11,37,2.0663777054221355,Cr_O_08,"(0, 0, 0)"
8,group10_allf2_one-per-12k-layer,Cr,6,19,4f2_layer3,2,2.0663771907209756,Cr_O_08,"(0, 0, 0)"
8,group10_allf2_one-per-12k-layer,Cr,6,19,4f2_layer3,16,2.066377020121716,Cr_O_08,"(0, 0, 0)"
8,group10_allf2_one-per-12k-layer,Cr,6,19,4f2_layer3,18,1.9849922964805824,Cr_O_06,"(-1, 0, 0)"
8,group10_allf2_one-per-12k-layer,Cr,6,19,4f2_layer3,21,1.9849924174878968,Cr_O_06,"(0, 0, 0)"
8,group10_allf2_one-per-12k-layer,Cr,6,19,4f2_layer3,25,1.9849924184808014,Cr_O_06,"(0, 1, 0)"
8,group10_allf2_one-per-12k-layer,Cr,6,19,4f2_layer3,35,2.066377246884635,Cr_O_08,"(0, 0, 0)"
8,group10_allf2_one-per-12k-layer,Ga,14,20,4f1_layer7,3,1.9084360732701862,Ga_O_02,"(0, 0, 0)"
8,group10_allf2_one-per-12k-layer,Ga,14,20,4f1_layer7,13,1.9084359271385227,Ga_O_02,"(0, 0, 0)"
8,group10_allf2_one-per-12k-layer,Ga,14,20,4f1_layer7,17,1.909127043000001,Ga_O_03,"(0, 0, 0)"
8,group10_allf2_one-per-12k-layer,Ga,14,20,4f1_layer7,36,1.9084359275969722,Ga_O_02,"(0, 0, 0)"
8,group10_allf2_one-per-12k-layer,Cr,7,21,4f2_layer5,2,2.0663771900543897,Cr_O_08,"(0, 0, 0)"
8,group10_allf2_one-per-12k-layer,Cr,7,21,4f2_layer5,4,1.9849924184808014,Cr_O_06,"(0, 1, 0)"
8,group10_allf2_one-per-12k-layer,Cr,7,21,4f2_layer5,16,2.0663770194551296,Cr_O_08,"(0, 0, 0)"
8,group10_allf2_one-per-12k-layer,Cr,7,21,4f2_layer5,28,1.9849924174878968,Cr_O_06,"(0, 0, 0)"
8,group10_allf2_one-per-12k-layer,Cr,7,21,4f2_layer5,35,2.0663772462180487,Cr_O_08,"(0, 0, 0)"
8,group10_allf2_one-per-12k-layer,Cr,7,21,4f2_layer5,38,1.9849922964805824,Cr_O_06,"(-1, 0, 0)"
8,group10_allf2_one-per-12k-layer,Ga,15,22,4f1_layer1,15,1.9091273005999965,Ga_O_03,"(0, 0, -1)"
8,group10_allf2_one-per-12k-layer,Ga,15,22,4f1_layer1,29,1.9084359275969722,Ga_O_02,"(0, 0, 0)"
8,group10_allf2_one-per-12k-layer,Ga,15,22,4f1_layer1,32,1.9084360732701862,Ga_O_02,"(0, 0, 0)"
8,group10_allf2_one-per-12k-layer,Ga,15,22,4f1_layer1,34,1.9084359271385227,Ga_O_02,"(0, 0, 0)"
8,group10_allf2_one-per-12k-layer,Cr,8,23,4f2_layer13,9,1.9849917593946296,Cr_O_06,"(1, 0, 0)"
8,group10_allf2_one-per-12k-layer,Cr,8,23,4f2_layer13,10,2.0663776487443317,Cr_O_08,"(0, 0, 0)"
8,group10_allf2_one-per-12k-layer,Cr,8,23,4f2_layer13,23,2.0663774783167206,Cr_O_08,"(0, 0, 0)"
8,group10_allf2_one-per-12k-layer,Cr,8,23,4f2_layer13,27,1.984991638404773,Cr_O_06,"(0, -1, 0)"
8,group10_allf2_one-per-12k-layer,Cr,8,23,4f2_layer13,30,1.984991758786552,Cr_O_06,"(0, 0, 0)"
8,group10_allf2_one-per-12k-layer,Cr,8,23,4f2_layer13,37,2.066377705422137,Cr_O_08,"(0, 0, 0)"
8,group10_allf2_one-per-12k-layer,Ga,16,24,4f1_layer15,8,1.9084361547650497,Ga_O_02,"(0, 0, 0)"
8,group10_allf2_one-per-12k-layer,Ga,16,24,4f1_layer15,14,1.9084362998548778,Ga_O_02,"(0, 0, 0)"
8,group10_allf2_one-per-12k-layer,Ga,16,24,4f1_layer15,24,1.9084361547650501,Ga_O_02,"(0, 0, 0)"
8,group10_allf2_one-per-12k-layer,Ga,16,24,4f1_layer15,31,1.9091268705999949,Ga_O_03,"(0, 0, 1)"
8,group11_allf1_one-per-12k-layer,Sr,1,,,2,2.958098043228469,Sr_O_02,"(0, -1, 0)"
8,group11_allf1_one-per-12k-layer,Sr,1,,,4,2.864579795118219,Sr_O_01,"(0, 0, 0)"
8,group11_allf1_one-per-12k-layer,Sr,1,,,16,2.9580979326637595,Sr_O_02,"(1, 0, 0)"
8,group11_allf1_one-per-12k-layer,Sr,1,,,18,2.8645798765734263,Sr_O_01,"(0, 0, 0)"
8,group11_allf1_one-per-12k-layer,Sr,1,,,21,2.864579884642825,Sr_O_01,"(0, 0, 0)"
8,group11_allf1_one-per-12k-layer,Sr,1,,,25,2.8645797959311503,Sr_O_01,"(0, 0, 0)"
8,group11_allf1_one-per-12k-layer,Sr,1,,,28,2.864579883829894,Sr_O_01,"(0, 0, 0)"
8,group11_allf1_one-per-12k-layer,Sr,1,,,35,2.95809800345424,Sr_O_02,"(0, -1, 0)"
8,group11_allf1_one-per-12k-layer,Sr,1,,,38,2.8645798757604948,Sr_O_01,"(0, 0, 0)"
8,group11_allf1_one-per-12k-layer,Sr,2,,,1,2.8645793251769454,Sr_O_01,"(0, 0, 0)"
8,group11_allf1_one-per-12k-layer,Sr,2,,,5,2.8645793169995204,Sr_O_01,"(0, 0, 0)"
8,group11_allf1_one-per-12k-layer,Sr,2,,,9,2.8645792364135385,Sr_O_01,"(0, 0, 0)"
8,group11_allf1_one-per-12k-layer,Sr,2,,,10,2.9580980427214705,Sr_O_02,"(-1, 0, 0)"
8,group11_allf1_one-per-12k-layer,Sr,2,,,23,2.95809793284463,Sr_O_02,"(0, 1, 0)"
8,group11_allf1_one-per-12k-layer,Sr,2,,,27,2.8645793169995213,Sr_O_01,"(0, 0, 0)"
8,group11_allf1_one-per-12k-layer,Sr,2,,,30,2.8645793251769462,Sr_O_01,"(0, 0, 0)"
8,group11_allf1_one-per-12k-layer,Sr,2,,,33,2.864579236413537,Sr_O_01,"(0, 0, 0)"
8,group11_allf1_one-per-12k-layer,Sr,2,,,37,2.9580980035278155,Sr_O_02,"(-1, 0, 0)"
8,group11_allf1_one-per-12k-layer,Ga,1,1,12k_layer6_3,4,1.9254355757587174,Ga_O_04,"(0, 0, 0)"
8,group11_allf1_one-per-12k-layer,Ga,1,1,12k_layer6_3,6,1.9844559567789057,Ga_O_05,"(-1, -1, 0)"
8,group11_allf1_one-per-12k-layer,Ga,1,1,12k_layer6_3,13,2.0983234538406146,Ga_O_10,"(0, 0, 0)"
8,group11_allf1_one-per-12k-layer,Ga,1,1,12k_layer6_3,19,2.094827515170505,Ga_O_09,"(0, 0, 0)"
8,group11_allf1_one-per-12k-layer,Ga,1,1,12k_layer6_3,28,1.925435576196381,Ga_O_04,"(0, 0, 0)"
8,group11_allf1_one-per-12k-layer,Ga,1,1,12k_layer6_3,36,2.0983234538272053,Ga_O_10,"(0, -1, 0)"
8,group11_allf1_one-per-12k-layer,Ga,2,2,12k_layer2_3,7,1.9844559567789046,Ga_O_05,"(-1, -1, 0)"
8,group11_allf1_one-per-12k-layer,Ga,2,2,12k_layer2_3,21,1.9254355761963797,Ga_O_04,"(0, 0, 0)"
8,group11_allf1_one-per-12k-layer,Ga,2,2,12k_layer2_3,25,1.9254355757587163,Ga_O_04,"(0, 0, 0)"
8,group11_allf1_one-per-12k-layer,Ga,2,2,12k_layer2_3,29,2.098323453827207,Ga_O_10,"(0, -1, 0)"
8,group11_allf1_one-per-12k-layer,Ga,2,2,12k_layer2_3,31,2.0948275151705062,Ga_O_09,"(0, 0, 0)"
8,group11_allf1_one-per-12k-layer,Ga,2,2,12k_layer2_3,34,2.0983234538406164,Ga_O_10,"(0, 0, 0)"
8,group11_allf1_one-per-12k-layer,Cr,1,3,12k_layer14_1,8,2.0983229791065865,Cr_O_10,"(0, 0, 0)"
8,group11_allf1_one-per-12k-layer,Cr,1,3,12k_layer14_1,9,1.9254359958162917,Cr_O_04,"(0, 0, 0)"
8,group11_allf1_one-per-12k-layer,Cr,1,3,12k_layer14_1,15,2.094827260093365,Cr_O_09,"(0, 0, 0)"
8,group11_allf1_one-per-12k-layer,Cr,1,3,12k_layer14_1,20,1.9844560436631808,Cr_O_05,"(-1, -1, 0)"
8,group11_allf1_one-per-12k-layer,Cr,1,3,12k_layer14_1,24,2.0983229796303986,Cr_O_10,"(-1, 0, 0)"
8,group11_allf1_one-per-12k-layer,Cr,1,3,12k_layer14_1,30,1.9254359958162914,Cr_O_04,"(0, 0, 0)"
8,group11_allf1_one-per-12k-layer,Ga,3,4,12k_layer2_2,7,1.984455956778905,Ga_O_05,"(0, -1, 0)"
8,group11_allf1_one-per-12k-layer,Ga,3,4,12k_layer2_2,18,1.9254355763634932,Ga_O_04,"(0, 0, 0)"
8,group11_allf1_one-per-12k-layer,Ga,3,4,12k_layer2_2,25,1.925435575758716,Ga_O_04,"(0, 0, 0)"
8,group11_allf1_one-per-12k-layer,Ga,3,4,12k_layer2_2,31,2.094827515170506,Ga_O_09,"(0, 0, 0)"
8,group11_allf1_one-per-12k-layer,Ga,3,4,12k_layer2_2,32,2.0983234538709623,Ga_O_10,"(0, -1, 0)"
8,group11_allf1_one-per-12k-layer,Ga,3,4,12k_layer2_2,34,2.098323454408184,Ga_O_10,"(1, 0, 0)"
8,group11_allf1_one-per-12k-layer,Ga,4,5,12k_layer14_3,14,2.098322979539073,Ga_O_10,"(0, 0, 0)"
8,group11_allf1_one-per-12k-layer,Ga,4,5,12k_layer14_3,15,2.094827383098975,Ga_O_09,"(0, 0, 0)"
8,group11_allf1_one-per-12k-layer,Ga,4,5,12k_layer14_3,20,1.9844560439741377,Ga_O_05,"(0, 0, 0)"
8,group11_allf1_one-per-12k-layer,Ga,4,5,12k_layer14_3,24,2.098322979658534,Ga_O_10,"(0, 1, 0)"
8,group11_allf1_one-per-12k-layer,Ga,4,5,12k_layer14_3,27,1.925435983138288,Ga_O_04,"(0, 0, 0)"
8,group11_allf1_one-per-12k-layer,Ga,4,5,12k_layer14_3,30,1.9254359955204852,Ga_O_04,"(0, 0, 0)"
8,group11_allf1_one-per-12k-layer,Ga,5,6,12k_layer10_2,5,1.9254359120300575,Ga_O_04,"(0, 0, 0)"
8,group11_allf1_one-per-12k-layer,Ga,5,6,12k_layer10_2,12,1.98445595738215,Ga_O_05,"(-1, 0, 0)"
8,group11_allf1_one-per-12k-layer,Ga,5,6,12k_layer10_2,17,2.094827514410795,Ga_O_09,"(0, 0, 0)"
8,group11_allf1_one-per-12k-layer,Ga,5,6,12k_layer10_2,22,2.0983230321761726,Ga_O_10,"(-1, 0, 0)"
8,group11_allf1_one-per-12k-layer,Ga,5,6,12k_layer10_2,26,2.0983230324265865,Ga_O_10,"(0, 1, 0)"
8,group11_allf1_one-per-12k-layer,Ga,5,6,12k_layer10_2,33,1.9254359114895088,Ga_O_04,"(0, 0, 0)"
8,group11_allf1_one-per-12k-layer,Ga,6,7,12k_layer6_2,3,2.0983234538709605,Ga_O_10,"(0, -1, 0)"
8,group11_allf1_one-per-12k-layer,Ga,6,7,12k_layer6_2,4,1.9254355757587174,Ga_O_04,"(0, 0, 0)"
8,group11_allf1_one-per-12k-layer,Ga,6,7,12k_layer6_2,6,1.9844559567789064,Ga_O_05,"(0, -1, 0)"
8,group11_allf1_one-per-12k-layer,Ga,6,7,12k_layer6_2,13,2.0983234544081824,Ga_O_10,"(1, 0, 0)"
8,group11_allf1_one-per-12k-layer,Ga,6,7,12k_layer6_2,19,2.0948275151705045,Ga_O_09,"(0, 0, 0)"
8,group11_allf1_one-per-12k-layer,Ga,6,7,12k_layer6_2,38,1.9254355763634945,Ga_O_04,"(0, 0, 0)"
8,group11_allf1_one-per-12k-layer,Cr,2,8,12k_layer6_1,3,2.0983234541175877,Cr_O_10,"(0, 0, 0)"
8,group11_allf1_one-per-12k-layer,Cr,2,8,12k_layer6_1,6,1.9844559569613607,Cr_O_05,"(0, 0, 0)"
8,group11_allf1_one-per-12k-layer,Cr,2,8,12k_layer6_1,19,2.0948276379027013,Cr_O_09,"(0, 0, 0)"
8,group11_allf1_one-per-12k-layer,Cr,2,8,12k_layer6_1,28,1.9254355756093047,Cr_O_04,"(0, 0, 0)"
8,group11_allf1_one-per-12k-layer,Cr,2,8,12k_layer6_1,36,2.0983234546414,Cr_O_10,"(1, 0, 0)"
8,group11_allf1_one-per-12k-layer,Cr,2,8,12k_layer6_1,38,1.925435563604001,Cr_O_04,"(0, 0, 0)"
8,group11_allf1_one-per-12k-layer,Ga,7,9,12k_layer14_2,8,2.098322979647595,Ga_O_10,"(0, 1, 0)"
8,group11_allf1_one-per-12k-layer,Ga,7,9,12k_layer14_2,9,1.9254359955309297,Ga_O_04,"(0, 0, 0)"
8,group11_allf1_one-per-12k-layer,Ga,7,9,12k_layer14_2,14,2.098322979397181,Ga_O_10,"(-1, 0, 0)"
8,group11_allf1_one-per-12k-layer,Ga,7,9,12k_layer14_2,15,2.094827260728784,Ga_O_09,"(0, 0, 0)"
8,group11_allf1_one-per-12k-layer,Ga,7,9,12k_layer14_2,20,1.9844560438241048,Ga_O_05,"(-1, 0, 0)"
8,group11_allf1_one-per-12k-layer,Ga,7,9,12k_layer14_2,27,1.9254359960714784,Ga_O_04,"(0, 0, 0)"
8,group11_allf1_one-per-12k-layer,Ga,8,10,2a_layer16,8,1.9948520249218649,Ga_O_07,"(1, 1, 0)"
8,group11_allf1_one-per-12k-layer,Ga,8,10,2a_layer16,14,1.9948520252426432,Ga_O_07,"(0, 0, 0)"
8,group11_allf1_one-per-12k-layer,Ga,8,10,2a_layer16,24,1.9948520249218644,Ga_O_07,"(0, 1, 0)"
8,group11_allf1_one-per-12k-layer,Ga,8,10,2a_layer16,29,1.9948516604791149,Ga_O_07,"(1, 0, 1)"
8,group11_allf1_one-per-12k-layer,Ga,8,10,2a_layer16,32,1.9948516599281325,Ga_O_07,"(0, 0, 1)"
8,group11_allf1_one-per-12k-layer,Ga,8,10,2a_layer16,34,1.994851660087002,Ga_O_07,"(1, 1, 1)"
8,group11_allf1_one-per-12k-layer,Ga,9,11,12k_layer10_3,1,1.9254359114790642,Ga_O_04,"(0, 0, 0)"
8,group11_allf1_one-per-12k-layer,Ga,9,11,12k_layer10_3,5,1.9254358990968665,Ga_O_04,"(0, 0, 0)"
8,group11_allf1_one-per-12k-layer,Ga,9,11,12k_layer10_3,11,2.0983230324375253,Ga_O_10,"(0, 1, 0)"
8,group11_allf1_one-per-12k-layer,Ga,9,11,12k_layer10_3,12,1.9844559575321832,Ga_O_05,"(0, 0, 0)"
8,group11_allf1_one-per-12k-layer,Ga,9,11,12k_layer10_3,17,2.094827636780971,Ga_O_09,"(0, 0, 0)"
8,group11_allf1_one-per-12k-layer,Ga,9,11,12k_layer10_3,22,2.0983230323180644,Ga_O_10,"(0, 0, 0)"
8,group11_allf1_one-per-12k-layer,Cr,3,12,12k_layer10_1,1,1.9254359117748707,Cr_O_04,"(0, 0, 0)"
8,group11_allf1_one-per-12k-layer,Cr,3,12,12k_layer10_1,11,2.0983230324093904,Cr_O_10,"(-1, 0, 0)"
8,group11_allf1_one-per-12k-layer,Cr,3,12,12k_layer10_1,12,1.9844559572212264,Cr_O_05,"(-1, -1, 0)"
8,group11_allf1_one-per-12k-layer,Cr,3,12,12k_layer10_1,17,2.0948275137753765,Cr_O_09,"(0, 0, 0)"
8,group11_allf1_one-per-12k-layer,Cr,3,12,12k_layer10_1,26,2.098323031885578,Cr_O_10,"(0, 0, 0)"
8,group11_allf1_one-per-12k-layer,Cr,3,12,12k_layer10_1,33,1.9254359117748707,Cr_O_04,"(0, 0, 0)"
8,group11_allf1_one-per-12k-layer,Cr,4,13,12k_layer2_1,7,1.9844559569613596,Cr_O_05,"(0, 0, 0)"
8,group11_allf1_one-per-12k-layer,Cr,4,13,12k_layer2_1,18,1.925435563604,Cr_O_04,"(0, 0, 0)"
8,group11_allf1_one-per-12k-layer,Cr,4,13,12k_layer2_1,21,1.9254355756093033,Cr_O_04,"(0, 0, 0)"
8,group11_allf1_one-per-12k-layer,Cr,4,13,12k_layer2_1,29,2.0983234546414016,Cr_O_10,"(1, 0, 0)"
8,group11_allf1_one-per-12k-layer,Cr,4,13,12k_layer2_1,31,2.0948276379027027,Cr_O_09,"(0, 0, 0)"
8,group11_allf1_one-per-12k-layer,Cr,4,13,12k_layer2_1,32,2.0983234541175895,Cr_O_10,"(0, 0, 0)"
8,group11_allf1_one-per-12k-layer,Ga,10,14,2b_layer12,10,1.8700732788205217,Ga_O_01,"(0, 1, 0)"
8,group11_allf1_one-per-12k-layer,Ga,10,14,2b_layer12,12,2.2779384420000004,Ga_O_11,"(0, 0, 0)"
8,group11_allf1_one-per-12k-layer,Ga,10,14,2b_layer12,20,2.2779384410000003,Ga_O_11,"(0, 0, 0)"
8,group11_allf1_one-per-12k-layer,Ga,10,14,2b_layer12,23,1.870073507451236,Ga_O_01,"(1, 1, 0)"
8,group11_allf1_one-per-12k-layer,Ga,10,14,2b_layer12,37,1.870073355,Ga_O_01,"(0, 0, 0)"
8,group11_allf1_one-per-12k-layer,Ga,11,15,2a_layer8,3,1.9948516601706343,Ga_O_07,"(0, 0, 0)"
8,group11_allf1_one-per-12k-layer,Ga,11,15,2a_layer8,11,1.9948520770594027,Ga_O_07,"(0, 1, 0)"
8,group11_allf1_one-per-12k-layer,Ga,11,15,2a_layer8,13,1.994851660329504,Ga_O_07,"(1, 1, 0)"
8,group11_allf1_one-per-12k-layer,Ga,11,15,2a_layer8,22,1.9948520773801812,Ga_O_07,"(0, 0, 0)"
8,group11_allf1_one-per-12k-layer,Ga,11,15,2a_layer8,26,1.9948520770594032,Ga_O_07,"(1, 1, 0)"
8,group11_allf1_one-per-12k-layer,Ga,11,15,2a_layer8,36,1.9948516607216167,Ga_O_07,"(1, 0, 0)"
8,group11_allf1_one-per-12k-layer,Ga,12,16,2b_layer4,2,1.8700732794118144,Ga_O_01,"(1, 0, 0)"
8,group11_allf1_one-per-12k-layer,Ga,12,16,2b_layer4,6,2.277938441000001,Ga_O_11,"(0, 0, 0)"
8,group11_allf1_one-per-12k-layer,Ga,12,16,2b_layer4,7,2.2779384420000004,Ga_O_11,"(0, 0, 0)"
8,group11_allf1_one-per-12k-layer,Ga,12,16,2b_layer4,16,1.8700735073000085,Ga_O_01,"(1, 1, 0)"
8,group11_allf1_one-per-12k-layer,Ga,12,16,2b_layer4,35,1.870073355795254,Ga_O_01,"(0, 0, 0)"
8,group11_allf1_one-per-12k-layer,Cr,5,17,4f1_layer9,11,1.9084361294606749,Cr_O_02,"(0, 0, 0)"
8,group11_allf1_one-per-12k-layer,Cr,5,17,4f1_layer9,19,1.9091270429999996,Cr_O_03,"(0, 0, 0)"
8,group11_allf1_one-per-12k-layer,Cr,5,17,4f1_layer9,22,1.9084362745505044,Cr_O_02,"(0, 0, 0)"
8,group11_allf1_one-per-12k-layer,Cr,5,17,4f1_layer9,26,1.9084361294606744,Cr_O_02,"(0, 0, 0)"
8,group11_allf1_one-per-12k-layer,Ga,13,18,4f2_layer11,1,1.9849917587865524,Ga_O_06,"(0, 0, 0)"
8,group11_allf1_one-per-12k-layer,Ga,13,18,4f2_layer11,5,1.9849916384047732,Ga_O_06,"(0, -1, 0)"
8,group11_allf1_one-per-12k-layer,Ga,13,18,4f2_layer11,10,2.0663776487443304,Ga_O_08,"(0, 0, 0)"
8,group11_allf1_one-per-12k-layer,Ga,13,18,4f2_layer11,23,2.0663774783167193,Ga_O_08,"(0, 0, 0)"
8,group11_allf1_one-per-12k-layer,Ga,13,18,4f2_layer11,33,1.9849917593946298,Ga_O_06,"(1, 0, 0)"
8,group11_allf1_one-per-12k-layer,Ga,13,18,4f2_layer11,37,2.0663777054221355,Ga_O_08,"(0, 0, 0)"
8,group11_allf1_one-per-12k-layer,Ga,14,19,4f2_layer3,2,2.0663771907209756,Ga_O_08,"(0, 0, 0)"
8,group11_allf1_one-per-12k-layer,Ga,14,19,4f2_layer3,16,2.066377020121716,Ga_O_08,"(0, 0, 0)"
8,group11_allf1_one-per-12k-layer,Ga,14,19,4f2_layer3,18,1.9849922964805824,Ga_O_06,"(-1, 0, 0)"
8,group11_allf1_one-per-12k-layer,Ga,14,19,4f2_layer3,21,1.9849924174878968,Ga_O_06,"(0, 0, 0)"
8,group11_allf1_one-per-12k-layer,Ga,14,19,4f2_layer3,25,1.9849924184808014,Ga_O_06,"(0, 1, 0)"
8,group11_allf1_one-per-12k-layer,Ga,14,19,4f2_layer3,35,2.066377246884635,Ga_O_08,"(0, 0, 0)"
8,group11_allf1_one-per-12k-layer,Cr,6,20,4f1_layer7,3,1.9084360732701862,Cr_O_02,"(0, 0, 0)"
8,group11_allf1_one-per-12k-layer,Cr,6,20,4f1_layer7,13,1.9084359271385227,Cr_O_02,"(0, 0, 0)"
8,group11_allf1_one-per-12k-layer,Cr,6,20,4f1_layer7,17,1.909127043000001,Cr_O_03,"(0, 0, 0)"
8,group11_allf1_one-per-12k-layer,Cr,6,20,4f1_layer7,36,1.9084359275969722,Cr_O_02,"(0, 0, 0)"
8,group11_allf1_one-per-12k-layer,Ga,15,21,4f2_layer5,2,2.0663771900543897,Ga_O_08,"(0, 0, 0)"
8,group11_allf1_one-per-12k-layer,Ga,15,21,4f2_layer5,4,1.9849924184808014,Ga_O_06,"(0, 1, 0)"
8,group11_allf1_one-per-12k-layer,Ga,15,21,4f2_layer5,16,2.0663770194551296,Ga_O_08,"(0, 0, 0)"
8,group11_allf1_one-per-12k-layer,Ga,15,21,4f2_layer5,28,1.9849924174878968,Ga_O_06,"(0, 0, 0)"
8,group11_allf1_one-per-12k-layer,Ga,15,21,4f2_layer5,35,2.0663772462180487,Ga_O_08,"(0, 0, 0)"
8,group11_allf1_one-per-12k-layer,Ga,15,21,4f2_layer5,38,1.9849922964805824,Ga_O_06,"(-1, 0, 0)"
8,group11_allf1_one-per-12k-layer,Cr,7,22,4f1_layer1,15,1.9091273005999965,Cr_O_03,"(0, 0, -1)"
8,group11_allf1_one-per-12k-layer,Cr,7,22,4f1_layer1,29,1.9084359275969722,Cr_O_02,"(0, 0, 0)"
8,group11_allf1_one-per-12k-layer,Cr,7,22,4f1_layer1,32,1.9084360732701862,Cr_O_02,"(0, 0, 0)"
8,group11_allf1_one-per-12k-layer,Cr,7,22,4f1_layer1,34,1.9084359271385227,Cr_O_02,"(0, 0, 0)"
8,group11_allf1_one-per-12k-layer,Ga,16,23,4f2_layer13,9,1.9849917593946296,Ga_O_06,"(1, 0, 0)"
8,group11_allf1_one-per-12k-layer,Ga,16,23,4f2_layer13,10,2.0663776487443317,Ga_O_08,"(0, 0, 0)"
8,group11_allf1_one-per-12k-layer,Ga,16,23,4f2_layer13,23,2.0663774783167206,Ga_O_08,"(0, 0, 0)"
8,group11_allf1_one-per-12k-layer,Ga,16,23,4f2_layer13,27,1.984991638404773,Ga_O_06,"(0, -1, 0)"
8,group11_allf1_one-per-12k-layer,Ga,16,23,4f2_layer13,30,1.984991758786552,Ga_O_06,"(0, 0, 0)"
8,group11_allf1_one-per-12k-layer,Ga,16,23,4f2_layer13,37,2.066377705422137,Ga_O_08,"(0, 0, 0)"
8,group11_allf1_one-per-12k-layer,Cr,8,24,4f1_layer15,8,1.9084361547650497,Cr_O_02,"(0, 0, 0)"
8,group11_allf1_one-per-12k-layer,Cr,8,24,4f1_layer15,14,1.9084362998548778,Cr_O_02,"(0, 0, 0)"
8,group11_allf1_one-per-12k-layer,Cr,8,24,4f1_layer15,24,1.9084361547650501,Cr_O_02,"(0, 0, 0)"
8,group11_allf1_one-per-12k-layer,Cr,8,24,4f1_layer15,31,1.9091268705999949,Cr_O_03,"(0, 0, 1)"
8,group12_2b_f2-3-5_12k-layers2-6,Sr,1,,,2,2.958098043228469,Sr_O_02,"(0, -1, 0)"
8,group12_2b_f2-3-5_12k-layers2-6,Sr,1,,,4,2.864579795118219,Sr_O_01,"(0, 0, 0)"
8,group12_2b_f2-3-5_12k-layers2-6,Sr,1,,,16,2.9580979326637595,Sr_O_02,"(1, 0, 0)"
8,group12_2b_f2-3-5_12k-layers2-6,Sr,1,,,18,2.8645798765734263,Sr_O_01,"(0, 0, 0)"
8,group12_2b_f2-3-5_12k-layers2-6,Sr,1,,,21,2.864579884642825,Sr_O_01,"(0, 0, 0)"
8,group12_2b_f2-3-5_12k-layers2-6,Sr,1,,,25,2.8645797959311503,Sr_O_01,"(0, 0, 0)"
8,group12_2b_f2-3-5_12k-layers2-6,Sr,1,,,28,2.864579883829894,Sr_O_01,"(0, 0, 0)"
8,group12_2b_f2-3-5_12k-layers2-6,Sr,1,,,35,2.95809800345424,Sr_O_02,"(0, -1, 0)"
8,group12_2b_f2-3-5_12k-layers2-6,Sr,1,,,38,2.8645798757604948,Sr_O_01,"(0, 0, 0)"
8,group12_2b_f2-3-5_12k-layers2-6,Sr,2,,,1,2.8645793251769454,Sr_O_01,"(0, 0, 0)"
8,group12_2b_f2-3-5_12k-layers2-6,Sr,2,,,5,2.8645793169995204,Sr_O_01,"(0, 0, 0)"
8,group12_2b_f2-3-5_12k-layers2-6,Sr,2,,,9,2.8645792364135385,Sr_O_01,"(0, 0, 0)"
8,group12_2b_f2-3-5_12k-layers2-6,Sr,2,,,10,2.9580980427214705,Sr_O_02,"(-1, 0, 0)"
8,group12_2b_f2-3-5_12k-layers2-6,Sr,2,,,23,2.95809793284463,Sr_O_02,"(0, 1, 0)"
8,group12_2b_f2-3-5_12k-layers2-6,Sr,2,,,27,2.8645793169995213,Sr_O_01,"(0, 0, 0)"
8,group12_2b_f2-3-5_12k-layers2-6,Sr,2,,,30,2.8645793251769462,Sr_O_01,"(0, 0, 0)"
8,group12_2b_f2-3-5_12k-layers2-6,Sr,2,,,33,2.864579236413537,Sr_O_01,"(0, 0, 0)"
8,group12_2b_f2-3-5_12k-layers2-6,Sr,2,,,37,2.9580980035278155,Sr_O_02,"(-1, 0, 0)"
8,group12_2b_f2-3-5_12k-layers2-6,Ga,1,1,12k_layer6_3,4,1.9254355757587174,Ga_O_04,"(0, 0, 0)"
8,group12_2b_f2-3-5_12k-layers2-6,Ga,1,1,12k_layer6_3,6,1.9844559567789057,Ga_O_05,"(-1, -1, 0)"
8,group12_2b_f2-3-5_12k-layers2-6,Ga,1,1,12k_layer6_3,13,2.0983234538406146,Ga_O_10,"(0, 0, 0)"
8,group12_2b_f2-3-5_12k-layers2-6,Ga,1,1,12k_layer6_3,19,2.094827515170505,Ga_O_09,"(0, 0, 0)"
8,group12_2b_f2-3-5_12k-layers2-6,Ga,1,1,12k_layer6_3,28,1.925435576196381,Ga_O_04,"(0, 0, 0)"
8,group12_2b_f2-3-5_12k-layers2-6,Ga,1,1,12k_layer6_3,36,2.0983234538272053,Ga_O_10,"(0, -1, 0)"
8,group12_2b_f2-3-5_12k-layers2-6,Ga,2,2,12k_layer2_3,7,1.9844559567789046,Ga_O_05,"(-1, -1, 0)"
8,group12_2b_f2-3-5_12k-layers2-6,Ga,2,2,12k_layer2_3,21,1.9254355761963797,Ga_O_04,"(0, 0, 0)"
8,group12_2b_f2-3-5_12k-layers2-6,Ga,2,2,12k_layer2_3,25,1.9254355757587163,Ga_O_04,"(0, 0, 0)"
8,group12_2b_f2-3-5_12k-layers2-6,Ga,2,2,12k_layer2_3,29,2.098323453827207,Ga_O_10,"(0, -1, 0)"
8,group12_2b_f2-3-5_12k-layers2-6,Ga,2,2,12k_layer2_3,31,2.0948275151705062,Ga_O_09,"(0, 0, 0)"
8,group12_2b_f2-3-5_12k-layers2-6,Ga,2,2,12k_layer2_3,34,2.0983234538406164,Ga_O_10,"(0, 0, 0)"
8,group12_2b_f2-3-5_12k-layers2-6,Ga,3,3,12k_layer14_1,8,2.0983229791065865,Ga_O_10,"(0, 0, 0)"
8,group12_2b_f2-3-5_12k-layers2-6,Ga,3,3,12k_layer14_1,9,1.9254359958162917,Ga_O_04,"(0, 0, 0)"
8,group12_2b_f2-3-5_12k-layers2-6,Ga,3,3,12k_layer14_1,15,2.094827260093365,Ga_O_09,"(0, 0, 0)"
8,group12_2b_f2-3-5_12k-layers2-6,Ga,3,3,12k_layer14_1,20,1.9844560436631808,Ga_O_05,"(-1, -1, 0)"
8,group12_2b_f2-3-5_12k-layers2-6,Ga,3,3,12k_layer14_1,24,2.0983229796303986,Ga_O_10,"(-1, 0, 0)"
8,group12_2b_f2-3-5_12k-layers2-6,Ga,3,3,12k_layer14_1,30,1.9254359958162914,Ga_O_04,"(0, 0, 0)"
8,group12_2b_f2-3-5_12k-layers2-6,Cr,1,4,12k_layer2_2,7,1.984455956778905,Cr_O_05,"(0, -1, 0)"
8,group12_2b_f2-3-5_12k-layers2-6,Cr,1,4,12k_layer2_2,18,1.9254355763634932,Cr_O_04,"(0, 0, 0)"
8,group12_2b_f2-3-5_12k-layers2-6,Cr,1,4,12k_layer2_2,25,1.925435575758716,Cr_O_04,"(0, 0, 0)"
8,group12_2b_f2-3-5_12k-layers2-6,Cr,1,4,12k_layer2_2,31,2.094827515170506,Cr_O_09,"(0, 0, 0)"
8,group12_2b_f2-3-5_12k-layers2-6,Cr,1,4,12k_layer2_2,32,2.0983234538709623,Cr_O_10,"(0, -1, 0)"
8,group12_2b_f2-3-5_12k-layers2-6,Cr,1,4,12k_layer2_2,34,2.098323454408184,Cr_O_10,"(1, 0, 0)"
8,group12_2b_f2-3-5_12k-layers2-6,Ga,4,5,12k_layer14_3,14,2.098322979539073,Ga_O_10,"(0, 0, 0)"
8,group12_2b_f2-3-5_12k-layers2-6,Ga,4,5,12k_layer14_3,15,2.094827383098975,Ga_O_09,"(0, 0, 0)"
8,group12_2b_f2-3-5_12k-layers2-6,Ga,4,5,12k_layer14_3,20,1.9844560439741377,Ga_O_05,"(0, 0, 0)"
8,group12_2b_f2-3-5_12k-layers2-6,Ga,4,5,12k_layer14_3,24,2.098322979658534,Ga_O_10,"(0, 1, 0)"
8,group12_2b_f2-3-5_12k-layers2-6,Ga,4,5,12k_layer14_3,27,1.925435983138288,Ga_O_04,"(0, 0, 0)"
8,group12_2b_f2-3-5_12k-layers2-6,Ga,4,5,12k_layer14_3,30,1.9254359955204852,Ga_O_04,"(0, 0, 0)"
8,group12_2b_f2-3-5_12k-layers2-6,Ga,5,6,12k_layer10_2,5,1.9254359120300575,Ga_O_04,"(0, 0, 0)"
8,group12_2b_f2-3-5_12k-layers2-6,Ga,5,6,12k_layer10_2,12,1.98445595738215,Ga_O_05,"(-1, 0, 0)"
8,group12_2b_f2-3-5_12k-layers2-6,Ga,5,6,12k_layer10_2,17,2.094827514410795,Ga_O_09,"(0, 0, 0)"
8,group12_2b_f2-3-5_12k-layers2-6,Ga,5,6,12k_layer10_2,22,2.0983230321761726,Ga_O_10,"(-1, 0, 0)"
8,group12_2b_f2-3-5_12k-layers2-6,Ga,5,6,12k_layer10_2,26,2.0983230324265865,Ga_O_10,"(0, 1, 0)"
8,group12_2b_f2-3-5_12k-layers2-6,Ga,5,6,12k_layer10_2,33,1.9254359114895088,Ga_O_04,"(0, 0, 0)"
8,group12_2b_f2-3-5_12k-layers2-6,Cr,2,7,12k_layer6_2,3,2.0983234538709605,Cr_O_10,"(0, -1, 0)"
8,group12_2b_f2-3-5_12k-layers2-6,Cr,2,7,12k_layer6_2,4,1.9254355757587174,Cr_O_04,"(0, 0, 0)"
8,group12_2b_f2-3-5_12k-layers2-6,Cr,2,7,12k_layer6_2,6,1.9844559567789064,Cr_O_05,"(0, -1, 0)"
8,group12_2b_f2-3-5_12k-layers2-6,Cr,2,7,12k_layer6_2,13,2.0983234544081824,Cr_O_10,"(1, 0, 0)"
8,group12_2b_f2-3-5_12k-layers2-6,Cr,2,7,12k_layer6_2,19,2.0948275151705045,Cr_O_09,"(0, 0, 0)"
8,group12_2b_f2-3-5_12k-layers2-6,Cr,2,7,12k_layer6_2,38,1.9254355763634945,Cr_O_04,"(0, 0, 0)"
8,group12_2b_f2-3-5_12k-layers2-6,Cr,3,8,12k_layer6_1,3,2.0983234541175877,Cr_O_10,"(0, 0, 0)"
8,group12_2b_f2-3-5_12k-layers2-6,Cr,3,8,12k_layer6_1,6,1.9844559569613607,Cr_O_05,"(0, 0, 0)"
8,group12_2b_f2-3-5_12k-layers2-6,Cr,3,8,12k_layer6_1,19,2.0948276379027013,Cr_O_09,"(0, 0, 0)"
8,group12_2b_f2-3-5_12k-layers2-6,Cr,3,8,12k_layer6_1,28,1.9254355756093047,Cr_O_04,"(0, 0, 0)"
8,group12_2b_f2-3-5_12k-layers2-6,Cr,3,8,12k_layer6_1,36,2.0983234546414,Cr_O_10,"(1, 0, 0)"
8,group12_2b_f2-3-5_12k-layers2-6,Cr,3,8,12k_layer6_1,38,1.925435563604001,Cr_O_04,"(0, 0, 0)"
8,group12_2b_f2-3-5_12k-layers2-6,Ga,6,9,12k_layer14_2,8,2.098322979647595,Ga_O_10,"(0, 1, 0)"
8,group12_2b_f2-3-5_12k-layers2-6,Ga,6,9,12k_layer14_2,9,1.9254359955309297,Ga_O_04,"(0, 0, 0)"
8,group12_2b_f2-3-5_12k-layers2-6,Ga,6,9,12k_layer14_2,14,2.098322979397181,Ga_O_10,"(-1, 0, 0)"
8,group12_2b_f2-3-5_12k-layers2-6,Ga,6,9,12k_layer14_2,15,2.094827260728784,Ga_O_09,"(0, 0, 0)"
8,group12_2b_f2-3-5_12k-layers2-6,Ga,6,9,12k_layer14_2,20,1.9844560438241048,Ga_O_05,"(-1, 0, 0)"
8,group12_2b_f2-3-5_12k-layers2-6,Ga,6,9,12k_layer14_2,27,1.9254359960714784,Ga_O_04,"(0, 0, 0)"
8,group12_2b_f2-3-5_12k-layers2-6,Ga,7,10,2a_layer16,8,1.9948520249218649,Ga_O_07,"(1, 1, 0)"
8,group12_2b_f2-3-5_12k-layers2-6,Ga,7,10,2a_layer16,14,1.9948520252426432,Ga_O_07,"(0, 0, 0)"
8,group12_2b_f2-3-5_12k-layers2-6,Ga,7,10,2a_layer16,24,1.9948520249218644,Ga_O_07,"(0, 1, 0)"
8,group12_2b_f2-3-5_12k-layers2-6,Ga,7,10,2a_layer16,29,1.9948516604791149,Ga_O_07,"(1, 0, 1)"
8,group12_2b_f2-3-5_12k-layers2-6,Ga,7,10,2a_layer16,32,1.9948516599281325,Ga_O_07,"(0, 0, 1)"
8,group12_2b_f2-3-5_12k-layers2-6,Ga,7,10,2a_layer16,34,1.994851660087002,Ga_O_07,"(1, 1, 1)"
8,group12_2b_f2-3-5_12k-layers2-6,Ga,8,11,12k_layer10_3,1,1.9254359114790642,Ga_O_04,"(0, 0, 0)"
8,group12_2b_f2-3-5_12k-layers2-6,Ga,8,11,12k_layer10_3,5,1.9254358990968665,Ga_O_04,"(0, 0, 0)"
8,group12_2b_f2-3-5_12k-layers2-6,Ga,8,11,12k_layer10_3,11,2.0983230324375253,Ga_O_10,"(0, 1, 0)"
8,group12_2b_f2-3-5_12k-layers2-6,Ga,8,11,12k_layer10_3,12,1.9844559575321832,Ga_O_05,"(0, 0, 0)"
8,group12_2b_f2-3-5_12k-layers2-6,Ga,8,11,12k_layer10_3,17,2.094827636780971,Ga_O_09,"(0, 0, 0)"
8,group12_2b_f2-3-5_12k-layers2-6,Ga,8,11,12k_layer10_3,22,2.0983230323180644,Ga_O_10,"(0, 0, 0)"
8,group12_2b_f2-3-5_12k-layers2-6,Ga,9,12,12k_layer10_1,1,1.9254359117748707,Ga_O_04,"(0, 0, 0)"
8,group12_2b_f2-3-5_12k-layers2-6,Ga,9,12,12k_layer10_1,11,2.0983230324093904,Ga_O_10,"(-1, 0, 0)"
8,group12_2b_f2-3-5_12k-layers2-6,Ga,9,12,12k_layer10_1,12,1.9844559572212264,Ga_O_05,"(-1, -1, 0)"
8,group12_2b_f2-3-5_12k-layers2-6,Ga,9,12,12k_layer10_1,17,2.0948275137753765,Ga_O_09,"(0, 0, 0)"
8,group12_2b_f2-3-5_12k-layers2-6,Ga,9,12,12k_layer10_1,26,2.098323031885578,Ga_O_10,"(0, 0, 0)"
8,group12_2b_f2-3-5_12k-layers2-6,Ga,9,12,12k_layer10_1,33,1.9254359117748707,Ga_O_04,"(0, 0, 0)"
8,group12_2b_f2-3-5_12k-layers2-6,Cr,4,13,12k_layer2_1,7,1.9844559569613596,Cr_O_05,"(0, 0, 0)"
8,group12_2b_f2-3-5_12k-layers2-6,Cr,4,13,12k_layer2_1,18,1.925435563604,Cr_O_04,"(0, 0, 0)"
8,group12_2b_f2-3-5_12k-layers2-6,Cr,4,13,12k_layer2_1,21,1.9254355756093033,Cr_O_04,"(0, 0, 0)"
8,group12_2b_f2-3-5_12k-layers2-6,Cr,4,13,12k_layer2_1,29,2.0983234546414016,Cr_O_10,"(1, 0, 0)"
8,group12_2b_f2-3-5_12k-layers2-6,Cr,4,13,12k_layer2_1,31,2.0948276379027027,Cr_O_09,"(0, 0, 0)"
8,group12_2b_f2-3-5_12k-layers2-6,Cr,4,13,12k_layer2_1,32,2.0983234541175895,Cr_O_10,"(0, 0, 0)"
8,group12_2b_f2-3-5_12k-layers2-6,Cr,5,14,2b_layer12,10,1.8700732788205217,Cr_O_01,"(0, 1, 0)"
8,group12_2b_f2-3-5_12k-layers2-6,Cr,5,14,2b_layer12,12,2.2779384420000004,Cr_O_11,"(0, 0, 0)"
8,group12_2b_f2-3-5_12k-layers2-6,Cr,5,14,2b_layer12,20,2.2779384410000003,Cr_O_11,"(0, 0, 0)"
8,group12_2b_f2-3-5_12k-layers2-6,Cr,5,14,2b_layer12,23,1.870073507451236,Cr_O_01,"(1, 1, 0)"
8,group12_2b_f2-3-5_12k-layers2-6,Cr,5,14,2b_layer12,37,1.870073355,Cr_O_01,"(0, 0, 0)"
8,group12_2b_f2-3-5_12k-layers2-6,Ga,10,15,2a_layer8,3,1.9948516601706343,Ga_O_07,"(0, 0, 0)"
8,group12_2b_f2-3-5_12k-layers2-6,Ga,10,15,2a_layer8,11,1.9948520770594027,Ga_O_07,"(0, 1, 0)"
8,group12_2b_f2-3-5_12k-layers2-6,Ga,10,15,2a_layer8,13,1.994851660329504,Ga_O_07,"(1, 1, 0)"
8,group12_2b_f2-3-5_12k-layers2-6,Ga,10,15,2a_layer8,22,1.9948520773801812,Ga_O_07,"(0, 0, 0)"
8,group12_2b_f2-3-5_12k-layers2-6,Ga,10,15,2a_layer8,26,1.9948520770594032,Ga_O_07,"(1, 1, 0)"
8,group12_2b_f2-3-5_12k-layers2-6,Ga,10,15,2a_layer8,36,1.9948516607216167,Ga_O_07,"(1, 0, 0)"
8,group12_2b_f2-3-5_12k-layers2-6,Cr,6,16,2b_layer4,2,1.8700732794118144,Cr_O_01,"(1, 0, 0)"
8,group12_2b_f2-3-5_12k-layers2-6,Cr,6,16,2b_layer4,6,2.277938441000001,Cr_O_11,"(0, 0, 0)"
8,group12_2b_f2-3-5_12k-layers2-6,Cr,6,16,2b_layer4,7,2.2779384420000004,Cr_O_11,"(0, 0, 0)"
8,group12_2b_f2-3-5_12k-layers2-6,Cr,6,16,2b_layer4,16,1.8700735073000085,Cr_O_01,"(1, 1, 0)"
8,group12_2b_f2-3-5_12k-layers2-6,Cr,6,16,2b_layer4,35,1.870073355795254,Cr_O_01,"(0, 0, 0)"
8,group12_2b_f2-3-5_12k-layers2-6,Ga,11,17,4f1_layer9,11,1.9084361294606749,Ga_O_02,"(0, 0, 0)"
8,group12_2b_f2-3-5_12k-layers2-6,Ga,11,17,4f1_layer9,19,1.9091270429999996,Ga_O_03,"(0, 0, 0)"
8,group12_2b_f2-3-5_12k-layers2-6,Ga,11,17,4f1_layer9,22,1.9084362745505044,Ga_O_02,"(0, 0, 0)"
8,group12_2b_f2-3-5_12k-layers2-6,Ga,11,17,4f1_layer9,26,1.9084361294606744,Ga_O_02,"(0, 0, 0)"
8,group12_2b_f2-3-5_12k-layers2-6,Ga,12,18,4f2_layer11,1,1.9849917587865524,Ga_O_06,"(0, 0, 0)"
8,group12_2b_f2-3-5_12k-layers2-6,Ga,12,18,4f2_layer11,5,1.9849916384047732,Ga_O_06,"(0, -1, 0)"
8,group12_2b_f2-3-5_12k-layers2-6,Ga,12,18,4f2_layer11,10,2.0663776487443304,Ga_O_08,"(0, 0, 0)"
8,group12_2b_f2-3-5_12k-layers2-6,Ga,12,18,4f2_layer11,23,2.0663774783167193,Ga_O_08,"(0, 0, 0)"
8,group12_2b_f2-3-5_12k-layers2-6,Ga,12,18,4f2_layer11,33,1.9849917593946298,Ga_O_06,"(1, 0, 0)"
8,group12_2b_f2-3-5_12k-layers2-6,Ga,12,18,4f2_layer11,37,2.0663777054221355,Ga_O_08,"(0, 0, 0)"
8,group12_2b_f2-3-5_12k-layers2-6,Cr,7,19,4f2_layer3,2,2.0663771907209756,Cr_O_08,"(0, 0, 0)"
8,group12_2b_f2-3-5_12k-layers2-6,Cr,7,19,4f2_layer3,16,2.066377020121716,Cr_O_08,"(0, 0, 0)"
8,group12_2b_f2-3-5_12k-layers2-6,Cr,7,19,4f2_layer3,18,1.9849922964805824,Cr_O_06,"(-1, 0, 0)"
8,group12_2b_f2-3-5_12k-layers2-6,Cr,7,19,4f2_layer3,21,1.9849924174878968,Cr_O_06,"(0, 0, 0)"
8,group12_2b_f2-3-5_12k-layers2-6,Cr,7,19,4f2_layer3,25,1.9849924184808014,Cr_O_06,"(0, 1, 0)"
8,group12_2b_f2-3-5_12k-layers2-6,Cr,7,19,4f2_layer3,35,2.066377246884635,Cr_O_08,"(0, 0, 0)"
8,group12_2b_f2-3-5_12k-layers2-6,Ga,13,20,4f1_layer7,3,1.9084360732701862,Ga_O_02,"(0, 0, 0)"
8,group12_2b_f2-3-5_12k-layers2-6,Ga,13,20,4f1_layer7,13,1.9084359271385227,Ga_O_02,"(0, 0, 0)"
8,group12_2b_f2-3-5_12k-layers2-6,Ga,13,20,4f1_layer7,17,1.909127043000001,Ga_O_03,"(0, 0, 0)"
8,group12_2b_f2-3-5_12k-layers2-6,Ga,13,20,4f1_layer7,36,1.9084359275969722,Ga_O_02,"(0, 0, 0)"
8,group12_2b_f2-3-5_12k-layers2-6,Cr,8,21,4f2_layer5,2,2.0663771900543897,Cr_O_08,"(0, 0, 0)"
8,group12_2b_f2-3-5_12k-layers2-6,Cr,8,21,4f2_layer5,4,1.9849924184808014,Cr_O_06,"(0, 1, 0)"
8,group12_2b_f2-3-5_12k-layers2-6,Cr,8,21,4f2_layer5,16,2.0663770194551296,Cr_O_08,"(0, 0, 0)"
8,group12_2b_f2-3-5_12k-layers2-6,Cr,8,21,4f2_layer5,28,1.9849924174878968,Cr_O_06,"(0, 0, 0)"
8,group12_2b_f2-3-5_12k-layers2-6,Cr,8,21,4f2_layer5,35,2.0663772462180487,Cr_O_08,"(0, 0, 0)"
8,group12_2b_f2-3-5_12k-layers2-6,Cr,8,21,4f2_layer5,38,1.9849922964805824,Cr_O_06,"(-1, 0, 0)"
8,group12_2b_f2-3-5_12k-layers2-6,Ga,14,22,4f1_layer1,15,1.9091273005999965,Ga_O_03,"(0, 0, -1)"
8,group12_2b_f2-3-5_12k-layers2-6,Ga,14,22,4f1_layer1,29,1.9084359275969722,Ga_O_02,"(0, 0, 0)"
8,group12_2b_f2-3-5_12k-layers2-6,Ga,14,22,4f1_layer1,32,1.9084360732701862,Ga_O_02,"(0, 0, 0)"
8,group12_2b_f2-3-5_12k-layers2-6,Ga,14,22,4f1_layer1,34,1.9084359271385227,Ga_O_02,"(0, 0, 0)"
8,group12_2b_f2-3-5_12k-layers2-6,Ga,15,23,4f2_layer13,9,1.9849917593946296,Ga_O_06,"(1, 0, 0)"
8,group12_2b_f2-3-5_12k-layers2-6,Ga,15,23,4f2_layer13,10,2.0663776487443317,Ga_O_08,"(0, 0, 0)"
8,group12_2b_f2-3-5_12k-layers2-6,Ga,15,23,4f2_layer13,23,2.0663774783167206,Ga_O_08,"(0, 0, 0)"
8,group12_2b_f2-3-5_12k-layers2-6,Ga,15,23,4f2_layer13,27,1.984991638404773,Ga_O_06,"(0, -1, 0)"
8,group12_2b_f2-3-5_12k-layers2-6,Ga,15,23,4f2_layer13,30,1.984991758786552,Ga_O_06,"(0, 0, 0)"
8,group12_2b_f2-3-5_12k-layers2-6,Ga,15,23,4f2_layer13,37,2.066377705422137,Ga_O_08,"(0, 0, 0)"
8,group12_2b_f2-3-5_12k-layers2-6,Ga,16,24,4f1_layer15,8,1.9084361547650497,Ga_O_02,"(0, 0, 0)"
8,group12_2b_f2-3-5_12k-layers2-6,Ga,16,24,4f1_layer15,14,1.9084362998548778,Ga_O_02,"(0, 0, 0)"
8,group12_2b_f2-3-5_12k-layers2-6,Ga,16,24,4f1_layer15,24,1.9084361547650501,Ga_O_02,"(0, 0, 0)"
8,group12_2b_f2-3-5_12k-layers2-6,Ga,16,24,4f1_layer15,31,1.9091268705999949,Ga_O_03,"(0, 0, 1)"
8,group13_pairs2-6-14_single10_2a-8,Sr,1,,,2,2.958098043228469,Sr_O_02,"(0, -1, 0)"
8,group13_pairs2-6-14_single10_2a-8,Sr,1,,,4,2.864579795118219,Sr_O_01,"(0, 0, 0)"
8,group13_pairs2-6-14_single10_2a-8,Sr,1,,,16,2.9580979326637595,Sr_O_02,"(1, 0, 0)"
8,group13_pairs2-6-14_single10_2a-8,Sr,1,,,18,2.8645798765734263,Sr_O_01,"(0, 0, 0)"
8,group13_pairs2-6-14_single10_2a-8,Sr,1,,,21,2.864579884642825,Sr_O_01,"(0, 0, 0)"
8,group13_pairs2-6-14_single10_2a-8,Sr,1,,,25,2.8645797959311503,Sr_O_01,"(0, 0, 0)"
8,group13_pairs2-6-14_single10_2a-8,Sr,1,,,28,2.864579883829894,Sr_O_01,"(0, 0, 0)"
8,group13_pairs2-6-14_single10_2a-8,Sr,1,,,35,2.95809800345424,Sr_O_02,"(0, -1, 0)"
8,group13_pairs2-6-14_single10_2a-8,Sr,1,,,38,2.8645798757604948,Sr_O_01,"(0, 0, 0)"
8,group13_pairs2-6-14_single10_2a-8,Sr,2,,,1,2.8645793251769454,Sr_O_01,"(0, 0, 0)"
8,group13_pairs2-6-14_single10_2a-8,Sr,2,,,5,2.8645793169995204,Sr_O_01,"(0, 0, 0)"
8,group13_pairs2-6-14_single10_2a-8,Sr,2,,,9,2.8645792364135385,Sr_O_01,"(0, 0, 0)"
8,group13_pairs2-6-14_single10_2a-8,Sr,2,,,10,2.9580980427214705,Sr_O_02,"(-1, 0, 0)"
8,group13_pairs2-6-14_single10_2a-8,Sr,2,,,23,2.95809793284463,Sr_O_02,"(0, 1, 0)"
8,group13_pairs2-6-14_single10_2a-8,Sr,2,,,27,2.8645793169995213,Sr_O_01,"(0, 0, 0)"
8,group13_pairs2-6-14_single10_2a-8,Sr,2,,,30,2.8645793251769462,Sr_O_01,"(0, 0, 0)"
8,group13_pairs2-6-14_single10_2a-8,Sr,2,,,33,2.864579236413537,Sr_O_01,"(0, 0, 0)"
8,group13_pairs2-6-14_single10_2a-8,Sr,2,,,37,2.9580980035278155,Sr_O_02,"(-1, 0, 0)"
8,group13_pairs2-6-14_single10_2a-8,Ga,1,1,12k_layer6_3,4,1.9254355757587174,Ga_O_04,"(0, 0, 0)"
8,group13_pairs2-6-14_single10_2a-8,Ga,1,1,12k_layer6_3,6,1.9844559567789057,Ga_O_05,"(-1, -1, 0)"
8,group13_pairs2-6-14_single10_2a-8,Ga,1,1,12k_layer6_3,13,2.0983234538406146,Ga_O_10,"(0, 0, 0)"
8,group13_pairs2-6-14_single10_2a-8,Ga,1,1,12k_layer6_3,19,2.094827515170505,Ga_O_09,"(0, 0, 0)"
8,group13_pairs2-6-14_single10_2a-8,Ga,1,1,12k_layer6_3,28,1.925435576196381,Ga_O_04,"(0, 0, 0)"
8,group13_pairs2-6-14_single10_2a-8,Ga,1,1,12k_layer6_3,36,2.0983234538272053,Ga_O_10,"(0, -1, 0)"
8,group13_pairs2-6-14_single10_2a-8,Ga,2,2,12k_layer2_3,7,1.9844559567789046,Ga_O_05,"(-1, -1, 0)"
8,group13_pairs2-6-14_single10_2a-8,Ga,2,2,12k_layer2_3,21,1.9254355761963797,Ga_O_04,"(0, 0, 0)"
8,group13_pairs2-6-14_single10_2a-8,Ga,2,2,12k_layer2_3,25,1.9254355757587163,Ga_O_04,"(0, 0, 0)"
8,group13_pairs2-6-14_single10_2a-8,Ga,2,2,12k_layer2_3,29,2.098323453827207,Ga_O_10,"(0, -1, 0)"
8,group13_pairs2-6-14_single10_2a-8,Ga,2,2,12k_layer2_3,31,2.0948275151705062,Ga_O_09,"(0, 0, 0)"
8,group13_pairs2-6-14_single10_2a-8,Ga,2,2,12k_layer2_3,34,2.0983234538406164,Ga_O_10,"(0, 0, 0)"
8,group13_pairs2-6-14_single10_2a-8,Cr,1,3,12k_layer14_1,8,2.0983229791065865,Cr_O_10,"(0, 0, 0)"
8,group13_pairs2-6-14_single10_2a-8,Cr,1,3,12k_layer14_1,9,1.9254359958162917,Cr_O_04,"(0, 0, 0)"
8,group13_pairs2-6-14_single10_2a-8,Cr,1,3,12k_layer14_1,15,2.094827260093365,Cr_O_09,"(0, 0, 0)"
8,group13_pairs2-6-14_single10_2a-8,Cr,1,3,12k_layer14_1,20,1.9844560436631808,Cr_O_05,"(-1, -1, 0)"
8,group13_pairs2-6-14_single10_2a-8,Cr,1,3,12k_layer14_1,24,2.0983229796303986,Cr_O_10,"(-1, 0, 0)"
8,group13_pairs2-6-14_single10_2a-8,Cr,1,3,12k_layer14_1,30,1.9254359958162914,Cr_O_04,"(0, 0, 0)"
8,group13_pairs2-6-14_single10_2a-8,Cr,2,4,12k_layer2_2,7,1.984455956778905,Cr_O_05,"(0, -1, 0)"
8,group13_pairs2-6-14_single10_2a-8,Cr,2,4,12k_layer2_2,18,1.9254355763634932,Cr_O_04,"(0, 0, 0)"
8,group13_pairs2-6-14_single10_2a-8,Cr,2,4,12k_layer2_2,25,1.925435575758716,Cr_O_04,"(0, 0, 0)"
8,group13_pairs2-6-14_single10_2a-8,Cr,2,4,12k_layer2_2,31,2.094827515170506,Cr_O_09,"(0, 0, 0)"
8,group13_pairs2-6-14_single10_2a-8,Cr,2,4,12k_layer2_2,32,2.0983234538709623,Cr_O_10,"(0, -1, 0)"
8,group13_pairs2-6-14_single10_2a-8,Cr,2,4,12k_layer2_2,34,2.098323454408184,Cr_O_10,"(1, 0, 0)"
8,group13_pairs2-6-14_single10_2a-8,Ga,3,5,12k_layer14_3,14,2.098322979539073,Ga_O_10,"(0, 0, 0)"
8,group13_pairs2-6-14_single10_2a-8,Ga,3,5,12k_layer14_3,15,2.094827383098975,Ga_O_09,"(0, 0, 0)"
8,group13_pairs2-6-14_single10_2a-8,Ga,3,5,12k_layer14_3,20,1.9844560439741377,Ga_O_05,"(0, 0, 0)"
8,group13_pairs2-6-14_single10_2a-8,Ga,3,5,12k_layer14_3,24,2.098322979658534,Ga_O_10,"(0, 1, 0)"
8,group13_pairs2-6-14_single10_2a-8,Ga,3,5,12k_layer14_3,27,1.925435983138288,Ga_O_04,"(0, 0, 0)"
8,group13_pairs2-6-14_single10_2a-8,Ga,3,5,12k_layer14_3,30,1.9254359955204852,Ga_O_04,"(0, 0, 0)"
8,group13_pairs2-6-14_single10_2a-8,Ga,4,6,12k_layer10_2,5,1.9254359120300575,Ga_O_04,"(0, 0, 0)"
8,group13_pairs2-6-14_single10_2a-8,Ga,4,6,12k_layer10_2,12,1.98445595738215,Ga_O_05,"(-1, 0, 0)"
8,group13_pairs2-6-14_single10_2a-8,Ga,4,6,12k_layer10_2,17,2.094827514410795,Ga_O_09,"(0, 0, 0)"
8,group13_pairs2-6-14_single10_2a-8,Ga,4,6,12k_layer10_2,22,2.0983230321761726,Ga_O_10,"(-1, 0, 0)"
8,group13_pairs2-6-14_single10_2a-8,Ga,4,6,12k_layer10_2,26,2.0983230324265865,Ga_O_10,"(0, 1, 0)"
8,group13_pairs2-6-14_single10_2a-8,Ga,4,6,12k_layer10_2,33,1.9254359114895088,Ga_O_04,"(0, 0, 0)"
8,group13_pairs2-6-14_single10_2a-8,Cr,3,7,12k_layer6_2,3,2.0983234538709605,Cr_O_10,"(0, -1, 0)"
8,group13_pairs2-6-14_single10_2a-8,Cr,3,7,12k_layer6_2,4,1.9254355757587174,Cr_O_04,"(0, 0, 0)"
8,group13_pairs2-6-14_single10_2a-8,Cr,3,7,12k_layer6_2,6,1.9844559567789064,Cr_O_05,"(0, -1, 0)"
8,group13_pairs2-6-14_single10_2a-8,Cr,3,7,12k_layer6_2,13,2.0983234544081824,Cr_O_10,"(1, 0, 0)"
8,group13_pairs2-6-14_single10_2a-8,Cr,3,7,12k_layer6_2,19,2.0948275151705045,Cr_O_09,"(0, 0, 0)"
8,group13_pairs2-6-14_single10_2a-8,Cr,3,7,12k_layer6_2,38,1.9254355763634945,Cr_O_04,"(0, 0, 0)"
8,group13_pairs2-6-14_single10_2a-8,Cr,4,8,12k_layer6_1,3,2.0983234541175877,Cr_O_10,"(0, 0, 0)"
8,group13_pairs2-6-14_single10_2a-8,Cr,4,8,12k_layer6_1,6,1.9844559569613607,Cr_O_05,"(0, 0, 0)"
8,group13_pairs2-6-14_single10_2a-8,Cr,4,8,12k_layer6_1,19,2.0948276379027013,Cr_O_09,"(0, 0, 0)"
8,group13_pairs2-6-14_single10_2a-8,Cr,4,8,12k_layer6_1,28,1.9254355756093047,Cr_O_04,"(0, 0, 0)"
8,group13_pairs2-6-14_single10_2a-8,Cr,4,8,12k_layer6_1,36,2.0983234546414,Cr_O_10,"(1, 0, 0)"
8,group13_pairs2-6-14_single10_2a-8,Cr,4,8,12k_layer6_1,38,1.925435563604001,Cr_O_04,"(0, 0, 0)"
8,group13_pairs2-6-14_single10_2a-8,Cr,5,9,12k_layer14_2,8,2.098322979647595,Cr_O_10,"(0, 1, 0)"
8,group13_pairs2-6-14_single10_2a-8,Cr,5,9,12k_layer14_2,9,1.9254359955309297,Cr_O_04,"(0, 0, 0)"
8,group13_pairs2-6-14_single10_2a-8,Cr,5,9,12k_layer14_2,14,2.098322979397181,Cr_O_10,"(-1, 0, 0)"
8,group13_pairs2-6-14_single10_2a-8,Cr,5,9,12k_layer14_2,15,2.094827260728784,Cr_O_09,"(0, 0, 0)"
8,group13_pairs2-6-14_single10_2a-8,Cr,5,9,12k_layer14_2,20,1.9844560438241048,Cr_O_05,"(-1, 0, 0)"
8,group13_pairs2-6-14_single10_2a-8,Cr,5,9,12k_layer14_2,27,1.9254359960714784,Cr_O_04,"(0, 0, 0)"
8,group13_pairs2-6-14_single10_2a-8,Ga,5,10,2a_layer16,8,1.9948520249218649,Ga_O_07,"(1, 1, 0)"
8,group13_pairs2-6-14_single10_2a-8,Ga,5,10,2a_layer16,14,1.9948520252426432,Ga_O_07,"(0, 0, 0)"
8,group13_pairs2-6-14_single10_2a-8,Ga,5,10,2a_layer16,24,1.9948520249218644,Ga_O_07,"(0, 1, 0)"
8,group13_pairs2-6-14_single10_2a-8,Ga,5,10,2a_layer16,29,1.9948516604791149,Ga_O_07,"(1, 0, 1)"
8,group13_pairs2-6-14_single10_2a-8,Ga,5,10,2a_layer16,32,1.9948516599281325,Ga_O_07,"(0, 0, 1)"
8,group13_pairs2-6-14_single10_2a-8,Ga,5,10,2a_layer16,34,1.994851660087002,Ga_O_07,"(1, 1, 1)"
8,group13_pairs2-6-14_single10_2a-8,Ga,6,11,12k_layer10_3,1,1.9254359114790642,Ga_O_04,"(0, 0, 0)"
8,group13_pairs2-6-14_single10_2a-8,Ga,6,11,12k_layer10_3,5,1.9254358990968665,Ga_O_04,"(0, 0, 0)"
8,group13_pairs2-6-14_single10_2a-8,Ga,6,11,12k_layer10_3,11,2.0983230324375253,Ga_O_10,"(0, 1, 0)"
8,group13_pairs2-6-14_single10_2a-8,Ga,6,11,12k_layer10_3,12,1.9844559575321832,Ga_O_05,"(0, 0, 0)"
8,group13_pairs2-6-14_single10_2a-8,Ga,6,11,12k_layer10_3,17,2.094827636780971,Ga_O_09,"(0, 0, 0)"
8,group13_pairs2-6-14_single10_2a-8,Ga,6,11,12k_layer10_3,22,2.0983230323180644,Ga_O_10,"(0, 0, 0)"
8,group13_pairs2-6-14_single10_2a-8,Cr,6,12,12k_layer10_1,1,1.9254359117748707,Cr_O_04,"(0, 0, 0)"
8,group13_pairs2-6-14_single10_2a-8,Cr,6,12,12k_layer10_1,11,2.0983230324093904,Cr_O_10,"(-1, 0, 0)"
8,group13_pairs2-6-14_single10_2a-8,Cr,6,12,12k_layer10_1,12,1.9844559572212264,Cr_O_05,"(-1, -1, 0)"
8,group13_pairs2-6-14_single10_2a-8,Cr,6,12,12k_layer10_1,17,2.0948275137753765,Cr_O_09,"(0, 0, 0)"
8,group13_pairs2-6-14_single10_2a-8,Cr,6,12,12k_layer10_1,26,2.098323031885578,Cr_O_10,"(0, 0, 0)"
8,group13_pairs2-6-14_single10_2a-8,Cr,6,12,12k_layer10_1,33,1.9254359117748707,Cr_O_04,"(0, 0, 0)"
8,group13_pairs2-6-14_single10_2a-8,Cr,7,13,12k_layer2_1,7,1.9844559569613596,Cr_O_05,"(0, 0, 0)"
8,group13_pairs2-6-14_single10_2a-8,Cr,7,13,12k_layer2_1,18,1.925435563604,Cr_O_04,"(0, 0, 0)"
8,group13_pairs2-6-14_single10_2a-8,Cr,7,13,12k_layer2_1,21,1.9254355756093033,Cr_O_04,"(0, 0, 0)"
8,group13_pairs2-6-14_single10_2a-8,Cr,7,13,12k_layer2_1,29,2.0983234546414016,Cr_O_10,"(1, 0, 0)"
8,group13_pairs2-6-14_single10_2a-8,Cr,7,13,12k_layer2_1,31,2.0948276379027027,Cr_O_09,"(0, 0, 0)"
8,group13_pairs2-6-14_single10_2a-8,Cr,7,13,12k_layer2_1,32,2.0983234541175895,Cr_O_10,"(0, 0, 0)"
8,group13_pairs2-6-14_single10_2a-8,Ga,7,14,2b_layer12,10,1.8700732788205217,Ga_O_01,"(0, 1, 0)"
8,group13_pairs2-6-14_single10_2a-8,Ga,7,14,2b_layer12,12,2.2779384420000004,Ga_O_11,"(0, 0, 0)"
8,group13_pairs2-6-14_single10_2a-8,Ga,7,14,2b_layer12,20,2.2779384410000003,Ga_O_11,"(0, 0, 0)"
8,group13_pairs2-6-14_single10_2a-8,Ga,7,14,2b_layer12,23,1.870073507451236,Ga_O_01,"(1, 1, 0)"
8,group13_pairs2-6-14_single10_2a-8,Ga,7,14,2b_layer12,37,1.870073355,Ga_O_01,"(0, 0, 0)"
8,group13_pairs2-6-14_single10_2a-8,Cr,8,15,2a_layer8,3,1.9948516601706343,Cr_O_07,"(0, 0, 0)"
8,group13_pairs2-6-14_single10_2a-8,Cr,8,15,2a_layer8,11,1.9948520770594027,Cr_O_07,"(0, 1, 0)"
8,group13_pairs2-6-14_single10_2a-8,Cr,8,15,2a_layer8,13,1.994851660329504,Cr_O_07,"(1, 1, 0)"
8,group13_pairs2-6-14_single10_2a-8,Cr,8,15,2a_layer8,22,1.9948520773801812,Cr_O_07,"(0, 0, 0)"
8,group13_pairs2-6-14_single10_2a-8,Cr,8,15,2a_layer8,26,1.9948520770594032,Cr_O_07,"(1, 1, 0)"
8,group13_pairs2-6-14_single10_2a-8,Cr,8,15,2a_layer8,36,1.9948516607216167,Cr_O_07,"(1, 0, 0)"
8,group13_pairs2-6-14_single10_2a-8,Ga,8,16,2b_layer4,2,1.8700732794118144,Ga_O_01,"(1, 0, 0)"
8,group13_pairs2-6-14_single10_2a-8,Ga,8,16,2b_layer4,6,2.277938441000001,Ga_O_11,"(0, 0, 0)"
8,group13_pairs2-6-14_single10_2a-8,Ga,8,16,2b_layer4,7,2.2779384420000004,Ga_O_11,"(0, 0, 0)"
8,group13_pairs2-6-14_single10_2a-8,Ga,8,16,2b_layer4,16,1.8700735073000085,Ga_O_01,"(1, 1, 0)"
8,group13_pairs2-6-14_single10_2a-8,Ga,8,16,2b_layer4,35,1.870073355795254,Ga_O_01,"(0, 0, 0)"
8,group13_pairs2-6-14_single10_2a-8,Ga,9,17,4f1_layer9,11,1.9084361294606749,Ga_O_02,"(0, 0, 0)"
8,group13_pairs2-6-14_single10_2a-8,Ga,9,17,4f1_layer9,19,1.9091270429999996,Ga_O_03,"(0, 0, 0)"
8,group13_pairs2-6-14_single10_2a-8,Ga,9,17,4f1_layer9,22,1.9084362745505044,Ga_O_02,"(0, 0, 0)"
8,group13_pairs2-6-14_single10_2a-8,Ga,9,17,4f1_layer9,26,1.9084361294606744,Ga_O_02,"(0, 0, 0)"
8,group13_pairs2-6-14_single10_2a-8,Ga,10,18,4f2_layer11,1,1.9849917587865524,Ga_O_06,"(0, 0, 0)"
8,group13_pairs2-6-14_single10_2a-8,Ga,10,18,4f2_layer11,5,1.9849916384047732,Ga_O_06,"(0, -1, 0)"
8,group13_pairs2-6-14_single10_2a-8,Ga,10,18,4f2_layer11,10,2.0663776487443304,Ga_O_08,"(0, 0, 0)"
8,group13_pairs2-6-14_single10_2a-8,Ga,10,18,4f2_layer11,23,2.0663774783167193,Ga_O_08,"(0, 0, 0)"
8,group13_pairs2-6-14_single10_2a-8,Ga,10,18,4f2_layer11,33,1.9849917593946298,Ga_O_06,"(1, 0, 0)"
8,group13_pairs2-6-14_single10_2a-8,Ga,10,18,4f2_layer11,37,2.0663777054221355,Ga_O_08,"(0, 0, 0)"
8,group13_pairs2-6-14_single10_2a-8,Ga,11,19,4f2_layer3,2,2.0663771907209756,Ga_O_08,"(0, 0, 0)"
8,group13_pairs2-6-14_single10_2a-8,Ga,11,19,4f2_layer3,16,2.066377020121716,Ga_O_08,"(0, 0, 0)"
8,group13_pairs2-6-14_single10_2a-8,Ga,11,19,4f2_layer3,18,1.9849922964805824,Ga_O_06,"(-1, 0, 0)"
8,group13_pairs2-6-14_single10_2a-8,Ga,11,19,4f2_layer3,21,1.9849924174878968,Ga_O_06,"(0, 0, 0)"
8,group13_pairs2-6-14_single10_2a-8,Ga,11,19,4f2_layer3,25,1.9849924184808014,Ga_O_06,"(0, 1, 0)"
8,group13_pairs2-6-14_single10_2a-8,Ga,11,19,4f2_layer3,35,2.066377246884635,Ga_O_08,"(0, 0, 0)"
8,group13_pairs2-6-14_single10_2a-8,Ga,12,20,4f1_layer7,3,1.9084360732701862,Ga_O_02,"(0, 0, 0)"
8,group13_pairs2-6-14_single10_2a-8,Ga,12,20,4f1_layer7,13,1.9084359271385227,Ga_O_02,"(0, 0, 0)"
8,group13_pairs2-6-14_single10_2a-8,Ga,12,20,4f1_layer7,17,1.909127043000001,Ga_O_03,"(0, 0, 0)"
8,group13_pairs2-6-14_single10_2a-8,Ga,12,20,4f1_layer7,36,1.9084359275969722,Ga_O_02,"(0, 0, 0)"
8,group13_pairs2-6-14_single10_2a-8,Ga,13,21,4f2_layer5,2,2.0663771900543897,Ga_O_08,"(0, 0, 0)"
8,group13_pairs2-6-14_single10_2a-8,Ga,13,21,4f2_layer5,4,1.9849924184808014,Ga_O_06,"(0, 1, 0)"
8,group13_pairs2-6-14_single10_2a-8,Ga,13,21,4f2_layer5,16,2.0663770194551296,Ga_O_08,"(0, 0, 0)"
8,group13_pairs2-6-14_single10_2a-8,Ga,13,21,4f2_layer5,28,1.9849924174878968,Ga_O_06,"(0, 0, 0)"
8,group13_pairs2-6-14_single10_2a-8,Ga,13,21,4f2_layer5,35,2.0663772462180487,Ga_O_08,"(0, 0, 0)"
8,group13_pairs2-6-14_single10_2a-8,Ga,13,21,4f2_layer5,38,1.9849922964805824,Ga_O_06,"(-1, 0, 0)"
8,group13_pairs2-6-14_single10_2a-8,Ga,14,22,4f1_layer1,15,1.9091273005999965,Ga_O_03,"(0, 0, -1)"
8,group13_pairs2-6-14_single10_2a-8,Ga,14,22,4f1_layer1,29,1.9084359275969722,Ga_O_02,"(0, 0, 0)"
8,group13_pairs2-6-14_single10_2a-8,Ga,14,22,4f1_layer1,32,1.9084360732701862,Ga_O_02,"(0, 0, 0)"
8,group13_pairs2-6-14_single10_2a-8,Ga,14,22,4f1_layer1,34,1.9084359271385227,Ga_O_02,"(0, 0, 0)"
8,group13_pairs2-6-14_single10_2a-8,Ga,15,23,4f2_layer13,9,1.9849917593946296,Ga_O_06,"(1, 0, 0)"
8,group13_pairs2-6-14_single10_2a-8,Ga,15,23,4f2_layer13,10,2.0663776487443317,Ga_O_08,"(0, 0, 0)"
8,group13_pairs2-6-14_single10_2a-8,Ga,15,23,4f2_layer13,23,2.0663774783167206,Ga_O_08,"(0, 0, 0)"
8,group13_pairs2-6-14_single10_2a-8,Ga,15,23,4f2_layer13,27,1.984991638404773,Ga_O_06,"(0, -1, 0)"
8,group13_pairs2-6-14_single10_2a-8,Ga,15,23,4f2_layer13,30,1.984991758786552,Ga_O_06,"(0, 0, 0)"
8,group13_pairs2-6-14_single10_2a-8,Ga,15,23,4f2_layer13,37,2.066377705422137,Ga_O_08,"(0, 0, 0)"
8,group13_pairs2-6-14_single10_2a-8,Ga,16,24,4f1_layer15,8,1.9084361547650497,Ga_O_02,"(0, 0, 0)"
8,group13_pairs2-6-14_single10_2a-8,Ga,16,24,4f1_layer15,14,1.9084362998548778,Ga_O_02,"(0, 0, 0)"
8,group13_pairs2-6-14_single10_2a-8,Ga,16,24,4f1_layer15,24,1.9084361547650501,Ga_O_02,"(0, 0, 0)"
8,group13_pairs2-6-14_single10_2a-8,Ga,16,24,4f1_layer15,31,1.9091268705999949,Ga_O_03,"(0, 0, 1)"
8,group14_pairs2-6-14_single10_f2-3,Sr,1,,,2,2.958098043228469,Sr_O_02,"(0, -1, 0)"
8,group14_pairs2-6-14_single10_f2-3,Sr,1,,,4,2.864579795118219,Sr_O_01,"(0, 0, 0)"
8,group14_pairs2-6-14_single10_f2-3,Sr,1,,,16,2.9580979326637595,Sr_O_02,"(1, 0, 0)"
8,group14_pairs2-6-14_single10_f2-3,Sr,1,,,18,2.8645798765734263,Sr_O_01,"(0, 0, 0)"
8,group14_pairs2-6-14_single10_f2-3,Sr,1,,,21,2.864579884642825,Sr_O_01,"(0, 0, 0)"
8,group14_pairs2-6-14_single10_f2-3,Sr,1,,,25,2.8645797959311503,Sr_O_01,"(0, 0, 0)"
8,group14_pairs2-6-14_single10_f2-3,Sr,1,,,28,2.864579883829894,Sr_O_01,"(0, 0, 0)"
8,group14_pairs2-6-14_single10_f2-3,Sr,1,,,35,2.95809800345424,Sr_O_02,"(0, -1, 0)"
8,group14_pairs2-6-14_single10_f2-3,Sr,1,,,38,2.8645798757604948,Sr_O_01,"(0, 0, 0)"
8,group14_pairs2-6-14_single10_f2-3,Sr,2,,,1,2.8645793251769454,Sr_O_01,"(0, 0, 0)"
8,group14_pairs2-6-14_single10_f2-3,Sr,2,,,5,2.8645793169995204,Sr_O_01,"(0, 0, 0)"
8,group14_pairs2-6-14_single10_f2-3,Sr,2,,,9,2.8645792364135385,Sr_O_01,"(0, 0, 0)"
8,group14_pairs2-6-14_single10_f2-3,Sr,2,,,10,2.9580980427214705,Sr_O_02,"(-1, 0, 0)"
8,group14_pairs2-6-14_single10_f2-3,Sr,2,,,23,2.95809793284463,Sr_O_02,"(0, 1, 0)"
8,group14_pairs2-6-14_single10_f2-3,Sr,2,,,27,2.8645793169995213,Sr_O_01,"(0, 0, 0)"
8,group14_pairs2-6-14_single10_f2-3,Sr,2,,,30,2.8645793251769462,Sr_O_01,"(0, 0, 0)"
8,group14_pairs2-6-14_single10_f2-3,Sr,2,,,33,2.864579236413537,Sr_O_01,"(0, 0, 0)"
8,group14_pairs2-6-14_single10_f2-3,Sr,2,,,37,2.9580980035278155,Sr_O_02,"(-1, 0, 0)"
8,group14_pairs2-6-14_single10_f2-3,Ga,1,1,12k_layer6_3,4,1.9254355757587174,Ga_O_04,"(0, 0, 0)"
8,group14_pairs2-6-14_single10_f2-3,Ga,1,1,12k_layer6_3,6,1.9844559567789057,Ga_O_05,"(-1, -1, 0)"
8,group14_pairs2-6-14_single10_f2-3,Ga,1,1,12k_layer6_3,13,2.0983234538406146,Ga_O_10,"(0, 0, 0)"
8,group14_pairs2-6-14_single10_f2-3,Ga,1,1,12k_layer6_3,19,2.094827515170505,Ga_O_09,"(0, 0, 0)"
8,group14_pairs2-6-14_single10_f2-3,Ga,1,1,12k_layer6_3,28,1.925435576196381,Ga_O_04,"(0, 0, 0)"
8,group14_pairs2-6-14_single10_f2-3,Ga,1,1,12k_layer6_3,36,2.0983234538272053,Ga_O_10,"(0, -1, 0)"
8,group14_pairs2-6-14_single10_f2-3,Ga,2,2,12k_layer2_3,7,1.9844559567789046,Ga_O_05,"(-1, -1, 0)"
8,group14_pairs2-6-14_single10_f2-3,Ga,2,2,12k_layer2_3,21,1.9254355761963797,Ga_O_04,"(0, 0, 0)"
8,group14_pairs2-6-14_single10_f2-3,Ga,2,2,12k_layer2_3,25,1.9254355757587163,Ga_O_04,"(0, 0, 0)"
8,group14_pairs2-6-14_single10_f2-3,Ga,2,2,12k_layer2_3,29,2.098323453827207,Ga_O_10,"(0, -1, 0)"
8,group14_pairs2-6-14_single10_f2-3,Ga,2,2,12k_layer2_3,31,2.0948275151705062,Ga_O_09,"(0, 0, 0)"
8,group14_pairs2-6-14_single10_f2-3,Ga,2,2,12k_layer2_3,34,2.0983234538406164,Ga_O_10,"(0, 0, 0)"
8,group14_pairs2-6-14_single10_f2-3,Cr,1,3,12k_layer14_1,8,2.0983229791065865,Cr_O_10,"(0, 0, 0)"
8,group14_pairs2-6-14_single10_f2-3,Cr,1,3,12k_layer14_1,9,1.9254359958162917,Cr_O_04,"(0, 0, 0)"
8,group14_pairs2-6-14_single10_f2-3,Cr,1,3,12k_layer14_1,15,2.094827260093365,Cr_O_09,"(0, 0, 0)"
8,group14_pairs2-6-14_single10_f2-3,Cr,1,3,12k_layer14_1,20,1.9844560436631808,Cr_O_05,"(-1, -1, 0)"
8,group14_pairs2-6-14_single10_f2-3,Cr,1,3,12k_layer14_1,24,2.0983229796303986,Cr_O_10,"(-1, 0, 0)"
8,group14_pairs2-6-14_single10_f2-3,Cr,1,3,12k_layer14_1,30,1.9254359958162914,Cr_O_04,"(0, 0, 0)"
8,group14_pairs2-6-14_single10_f2-3,Cr,2,4,12k_layer2_2,7,1.984455956778905,Cr_O_05,"(0, -1, 0)"
8,group14_pairs2-6-14_single10_f2-3,Cr,2,4,12k_layer2_2,18,1.9254355763634932,Cr_O_04,"(0, 0, 0)"
8,group14_pairs2-6-14_single10_f2-3,Cr,2,4,12k_layer2_2,25,1.925435575758716,Cr_O_04,"(0, 0, 0)"
8,group14_pairs2-6-14_single10_f2-3,Cr,2,4,12k_layer2_2,31,2.094827515170506,Cr_O_09,"(0, 0, 0)"
8,group14_pairs2-6-14_single10_f2-3,Cr,2,4,12k_layer2_2,32,2.0983234538709623,Cr_O_10,"(0, -1, 0)"
8,group14_pairs2-6-14_single10_f2-3,Cr,2,4,12k_layer2_2,34,2.098323454408184,Cr_O_10,"(1, 0, 0)"
8,group14_pairs2-6-14_single10_f2-3,Ga,3,5,12k_layer14_3,14,2.098322979539073,Ga_O_10,"(0, 0, 0)"
8,group14_pairs2-6-14_single10_f2-3,Ga,3,5,12k_layer14_3,15,2.094827383098975,Ga_O_09,"(0, 0, 0)"
8,group14_pairs2-6-14_single10_f2-3,Ga,3,5,12k_layer14_3,20,1.9844560439741377,Ga_O_05,"(0, 0, 0)"
8,group14_pairs2-6-14_single10_f2-3,Ga,3,5,12k_layer14_3,24,2.098322979658534,Ga_O_10,"(0, 1, 0)"
8,group14_pairs2-6-14_single10_f2-3,Ga,3,5,12k_layer14_3,27,1.925435983138288,Ga_O_04,"(0, 0, 0)"
8,group14_pairs2-6-14_single10_f2-3,Ga,3,5,12k_layer14_3,30,1.9254359955204852,Ga_O_04,"(0, 0, 0)"
8,group14_pairs2-6-14_single10_f2-3,Ga,4,6,12k_layer10_2,5,1.9254359120300575,Ga_O_04,"(0, 0, 0)"
8,group14_pairs2-6-14_single10_f2-3,Ga,4,6,12k_layer10_2,12,1.98445595738215,Ga_O_05,"(-1, 0, 0)"
8,group14_pairs2-6-14_single10_f2-3,Ga,4,6,12k_layer10_2,17,2.094827514410795,Ga_O_09,"(0, 0, 0)"
8,group14_pairs2-6-14_single10_f2-3,Ga,4,6,12k_layer10_2,22,2.0983230321761726,Ga_O_10,"(-1, 0, 0)"
8,group14_pairs2-6-14_single10_f2-3,Ga,4,6,12k_layer10_2,26,2.0983230324265865,Ga_O_10,"(0, 1, 0)"
8,group14_pairs2-6-14_single10_f2-3,Ga,4,6,12k_layer10_2,33,1.9254359114895088,Ga_O_04,"(0, 0, 0)"
8,group14_pairs2-6-14_single10_f2-3,Cr,3,7,12k_layer6_2,3,2.0983234538709605,Cr_O_10,"(0, -1, 0)"
8,group14_pairs2-6-14_single10_f2-3,Cr,3,7,12k_layer6_2,4,1.9254355757587174,Cr_O_04,"(0, 0, 0)"
8,group14_pairs2-6-14_single10_f2-3,Cr,3,7,12k_layer6_2,6,1.9844559567789064,Cr_O_05,"(0, -1, 0)"
8,group14_pairs2-6-14_single10_f2-3,Cr,3,7,12k_layer6_2,13,2.0983234544081824,Cr_O_10,"(1, 0, 0)"
8,group14_pairs2-6-14_single10_f2-3,Cr,3,7,12k_layer6_2,19,2.0948275151705045,Cr_O_09,"(0, 0, 0)"
8,group14_pairs2-6-14_single10_f2-3,Cr,3,7,12k_layer6_2,38,1.9254355763634945,Cr_O_04,"(0, 0, 0)"
8,group14_pairs2-6-14_single10_f2-3,Cr,4,8,12k_layer6_1,3,2.0983234541175877,Cr_O_10,"(0, 0, 0)"
8,group14_pairs2-6-14_single10_f2-3,Cr,4,8,12k_layer6_1,6,1.9844559569613607,Cr_O_05,"(0, 0, 0)"
8,group14_pairs2-6-14_single10_f2-3,Cr,4,8,12k_layer6_1,19,2.0948276379027013,Cr_O_09,"(0, 0, 0)"
8,group14_pairs2-6-14_single10_f2-3,Cr,4,8,12k_layer6_1,28,1.9254355756093047,Cr_O_04,"(0, 0, 0)"
8,group14_pairs2-6-14_single10_f2-3,Cr,4,8,12k_layer6_1,36,2.0983234546414,Cr_O_10,"(1, 0, 0)"
8,group14_pairs2-6-14_single10_f2-3,Cr,4,8,12k_layer6_1,38,1.925435563604001,Cr_O_04,"(0, 0, 0)"
8,group14_pairs2-6-14_single10_f2-3,Cr,5,9,12k_layer14_2,8,2.098322979647595,Cr_O_10,"(0, 1, 0)"
8,group14_pairs2-6-14_single10_f2-3,Cr,5,9,12k_layer14_2,9,1.9254359955309297,Cr_O_04,"(0, 0, 0)"
8,group14_pairs2-6-14_single10_f2-3,Cr,5,9,12k_layer14_2,14,2.098322979397181,Cr_O_10,"(-1, 0, 0)"
8,group14_pairs2-6-14_single10_f2-3,Cr,5,9,12k_layer14_2,15,2.094827260728784,Cr_O_09,"(0, 0, 0)"
8,group14_pairs2-6-14_single10_f2-3,Cr,5,9,12k_layer14_2,20,1.9844560438241048,Cr_O_05,"(-1, 0, 0)"
8,group14_pairs2-6-14_single10_f2-3,Cr,5,9,12k_layer14_2,27,1.9254359960714784,Cr_O_04,"(0, 0, 0)"
8,group14_pairs2-6-14_single10_f2-3,Ga,5,10,2a_layer16,8,1.9948520249218649,Ga_O_07,"(1, 1, 0)"
8,group14_pairs2-6-14_single10_f2-3,Ga,5,10,2a_layer16,14,1.9948520252426432,Ga_O_07,"(0, 0, 0)"
8,group14_pairs2-6-14_single10_f2-3,Ga,5,10,2a_layer16,24,1.9948520249218644,Ga_O_07,"(0, 1, 0)"
8,group14_pairs2-6-14_single10_f2-3,Ga,5,10,2a_layer16,29,1.9948516604791149,Ga_O_07,"(1, 0, 1)"
8,group14_pairs2-6-14_single10_f2-3,Ga,5,10,2a_layer16,32,1.9948516599281325,Ga_O_07,"(0, 0, 1)"
8,group14_pairs2-6-14_single10_f2-3,Ga,5,10,2a_layer16,34,1.994851660087002,Ga_O_07,"(1, 1, 1)"
8,group14_pairs2-6-14_single10_f2-3,Ga,6,11,12k_layer10_3,1,1.9254359114790642,Ga_O_04,"(0, 0, 0)"
8,group14_pairs2-6-14_single10_f2-3,Ga,6,11,12k_layer10_3,5,1.9254358990968665,Ga_O_04,"(0, 0, 0)"
8,group14_pairs2-6-14_single10_f2-3,Ga,6,11,12k_layer10_3,11,2.0983230324375253,Ga_O_10,"(0, 1, 0)"
8,group14_pairs2-6-14_single10_f2-3,Ga,6,11,12k_layer10_3,12,1.9844559575321832,Ga_O_05,"(0, 0, 0)"
8,group14_pairs2-6-14_single10_f2-3,Ga,6,11,12k_layer10_3,17,2.094827636780971,Ga_O_09,"(0, 0, 0)"
8,group14_pairs2-6-14_single10_f2-3,Ga,6,11,12k_layer10_3,22,2.0983230323180644,Ga_O_10,"(0, 0, 0)"
8,group14_pairs2-6-14_single10_f2-3,Cr,6,12,12k_layer10_1,1,1.9254359117748707,Cr_O_04,"(0, 0, 0)"
8,group14_pairs2-6-14_single10_f2-3,Cr,6,12,12k_layer10_1,11,2.0983230324093904,Cr_O_10,"(-1, 0, 0)"
8,group14_pairs2-6-14_single10_f2-3,Cr,6,12,12k_layer10_1,12,1.9844559572212264,Cr_O_05,"(-1, -1, 0)"
8,group14_pairs2-6-14_single10_f2-3,Cr,6,12,12k_layer10_1,17,2.0948275137753765,Cr_O_09,"(0, 0, 0)"
8,group14_pairs2-6-14_single10_f2-3,Cr,6,12,12k_layer10_1,26,2.098323031885578,Cr_O_10,"(0, 0, 0)"
8,group14_pairs2-6-14_single10_f2-3,Cr,6,12,12k_layer10_1,33,1.9254359117748707,Cr_O_04,"(0, 0, 0)"
8,group14_pairs2-6-14_single10_f2-3,Cr,7,13,12k_layer2_1,7,1.9844559569613596,Cr_O_05,"(0, 0, 0)"
8,group14_pairs2-6-14_single10_f2-3,Cr,7,13,12k_layer2_1,18,1.925435563604,Cr_O_04,"(0, 0, 0)"
8,group14_pairs2-6-14_single10_f2-3,Cr,7,13,12k_layer2_1,21,1.9254355756093033,Cr_O_04,"(0, 0, 0)"
8,group14_pairs2-6-14_single10_f2-3,Cr,7,13,12k_layer2_1,29,2.0983234546414016,Cr_O_10,"(1, 0, 0)"
8,group14_pairs2-6-14_single10_f2-3,Cr,7,13,12k_layer2_1,31,2.0948276379027027,Cr_O_09,"(0, 0, 0)"
8,group14_pairs2-6-14_single10_f2-3,Cr,7,13,12k_layer2_1,32,2.0983234541175895,Cr_O_10,"(0, 0, 0)"
8,group14_pairs2-6-14_single10_f2-3,Ga,7,14,2b_layer12,10,1.8700732788205217,Ga_O_01,"(0, 1, 0)"
8,group14_pairs2-6-14_single10_f2-3,Ga,7,14,2b_layer12,12,2.2779384420000004,Ga_O_11,"(0, 0, 0)"
8,group14_pairs2-6-14_single10_f2-3,Ga,7,14,2b_layer12,20,2.2779384410000003,Ga_O_11,"(0, 0, 0)"
8,group14_pairs2-6-14_single10_f2-3,Ga,7,14,2b_layer12,23,1.870073507451236,Ga_O_01,"(1, 1, 0)"
8,group14_pairs2-6-14_single10_f2-3,Ga,7,14,2b_layer12,37,1.870073355,Ga_O_01,"(0, 0, 0)"
8,group14_pairs2-6-14_single10_f2-3,Ga,8,15,2a_layer8,3,1.9948516601706343,Ga_O_07,"(0, 0, 0)"
8,group14_pairs2-6-14_single10_f2-3,Ga,8,15,2a_layer8,11,1.9948520770594027,Ga_O_07,"(0, 1, 0)"
8,group14_pairs2-6-14_single10_f2-3,Ga,8,15,2a_layer8,13,1.994851660329504,Ga_O_07,"(1, 1, 0)"
8,group14_pairs2-6-14_single10_f2-3,Ga,8,15,2a_layer8,22,1.9948520773801812,Ga_O_07,"(0, 0, 0)"
8,group14_pairs2-6-14_single10_f2-3,Ga,8,15,2a_layer8,26,1.9948520770594032,Ga_O_07,"(1, 1, 0)"
8,group14_pairs2-6-14_single10_f2-3,Ga,8,15,2a_layer8,36,1.9948516607216167,Ga_O_07,"(1, 0, 0)"
8,group14_pairs2-6-14_single10_f2-3,Ga,9,16,2b_layer4,2,1.8700732794118144,Ga_O_01,"(1, 0, 0)"
8,group14_pairs2-6-14_single10_f2-3,Ga,9,16,2b_layer4,6,2.277938441000001,Ga_O_11,"(0, 0, 0)"
8,group14_pairs2-6-14_single10_f2-3,Ga,9,16,2b_layer4,7,2.2779384420000004,Ga_O_11,"(0, 0, 0)"
8,group14_pairs2-6-14_single10_f2-3,Ga,9,16,2b_layer4,16,1.8700735073000085,Ga_O_01,"(1, 1, 0)"
8,group14_pairs2-6-14_single10_f2-3,Ga,9,16,2b_layer4,35,1.870073355795254,Ga_O_01,"(0, 0, 0)"
8,group14_pairs2-6-14_single10_f2-3,Ga,10,17,4f1_layer9,11,1.9084361294606749,Ga_O_02,"(0, 0, 0)"
8,group14_pairs2-6-14_single10_f2-3,Ga,10,17,4f1_layer9,19,1.9091270429999996,Ga_O_03,"(0, 0, 0)"
8,group14_pairs2-6-14_single10_f2-3,Ga,10,17,4f1_layer9,22,1.9084362745505044,Ga_O_02,"(0, 0, 0)"
8,group14_pairs2-6-14_single10_f2-3,Ga,10,17,4f1_layer9,26,1.9084361294606744,Ga_O_02,"(0, 0, 0)"
8,group14_pairs2-6-14_single10_f2-3,Ga,11,18,4f2_layer11,1,1.9849917587865524,Ga_O_06,"(0, 0, 0)"
8,group14_pairs2-6-14_single10_f2-3,Ga,11,18,4f2_layer11,5,1.9849916384047732,Ga_O_06,"(0, -1, 0)"
8,group14_pairs2-6-14_single10_f2-3,Ga,11,18,4f2_layer11,10,2.0663776487443304,Ga_O_08,"(0, 0, 0)"
8,group14_pairs2-6-14_single10_f2-3,Ga,11,18,4f2_layer11,23,2.0663774783167193,Ga_O_08,"(0, 0, 0)"
8,group14_pairs2-6-14_single10_f2-3,Ga,11,18,4f2_layer11,33,1.9849917593946298,Ga_O_06,"(1, 0, 0)"
8,group14_pairs2-6-14_single10_f2-3,Ga,11,18,4f2_layer11,37,2.0663777054221355,Ga_O_08,"(0, 0, 0)"
8,group14_pairs2-6-14_single10_f2-3,Cr,8,19,4f2_layer3,2,2.0663771907209756,Cr_O_08,"(0, 0, 0)"
8,group14_pairs2-6-14_single10_f2-3,Cr,8,19,4f2_layer3,16,2.066377020121716,Cr_O_08,"(0, 0, 0)"
8,group14_pairs2-6-14_single10_f2-3,Cr,8,19,4f2_layer3,18,1.9849922964805824,Cr_O_06,"(-1, 0, 0)"
8,group14_pairs2-6-14_single10_f2-3,Cr,8,19,4f2_layer3,21,1.9849924174878968,Cr_O_06,"(0, 0, 0)"
8,group14_pairs2-6-14_single10_f2-3,Cr,8,19,4f2_layer3,25,1.9849924184808014,Cr_O_06,"(0, 1, 0)"
8,group14_pairs2-6-14_single10_f2-3,Cr,8,19,4f2_layer3,35,2.066377246884635,Cr_O_08,"(0, 0, 0)"
8,group14_pairs2-6-14_single10_f2-3,Ga,12,20,4f1_layer7,3,1.9084360732701862,Ga_O_02,"(0, 0, 0)"
8,group14_pairs2-6-14_single10_f2-3,Ga,12,20,4f1_layer7,13,1.9084359271385227,Ga_O_02,"(0, 0, 0)"
8,group14_pairs2-6-14_single10_f2-3,Ga,12,20,4f1_layer7,17,1.909127043000001,Ga_O_03,"(0, 0, 0)"
8,group14_pairs2-6-14_single10_f2-3,Ga,12,20,4f1_layer7,36,1.9084359275969722,Ga_O_02,"(0, 0, 0)"
8,group14_pairs2-6-14_single10_f2-3,Ga,13,21,4f2_layer5,2,2.0663771900543897,Ga_O_08,"(0, 0, 0)"
8,group14_pairs2-6-14_single10_f2-3,Ga,13,21,4f2_layer5,4,1.9849924184808014,Ga_O_06,"(0, 1, 0)"
8,group14_pairs2-6-14_single10_f2-3,Ga,13,21,4f2_layer5,16,2.0663770194551296,Ga_O_08,"(0, 0, 0)"
8,group14_pairs2-6-14_single10_f2-3,Ga,13,21,4f2_layer5,28,1.9849924174878968,Ga_O_06,"(0, 0, 0)"
8,group14_pairs2-6-14_single10_f2-3,Ga,13,21,4f2_layer5,35,2.0663772462180487,Ga_O_08,"(0, 0, 0)"
8,group14_pairs2-6-14_single10_f2-3,Ga,13,21,4f2_layer5,38,1.9849922964805824,Ga_O_06,"(-1, 0, 0)"
8,group14_pairs2-6-14_single10_f2-3,Ga,14,22,4f1_layer1,15,1.9091273005999965,Ga_O_03,"(0, 0, -1)"
8,group14_pairs2-6-14_single10_f2-3,Ga,14,22,4f1_layer1,29,1.9084359275969722,Ga_O_02,"(0, 0, 0)"
8,group14_pairs2-6-14_single10_f2-3,Ga,14,22,4f1_layer1,32,1.9084360732701862,Ga_O_02,"(0, 0, 0)"
8,group14_pairs2-6-14_single10_f2-3,Ga,14,22,4f1_layer1,34,1.9084359271385227,Ga_O_02,"(0, 0, 0)"
8,group14_pairs2-6-14_single10_f2-3,Ga,15,23,4f2_layer13,9,1.9849917593946296,Ga_O_06,"(1, 0, 0)"
8,group14_pairs2-6-14_single10_f2-3,Ga,15,23,4f2_layer13,10,2.0663776487443317,Ga_O_08,"(0, 0, 0)"
8,group14_pairs2-6-14_single10_f2-3,Ga,15,23,4f2_layer13,23,2.0663774783167206,Ga_O_08,"(0, 0, 0)"
8,group14_pairs2-6-14_single10_f2-3,Ga,15,23,4f2_layer13,27,1.984991638404773,Ga_O_06,"(0, -1, 0)"
8,group14_pairs2-6-14_single10_f2-3,Ga,15,23,4f2_layer13,30,1.984991758786552,Ga_O_06,"(0, 0, 0)"
8,group14_pairs2-6-14_single10_f2-3,Ga,15,23,4f2_layer13,37,2.066377705422137,Ga_O_08,"(0, 0, 0)"
8,group14_pairs2-6-14_single10_f2-3,Ga,16,24,4f1_layer15,8,1.9084361547650497,Ga_O_02,"(0, 0, 0)"
8,group14_pairs2-6-14_single10_f2-3,Ga,16,24,4f1_layer15,14,1.9084362998548778,Ga_O_02,"(0, 0, 0)"
8,group14_pairs2-6-14_single10_f2-3,Ga,16,24,4f1_layer15,24,1.9084361547650501,Ga_O_02,"(0, 0, 0)"
8,group14_pairs2-6-14_single10_f2-3,Ga,16,24,4f1_layer15,31,1.9091268705999949,Ga_O_03,"(0, 0, 1)"
8,group15_allf2_2a_12k-layer6,Sr,1,,,2,2.958098043228469,Sr_O_02,"(0, -1, 0)"
8,group15_allf2_2a_12k-layer6,Sr,1,,,4,2.864579795118219,Sr_O_01,"(0, 0, 0)"
8,group15_allf2_2a_12k-layer6,Sr,1,,,16,2.9580979326637595,Sr_O_02,"(1, 0, 0)"
8,group15_allf2_2a_12k-layer6,Sr,1,,,18,2.8645798765734263,Sr_O_01,"(0, 0, 0)"
8,group15_allf2_2a_12k-layer6,Sr,1,,,21,2.864579884642825,Sr_O_01,"(0, 0, 0)"
8,group15_allf2_2a_12k-layer6,Sr,1,,,25,2.8645797959311503,Sr_O_01,"(0, 0, 0)"
8,group15_allf2_2a_12k-layer6,Sr,1,,,28,2.864579883829894,Sr_O_01,"(0, 0, 0)"
8,group15_allf2_2a_12k-layer6,Sr,1,,,35,2.95809800345424,Sr_O_02,"(0, -1, 0)"
8,group15_allf2_2a_12k-layer6,Sr,1,,,38,2.8645798757604948,Sr_O_01,"(0, 0, 0)"
8,group15_allf2_2a_12k-layer6,Sr,2,,,1,2.8645793251769454,Sr_O_01,"(0, 0, 0)"
8,group15_allf2_2a_12k-layer6,Sr,2,,,5,2.8645793169995204,Sr_O_01,"(0, 0, 0)"
8,group15_allf2_2a_12k-layer6,Sr,2,,,9,2.8645792364135385,Sr_O_01,"(0, 0, 0)"
8,group15_allf2_2a_12k-layer6,Sr,2,,,10,2.9580980427214705,Sr_O_02,"(-1, 0, 0)"
8,group15_allf2_2a_12k-layer6,Sr,2,,,23,2.95809793284463,Sr_O_02,"(0, 1, 0)"
8,group15_allf2_2a_12k-layer6,Sr,2,,,27,2.8645793169995213,Sr_O_01,"(0, 0, 0)"
8,group15_allf2_2a_12k-layer6,Sr,2,,,30,2.8645793251769462,Sr_O_01,"(0, 0, 0)"
8,group15_allf2_2a_12k-layer6,Sr,2,,,33,2.864579236413537,Sr_O_01,"(0, 0, 0)"
8,group15_allf2_2a_12k-layer6,Sr,2,,,37,2.9580980035278155,Sr_O_02,"(-1, 0, 0)"
8,group15_allf2_2a_12k-layer6,Ga,1,1,12k_layer6_3,4,1.9254355757587174,Ga_O_04,"(0, 0, 0)"
8,group15_allf2_2a_12k-layer6,Ga,1,1,12k_layer6_3,6,1.9844559567789057,Ga_O_05,"(-1, -1, 0)"
8,group15_allf2_2a_12k-layer6,Ga,1,1,12k_layer6_3,13,2.0983234538406146,Ga_O_10,"(0, 0, 0)"
8,group15_allf2_2a_12k-layer6,Ga,1,1,12k_layer6_3,19,2.094827515170505,Ga_O_09,"(0, 0, 0)"
8,group15_allf2_2a_12k-layer6,Ga,1,1,12k_layer6_3,28,1.925435576196381,Ga_O_04,"(0, 0, 0)"
8,group15_allf2_2a_12k-layer6,Ga,1,1,12k_layer6_3,36,2.0983234538272053,Ga_O_10,"(0, -1, 0)"
8,group15_allf2_2a_12k-layer6,Ga,2,2,12k_layer2_3,7,1.9844559567789046,Ga_O_05,"(-1, -1, 0)"
8,group15_allf2_2a_12k-layer6,Ga,2,2,12k_layer2_3,21,1.9254355761963797,Ga_O_04,"(0, 0, 0)"
8,group15_allf2_2a_12k-layer6,Ga,2,2,12k_layer2_3,25,1.9254355757587163,Ga_O_04,"(0, 0, 0)"
8,group15_allf2_2a_12k-layer6,Ga,2,2,12k_layer2_3,29,2.098323453827207,Ga_O_10,"(0, -1, 0)"
8,group15_allf2_2a_12k-layer6,Ga,2,2,12k_layer2_3,31,2.0948275151705062,Ga_O_09,"(0, 0, 0)"
8,group15_allf2_2a_12k-layer6,Ga,2,2,12k_layer2_3,34,2.0983234538406164,Ga_O_10,"(0, 0, 0)"
8,group15_allf2_2a_12k-layer6,Ga,3,3,12k_layer14_1,8,2.0983229791065865,Ga_O_10,"(0, 0, 0)"
8,group15_allf2_2a_12k-layer6,Ga,3,3,12k_layer14_1,9,1.9254359958162917,Ga_O_04,"(0, 0, 0)"
8,group15_allf2_2a_12k-layer6,Ga,3,3,12k_layer14_1,15,2.094827260093365,Ga_O_09,"(0, 0, 0)"
8,group15_allf2_2a_12k-layer6,Ga,3,3,12k_layer14_1,20,1.9844560436631808,Ga_O_05,"(-1, -1, 0)"
8,group15_allf2_2a_12k-layer6,Ga,3,3,12k_layer14_1,24,2.0983229796303986,Ga_O_10,"(-1, 0, 0)"
8,group15_allf2_2a_12k-layer6,Ga,3,3,12k_layer14_1,30,1.9254359958162914,Ga_O_04,"(0, 0, 0)"
8,group15_allf2_2a_12k-layer6,Ga,4,4,12k_layer2_2,7,1.984455956778905,Ga_O_05,"(0, -1, 0)"
8,group15_allf2_2a_12k-layer6,Ga,4,4,12k_layer2_2,18,1.9254355763634932,Ga_O_04,"(0, 0, 0)"
8,group15_allf2_2a_12k-layer6,Ga,4,4,12k_layer2_2,25,1.925435575758716,Ga_O_04,"(0, 0, 0)"
8,group15_allf2_2a_12k-layer6,Ga,4,4,12k_layer2_2,31,2.094827515170506,Ga_O_09,"(0, 0, 0)"
8,group15_allf2_2a_12k-layer6,Ga,4,4,12k_layer2_2,32,2.0983234538709623,Ga_O_10,"(0, -1, 0)"
8,group15_allf2_2a_12k-layer6,Ga,4,4,12k_layer2_2,34,2.098323454408184,Ga_O_10,"(1, 0, 0)"
8,group15_allf2_2a_12k-layer6,Ga,5,5,12k_layer14_3,14,2.098322979539073,Ga_O_10,"(0, 0, 0)"
8,group15_allf2_2a_12k-layer6,Ga,5,5,12k_layer14_3,15,2.094827383098975,Ga_O_09,"(0, 0, 0)"
8,group15_allf2_2a_12k-layer6,Ga,5,5,12k_layer14_3,20,1.9844560439741377,Ga_O_05,"(0, 0, 0)"
8,group15_allf2_2a_12k-layer6,Ga,5,5,12k_layer14_3,24,2.098322979658534,Ga_O_10,"(0, 1, 0)"
8,group15_allf2_2a_12k-layer6,Ga,5,5,12k_layer14_3,27,1.925435983138288,Ga_O_04,"(0, 0, 0)"
8,group15_allf2_2a_12k-layer6,Ga,5,5,12k_layer14_3,30,1.9254359955204852,Ga_O_04,"(0, 0, 0)"
8,group15_allf2_2a_12k-layer6,Ga,6,6,12k_layer10_2,5,1.9254359120300575,Ga_O_04,"(0, 0, 0)"
8,group15_allf2_2a_12k-layer6,Ga,6,6,12k_layer10_2,12,1.98445595738215,Ga_O_05,"(-1, 0, 0)"
8,group15_allf2_2a_12k-layer6,Ga,6,6,12k_layer10_2,17,2.094827514410795,Ga_O_09,"(0, 0, 0)"
8,group15_allf2_2a_12k-layer6,Ga,6,6,12k_layer10_2,22,2.0983230321761726,Ga_O_10,"(-1, 0, 0)"
8,group15_allf2_2a_12k-layer6,Ga,6,6,12k_layer10_2,26,2.0983230324265865,Ga_O_10,"(0, 1, 0)"
8,group15_allf2_2a_12k-layer6,Ga,6,6,12k_layer10_2,33,1.9254359114895088,Ga_O_04,"(0, 0, 0)"
8,group15_allf2_2a_12k-layer6,Cr,1,7,12k_layer6_2,3,2.0983234538709605,Cr_O_10,"(0, -1, 0)"
8,group15_allf2_2a_12k-layer6,Cr,1,7,12k_layer6_2,4,1.9254355757587174,Cr_O_04,"(0, 0, 0)"
8,group15_allf2_2a_12k-layer6,Cr,1,7,12k_layer6_2,6,1.9844559567789064,Cr_O_05,"(0, -1, 0)"
8,group15_allf2_2a_12k-layer6,Cr,1,7,12k_layer6_2,13,2.0983234544081824,Cr_O_10,"(1, 0, 0)"
8,group15_allf2_2a_12k-layer6,Cr,1,7,12k_layer6_2,19,2.0948275151705045,Cr_O_09,"(0, 0, 0)"
8,group15_allf2_2a_12k-layer6,Cr,1,7,12k_layer6_2,38,1.9254355763634945,Cr_O_04,"(0, 0, 0)"
8,group15_allf2_2a_12k-layer6,Cr,2,8,12k_layer6_1,3,2.0983234541175877,Cr_O_10,"(0, 0, 0)"
8,group15_allf2_2a_12k-layer6,Cr,2,8,12k_layer6_1,6,1.9844559569613607,Cr_O_05,"(0, 0, 0)"
8,group15_allf2_2a_12k-layer6,Cr,2,8,12k_layer6_1,19,2.0948276379027013,Cr_O_09,"(0, 0, 0)"
8,group15_allf2_2a_12k-layer6,Cr,2,8,12k_layer6_1,28,1.9254355756093047,Cr_O_04,"(0, 0, 0)"
8,group15_allf2_2a_12k-layer6,Cr,2,8,12k_layer6_1,36,2.0983234546414,Cr_O_10,"(1, 0, 0)"
8,group15_allf2_2a_12k-layer6,Cr,2,8,12k_layer6_1,38,1.925435563604001,Cr_O_04,"(0, 0, 0)"
8,group15_allf2_2a_12k-layer6,Ga,7,9,12k_layer14_2,8,2.098322979647595,Ga_O_10,"(0, 1, 0)"
8,group15_allf2_2a_12k-layer6,Ga,7,9,12k_layer14_2,9,1.9254359955309297,Ga_O_04,"(0, 0, 0)"
8,group15_allf2_2a_12k-layer6,Ga,7,9,12k_layer14_2,14,2.098322979397181,Ga_O_10,"(-1, 0, 0)"
8,group15_allf2_2a_12k-layer6,Ga,7,9,12k_layer14_2,15,2.094827260728784,Ga_O_09,"(0, 0, 0)"
8,group15_allf2_2a_12k-layer6,Ga,7,9,12k_layer14_2,20,1.9844560438241048,Ga_O_05,"(-1, 0, 0)"
8,group15_allf2_2a_12k-layer6,Ga,7,9,12k_layer14_2,27,1.9254359960714784,Ga_O_04,"(0, 0, 0)"
8,group15_allf2_2a_12k-layer6,Cr,3,10,2a_layer16,8,1.9948520249218649,Cr_O_07,"(1, 1, 0)"
8,group15_allf2_2a_12k-layer6,Cr,3,10,2a_layer16,14,1.9948520252426432,Cr_O_07,"(0, 0, 0)"
8,group15_allf2_2a_12k-layer6,Cr,3,10,2a_layer16,24,1.9948520249218644,Cr_O_07,"(0, 1, 0)"
8,group15_allf2_2a_12k-layer6,Cr,3,10,2a_layer16,29,1.9948516604791149,Cr_O_07,"(1, 0, 1)"
8,group15_allf2_2a_12k-layer6,Cr,3,10,2a_layer16,32,1.9948516599281325,Cr_O_07,"(0, 0, 1)"
8,group15_allf2_2a_12k-layer6,Cr,3,10,2a_layer16,34,1.994851660087002,Cr_O_07,"(1, 1, 1)"
8,group15_allf2_2a_12k-layer6,Ga,8,11,12k_layer10_3,1,1.9254359114790642,Ga_O_04,"(0, 0, 0)"
8,group15_allf2_2a_12k-layer6,Ga,8,11,12k_layer10_3,5,1.9254358990968665,Ga_O_04,"(0, 0, 0)"
8,group15_allf2_2a_12k-layer6,Ga,8,11,12k_layer10_3,11,2.0983230324375253,Ga_O_10,"(0, 1, 0)"
8,group15_allf2_2a_12k-layer6,Ga,8,11,12k_layer10_3,12,1.9844559575321832,Ga_O_05,"(0, 0, 0)"
8,group15_allf2_2a_12k-layer6,Ga,8,11,12k_layer10_3,17,2.094827636780971,Ga_O_09,"(0, 0, 0)"
8,group15_allf2_2a_12k-layer6,Ga,8,11,12k_layer10_3,22,2.0983230323180644,Ga_O_10,"(0, 0, 0)"
8,group15_allf2_2a_12k-layer6,Ga,9,12,12k_layer10_1,1,1.9254359117748707,Ga_O_04,"(0, 0, 0)"
8,group15_allf2_2a_12k-layer6,Ga,9,12,12k_layer10_1,11,2.0983230324093904,Ga_O_10,"(-1, 0, 0)"
8,group15_allf2_2a_12k-layer6,Ga,9,12,12k_layer10_1,12,1.9844559572212264,Ga_O_05,"(-1, -1, 0)"
8,group15_allf2_2a_12k-layer6,Ga,9,12,12k_layer10_1,17,2.0948275137753765,Ga_O_09,"(0, 0, 0)"
8,group15_allf2_2a_12k-layer6,Ga,9,12,12k_layer10_1,26,2.098323031885578,Ga_O_10,"(0, 0, 0)"
8,group15_allf2_2a_12k-layer6,Ga,9,12,12k_layer10_1,33,1.9254359117748707,Ga_O_04,"(0, 0, 0)"
8,group15_allf2_2a_12k-layer6,Ga,10,13,12k_layer2_1,7,1.9844559569613596,Ga_O_05,"(0, 0, 0)"
8,group15_allf2_2a_12k-layer6,Ga,10,13,12k_layer2_1,18,1.925435563604,Ga_O_04,"(0, 0, 0)"
8,group15_allf2_2a_12k-layer6,Ga,10,13,12k_layer2_1,21,1.9254355756093033,Ga_O_04,"(0, 0, 0)"
8,group15_allf2_2a_12k-layer6,Ga,10,13,12k_layer2_1,29,2.0983234546414016,Ga_O_10,"(1, 0, 0)"
8,group15_allf2_2a_12k-layer6,Ga,10,13,12k_layer2_1,31,2.0948276379027027,Ga_O_09,"(0, 0, 0)"
8,group15_allf2_2a_12k-layer6,Ga,10,13,12k_layer2_1,32,2.0983234541175895,Ga_O_10,"(0, 0, 0)"
8,group15_allf2_2a_12k-layer6,Ga,11,14,2b_layer12,10,1.8700732788205217,Ga_O_01,"(0, 1, 0)"
8,group15_allf2_2a_12k-layer6,Ga,11,14,2b_layer12,12,2.2779384420000004,Ga_O_11,"(0, 0, 0)"
8,group15_allf2_2a_12k-layer6,Ga,11,14,2b_layer12,20,2.2779384410000003,Ga_O_11,"(0, 0, 0)"
8,group15_allf2_2a_12k-layer6,Ga,11,14,2b_layer12,23,1.870073507451236,Ga_O_01,"(1, 1, 0)"
8,group15_allf2_2a_12k-layer6,Ga,11,14,2b_layer12,37,1.870073355,Ga_O_01,"(0, 0, 0)"
8,group15_allf2_2a_12k-layer6,Cr,4,15,2a_layer8,3,1.9948516601706343,Cr_O_07,"(0, 0, 0)"
8,group15_allf2_2a_12k-layer6,Cr,4,15,2a_layer8,11,1.9948520770594027,Cr_O_07,"(0, 1, 0)"
8,group15_allf2_2a_12k-layer6,Cr,4,15,2a_layer8,13,1.994851660329504,Cr_O_07,"(1, 1, 0)"
8,group15_allf2_2a_12k-layer6,Cr,4,15,2a_layer8,22,1.9948520773801812,Cr_O_07,"(0, 0, 0)"
8,group15_allf2_2a_12k-layer6,Cr,4,15,2a_layer8,26,1.9948520770594032,Cr_O_07,"(1, 1, 0)"
8,group15_allf2_2a_12k-layer6,Cr,4,15,2a_layer8,36,1.9948516607216167,Cr_O_07,"(1, 0, 0)"
8,group15_allf2_2a_12k-layer6,Ga,12,16,2b_layer4,2,1.8700732794118144,Ga_O_01,"(1, 0, 0)"
8,group15_allf2_2a_12k-layer6,Ga,12,16,2b_layer4,6,2.277938441000001,Ga_O_11,"(0, 0, 0)"
8,group15_allf2_2a_12k-layer6,Ga,12,16,2b_layer4,7,2.2779384420000004,Ga_O_11,"(0, 0, 0)"
8,group15_allf2_2a_12k-layer6,Ga,12,16,2b_layer4,16,1.8700735073000085,Ga_O_01,"(1, 1, 0)"
8,group15_allf2_2a_12k-layer6,Ga,12,16,2b_layer4,35,1.870073355795254,Ga_O_01,"(0, 0, 0)"
8,group15_allf2_2a_12k-layer6,Ga,13,17,4f1_layer9,11,1.9084361294606749,Ga_O_02,"(0, 0, 0)"
8,group15_allf2_2a_12k-layer6,Ga,13,17,4f1_layer9,19,1.9091270429999996,Ga_O_03,"(0, 0, 0)"
8,group15_allf2_2a_12k-layer6,Ga,13,17,4f1_layer9,22,1.9084362745505044,Ga_O_02,"(0, 0, 0)"
8,group15_allf2_2a_12k-layer6,Ga,13,17,4f1_layer9,26,1.9084361294606744,Ga_O_02,"(0, 0, 0)"
8,group15_allf2_2a_12k-layer6,Cr,5,18,4f2_layer11,1,1.9849917587865524,Cr_O_06,"(0, 0, 0)"
8,group15_allf2_2a_12k-layer6,Cr,5,18,4f2_layer11,5,1.9849916384047732,Cr_O_06,"(0, -1, 0)"
8,group15_allf2_2a_12k-layer6,Cr,5,18,4f2_layer11,10,2.0663776487443304,Cr_O_08,"(0, 0, 0)"
8,group15_allf2_2a_12k-layer6,Cr,5,18,4f2_layer11,23,2.0663774783167193,Cr_O_08,"(0, 0, 0)"
8,group15_allf2_2a_12k-layer6,Cr,5,18,4f2_layer11,33,1.9849917593946298,Cr_O_06,"(1, 0, 0)"
8,group15_allf2_2a_12k-layer6,Cr,5,18,4f2_layer11,37,2.0663777054221355,Cr_O_08,"(0, 0, 0)"
8,group15_allf2_2a_12k-layer6,Cr,6,19,4f2_layer3,2,2.0663771907209756,Cr_O_08,"(0, 0, 0)"
8,group15_allf2_2a_12k-layer6,Cr,6,19,4f2_layer3,16,2.066377020121716,Cr_O_08,"(0, 0, 0)"
8,group15_allf2_2a_12k-layer6,Cr,6,19,4f2_layer3,18,1.9849922964805824,Cr_O_06,"(-1, 0, 0)"
8,group15_allf2_2a_12k-layer6,Cr,6,19,4f2_layer3,21,1.9849924174878968,Cr_O_06,"(0, 0, 0)"
8,group15_allf2_2a_12k-layer6,Cr,6,19,4f2_layer3,25,1.9849924184808014,Cr_O_06,"(0, 1, 0)"
8,group15_allf2_2a_12k-layer6,Cr,6,19,4f2_layer3,35,2.066377246884635,Cr_O_08,"(0, 0, 0)"
8,group15_allf2_2a_12k-layer6,Ga,14,20,4f1_layer7,3,1.9084360732701862,Ga_O_02,"(0, 0, 0)"
8,group15_allf2_2a_12k-layer6,Ga,14,20,4f1_layer7,13,1.9084359271385227,Ga_O_02,"(0, 0, 0)"
8,group15_allf2_2a_12k-layer6,Ga,14,20,4f1_layer7,17,1.909127043000001,Ga_O_03,"(0, 0, 0)"
8,group15_allf2_2a_12k-layer6,Ga,14,20,4f1_layer7,36,1.9084359275969722,Ga_O_02,"(0, 0, 0)"
8,group15_allf2_2a_12k-layer6,Cr,7,21,4f2_layer5,2,2.0663771900543897,Cr_O_08,"(0, 0, 0)"
8,group15_allf2_2a_12k-layer6,Cr,7,21,4f2_layer5,4,1.9849924184808014,Cr_O_06,"(0, 1, 0)"
8,group15_allf2_2a_12k-layer6,Cr,7,21,4f2_layer5,16,2.0663770194551296,Cr_O_08,"(0, 0, 0)"
8,group15_allf2_2a_12k-layer6,Cr,7,21,4f2_layer5,28,1.9849924174878968,Cr_O_06,"(0, 0, 0)"
8,group15_allf2_2a_12k-layer6,Cr,7,21,4f2_layer5,35,2.0663772462180487,Cr_O_08,"(0, 0, 0)"
8,group15_allf2_2a_12k-layer6,Cr,7,21,4f2_layer5,38,1.9849922964805824,Cr_O_06,"(-1, 0, 0)"
8,group15_allf2_2a_12k-layer6,Ga,15,22,4f1_layer1,15,1.9091273005999965,Ga_O_03,"(0, 0, -1)"
8,group15_allf2_2a_12k-layer6,Ga,15,22,4f1_layer1,29,1.9084359275969722,Ga_O_02,"(0, 0, 0)"
8,group15_allf2_2a_12k-layer6,Ga,15,22,4f1_layer1,32,1.9084360732701862,Ga_O_02,"(0, 0, 0)"
8,group15_allf2_2a_12k-layer6,Ga,15,22,4f1_layer1,34,1.9084359271385227,Ga_O_02,"(0, 0, 0)"
8,group15_allf2_2a_12k-layer6,Cr,8,23,4f2_layer13,9,1.9849917593946296,Cr_O_06,"(1, 0, 0)"
8,group15_allf2_2a_12k-layer6,Cr,8,23,4f2_layer13,10,2.0663776487443317,Cr_O_08,"(0, 0, 0)"
8,group15_allf2_2a_12k-layer6,Cr,8,23,4f2_layer13,23,2.0663774783167206,Cr_O_08,"(0, 0, 0)"
8,group15_allf2_2a_12k-layer6,Cr,8,23,4f2_layer13,27,1.984991638404773,Cr_O_06,"(0, -1, 0)"
8,group15_allf2_2a_12k-layer6,Cr,8,23,4f2_layer13,30,1.984991758786552,Cr_O_06,"(0, 0, 0)"
8,group15_allf2_2a_12k-layer6,Cr,8,23,4f2_layer13,37,2.066377705422137,Cr_O_08,"(0, 0, 0)"
8,group15_allf2_2a_12k-layer6,Ga,16,24,4f1_layer15,8,1.9084361547650497,Ga_O_02,"(0, 0, 0)"
8,group15_allf2_2a_12k-layer6,Ga,16,24,4f1_layer15,14,1.9084362998548778,Ga_O_02,"(0, 0, 0)"
8,group15_allf2_2a_12k-layer6,Ga,16,24,4f1_layer15,24,1.9084361547650501,Ga_O_02,"(0, 0, 0)"
8,group15_allf2_2a_12k-layer6,Ga,16,24,4f1_layer15,31,1.9091268705999949,Ga_O_03,"(0, 0, 1)"
8,group16_allf2_2a_12k-layer10,Sr,1,,,2,2.958098043228469,Sr_O_02,"(0, -1, 0)"
8,group16_allf2_2a_12k-layer10,Sr,1,,,4,2.864579795118219,Sr_O_01,"(0, 0, 0)"
8,group16_allf2_2a_12k-layer10,Sr,1,,,16,2.9580979326637595,Sr_O_02,"(1, 0, 0)"
8,group16_allf2_2a_12k-layer10,Sr,1,,,18,2.8645798765734263,Sr_O_01,"(0, 0, 0)"
8,group16_allf2_2a_12k-layer10,Sr,1,,,21,2.864579884642825,Sr_O_01,"(0, 0, 0)"
8,group16_allf2_2a_12k-layer10,Sr,1,,,25,2.8645797959311503,Sr_O_01,"(0, 0, 0)"
8,group16_allf2_2a_12k-layer10,Sr,1,,,28,2.864579883829894,Sr_O_01,"(0, 0, 0)"
8,group16_allf2_2a_12k-layer10,Sr,1,,,35,2.95809800345424,Sr_O_02,"(0, -1, 0)"
8,group16_allf2_2a_12k-layer10,Sr,1,,,38,2.8645798757604948,Sr_O_01,"(0, 0, 0)"
8,group16_allf2_2a_12k-layer10,Sr,2,,,1,2.8645793251769454,Sr_O_01,"(0, 0, 0)"
8,group16_allf2_2a_12k-layer10,Sr,2,,,5,2.8645793169995204,Sr_O_01,"(0, 0, 0)"
8,group16_allf2_2a_12k-layer10,Sr,2,,,9,2.8645792364135385,Sr_O_01,"(0, 0, 0)"
8,group16_allf2_2a_12k-layer10,Sr,2,,,10,2.9580980427214705,Sr_O_02,"(-1, 0, 0)"
8,group16_allf2_2a_12k-layer10,Sr,2,,,23,2.95809793284463,Sr_O_02,"(0, 1, 0)"
8,group16_allf2_2a_12k-layer10,Sr,2,,,27,2.8645793169995213,Sr_O_01,"(0, 0, 0)"
8,group16_allf2_2a_12k-layer10,Sr,2,,,30,2.8645793251769462,Sr_O_01,"(0, 0, 0)"
8,group16_allf2_2a_12k-layer10,Sr,2,,,33,2.864579236413537,Sr_O_01,"(0, 0, 0)"
8,group16_allf2_2a_12k-layer10,Sr,2,,,37,2.9580980035278155,Sr_O_02,"(-1, 0, 0)"
8,group16_allf2_2a_12k-layer10,Ga,1,1,12k_layer6_3,4,1.9254355757587174,Ga_O_04,"(0, 0, 0)"
8,group16_allf2_2a_12k-layer10,Ga,1,1,12k_layer6_3,6,1.9844559567789057,Ga_O_05,"(-1, -1, 0)"
8,group16_allf2_2a_12k-layer10,Ga,1,1,12k_layer6_3,13,2.0983234538406146,Ga_O_10,"(0, 0, 0)"
8,group16_allf2_2a_12k-layer10,Ga,1,1,12k_layer6_3,19,2.094827515170505,Ga_O_09,"(0, 0, 0)"
8,group16_allf2_2a_12k-layer10,Ga,1,1,12k_layer6_3,28,1.925435576196381,Ga_O_04,"(0, 0, 0)"
8,group16_allf2_2a_12k-layer10,Ga,1,1,12k_layer6_3,36,2.0983234538272053,Ga_O_10,"(0, -1, 0)"
8,group16_allf2_2a_12k-layer10,Ga,2,2,12k_layer2_3,7,1.9844559567789046,Ga_O_05,"(-1, -1, 0)"
8,group16_allf2_2a_12k-layer10,Ga,2,2,12k_layer2_3,21,1.9254355761963797,Ga_O_04,"(0, 0, 0)"
8,group16_allf2_2a_12k-layer10,Ga,2,2,12k_layer2_3,25,1.9254355757587163,Ga_O_04,"(0, 0, 0)"
8,group16_allf2_2a_12k-layer10,Ga,2,2,12k_layer2_3,29,2.098323453827207,Ga_O_10,"(0, -1, 0)"
8,group16_allf2_2a_12k-layer10,Ga,2,2,12k_layer2_3,31,2.0948275151705062,Ga_O_09,"(0, 0, 0)"
8,group16_allf2_2a_12k-layer10,Ga,2,2,12k_layer2_3,34,2.0983234538406164,Ga_O_10,"(0, 0, 0)"
8,group16_allf2_2a_12k-layer10,Ga,3,3,12k_layer14_1,8,2.0983229791065865,Ga_O_10,"(0, 0, 0)"
8,group16_allf2_2a_12k-layer10,Ga,3,3,12k_layer14_1,9,1.9254359958162917,Ga_O_04,"(0, 0, 0)"
8,group16_allf2_2a_12k-layer10,Ga,3,3,12k_layer14_1,15,2.094827260093365,Ga_O_09,"(0, 0, 0)"
8,group16_allf2_2a_12k-layer10,Ga,3,3,12k_layer14_1,20,1.9844560436631808,Ga_O_05,"(-1, -1, 0)"
8,group16_allf2_2a_12k-layer10,Ga,3,3,12k_layer14_1,24,2.0983229796303986,Ga_O_10,"(-1, 0, 0)"
8,group16_allf2_2a_12k-layer10,Ga,3,3,12k_layer14_1,30,1.9254359958162914,Ga_O_04,"(0, 0, 0)"
8,group16_allf2_2a_12k-layer10,Ga,4,4,12k_layer2_2,7,1.984455956778905,Ga_O_05,"(0, -1, 0)"
8,group16_allf2_2a_12k-layer10,Ga,4,4,12k_layer2_2,18,1.9254355763634932,Ga_O_04,"(0, 0, 0)"
8,group16_allf2_2a_12k-layer10,Ga,4,4,12k_layer2_2,25,1.925435575758716,Ga_O_04,"(0, 0, 0)"
8,group16_allf2_2a_12k-layer10,Ga,4,4,12k_layer2_2,31,2.094827515170506,Ga_O_09,"(0, 0, 0)"
8,group16_allf2_2a_12k-layer10,Ga,4,4,12k_layer2_2,32,2.0983234538709623,Ga_O_10,"(0, -1, 0)"
8,group16_allf2_2a_12k-layer10,Ga,4,4,12k_layer2_2,34,2.098323454408184,Ga_O_10,"(1, 0, 0)"
8,group16_allf2_2a_12k-layer10,Ga,5,5,12k_layer14_3,14,2.098322979539073,Ga_O_10,"(0, 0, 0)"
8,group16_allf2_2a_12k-layer10,Ga,5,5,12k_layer14_3,15,2.094827383098975,Ga_O_09,"(0, 0, 0)"
8,group16_allf2_2a_12k-layer10,Ga,5,5,12k_layer14_3,20,1.9844560439741377,Ga_O_05,"(0, 0, 0)"
8,group16_allf2_2a_12k-layer10,Ga,5,5,12k_layer14_3,24,2.098322979658534,Ga_O_10,"(0, 1, 0)"
8,group16_allf2_2a_12k-layer10,Ga,5,5,12k_layer14_3,27,1.925435983138288,Ga_O_04,"(0, 0, 0)"
8,group16_allf2_2a_12k-layer10,Ga,5,5,12k_layer14_3,30,1.9254359955204852,Ga_O_04,"(0, 0, 0)"
8,group16_allf2_2a_12k-layer10,Cr,1,6,12k_layer10_2,5,1.9254359120300575,Cr_O_04,"(0, 0, 0)"
8,group16_allf2_2a_12k-layer10,Cr,1,6,12k_layer10_2,12,1.98445595738215,Cr_O_05,"(-1, 0, 0)"
8,group16_allf2_2a_12k-layer10,Cr,1,6,12k_layer10_2,17,2.094827514410795,Cr_O_09,"(0, 0, 0)"
8,group16_allf2_2a_12k-layer10,Cr,1,6,12k_layer10_2,22,2.0983230321761726,Cr_O_10,"(-1, 0, 0)"
8,group16_allf2_2a_12k-layer10,Cr,1,6,12k_layer10_2,26,2.0983230324265865,Cr_O_10,"(0, 1, 0)"
8,group16_allf2_2a_12k-layer10,Cr,1,6,12k_layer10_2,33,1.9254359114895088,Cr_O_04,"(0, 0, 0)"
8,group16_allf2_2a_12k-layer10,Ga,6,7,12k_layer6_2,3,2.0983234538709605,Ga_O_10,"(0, -1, 0)"
8,group16_allf2_2a_12k-layer10,Ga,6,7,12k_layer6_2,4,1.9254355757587174,Ga_O_04,"(0, 0, 0)"
8,group16_allf2_2a_12k-layer10,Ga,6,7,12k_layer6_2,6,1.9844559567789064,Ga_O_05,"(0, -1, 0)"
8,group16_allf2_2a_12k-layer10,Ga,6,7,12k_layer6_2,13,2.0983234544081824,Ga_O_10,"(1, 0, 0)"
8,group16_allf2_2a_12k-layer10,Ga,6,7,12k_layer6_2,19,2.0948275151705045,Ga_O_09,"(0, 0, 0)"
8,group16_allf2_2a_12k-layer10,Ga,6,7,12k_layer6_2,38,1.9254355763634945,Ga_O_04,"(0, 0, 0)"
8,group16_allf2_2a_12k-layer10,Ga,7,8,12k_layer6_1,3,2.0983234541175877,Ga_O_10,"(0, 0, 0)"
8,group16_allf2_2a_12k-layer10,Ga,7,8,12k_layer6_1,6,1.9844559569613607,Ga_O_05,"(0, 0, 0)"
8,group16_allf2_2a_12k-layer10,Ga,7,8,12k_layer6_1,19,2.0948276379027013,Ga_O_09,"(0, 0, 0)"
8,group16_allf2_2a_12k-layer10,Ga,7,8,12k_layer6_1,28,1.9254355756093047,Ga_O_04,"(0, 0, 0)"
8,group16_allf2_2a_12k-layer10,Ga,7,8,12k_layer6_1,36,2.0983234546414,Ga_O_10,"(1, 0, 0)"
8,group16_allf2_2a_12k-layer10,Ga,7,8,12k_layer6_1,38,1.925435563604001,Ga_O_04,"(0, 0, 0)"
8,group16_allf2_2a_12k-layer10,Ga,8,9,12k_layer14_2,8,2.098322979647595,Ga_O_10,"(0, 1, 0)"
8,group16_allf2_2a_12k-layer10,Ga,8,9,12k_layer14_2,9,1.9254359955309297,Ga_O_04,"(0, 0, 0)"
8,group16_allf2_2a_12k-layer10,Ga,8,9,12k_layer14_2,14,2.098322979397181,Ga_O_10,"(-1, 0, 0)"
8,group16_allf2_2a_12k-layer10,Ga,8,9,12k_layer14_2,15,2.094827260728784,Ga_O_09,"(0, 0, 0)"
8,group16_allf2_2a_12k-layer10,Ga,8,9,12k_layer14_2,20,1.9844560438241048,Ga_O_05,"(-1, 0, 0)"
8,group16_allf2_2a_12k-layer10,Ga,8,9,12k_layer14_2,27,1.9254359960714784,Ga_O_04,"(0, 0, 0)"
8,group16_allf2_2a_12k-layer10,Cr,2,10,2a_layer16,8,1.9948520249218649,Cr_O_07,"(1, 1, 0)"
8,group16_allf2_2a_12k-layer10,Cr,2,10,2a_layer16,14,1.9948520252426432,Cr_O_07,"(0, 0, 0)"
8,group16_allf2_2a_12k-layer10,Cr,2,10,2a_layer16,24,1.9948520249218644,Cr_O_07,"(0, 1, 0)"
8,group16_allf2_2a_12k-layer10,Cr,2,10,2a_layer16,29,1.9948516604791149,Cr_O_07,"(1, 0, 1)"
8,group16_allf2_2a_12k-layer10,Cr,2,10,2a_layer16,32,1.9948516599281325,Cr_O_07,"(0, 0, 1)"
8,group16_allf2_2a_12k-layer10,Cr,2,10,2a_layer16,34,1.994851660087002,Cr_O_07,"(1, 1, 1)"
8,group16_allf2_2a_12k-layer10,Ga,9,11,12k_layer10_3,1,1.9254359114790642,Ga_O_04,"(0, 0, 0)"
8,group16_allf2_2a_12k-layer10,Ga,9,11,12k_layer10_3,5,1.9254358990968665,Ga_O_04,"(0, 0, 0)"
8,group16_allf2_2a_12k-layer10,Ga,9,11,12k_layer10_3,11,2.0983230324375253,Ga_O_10,"(0, 1, 0)"
8,group16_allf2_2a_12k-layer10,Ga,9,11,12k_layer10_3,12,1.9844559575321832,Ga_O_05,"(0, 0, 0)"
8,group16_allf2_2a_12k-layer10,Ga,9,11,12k_layer10_3,17,2.094827636780971,Ga_O_09,"(0, 0, 0)"
8,group16_allf2_2a_12k-layer10,Ga,9,11,12k_layer10_3,22,2.0983230323180644,Ga_O_10,"(0, 0, 0)"
8,group16_allf2_2a_12k-layer10,Cr,3,12,12k_layer10_1,1,1.9254359117748707,Cr_O_04,"(0, 0, 0)"
8,group16_allf2_2a_12k-layer10,Cr,3,12,12k_layer10_1,11,2.0983230324093904,Cr_O_10,"(-1, 0, 0)"
8,group16_allf2_2a_12k-layer10,Cr,3,12,12k_layer10_1,12,1.9844559572212264,Cr_O_05,"(-1, -1, 0)"
8,group16_allf2_2a_12k-layer10,Cr,3,12,12k_layer10_1,17,2.0948275137753765,Cr_O_09,"(0, 0, 0)"
8,group16_allf2_2a_12k-layer10,Cr,3,12,12k_layer10_1,26,2.098323031885578,Cr_O_10,"(0, 0, 0)"
8,group16_allf2_2a_12k-layer10,Cr,3,12,12k_layer10_1,33,1.9254359117748707,Cr_O_04,"(0, 0, 0)"
8,group16_allf2_2a_12k-layer10,Ga,10,13,12k_layer2_1,7,1.9844559569613596,Ga_O_05,"(0, 0, 0)"
8,group16_allf2_2a_12k-layer10,Ga,10,13,12k_layer2_1,18,1.925435563604,Ga_O_04,"(0, 0, 0)"
8,group16_allf2_2a_12k-layer10,Ga,10,13,12k_layer2_1,21,1.9254355756093033,Ga_O_04,"(0, 0, 0)"
8,group16_allf2_2a_12k-layer10,Ga,10,13,12k_layer2_1,29,2.0983234546414016,Ga_O_10,"(1, 0, 0)"
8,group16_allf2_2a_12k-layer10,Ga,10,13,12k_layer2_1,31,2.0948276379027027,Ga_O_09,"(0, 0, 0)"
8,group16_allf2_2a_12k-layer10,Ga,10,13,12k_layer2_1,32,2.0983234541175895,Ga_O_10,"(0, 0, 0)"
8,group16_allf2_2a_12k-layer10,Ga,11,14,2b_layer12,10,1.8700732788205217,Ga_O_01,"(0, 1, 0)"
8,group16_allf2_2a_12k-layer10,Ga,11,14,2b_layer12,12,2.2779384420000004,Ga_O_11,"(0, 0, 0)"
8,group16_allf2_2a_12k-layer10,Ga,11,14,2b_layer12,20,2.2779384410000003,Ga_O_11,"(0, 0, 0)"
8,group16_allf2_2a_12k-layer10,Ga,11,14,2b_layer12,23,1.870073507451236,Ga_O_01,"(1, 1, 0)"
8,group16_allf2_2a_12k-layer10,Ga,11,14,2b_layer12,37,1.870073355,Ga_O_01,"(0, 0, 0)"
8,group16_allf2_2a_12k-layer10,Cr,4,15,2a_layer8,3,1.9948516601706343,Cr_O_07,"(0, 0, 0)"
8,group16_allf2_2a_12k-layer10,Cr,4,15,2a_layer8,11,1.9948520770594027,Cr_O_07,"(0, 1, 0)"
8,group16_allf2_2a_12k-layer10,Cr,4,15,2a_layer8,13,1.994851660329504,Cr_O_07,"(1, 1, 0)"
8,group16_allf2_2a_12k-layer10,Cr,4,15,2a_layer8,22,1.9948520773801812,Cr_O_07,"(0, 0, 0)"
8,group16_allf2_2a_12k-layer10,Cr,4,15,2a_layer8,26,1.9948520770594032,Cr_O_07,"(1, 1, 0)"
8,group16_allf2_2a_12k-layer10,Cr,4,15,2a_layer8,36,1.9948516607216167,Cr_O_07,"(1, 0, 0)"
8,group16_allf2_2a_12k-layer10,Ga,12,16,2b_layer4,2,1.8700732794118144,Ga_O_01,"(1, 0, 0)"
8,group16_allf2_2a_12k-layer10,Ga,12,16,2b_layer4,6,2.277938441000001,Ga_O_11,"(0, 0, 0)"
8,group16_allf2_2a_12k-layer10,Ga,12,16,2b_layer4,7,2.2779384420000004,Ga_O_11,"(0, 0, 0)"
8,group16_allf2_2a_12k-layer10,Ga,12,16,2b_layer4,16,1.8700735073000085,Ga_O_01,"(1, 1, 0)"
8,group16_allf2_2a_12k-layer10,Ga,12,16,2b_layer4,35,1.870073355795254,Ga_O_01,"(0, 0, 0)"
8,group16_allf2_2a_12k-layer10,Ga,13,17,4f1_layer9,11,1.9084361294606749,Ga_O_02,"(0, 0, 0)"
8,group16_allf2_2a_12k-layer10,Ga,13,17,4f1_layer9,19,1.9091270429999996,Ga_O_03,"(0, 0, 0)"
8,group16_allf2_2a_12k-layer10,Ga,13,17,4f1_layer9,22,1.9084362745505044,Ga_O_02,"(0, 0, 0)"
8,group16_allf2_2a_12k-layer10,Ga,13,17,4f1_layer9,26,1.9084361294606744,Ga_O_02,"(0, 0, 0)"
8,group16_allf2_2a_12k-layer10,Cr,5,18,4f2_layer11,1,1.9849917587865524,Cr_O_06,"(0, 0, 0)"
8,group16_allf2_2a_12k-layer10,Cr,5,18,4f2_layer11,5,1.9849916384047732,Cr_O_06,"(0, -1, 0)"
8,group16_allf2_2a_12k-layer10,Cr,5,18,4f2_layer11,10,2.0663776487443304,Cr_O_08,"(0, 0, 0)"
8,group16_allf2_2a_12k-layer10,Cr,5,18,4f2_layer11,23,2.0663774783167193,Cr_O_08,"(0, 0, 0)"
8,group16_allf2_2a_12k-layer10,Cr,5,18,4f2_layer11,33,1.9849917593946298,Cr_O_06,"(1, 0, 0)"
8,group16_allf2_2a_12k-layer10,Cr,5,18,4f2_layer11,37,2.0663777054221355,Cr_O_08,"(0, 0, 0)"
8,group16_allf2_2a_12k-layer10,Cr,6,19,4f2_layer3,2,2.0663771907209756,Cr_O_08,"(0, 0, 0)"
8,group16_allf2_2a_12k-layer10,Cr,6,19,4f2_layer3,16,2.066377020121716,Cr_O_08,"(0, 0, 0)"
8,group16_allf2_2a_12k-layer10,Cr,6,19,4f2_layer3,18,1.9849922964805824,Cr_O_06,"(-1, 0, 0)"
8,group16_allf2_2a_12k-layer10,Cr,6,19,4f2_layer3,21,1.9849924174878968,Cr_O_06,"(0, 0, 0)"
8,group16_allf2_2a_12k-layer10,Cr,6,19,4f2_layer3,25,1.9849924184808014,Cr_O_06,"(0, 1, 0)"
8,group16_allf2_2a_12k-layer10,Cr,6,19,4f2_layer3,35,2.066377246884635,Cr_O_08,"(0, 0, 0)"
8,group16_allf2_2a_12k-layer10,Ga,14,20,4f1_layer7,3,1.9084360732701862,Ga_O_02,"(0, 0, 0)"
8,group16_allf2_2a_12k-layer10,Ga,14,20,4f1_layer7,13,1.9084359271385227,Ga_O_02,"(0, 0, 0)"
8,group16_allf2_2a_12k-layer10,Ga,14,20,4f1_layer7,17,1.909127043000001,Ga_O_03,"(0, 0, 0)"
8,group16_allf2_2a_12k-layer10,Ga,14,20,4f1_layer7,36,1.9084359275969722,Ga_O_02,"(0, 0, 0)"
8,group16_allf2_2a_12k-layer10,Cr,7,21,4f2_layer5,2,2.0663771900543897,Cr_O_08,"(0, 0, 0)"
8,group16_allf2_2a_12k-layer10,Cr,7,21,4f2_layer5,4,1.9849924184808014,Cr_O_06,"(0, 1, 0)"
8,group16_allf2_2a_12k-layer10,Cr,7,21,4f2_layer5,16,2.0663770194551296,Cr_O_08,"(0, 0, 0)"
8,group16_allf2_2a_12k-layer10,Cr,7,21,4f2_layer5,28,1.9849924174878968,Cr_O_06,"(0, 0, 0)"
8,group16_allf2_2a_12k-layer10,Cr,7,21,4f2_layer5,35,2.0663772462180487,Cr_O_08,"(0, 0, 0)"
8,group16_allf2_2a_12k-layer10,Cr,7,21,4f2_layer5,38,1.9849922964805824,Cr_O_06,"(-1, 0, 0)"
8,group16_allf2_2a_12k-layer10,Ga,15,22,4f1_layer1,15,1.9091273005999965,Ga_O_03,"(0, 0, -1)"
8,group16_allf2_2a_12k-layer10,Ga,15,22,4f1_layer1,29,1.9084359275969722,Ga_O_02,"(0, 0, 0)"
8,group16_allf2_2a_12k-layer10,Ga,15,22,4f1_layer1,32,1.9084360732701862,Ga_O_02,"(0, 0, 0)"
8,group16_allf2_2a_12k-layer10,Ga,15,22,4f1_layer1,34,1.9084359271385227,Ga_O_02,"(0, 0, 0)"
8,group16_allf2_2a_12k-layer10,Cr,8,23,4f2_layer13,9,1.9849917593946296,Cr_O_06,"(1, 0, 0)"
8,group16_allf2_2a_12k-layer10,Cr,8,23,4f2_layer13,10,2.0663776487443317,Cr_O_08,"(0, 0, 0)"
8,group16_allf2_2a_12k-layer10,Cr,8,23,4f2_layer13,23,2.0663774783167206,Cr_O_08,"(0, 0, 0)"
8,group16_allf2_2a_12k-layer10,Cr,8,23,4f2_layer13,27,1.984991638404773,Cr_O_06,"(0, -1, 0)"
8,group16_allf2_2a_12k-layer10,Cr,8,23,4f2_layer13,30,1.984991758786552,Cr_O_06,"(0, 0, 0)"
8,group16_allf2_2a_12k-layer10,Cr,8,23,4f2_layer13,37,2.066377705422137,Cr_O_08,"(0, 0, 0)"
8,group16_allf2_2a_12k-layer10,Ga,16,24,4f1_layer15,8,1.9084361547650497,Ga_O_02,"(0, 0, 0)"
8,group16_allf2_2a_12k-layer10,Ga,16,24,4f1_layer15,14,1.9084362998548778,Ga_O_02,"(0, 0, 0)"
8,group16_allf2_2a_12k-layer10,Ga,16,24,4f1_layer15,24,1.9084361547650501,Ga_O_02,"(0, 0, 0)"
8,group16_allf2_2a_12k-layer10,Ga,16,24,4f1_layer15,31,1.9091268705999949,Ga_O_03,"(0, 0, 1)"
10,group01,Sr,1,,,2,2.958098043228469,Sr_O_02,"(0, -1, 0)"
10,group01,Sr,1,,,4,2.864579795118219,Sr_O_01,"(0, 0, 0)"
10,group01,Sr,1,,,16,2.9580979326637595,Sr_O_02,"(1, 0, 0)"
10,group01,Sr,1,,,18,2.8645798765734263,Sr_O_01,"(0, 0, 0)"
10,group01,Sr,1,,,21,2.864579884642825,Sr_O_01,"(0, 0, 0)"
10,group01,Sr,1,,,25,2.8645797959311503,Sr_O_01,"(0, 0, 0)"
10,group01,Sr,1,,,28,2.864579883829894,Sr_O_01,"(0, 0, 0)"
10,group01,Sr,1,,,35,2.95809800345424,Sr_O_02,"(0, -1, 0)"
10,group01,Sr,1,,,38,2.8645798757604948,Sr_O_01,"(0, 0, 0)"
10,group01,Sr,2,,,1,2.8645793251769454,Sr_O_01,"(0, 0, 0)"
10,group01,Sr,2,,,5,2.8645793169995204,Sr_O_01,"(0, 0, 0)"
10,group01,Sr,2,,,9,2.8645792364135385,Sr_O_01,"(0, 0, 0)"
10,group01,Sr,2,,,10,2.9580980427214705,Sr_O_02,"(-1, 0, 0)"
10,group01,Sr,2,,,23,2.95809793284463,Sr_O_02,"(0, 1, 0)"
10,group01,Sr,2,,,27,2.8645793169995213,Sr_O_01,"(0, 0, 0)"
10,group01,Sr,2,,,30,2.8645793251769462,Sr_O_01,"(0, 0, 0)"
10,group01,Sr,2,,,33,2.864579236413537,Sr_O_01,"(0, 0, 0)"
10,group01,Sr,2,,,37,2.9580980035278155,Sr_O_02,"(-1, 0, 0)"
10,group01,Ga,1,1,12k_layer6_3,4,1.9254355757587174,Ga_O_04,"(0, 0, 0)"
10,group01,Ga,1,1,12k_layer6_3,6,1.9844559567789057,Ga_O_05,"(-1, -1, 0)"
10,group01,Ga,1,1,12k_layer6_3,13,2.0983234538406146,Ga_O_10,"(0, 0, 0)"
10,group01,Ga,1,1,12k_layer6_3,19,2.094827515170505,Ga_O_09,"(0, 0, 0)"
10,group01,Ga,1,1,12k_layer6_3,28,1.925435576196381,Ga_O_04,"(0, 0, 0)"
10,group01,Ga,1,1,12k_layer6_3,36,2.0983234538272053,Ga_O_10,"(0, -1, 0)"
10,group01,Ga,2,2,12k_layer2_3,7,1.9844559567789046,Ga_O_05,"(-1, -1, 0)"
10,group01,Ga,2,2,12k_layer2_3,21,1.9254355761963797,Ga_O_04,"(0, 0, 0)"
10,group01,Ga,2,2,12k_layer2_3,25,1.9254355757587163,Ga_O_04,"(0, 0, 0)"
10,group01,Ga,2,2,12k_layer2_3,29,2.098323453827207,Ga_O_10,"(0, -1, 0)"
10,group01,Ga,2,2,12k_layer2_3,31,2.0948275151705062,Ga_O_09,"(0, 0, 0)"
10,group01,Ga,2,2,12k_layer2_3,34,2.0983234538406164,Ga_O_10,"(0, 0, 0)"
10,group01,Cr,1,3,12k_layer14_1,8,2.0983229791065865,Cr_O_10,"(0, 0, 0)"
10,group01,Cr,1,3,12k_layer14_1,9,1.9254359958162917,Cr_O_04,"(0, 0, 0)"
10,group01,Cr,1,3,12k_layer14_1,15,2.094827260093365,Cr_O_09,"(0, 0, 0)"
10,group01,Cr,1,3,12k_layer14_1,20,1.9844560436631808,Cr_O_05,"(-1, -1, 0)"
10,group01,Cr,1,3,12k_layer14_1,24,2.0983229796303986,Cr_O_10,"(-1, 0, 0)"
10,group01,Cr,1,3,12k_layer14_1,30,1.9254359958162914,Cr_O_04,"(0, 0, 0)"
10,group01,Cr,2,4,12k_layer2_2,7,1.984455956778905,Cr_O_05,"(0, -1, 0)"
10,group01,Cr,2,4,12k_layer2_2,18,1.9254355763634932,Cr_O_04,"(0, 0, 0)"
10,group01,Cr,2,4,12k_layer2_2,25,1.925435575758716,Cr_O_04,"(0, 0, 0)"
10,group01,Cr,2,4,12k_layer2_2,31,2.094827515170506,Cr_O_09,"(0, 0, 0)"
10,group01,Cr,2,4,12k_layer2_2,32,2.0983234538709623,Cr_O_10,"(0, -1, 0)"
10,group01,Cr,2,4,12k_layer2_2,34,2.098323454408184,Cr_O_10,"(1, 0, 0)"
10,group01,Ga,3,5,12k_layer14_3,14,2.098322979539073,Ga_O_10,"(0, 0, 0)"
10,group01,Ga,3,5,12k_layer14_3,15,2.094827383098975,Ga_O_09,"(0, 0, 0)"
10,group01,Ga,3,5,12k_layer14_3,20,1.9844560439741377,Ga_O_05,"(0, 0, 0)"
10,group01,Ga,3,5,12k_layer14_3,24,2.098322979658534,Ga_O_10,"(0, 1, 0)"
10,group01,Ga,3,5,12k_layer14_3,27,1.925435983138288,Ga_O_04,"(0, 0, 0)"
10,group01,Ga,3,5,12k_layer14_3,30,1.9254359955204852,Ga_O_04,"(0, 0, 0)"
10,group01,Cr,3,6,12k_layer10_2,5,1.9254359120300575,Cr_O_04,"(0, 0, 0)"
10,group01,Cr,3,6,12k_layer10_2,12,1.98445595738215,Cr_O_05,"(-1, 0, 0)"
10,group01,Cr,3,6,12k_layer10_2,17,2.094827514410795,Cr_O_09,"(0, 0, 0)"
10,group01,Cr,3,6,12k_layer10_2,22,2.0983230321761726,Cr_O_10,"(-1, 0, 0)"
10,group01,Cr,3,6,12k_layer10_2,26,2.0983230324265865,Cr_O_10,"(0, 1, 0)"
10,group01,Cr,3,6,12k_layer10_2,33,1.9254359114895088,Cr_O_04,"(0, 0, 0)"
10,group01,Cr,4,7,12k_layer6_2,3,2.0983234538709605,Cr_O_10,"(0, -1, 0)"
10,group01,Cr,4,7,12k_layer6_2,4,1.9254355757587174,Cr_O_04,"(0, 0, 0)"
10,group01,Cr,4,7,12k_layer6_2,6,1.9844559567789064,Cr_O_05,"(0, -1, 0)"
10,group01,Cr,4,7,12k_layer6_2,13,2.0983234544081824,Cr_O_10,"(1, 0, 0)"
10,group01,Cr,4,7,12k_layer6_2,19,2.0948275151705045,Cr_O_09,"(0, 0, 0)"
10,group01,Cr,4,7,12k_layer6_2,38,1.9254355763634945,Cr_O_04,"(0, 0, 0)"
10,group01,Cr,5,8,12k_layer6_1,3,2.0983234541175877,Cr_O_10,"(0, 0, 0)"
10,group01,Cr,5,8,12k_layer6_1,6,1.9844559569613607,Cr_O_05,"(0, 0, 0)"
10,group01,Cr,5,8,12k_layer6_1,19,2.0948276379027013,Cr_O_09,"(0, 0, 0)"
10,group01,Cr,5,8,12k_layer6_1,28,1.9254355756093047,Cr_O_04,"(0, 0, 0)"
10,group01,Cr,5,8,12k_layer6_1,36,2.0983234546414,Cr_O_10,"(1, 0, 0)"
10,group01,Cr,5,8,12k_layer6_1,38,1.925435563604001,Cr_O_04,"(0, 0, 0)"
10,group01,Cr,6,9,12k_layer14_2,8,2.098322979647595,Cr_O_10,"(0, 1, 0)"
10,group01,Cr,6,9,12k_layer14_2,9,1.9254359955309297,Cr_O_04,"(0, 0, 0)"
10,group01,Cr,6,9,12k_layer14_2,14,2.098322979397181,Cr_O_10,"(-1, 0, 0)"
10,group01,Cr,6,9,12k_layer14_2,15,2.094827260728784,Cr_O_09,"(0, 0, 0)"
10,group01,Cr,6,9,12k_layer14_2,20,1.9844560438241048,Cr_O_05,"(-1, 0, 0)"
10,group01,Cr,6,9,12k_layer14_2,27,1.9254359960714784,Cr_O_04,"(0, 0, 0)"
10,group01,Ga,4,10,2a_layer16,8,1.9948520249218649,Ga_O_07,"(1, 1, 0)"
10,group01,Ga,4,10,2a_layer16,14,1.9948520252426432,Ga_O_07,"(0, 0, 0)"
10,group01,Ga,4,10,2a_layer16,24,1.9948520249218644,Ga_O_07,"(0, 1, 0)"
10,group01,Ga,4,10,2a_layer16,29,1.9948516604791149,Ga_O_07,"(1, 0, 1)"
10,group01,Ga,4,10,2a_layer16,32,1.9948516599281325,Ga_O_07,"(0, 0, 1)"
10,group01,Ga,4,10,2a_layer16,34,1.994851660087002,Ga_O_07,"(1, 1, 1)"
10,group01,Ga,5,11,12k_layer10_3,1,1.9254359114790642,Ga_O_04,"(0, 0, 0)"
10,group01,Ga,5,11,12k_layer10_3,5,1.9254358990968665,Ga_O_04,"(0, 0, 0)"
10,group01,Ga,5,11,12k_layer10_3,11,2.0983230324375253,Ga_O_10,"(0, 1, 0)"
10,group01,Ga,5,11,12k_layer10_3,12,1.9844559575321832,Ga_O_05,"(0, 0, 0)"
10,group01,Ga,5,11,12k_layer10_3,17,2.094827636780971,Ga_O_09,"(0, 0, 0)"
10,group01,Ga,5,11,12k_layer10_3,22,2.0983230323180644,Ga_O_10,"(0, 0, 0)"
10,group01,Cr,7,12,12k_layer10_1,1,1.9254359117748707,Cr_O_04,"(0, 0, 0)"
10,group01,Cr,7,12,12k_layer10_1,11,2.0983230324093904,Cr_O_10,"(-1, 0, 0)"
10,group01,Cr,7,12,12k_layer10_1,12,1.9844559572212264,Cr_O_05,"(-1, -1, 0)"
10,group01,Cr,7,12,12k_layer10_1,17,2.0948275137753765,Cr_O_09,"(0, 0, 0)"
10,group01,Cr,7,12,12k_layer10_1,26,2.098323031885578,Cr_O_10,"(0, 0, 0)"
10,group01,Cr,7,12,12k_layer10_1,33,1.9254359117748707,Cr_O_04,"(0, 0, 0)"
10,group01,Cr,8,13,12k_layer2_1,7,1.9844559569613596,Cr_O_05,"(0, 0, 0)"
10,group01,Cr,8,13,12k_layer2_1,18,1.925435563604,Cr_O_04,"(0, 0, 0)"
10,group01,Cr,8,13,12k_layer2_1,21,1.9254355756093033,Cr_O_04,"(0, 0, 0)"
10,group01,Cr,8,13,12k_layer2_1,29,2.0983234546414016,Cr_O_10,"(1, 0, 0)"
10,group01,Cr,8,13,12k_layer2_1,31,2.0948276379027027,Cr_O_09,"(0, 0, 0)"
10,group01,Cr,8,13,12k_layer2_1,32,2.0983234541175895,Cr_O_10,"(0, 0, 0)"
10,group01,Ga,6,14,2b_layer12,10,1.8700732788205217,Ga_O_01,"(0, 1, 0)"
10,group01,Ga,6,14,2b_layer12,12,2.2779384420000004,Ga_O_11,"(0, 0, 0)"
10,group01,Ga,6,14,2b_layer12,20,2.2779384410000003,Ga_O_11,"(0, 0, 0)"
10,group01,Ga,6,14,2b_layer12,23,1.870073507451236,Ga_O_01,"(1, 1, 0)"
10,group01,Ga,6,14,2b_layer12,37,1.870073355,Ga_O_01,"(0, 0, 0)"
10,group01,Ga,7,15,2a_layer8,3,1.9948516601706343,Ga_O_07,"(0, 0, 0)"
10,group01,Ga,7,15,2a_layer8,11,1.9948520770594027,Ga_O_07,"(0, 1, 0)"
10,group01,Ga,7,15,2a_layer8,13,1.994851660329504,Ga_O_07,"(1, 1, 0)"
10,group01,Ga,7,15,2a_layer8,22,1.9948520773801812,Ga_O_07,"(0, 0, 0)"
10,group01,Ga,7,15,2a_layer8,26,1.9948520770594032,Ga_O_07,"(1, 1, 0)"
10,group01,Ga,7,15,2a_layer8,36,1.9948516607216167,Ga_O_07,"(1, 0, 0)"
10,group01,Ga,8,16,2b_layer4,2,1.8700732794118144,Ga_O_01,"(1, 0, 0)"
10,group01,Ga,8,16,2b_layer4,6,2.277938441000001,Ga_O_11,"(0, 0, 0)"
10,group01,Ga,8,16,2b_layer4,7,2.2779384420000004,Ga_O_11,"(0, 0, 0)"
10,group01,Ga,8,16,2b_layer4,16,1.8700735073000085,Ga_O_01,"(1, 1, 0)"
10,group01,Ga,8,16,2b_layer4,35,1.870073355795254,Ga_O_01,"(0, 0, 0)"
10,group01,Ga,9,17,4f1_layer9,11,1.9084361294606749,Ga_O_02,"(0, 0, 0)"
10,group01,Ga,9,17,4f1_layer9,19,1.9091270429999996,Ga_O_03,"(0, 0, 0)"
10,group01,Ga,9,17,4f1_layer9,22,1.9084362745505044,Ga_O_02,"(0, 0, 0)"
10,group01,Ga,9,17,4f1_layer9,26,1.9084361294606744,Ga_O_02,"(0, 0, 0)"
10,group01,Ga,10,18,4f2_layer11,1,1.9849917587865524,Ga_O_06,"(0, 0, 0)"
10,group01,Ga,10,18,4f2_layer11,5,1.9849916384047732,Ga_O_06,"(0, -1, 0)"
10,group01,Ga,10,18,4f2_layer11,10,2.0663776487443304,Ga_O_08,"(0, 0, 0)"
10,group01,Ga,10,18,4f2_layer11,23,2.0663774783167193,Ga_O_08,"(0, 0, 0)"
10,group01,Ga,10,18,4f2_layer11,33,1.9849917593946298,Ga_O_06,"(1, 0, 0)"
10,group01,Ga,10,18,4f2_layer11,37,2.0663777054221355,Ga_O_08,"(0, 0, 0)"
10,group01,Cr,9,19,4f2_layer3,2,2.0663771907209756,Cr_O_08,"(0, 0, 0)"
10,group01,Cr,9,19,4f2_layer3,16,2.066377020121716,Cr_O_08,"(0, 0, 0)"
10,group01,Cr,9,19,4f2_layer3,18,1.9849922964805824,Cr_O_06,"(-1, 0, 0)"
10,group01,Cr,9,19,4f2_layer3,21,1.9849924174878968,Cr_O_06,"(0, 0, 0)"
10,group01,Cr,9,19,4f2_layer3,25,1.9849924184808014,Cr_O_06,"(0, 1, 0)"
10,group01,Cr,9,19,4f2_layer3,35,2.066377246884635,Cr_O_08,"(0, 0, 0)"
10,group01,Ga,11,20,4f1_layer7,3,1.9084360732701862,Ga_O_02,"(0, 0, 0)"
10,group01,Ga,11,20,4f1_layer7,13,1.9084359271385227,Ga_O_02,"(0, 0, 0)"
10,group01,Ga,11,20,4f1_layer7,17,1.909127043000001,Ga_O_03,"(0, 0, 0)"
10,group01,Ga,11,20,4f1_layer7,36,1.9084359275969722,Ga_O_02,"(0, 0, 0)"
10,group01,Cr,10,21,4f2_layer5,2,2.0663771900543897,Cr_O_08,"(0, 0, 0)"
10,group01,Cr,10,21,4f2_layer5,4,1.9849924184808014,Cr_O_06,"(0, 1, 0)"
10,group01,Cr,10,21,4f2_layer5,16,2.0663770194551296,Cr_O_08,"(0, 0, 0)"
10,group01,Cr,10,21,4f2_layer5,28,1.9849924174878968,Cr_O_06,"(0, 0, 0)"
10,group01,Cr,10,21,4f2_layer5,35,2.0663772462180487,Cr_O_08,"(0, 0, 0)"
10,group01,Cr,10,21,4f2_layer5,38,1.9849922964805824,Cr_O_06,"(-1, 0, 0)"
10,group01,Ga,12,22,4f1_layer1,15,1.9091273005999965,Ga_O_03,"(0, 0, -1)"
10,group01,Ga,12,22,4f1_layer1,29,1.9084359275969722,Ga_O_02,"(0, 0, 0)"
10,group01,Ga,12,22,4f1_layer1,32,1.9084360732701862,Ga_O_02,"(0, 0, 0)"
10,group01,Ga,12,22,4f1_layer1,34,1.9084359271385227,Ga_O_02,"(0, 0, 0)"
10,group01,Ga,13,23,4f2_layer13,9,1.9849917593946296,Ga_O_06,"(1, 0, 0)"
10,group01,Ga,13,23,4f2_layer13,10,2.0663776487443317,Ga_O_08,"(0, 0, 0)"
10,group01,Ga,13,23,4f2_layer13,23,2.0663774783167206,Ga_O_08,"(0, 0, 0)"
10,group01,Ga,13,23,4f2_layer13,27,1.984991638404773,Ga_O_06,"(0, -1, 0)"
10,group01,Ga,13,23,4f2_layer13,30,1.984991758786552,Ga_O_06,"(0, 0, 0)"
10,group01,Ga,13,23,4f2_layer13,37,2.066377705422137,Ga_O_08,"(0, 0, 0)"
10,group01,Ga,14,24,4f1_layer15,8,1.9084361547650497,Ga_O_02,"(0, 0, 0)"
10,group01,Ga,14,24,4f1_layer15,14,1.9084362998548778,Ga_O_02,"(0, 0, 0)"
10,group01,Ga,14,24,4f1_layer15,24,1.9084361547650501,Ga_O_02,"(0, 0, 0)"
10,group01,Ga,14,24,4f1_layer15,31,1.9091268705999949,Ga_O_03,"(0, 0, 1)"
10,group02,Sr,1,,,2,2.958098043228469,Sr_O_02,"(0, -1, 0)"
10,group02,Sr,1,,,4,2.864579795118219,Sr_O_01,"(0, 0, 0)"
10,group02,Sr,1,,,16,2.9580979326637595,Sr_O_02,"(1, 0, 0)"
10,group02,Sr,1,,,18,2.8645798765734263,Sr_O_01,"(0, 0, 0)"
10,group02,Sr,1,,,21,2.864579884642825,Sr_O_01,"(0, 0, 0)"
10,group02,Sr,1,,,25,2.8645797959311503,Sr_O_01,"(0, 0, 0)"
10,group02,Sr,1,,,28,2.864579883829894,Sr_O_01,"(0, 0, 0)"
10,group02,Sr,1,,,35,2.95809800345424,Sr_O_02,"(0, -1, 0)"
10,group02,Sr,1,,,38,2.8645798757604948,Sr_O_01,"(0, 0, 0)"
10,group02,Sr,2,,,1,2.8645793251769454,Sr_O_01,"(0, 0, 0)"
10,group02,Sr,2,,,5,2.8645793169995204,Sr_O_01,"(0, 0, 0)"
10,group02,Sr,2,,,9,2.8645792364135385,Sr_O_01,"(0, 0, 0)"
10,group02,Sr,2,,,10,2.9580980427214705,Sr_O_02,"(-1, 0, 0)"
10,group02,Sr,2,,,23,2.95809793284463,Sr_O_02,"(0, 1, 0)"
10,group02,Sr,2,,,27,2.8645793169995213,Sr_O_01,"(0, 0, 0)"
10,group02,Sr,2,,,30,2.8645793251769462,Sr_O_01,"(0, 0, 0)"
10,group02,Sr,2,,,33,2.864579236413537,Sr_O_01,"(0, 0, 0)"
10,group02,Sr,2,,,37,2.9580980035278155,Sr_O_02,"(-1, 0, 0)"
10,group02,Ga,1,1,12k_layer6_3,4,1.9254355757587174,Ga_O_04,"(0, 0, 0)"
10,group02,Ga,1,1,12k_layer6_3,6,1.9844559567789057,Ga_O_05,"(-1, -1, 0)"
10,group02,Ga,1,1,12k_layer6_3,13,2.0983234538406146,Ga_O_10,"(0, 0, 0)"
10,group02,Ga,1,1,12k_layer6_3,19,2.094827515170505,Ga_O_09,"(0, 0, 0)"
10,group02,Ga,1,1,12k_layer6_3,28,1.925435576196381,Ga_O_04,"(0, 0, 0)"
10,group02,Ga,1,1,12k_layer6_3,36,2.0983234538272053,Ga_O_10,"(0, -1, 0)"
10,group02,Ga,2,2,12k_layer2_3,7,1.9844559567789046,Ga_O_05,"(-1, -1, 0)"
10,group02,Ga,2,2,12k_layer2_3,21,1.9254355761963797,Ga_O_04,"(0, 0, 0)"
10,group02,Ga,2,2,12k_layer2_3,25,1.9254355757587163,Ga_O_04,"(0, 0, 0)"
10,group02,Ga,2,2,12k_layer2_3,29,2.098323453827207,Ga_O_10,"(0, -1, 0)"
10,group02,Ga,2,2,12k_layer2_3,31,2.0948275151705062,Ga_O_09,"(0, 0, 0)"
10,group02,Ga,2,2,12k_layer2_3,34,2.0983234538406164,Ga_O_10,"(0, 0, 0)"
10,group02,Cr,1,3,12k_layer14_1,8,2.0983229791065865,Cr_O_10,"(0, 0, 0)"
10,group02,Cr,1,3,12k_layer14_1,9,1.9254359958162917,Cr_O_04,"(0, 0, 0)"
10,group02,Cr,1,3,12k_layer14_1,15,2.094827260093365,Cr_O_09,"(0, 0, 0)"
10,group02,Cr,1,3,12k_layer14_1,20,1.9844560436631808,Cr_O_05,"(-1, -1, 0)"
10,group02,Cr,1,3,12k_layer14_1,24,2.0983229796303986,Cr_O_10,"(-1, 0, 0)"
10,group02,Cr,1,3,12k_layer14_1,30,1.9254359958162914,Cr_O_04,"(0, 0, 0)"
10,group02,Cr,2,4,12k_layer2_2,7,1.984455956778905,Cr_O_05,"(0, -1, 0)"
10,group02,Cr,2,4,12k_layer2_2,18,1.9254355763634932,Cr_O_04,"(0, 0, 0)"
10,group02,Cr,2,4,12k_layer2_2,25,1.925435575758716,Cr_O_04,"(0, 0, 0)"
10,group02,Cr,2,4,12k_layer2_2,31,2.094827515170506,Cr_O_09,"(0, 0, 0)"
10,group02,Cr,2,4,12k_layer2_2,32,2.0983234538709623,Cr_O_10,"(0, -1, 0)"
10,group02,Cr,2,4,12k_layer2_2,34,2.098323454408184,Cr_O_10,"(1, 0, 0)"
10,group02,Ga,3,5,12k_layer14_3,14,2.098322979539073,Ga_O_10,"(0, 0, 0)"
10,group02,Ga,3,5,12k_layer14_3,15,2.094827383098975,Ga_O_09,"(0, 0, 0)"
10,group02,Ga,3,5,12k_layer14_3,20,1.9844560439741377,Ga_O_05,"(0, 0, 0)"
10,group02,Ga,3,5,12k_layer14_3,24,2.098322979658534,Ga_O_10,"(0, 1, 0)"
10,group02,Ga,3,5,12k_layer14_3,27,1.925435983138288,Ga_O_04,"(0, 0, 0)"
10,group02,Ga,3,5,12k_layer14_3,30,1.9254359955204852,Ga_O_04,"(0, 0, 0)"
10,group02,Cr,3,6,12k_layer10_2,5,1.9254359120300575,Cr_O_04,"(0, 0, 0)"
10,group02,Cr,3,6,12k_layer10_2,12,1.98445595738215,Cr_O_05,"(-1, 0, 0)"
10,group02,Cr,3,6,12k_layer10_2,17,2.094827514410795,Cr_O_09,"(0, 0, 0)"
10,group02,Cr,3,6,12k_layer10_2,22,2.0983230321761726,Cr_O_10,"(-1, 0, 0)"
10,group02,Cr,3,6,12k_layer10_2,26,2.0983230324265865,Cr_O_10,"(0, 1, 0)"
10,group02,Cr,3,6,12k_layer10_2,33,1.9254359114895088,Cr_O_04,"(0, 0, 0)"
10,group02,Cr,4,7,12k_layer6_2,3,2.0983234538709605,Cr_O_10,"(0, -1, 0)"
10,group02,Cr,4,7,12k_layer6_2,4,1.9254355757587174,Cr_O_04,"(0, 0, 0)"
10,group02,Cr,4,7,12k_layer6_2,6,1.9844559567789064,Cr_O_05,"(0, -1, 0)"
10,group02,Cr,4,7,12k_layer6_2,13,2.0983234544081824,Cr_O_10,"(1, 0, 0)"
10,group02,Cr,4,7,12k_layer6_2,19,2.0948275151705045,Cr_O_09,"(0, 0, 0)"
10,group02,Cr,4,7,12k_layer6_2,38,1.9254355763634945,Cr_O_04,"(0, 0, 0)"
10,group02,Cr,5,8,12k_layer6_1,3,2.0983234541175877,Cr_O_10,"(0, 0, 0)"
10,group02,Cr,5,8,12k_layer6_1,6,1.9844559569613607,Cr_O_05,"(0, 0, 0)"
10,group02,Cr,5,8,12k_layer6_1,19,2.0948276379027013,Cr_O_09,"(0, 0, 0)"
10,group02,Cr,5,8,12k_layer6_1,28,1.9254355756093047,Cr_O_04,"(0, 0, 0)"
10,group02,Cr,5,8,12k_layer6_1,36,2.0983234546414,Cr_O_10,"(1, 0, 0)"
10,group02,Cr,5,8,12k_layer6_1,38,1.925435563604001,Cr_O_04,"(0, 0, 0)"
10,group02,Cr,6,9,12k_layer14_2,8,2.098322979647595,Cr_O_10,"(0, 1, 0)"
10,group02,Cr,6,9,12k_layer14_2,9,1.9254359955309297,Cr_O_04,"(0, 0, 0)"
10,group02,Cr,6,9,12k_layer14_2,14,2.098322979397181,Cr_O_10,"(-1, 0, 0)"
10,group02,Cr,6,9,12k_layer14_2,15,2.094827260728784,Cr_O_09,"(0, 0, 0)"
10,group02,Cr,6,9,12k_layer14_2,20,1.9844560438241048,Cr_O_05,"(-1, 0, 0)"
10,group02,Cr,6,9,12k_layer14_2,27,1.9254359960714784,Cr_O_04,"(0, 0, 0)"
10,group02,Ga,4,10,2a_layer16,8,1.9948520249218649,Ga_O_07,"(1, 1, 0)"
10,group02,Ga,4,10,2a_layer16,14,1.9948520252426432,Ga_O_07,"(0, 0, 0)"
10,group02,Ga,4,10,2a_layer16,24,1.9948520249218644,Ga_O_07,"(0, 1, 0)"
10,group02,Ga,4,10,2a_layer16,29,1.9948516604791149,Ga_O_07,"(1, 0, 1)"
10,group02,Ga,4,10,2a_layer16,32,1.9948516599281325,Ga_O_07,"(0, 0, 1)"
10,group02,Ga,4,10,2a_layer16,34,1.994851660087002,Ga_O_07,"(1, 1, 1)"
10,group02,Ga,5,11,12k_layer10_3,1,1.9254359114790642,Ga_O_04,"(0, 0, 0)"
10,group02,Ga,5,11,12k_layer10_3,5,1.9254358990968665,Ga_O_04,"(0, 0, 0)"
10,group02,Ga,5,11,12k_layer10_3,11,2.0983230324375253,Ga_O_10,"(0, 1, 0)"
10,group02,Ga,5,11,12k_layer10_3,12,1.9844559575321832,Ga_O_05,"(0, 0, 0)"
10,group02,Ga,5,11,12k_layer10_3,17,2.094827636780971,Ga_O_09,"(0, 0, 0)"
10,group02,Ga,5,11,12k_layer10_3,22,2.0983230323180644,Ga_O_10,"(0, 0, 0)"
10,group02,Cr,7,12,12k_layer10_1,1,1.9254359117748707,Cr_O_04,"(0, 0, 0)"
10,group02,Cr,7,12,12k_layer10_1,11,2.0983230324093904,Cr_O_10,"(-1, 0, 0)"
10,group02,Cr,7,12,12k_layer10_1,12,1.9844559572212264,Cr_O_05,"(-1, -1, 0)"
10,group02,Cr,7,12,12k_layer10_1,17,2.0948275137753765,Cr_O_09,"(0, 0, 0)"
10,group02,Cr,7,12,12k_layer10_1,26,2.098323031885578,Cr_O_10,"(0, 0, 0)"
10,group02,Cr,7,12,12k_layer10_1,33,1.9254359117748707,Cr_O_04,"(0, 0, 0)"
10,group02,Cr,8,13,12k_layer2_1,7,1.9844559569613596,Cr_O_05,"(0, 0, 0)"
10,group02,Cr,8,13,12k_layer2_1,18,1.925435563604,Cr_O_04,"(0, 0, 0)"
10,group02,Cr,8,13,12k_layer2_1,21,1.9254355756093033,Cr_O_04,"(0, 0, 0)"
10,group02,Cr,8,13,12k_layer2_1,29,2.0983234546414016,Cr_O_10,"(1, 0, 0)"
10,group02,Cr,8,13,12k_layer2_1,31,2.0948276379027027,Cr_O_09,"(0, 0, 0)"
10,group02,Cr,8,13,12k_layer2_1,32,2.0983234541175895,Cr_O_10,"(0, 0, 0)"
10,group02,Ga,6,14,2b_layer12,10,1.8700732788205217,Ga_O_01,"(0, 1, 0)"
10,group02,Ga,6,14,2b_layer12,12,2.2779384420000004,Ga_O_11,"(0, 0, 0)"
10,group02,Ga,6,14,2b_layer12,20,2.2779384410000003,Ga_O_11,"(0, 0, 0)"
10,group02,Ga,6,14,2b_layer12,23,1.870073507451236,Ga_O_01,"(1, 1, 0)"
10,group02,Ga,6,14,2b_layer12,37,1.870073355,Ga_O_01,"(0, 0, 0)"
10,group02,Ga,7,15,2a_layer8,3,1.9948516601706343,Ga_O_07,"(0, 0, 0)"
10,group02,Ga,7,15,2a_layer8,11,1.9948520770594027,Ga_O_07,"(0, 1, 0)"
10,group02,Ga,7,15,2a_layer8,13,1.994851660329504,Ga_O_07,"(1, 1, 0)"
10,group02,Ga,7,15,2a_layer8,22,1.9948520773801812,Ga_O_07,"(0, 0, 0)"
10,group02,Ga,7,15,2a_layer8,26,1.9948520770594032,Ga_O_07,"(1, 1, 0)"
10,group02,Ga,7,15,2a_layer8,36,1.9948516607216167,Ga_O_07,"(1, 0, 0)"
10,group02,Ga,8,16,2b_layer4,2,1.8700732794118144,Ga_O_01,"(1, 0, 0)"
10,group02,Ga,8,16,2b_layer4,6,2.277938441000001,Ga_O_11,"(0, 0, 0)"
10,group02,Ga,8,16,2b_layer4,7,2.2779384420000004,Ga_O_11,"(0, 0, 0)"
10,group02,Ga,8,16,2b_layer4,16,1.8700735073000085,Ga_O_01,"(1, 1, 0)"
10,group02,Ga,8,16,2b_layer4,35,1.870073355795254,Ga_O_01,"(0, 0, 0)"
10,group02,Ga,9,17,4f1_layer9,11,1.9084361294606749,Ga_O_02,"(0, 0, 0)"
10,group02,Ga,9,17,4f1_layer9,19,1.9091270429999996,Ga_O_03,"(0, 0, 0)"
10,group02,Ga,9,17,4f1_layer9,22,1.9084362745505044,Ga_O_02,"(0, 0, 0)"
10,group02,Ga,9,17,4f1_layer9,26,1.9084361294606744,Ga_O_02,"(0, 0, 0)"
10,group02,Ga,10,18,4f2_layer11,1,1.9849917587865524,Ga_O_06,"(0, 0, 0)"
10,group02,Ga,10,18,4f2_layer11,5,1.9849916384047732,Ga_O_06,"(0, -1, 0)"
10,group02,Ga,10,18,4f2_layer11,10,2.0663776487443304,Ga_O_08,"(0, 0, 0)"
10,group02,Ga,10,18,4f2_layer11,23,2.0663774783167193,Ga_O_08,"(0, 0, 0)"
10,group02,Ga,10,18,4f2_layer11,33,1.9849917593946298,Ga_O_06,"(1, 0, 0)"
10,group02,Ga,10,18,4f2_layer11,37,2.0663777054221355,Ga_O_08,"(0, 0, 0)"
10,group02,Ga,11,19,4f2_layer3,2,2.0663771907209756,Ga_O_08,"(0, 0, 0)"
10,group02,Ga,11,19,4f2_layer3,16,2.066377020121716,Ga_O_08,"(0, 0, 0)"
10,group02,Ga,11,19,4f2_layer3,18,1.9849922964805824,Ga_O_06,"(-1, 0, 0)"
10,group02,Ga,11,19,4f2_layer3,21,1.9849924174878968,Ga_O_06,"(0, 0, 0)"
10,group02,Ga,11,19,4f2_layer3,25,1.9849924184808014,Ga_O_06,"(0, 1, 0)"
10,group02,Ga,11,19,4f2_layer3,35,2.066377246884635,Ga_O_08,"(0, 0, 0)"
10,group02,Ga,12,20,4f1_layer7,3,1.9084360732701862,Ga_O_02,"(0, 0, 0)"
10,group02,Ga,12,20,4f1_layer7,13,1.9084359271385227,Ga_O_02,"(0, 0, 0)"
10,group02,Ga,12,20,4f1_layer7,17,1.909127043000001,Ga_O_03,"(0, 0, 0)"
10,group02,Ga,12,20,4f1_layer7,36,1.9084359275969722,Ga_O_02,"(0, 0, 0)"
10,group02,Cr,9,21,4f2_layer5,2,2.0663771900543897,Cr_O_08,"(0, 0, 0)"
10,group02,Cr,9,21,4f2_layer5,4,1.9849924184808014,Cr_O_06,"(0, 1, 0)"
10,group02,Cr,9,21,4f2_layer5,16,2.0663770194551296,Cr_O_08,"(0, 0, 0)"
10,group02,Cr,9,21,4f2_layer5,28,1.9849924174878968,Cr_O_06,"(0, 0, 0)"
10,group02,Cr,9,21,4f2_layer5,35,2.0663772462180487,Cr_O_08,"(0, 0, 0)"
10,group02,Cr,9,21,4f2_layer5,38,1.9849922964805824,Cr_O_06,"(-1, 0, 0)"
10,group02,Ga,13,22,4f1_layer1,15,1.9091273005999965,Ga_O_03,"(0, 0, -1)"
10,group02,Ga,13,22,4f1_layer1,29,1.9084359275969722,Ga_O_02,"(0, 0, 0)"
10,group02,Ga,13,22,4f1_layer1,32,1.9084360732701862,Ga_O_02,"(0, 0, 0)"
10,group02,Ga,13,22,4f1_layer1,34,1.9084359271385227,Ga_O_02,"(0, 0, 0)"
10,group02,Cr,10,23,4f2_layer13,9,1.9849917593946296,Cr_O_06,"(1, 0, 0)"
10,group02,Cr,10,23,4f2_layer13,10,2.0663776487443317,Cr_O_08,"(0, 0, 0)"
10,group02,Cr,10,23,4f2_layer13,23,2.0663774783167206,Cr_O_08,"(0, 0, 0)"
10,group02,Cr,10,23,4f2_layer13,27,1.984991638404773,Cr_O_06,"(0, -1, 0)"
10,group02,Cr,10,23,4f2_layer13,30,1.984991758786552,Cr_O_06,"(0, 0, 0)"
10,group02,Cr,10,23,4f2_layer13,37,2.066377705422137,Cr_O_08,"(0, 0, 0)"
10,group02,Ga,14,24,4f1_layer15,8,1.9084361547650497,Ga_O_02,"(0, 0, 0)"
10,group02,Ga,14,24,4f1_layer15,14,1.9084362998548778,Ga_O_02,"(0, 0, 0)"
10,group02,Ga,14,24,4f1_layer15,24,1.9084361547650501,Ga_O_02,"(0, 0, 0)"
10,group02,Ga,14,24,4f1_layer15,31,1.9091268705999949,Ga_O_03,"(0, 0, 1)"
10,group03,Sr,1,,,2,2.958098043228469,Sr_O_02,"(0, -1, 0)"
10,group03,Sr,1,,,4,2.864579795118219,Sr_O_01,"(0, 0, 0)"
10,group03,Sr,1,,,16,2.9580979326637595,Sr_O_02,"(1, 0, 0)"
10,group03,Sr,1,,,18,2.8645798765734263,Sr_O_01,"(0, 0, 0)"
10,group03,Sr,1,,,21,2.864579884642825,Sr_O_01,"(0, 0, 0)"
10,group03,Sr,1,,,25,2.8645797959311503,Sr_O_01,"(0, 0, 0)"
10,group03,Sr,1,,,28,2.864579883829894,Sr_O_01,"(0, 0, 0)"
10,group03,Sr,1,,,35,2.95809800345424,Sr_O_02,"(0, -1, 0)"
10,group03,Sr,1,,,38,2.8645798757604948,Sr_O_01,"(0, 0, 0)"
10,group03,Sr,2,,,1,2.8645793251769454,Sr_O_01,"(0, 0, 0)"
10,group03,Sr,2,,,5,2.8645793169995204,Sr_O_01,"(0, 0, 0)"
10,group03,Sr,2,,,9,2.8645792364135385,Sr_O_01,"(0, 0, 0)"
10,group03,Sr,2,,,10,2.9580980427214705,Sr_O_02,"(-1, 0, 0)"
10,group03,Sr,2,,,23,2.95809793284463,Sr_O_02,"(0, 1, 0)"
10,group03,Sr,2,,,27,2.8645793169995213,Sr_O_01,"(0, 0, 0)"
10,group03,Sr,2,,,30,2.8645793251769462,Sr_O_01,"(0, 0, 0)"
10,group03,Sr,2,,,33,2.864579236413537,Sr_O_01,"(0, 0, 0)"
10,group03,Sr,2,,,37,2.9580980035278155,Sr_O_02,"(-1, 0, 0)"
10,group03,Ga,1,1,12k_layer6_3,4,1.9254355757587174,Ga_O_04,"(0, 0, 0)"
10,group03,Ga,1,1,12k_layer6_3,6,1.9844559567789057,Ga_O_05,"(-1, -1, 0)"
10,group03,Ga,1,1,12k_layer6_3,13,2.0983234538406146,Ga_O_10,"(0, 0, 0)"
10,group03,Ga,1,1,12k_layer6_3,19,2.094827515170505,Ga_O_09,"(0, 0, 0)"
10,group03,Ga,1,1,12k_layer6_3,28,1.925435576196381,Ga_O_04,"(0, 0, 0)"
10,group03,Ga,1,1,12k_layer6_3,36,2.0983234538272053,Ga_O_10,"(0, -1, 0)"
10,group03,Ga,2,2,12k_layer2_3,7,1.9844559567789046,Ga_O_05,"(-1, -1, 0)"
10,group03,Ga,2,2,12k_layer2_3,21,1.9254355761963797,Ga_O_04,"(0, 0, 0)"
10,group03,Ga,2,2,12k_layer2_3,25,1.9254355757587163,Ga_O_04,"(0, 0, 0)"
10,group03,Ga,2,2,12k_layer2_3,29,2.098323453827207,Ga_O_10,"(0, -1, 0)"
10,group03,Ga,2,2,12k_layer2_3,31,2.0948275151705062,Ga_O_09,"(0, 0, 0)"
10,group03,Ga,2,2,12k_layer2_3,34,2.0983234538406164,Ga_O_10,"(0, 0, 0)"
10,group03,Cr,1,3,12k_layer14_1,8,2.0983229791065865,Cr_O_10,"(0, 0, 0)"
10,group03,Cr,1,3,12k_layer14_1,9,1.9254359958162917,Cr_O_04,"(0, 0, 0)"
10,group03,Cr,1,3,12k_layer14_1,15,2.094827260093365,Cr_O_09,"(0, 0, 0)"
10,group03,Cr,1,3,12k_layer14_1,20,1.9844560436631808,Cr_O_05,"(-1, -1, 0)"
10,group03,Cr,1,3,12k_layer14_1,24,2.0983229796303986,Cr_O_10,"(-1, 0, 0)"
10,group03,Cr,1,3,12k_layer14_1,30,1.9254359958162914,Cr_O_04,"(0, 0, 0)"
10,group03,Cr,2,4,12k_layer2_2,7,1.984455956778905,Cr_O_05,"(0, -1, 0)"
10,group03,Cr,2,4,12k_layer2_2,18,1.9254355763634932,Cr_O_04,"(0, 0, 0)"
10,group03,Cr,2,4,12k_layer2_2,25,1.925435575758716,Cr_O_04,"(0, 0, 0)"
10,group03,Cr,2,4,12k_layer2_2,31,2.094827515170506,Cr_O_09,"(0, 0, 0)"
10,group03,Cr,2,4,12k_layer2_2,32,2.0983234538709623,Cr_O_10,"(0, -1, 0)"
10,group03,Cr,2,4,12k_layer2_2,34,2.098323454408184,Cr_O_10,"(1, 0, 0)"
10,group03,Ga,3,5,12k_layer14_3,14,2.098322979539073,Ga_O_10,"(0, 0, 0)"
10,group03,Ga,3,5,12k_layer14_3,15,2.094827383098975,Ga_O_09,"(0, 0, 0)"
10,group03,Ga,3,5,12k_layer14_3,20,1.9844560439741377,Ga_O_05,"(0, 0, 0)"
10,group03,Ga,3,5,12k_layer14_3,24,2.098322979658534,Ga_O_10,"(0, 1, 0)"
10,group03,Ga,3,5,12k_layer14_3,27,1.925435983138288,Ga_O_04,"(0, 0, 0)"
10,group03,Ga,3,5,12k_layer14_3,30,1.9254359955204852,Ga_O_04,"(0, 0, 0)"
10,group03,Cr,3,6,12k_layer10_2,5,1.9254359120300575,Cr_O_04,"(0, 0, 0)"
10,group03,Cr,3,6,12k_layer10_2,12,1.98445595738215,Cr_O_05,"(-1, 0, 0)"
10,group03,Cr,3,6,12k_layer10_2,17,2.094827514410795,Cr_O_09,"(0, 0, 0)"
10,group03,Cr,3,6,12k_layer10_2,22,2.0983230321761726,Cr_O_10,"(-1, 0, 0)"
10,group03,Cr,3,6,12k_layer10_2,26,2.0983230324265865,Cr_O_10,"(0, 1, 0)"
10,group03,Cr,3,6,12k_layer10_2,33,1.9254359114895088,Cr_O_04,"(0, 0, 0)"
10,group03,Cr,4,7,12k_layer6_2,3,2.0983234538709605,Cr_O_10,"(0, -1, 0)"
10,group03,Cr,4,7,12k_layer6_2,4,1.9254355757587174,Cr_O_04,"(0, 0, 0)"
10,group03,Cr,4,7,12k_layer6_2,6,1.9844559567789064,Cr_O_05,"(0, -1, 0)"
10,group03,Cr,4,7,12k_layer6_2,13,2.0983234544081824,Cr_O_10,"(1, 0, 0)"
10,group03,Cr,4,7,12k_layer6_2,19,2.0948275151705045,Cr_O_09,"(0, 0, 0)"
10,group03,Cr,4,7,12k_layer6_2,38,1.9254355763634945,Cr_O_04,"(0, 0, 0)"
10,group03,Cr,5,8,12k_layer6_1,3,2.0983234541175877,Cr_O_10,"(0, 0, 0)"
10,group03,Cr,5,8,12k_layer6_1,6,1.9844559569613607,Cr_O_05,"(0, 0, 0)"
10,group03,Cr,5,8,12k_layer6_1,19,2.0948276379027013,Cr_O_09,"(0, 0, 0)"
10,group03,Cr,5,8,12k_layer6_1,28,1.9254355756093047,Cr_O_04,"(0, 0, 0)"
10,group03,Cr,5,8,12k_layer6_1,36,2.0983234546414,Cr_O_10,"(1, 0, 0)"
10,group03,Cr,5,8,12k_layer6_1,38,1.925435563604001,Cr_O_04,"(0, 0, 0)"
10,group03,Cr,6,9,12k_layer14_2,8,2.098322979647595,Cr_O_10,"(0, 1, 0)"
10,group03,Cr,6,9,12k_layer14_2,9,1.9254359955309297,Cr_O_04,"(0, 0, 0)"
10,group03,Cr,6,9,12k_layer14_2,14,2.098322979397181,Cr_O_10,"(-1, 0, 0)"
10,group03,Cr,6,9,12k_layer14_2,15,2.094827260728784,Cr_O_09,"(0, 0, 0)"
10,group03,Cr,6,9,12k_layer14_2,20,1.9844560438241048,Cr_O_05,"(-1, 0, 0)"
10,group03,Cr,6,9,12k_layer14_2,27,1.9254359960714784,Cr_O_04,"(0, 0, 0)"
10,group03,Cr,7,10,2a_layer16,8,1.9948520249218649,Cr_O_07,"(1, 1, 0)"
10,group03,Cr,7,10,2a_layer16,14,1.9948520252426432,Cr_O_07,"(0, 0, 0)"
10,group03,Cr,7,10,2a_layer16,24,1.9948520249218644,Cr_O_07,"(0, 1, 0)"
10,group03,Cr,7,10,2a_layer16,29,1.9948516604791149,Cr_O_07,"(1, 0, 1)"
10,group03,Cr,7,10,2a_layer16,32,1.9948516599281325,Cr_O_07,"(0, 0, 1)"
10,group03,Cr,7,10,2a_layer16,34,1.994851660087002,Cr_O_07,"(1, 1, 1)"
10,group03,Ga,4,11,12k_layer10_3,1,1.9254359114790642,Ga_O_04,"(0, 0, 0)"
10,group03,Ga,4,11,12k_layer10_3,5,1.9254358990968665,Ga_O_04,"(0, 0, 0)"
10,group03,Ga,4,11,12k_layer10_3,11,2.0983230324375253,Ga_O_10,"(0, 1, 0)"
10,group03,Ga,4,11,12k_layer10_3,12,1.9844559575321832,Ga_O_05,"(0, 0, 0)"
10,group03,Ga,4,11,12k_layer10_3,17,2.094827636780971,Ga_O_09,"(0, 0, 0)"
10,group03,Ga,4,11,12k_layer10_3,22,2.0983230323180644,Ga_O_10,"(0, 0, 0)"
10,group03,Cr,8,12,12k_layer10_1,1,1.9254359117748707,Cr_O_04,"(0, 0, 0)"
10,group03,Cr,8,12,12k_layer10_1,11,2.0983230324093904,Cr_O_10,"(-1, 0, 0)"
10,group03,Cr,8,12,12k_layer10_1,12,1.9844559572212264,Cr_O_05,"(-1, -1, 0)"
10,group03,Cr,8,12,12k_layer10_1,17,2.0948275137753765,Cr_O_09,"(0, 0, 0)"
10,group03,Cr,8,12,12k_layer10_1,26,2.098323031885578,Cr_O_10,"(0, 0, 0)"
10,group03,Cr,8,12,12k_layer10_1,33,1.9254359117748707,Cr_O_04,"(0, 0, 0)"
10,group03,Cr,9,13,12k_layer2_1,7,1.9844559569613596,Cr_O_05,"(0, 0, 0)"
10,group03,Cr,9,13,12k_layer2_1,18,1.925435563604,Cr_O_04,"(0, 0, 0)"
10,group03,Cr,9,13,12k_layer2_1,21,1.9254355756093033,Cr_O_04,"(0, 0, 0)"
10,group03,Cr,9,13,12k_layer2_1,29,2.0983234546414016,Cr_O_10,"(1, 0, 0)"
10,group03,Cr,9,13,12k_layer2_1,31,2.0948276379027027,Cr_O_09,"(0, 0, 0)"
10,group03,Cr,9,13,12k_layer2_1,32,2.0983234541175895,Cr_O_10,"(0, 0, 0)"
10,group03,Ga,5,14,2b_layer12,10,1.8700732788205217,Ga_O_01,"(0, 1, 0)"
10,group03,Ga,5,14,2b_layer12,12,2.2779384420000004,Ga_O_11,"(0, 0, 0)"
10,group03,Ga,5,14,2b_layer12,20,2.2779384410000003,Ga_O_11,"(0, 0, 0)"
10,group03,Ga,5,14,2b_layer12,23,1.870073507451236,Ga_O_01,"(1, 1, 0)"
10,group03,Ga,5,14,2b_layer12,37,1.870073355,Ga_O_01,"(0, 0, 0)"
10,group03,Cr,10,15,2a_layer8,3,1.9948516601706343,Cr_O_07,"(0, 0, 0)"
10,group03,Cr,10,15,2a_layer8,11,1.9948520770594027,Cr_O_07,"(0, 1, 0)"
10,group03,Cr,10,15,2a_layer8,13,1.994851660329504,Cr_O_07,"(1, 1, 0)"
10,group03,Cr,10,15,2a_layer8,22,1.9948520773801812,Cr_O_07,"(0, 0, 0)"
10,group03,Cr,10,15,2a_layer8,26,1.9948520770594032,Cr_O_07,"(1, 1, 0)"
10,group03,Cr,10,15,2a_layer8,36,1.9948516607216167,Cr_O_07,"(1, 0, 0)"
10,group03,Ga,6,16,2b_layer4,2,1.8700732794118144,Ga_O_01,"(1, 0, 0)"
10,group03,Ga,6,16,2b_layer4,6,2.277938441000001,Ga_O_11,"(0, 0, 0)"
10,group03,Ga,6,16,2b_layer4,7,2.2779384420000004,Ga_O_11,"(0, 0, 0)"
10,group03,Ga,6,16,2b_layer4,16,1.8700735073000085,Ga_O_01,"(1, 1, 0)"
10,group03,Ga,6,16,2b_layer4,35,1.870073355795254,Ga_O_01,"(0, 0, 0)"
10,group03,Ga,7,17,4f1_layer9,11,1.9084361294606749,Ga_O_02,"(0, 0, 0)"
10,group03,Ga,7,17,4f1_layer9,19,1.9091270429999996,Ga_O_03,"(0, 0, 0)"
10,group03,Ga,7,17,4f1_layer9,22,1.9084362745505044,Ga_O_02,"(0, 0, 0)"
10,group03,Ga,7,17,4f1_layer9,26,1.9084361294606744,Ga_O_02,"(0, 0, 0)"
10,group03,Ga,8,18,4f2_layer11,1,1.9849917587865524,Ga_O_06,"(0, 0, 0)"
10,group03,Ga,8,18,4f2_layer11,5,1.9849916384047732,Ga_O_06,"(0, -1, 0)"
10,group03,Ga,8,18,4f2_layer11,10,2.0663776487443304,Ga_O_08,"(0, 0, 0)"
10,group03,Ga,8,18,4f2_layer11,23,2.0663774783167193,Ga_O_08,"(0, 0, 0)"
10,group03,Ga,8,18,4f2_layer11,33,1.9849917593946298,Ga_O_06,"(1, 0, 0)"
10,group03,Ga,8,18,4f2_layer11,37,2.0663777054221355,Ga_O_08,"(0, 0, 0)"
10,group03,Ga,9,19,4f2_layer3,2,2.0663771907209756,Ga_O_08,"(0, 0, 0)"
10,group03,Ga,9,19,4f2_layer3,16,2.066377020121716,Ga_O_08,"(0, 0, 0)"
10,group03,Ga,9,19,4f2_layer3,18,1.9849922964805824,Ga_O_06,"(-1, 0, 0)"
10,group03,Ga,9,19,4f2_layer3,21,1.9849924174878968,Ga_O_06,"(0, 0, 0)"
10,group03,Ga,9,19,4f2_layer3,25,1.9849924184808014,Ga_O_06,"(0, 1, 0)"
10,group03,Ga,9,19,4f2_layer3,35,2.066377246884635,Ga_O_08,"(0, 0, 0)"
10,group03,Ga,10,20,4f1_layer7,3,1.9084360732701862,Ga_O_02,"(0, 0, 0)"
10,group03,Ga,10,20,4f1_layer7,13,1.9084359271385227,Ga_O_02,"(0, 0, 0)"
10,group03,Ga,10,20,4f1_layer7,17,1.909127043000001,Ga_O_03,"(0, 0, 0)"
10,group03,Ga,10,20,4f1_layer7,36,1.9084359275969722,Ga_O_02,"(0, 0, 0)"
10,group03,Ga,11,21,4f2_layer5,2,2.0663771900543897,Ga_O_08,"(0, 0, 0)"
10,group03,Ga,11,21,4f2_layer5,4,1.9849924184808014,Ga_O_06,"(0, 1, 0)"
10,group03,Ga,11,21,4f2_layer5,16,2.0663770194551296,Ga_O_08,"(0, 0, 0)"
10,group03,Ga,11,21,4f2_layer5,28,1.9849924174878968,Ga_O_06,"(0, 0, 0)"
10,group03,Ga,11,21,4f2_layer5,35,2.0663772462180487,Ga_O_08,"(0, 0, 0)"
10,group03,Ga,11,21,4f2_layer5,38,1.9849922964805824,Ga_O_06,"(-1, 0, 0)"
10,group03,Ga,12,22,4f1_layer1,15,1.9091273005999965,Ga_O_03,"(0, 0, -1)"
10,group03,Ga,12,22,4f1_layer1,29,1.9084359275969722,Ga_O_02,"(0, 0, 0)"
10,group03,Ga,12,22,4f1_layer1,32,1.9084360732701862,Ga_O_02,"(0, 0, 0)"
10,group03,Ga,12,22,4f1_layer1,34,1.9084359271385227,Ga_O_02,"(0, 0, 0)"
10,group03,Ga,13,23,4f2_layer13,9,1.9849917593946296,Ga_O_06,"(1, 0, 0)"
10,group03,Ga,13,23,4f2_layer13,10,2.0663776487443317,Ga_O_08,"(0, 0, 0)"
10,group03,Ga,13,23,4f2_layer13,23,2.0663774783167206,Ga_O_08,"(0, 0, 0)"
10,group03,Ga,13,23,4f2_layer13,27,1.984991638404773,Ga_O_06,"(0, -1, 0)"
10,group03,Ga,13,23,4f2_layer13,30,1.984991758786552,Ga_O_06,"(0, 0, 0)"
10,group03,Ga,13,23,4f2_layer13,37,2.066377705422137,Ga_O_08,"(0, 0, 0)"
10,group03,Ga,14,24,4f1_layer15,8,1.9084361547650497,Ga_O_02,"(0, 0, 0)"
10,group03,Ga,14,24,4f1_layer15,14,1.9084362998548778,Ga_O_02,"(0, 0, 0)"
10,group03,Ga,14,24,4f1_layer15,24,1.9084361547650501,Ga_O_02,"(0, 0, 0)"
10,group03,Ga,14,24,4f1_layer15,31,1.9091268705999949,Ga_O_03,"(0, 0, 1)"
10,group04,Sr,1,,,2,2.958098043228469,Sr_O_02,"(0, -1, 0)"
10,group04,Sr,1,,,4,2.864579795118219,Sr_O_01,"(0, 0, 0)"
10,group04,Sr,1,,,16,2.9580979326637595,Sr_O_02,"(1, 0, 0)"
10,group04,Sr,1,,,18,2.8645798765734263,Sr_O_01,"(0, 0, 0)"
10,group04,Sr,1,,,21,2.864579884642825,Sr_O_01,"(0, 0, 0)"
10,group04,Sr,1,,,25,2.8645797959311503,Sr_O_01,"(0, 0, 0)"
10,group04,Sr,1,,,28,2.864579883829894,Sr_O_01,"(0, 0, 0)"
10,group04,Sr,1,,,35,2.95809800345424,Sr_O_02,"(0, -1, 0)"
10,group04,Sr,1,,,38,2.8645798757604948,Sr_O_01,"(0, 0, 0)"
10,group04,Sr,2,,,1,2.8645793251769454,Sr_O_01,"(0, 0, 0)"
10,group04,Sr,2,,,5,2.8645793169995204,Sr_O_01,"(0, 0, 0)"
10,group04,Sr,2,,,9,2.8645792364135385,Sr_O_01,"(0, 0, 0)"
10,group04,Sr,2,,,10,2.9580980427214705,Sr_O_02,"(-1, 0, 0)"
10,group04,Sr,2,,,23,2.95809793284463,Sr_O_02,"(0, 1, 0)"
10,group04,Sr,2,,,27,2.8645793169995213,Sr_O_01,"(0, 0, 0)"
10,group04,Sr,2,,,30,2.8645793251769462,Sr_O_01,"(0, 0, 0)"
10,group04,Sr,2,,,33,2.864579236413537,Sr_O_01,"(0, 0, 0)"
10,group04,Sr,2,,,37,2.9580980035278155,Sr_O_02,"(-1, 0, 0)"
10,group04,Ga,1,1,12k_layer6_3,4,1.9254355757587174,Ga_O_04,"(0, 0, 0)"
10,group04,Ga,1,1,12k_layer6_3,6,1.9844559567789057,Ga_O_05,"(-1, -1, 0)"
10,group04,Ga,1,1,12k_layer6_3,13,2.0983234538406146,Ga_O_10,"(0, 0, 0)"
10,group04,Ga,1,1,12k_layer6_3,19,2.094827515170505,Ga_O_09,"(0, 0, 0)"
10,group04,Ga,1,1,12k_layer6_3,28,1.925435576196381,Ga_O_04,"(0, 0, 0)"
10,group04,Ga,1,1,12k_layer6_3,36,2.0983234538272053,Ga_O_10,"(0, -1, 0)"
10,group04,Ga,2,2,12k_layer2_3,7,1.9844559567789046,Ga_O_05,"(-1, -1, 0)"
10,group04,Ga,2,2,12k_layer2_3,21,1.9254355761963797,Ga_O_04,"(0, 0, 0)"
10,group04,Ga,2,2,12k_layer2_3,25,1.9254355757587163,Ga_O_04,"(0, 0, 0)"
10,group04,Ga,2,2,12k_layer2_3,29,2.098323453827207,Ga_O_10,"(0, -1, 0)"
10,group04,Ga,2,2,12k_layer2_3,31,2.0948275151705062,Ga_O_09,"(0, 0, 0)"
10,group04,Ga,2,2,12k_layer2_3,34,2.0983234538406164,Ga_O_10,"(0, 0, 0)"
10,group04,Cr,1,3,12k_layer14_1,8,2.0983229791065865,Cr_O_10,"(0, 0, 0)"
10,group04,Cr,1,3,12k_layer14_1,9,1.9254359958162917,Cr_O_04,"(0, 0, 0)"
10,group04,Cr,1,3,12k_layer14_1,15,2.094827260093365,Cr_O_09,"(0, 0, 0)"
10,group04,Cr,1,3,12k_layer14_1,20,1.9844560436631808,Cr_O_05,"(-1, -1, 0)"
10,group04,Cr,1,3,12k_layer14_1,24,2.0983229796303986,Cr_O_10,"(-1, 0, 0)"
10,group04,Cr,1,3,12k_layer14_1,30,1.9254359958162914,Cr_O_04,"(0, 0, 0)"
10,group04,Cr,2,4,12k_layer2_2,7,1.984455956778905,Cr_O_05,"(0, -1, 0)"
10,group04,Cr,2,4,12k_layer2_2,18,1.9254355763634932,Cr_O_04,"(0, 0, 0)"
10,group04,Cr,2,4,12k_layer2_2,25,1.925435575758716,Cr_O_04,"(0, 0, 0)"
10,group04,Cr,2,4,12k_layer2_2,31,2.094827515170506,Cr_O_09,"(0, 0, 0)"
10,group04,Cr,2,4,12k_layer2_2,32,2.0983234538709623,Cr_O_10,"(0, -1, 0)"
10,group04,Cr,2,4,12k_layer2_2,34,2.098323454408184,Cr_O_10,"(1, 0, 0)"
10,group04,Ga,3,5,12k_layer14_3,14,2.098322979539073,Ga_O_10,"(0, 0, 0)"
10,group04,Ga,3,5,12k_layer14_3,15,2.094827383098975,Ga_O_09,"(0, 0, 0)"
10,group04,Ga,3,5,12k_layer14_3,20,1.9844560439741377,Ga_O_05,"(0, 0, 0)"
10,group04,Ga,3,5,12k_layer14_3,24,2.098322979658534,Ga_O_10,"(0, 1, 0)"
10,group04,Ga,3,5,12k_layer14_3,27,1.925435983138288,Ga_O_04,"(0, 0, 0)"
10,group04,Ga,3,5,12k_layer14_3,30,1.9254359955204852,Ga_O_04,"(0, 0, 0)"
10,group04,Cr,3,6,12k_layer10_2,5,1.9254359120300575,Cr_O_04,"(0, 0, 0)"
10,group04,Cr,3,6,12k_layer10_2,12,1.98445595738215,Cr_O_05,"(-1, 0, 0)"
10,group04,Cr,3,6,12k_layer10_2,17,2.094827514410795,Cr_O_09,"(0, 0, 0)"
10,group04,Cr,3,6,12k_layer10_2,22,2.0983230321761726,Cr_O_10,"(-1, 0, 0)"
10,group04,Cr,3,6,12k_layer10_2,26,2.0983230324265865,Cr_O_10,"(0, 1, 0)"
10,group04,Cr,3,6,12k_layer10_2,33,1.9254359114895088,Cr_O_04,"(0, 0, 0)"
10,group04,Cr,4,7,12k_layer6_2,3,2.0983234538709605,Cr_O_10,"(0, -1, 0)"
10,group04,Cr,4,7,12k_layer6_2,4,1.9254355757587174,Cr_O_04,"(0, 0, 0)"
10,group04,Cr,4,7,12k_layer6_2,6,1.9844559567789064,Cr_O_05,"(0, -1, 0)"
10,group04,Cr,4,7,12k_layer6_2,13,2.0983234544081824,Cr_O_10,"(1, 0, 0)"
10,group04,Cr,4,7,12k_layer6_2,19,2.0948275151705045,Cr_O_09,"(0, 0, 0)"
10,group04,Cr,4,7,12k_layer6_2,38,1.9254355763634945,Cr_O_04,"(0, 0, 0)"
10,group04,Cr,5,8,12k_layer6_1,3,2.0983234541175877,Cr_O_10,"(0, 0, 0)"
10,group04,Cr,5,8,12k_layer6_1,6,1.9844559569613607,Cr_O_05,"(0, 0, 0)"
10,group04,Cr,5,8,12k_layer6_1,19,2.0948276379027013,Cr_O_09,"(0, 0, 0)"
10,group04,Cr,5,8,12k_layer6_1,28,1.9254355756093047,Cr_O_04,"(0, 0, 0)"
10,group04,Cr,5,8,12k_layer6_1,36,2.0983234546414,Cr_O_10,"(1, 0, 0)"
10,group04,Cr,5,8,12k_layer6_1,38,1.925435563604001,Cr_O_04,"(0, 0, 0)"
10,group04,Cr,6,9,12k_layer14_2,8,2.098322979647595,Cr_O_10,"(0, 1, 0)"
10,group04,Cr,6,9,12k_layer14_2,9,1.9254359955309297,Cr_O_04,"(0, 0, 0)"
10,group04,Cr,6,9,12k_layer14_2,14,2.098322979397181,Cr_O_10,"(-1, 0, 0)"
10,group04,Cr,6,9,12k_layer14_2,15,2.094827260728784,Cr_O_09,"(0, 0, 0)"
10,group04,Cr,6,9,12k_layer14_2,20,1.9844560438241048,Cr_O_05,"(-1, 0, 0)"
10,group04,Cr,6,9,12k_layer14_2,27,1.9254359960714784,Cr_O_04,"(0, 0, 0)"
10,group04,Cr,7,10,2a_layer16,8,1.9948520249218649,Cr_O_07,"(1, 1, 0)"
10,group04,Cr,7,10,2a_layer16,14,1.9948520252426432,Cr_O_07,"(0, 0, 0)"
10,group04,Cr,7,10,2a_layer16,24,1.9948520249218644,Cr_O_07,"(0, 1, 0)"
10,group04,Cr,7,10,2a_layer16,29,1.9948516604791149,Cr_O_07,"(1, 0, 1)"
10,group04,Cr,7,10,2a_layer16,32,1.9948516599281325,Cr_O_07,"(0, 0, 1)"
10,group04,Cr,7,10,2a_layer16,34,1.994851660087002,Cr_O_07,"(1, 1, 1)"
10,group04,Ga,4,11,12k_layer10_3,1,1.9254359114790642,Ga_O_04,"(0, 0, 0)"
10,group04,Ga,4,11,12k_layer10_3,5,1.9254358990968665,Ga_O_04,"(0, 0, 0)"
10,group04,Ga,4,11,12k_layer10_3,11,2.0983230324375253,Ga_O_10,"(0, 1, 0)"
10,group04,Ga,4,11,12k_layer10_3,12,1.9844559575321832,Ga_O_05,"(0, 0, 0)"
10,group04,Ga,4,11,12k_layer10_3,17,2.094827636780971,Ga_O_09,"(0, 0, 0)"
10,group04,Ga,4,11,12k_layer10_3,22,2.0983230323180644,Ga_O_10,"(0, 0, 0)"
10,group04,Cr,8,12,12k_layer10_1,1,1.9254359117748707,Cr_O_04,"(0, 0, 0)"
10,group04,Cr,8,12,12k_layer10_1,11,2.0983230324093904,Cr_O_10,"(-1, 0, 0)"
10,group04,Cr,8,12,12k_layer10_1,12,1.9844559572212264,Cr_O_05,"(-1, -1, 0)"
10,group04,Cr,8,12,12k_layer10_1,17,2.0948275137753765,Cr_O_09,"(0, 0, 0)"
10,group04,Cr,8,12,12k_layer10_1,26,2.098323031885578,Cr_O_10,"(0, 0, 0)"
10,group04,Cr,8,12,12k_layer10_1,33,1.9254359117748707,Cr_O_04,"(0, 0, 0)"
10,group04,Cr,9,13,12k_layer2_1,7,1.9844559569613596,Cr_O_05,"(0, 0, 0)"
10,group04,Cr,9,13,12k_layer2_1,18,1.925435563604,Cr_O_04,"(0, 0, 0)"
10,group04,Cr,9,13,12k_layer2_1,21,1.9254355756093033,Cr_O_04,"(0, 0, 0)"
10,group04,Cr,9,13,12k_layer2_1,29,2.0983234546414016,Cr_O_10,"(1, 0, 0)"
10,group04,Cr,9,13,12k_layer2_1,31,2.0948276379027027,Cr_O_09,"(0, 0, 0)"
10,group04,Cr,9,13,12k_layer2_1,32,2.0983234541175895,Cr_O_10,"(0, 0, 0)"
10,group04,Ga,5,14,2b_layer12,10,1.8700732788205217,Ga_O_01,"(0, 1, 0)"
10,group04,Ga,5,14,2b_layer12,12,2.2779384420000004,Ga_O_11,"(0, 0, 0)"
10,group04,Ga,5,14,2b_layer12,20,2.2779384410000003,Ga_O_11,"(0, 0, 0)"
10,group04,Ga,5,14,2b_layer12,23,1.870073507451236,Ga_O_01,"(1, 1, 0)"
10,group04,Ga,5,14,2b_layer12,37,1.870073355,Ga_O_01,"(0, 0, 0)"
10,group04,Ga,6,15,2a_layer8,3,1.9948516601706343,Ga_O_07,"(0, 0, 0)"
10,group04,Ga,6,15,2a_layer8,11,1.9948520770594027,Ga_O_07,"(0, 1, 0)"
10,group04,Ga,6,15,2a_layer8,13,1.994851660329504,Ga_O_07,"(1, 1, 0)"
10,group04,Ga,6,15,2a_layer8,22,1.9948520773801812,Ga_O_07,"(0, 0, 0)"
10,group04,Ga,6,15,2a_layer8,26,1.9948520770594032,Ga_O_07,"(1, 1, 0)"
10,group04,Ga,6,15,2a_layer8,36,1.9948516607216167,Ga_O_07,"(1, 0, 0)"
10,group04,Ga,7,16,2b_layer4,2,1.8700732794118144,Ga_O_01,"(1, 0, 0)"
10,group04,Ga,7,16,2b_layer4,6,2.277938441000001,Ga_O_11,"(0, 0, 0)"
10,group04,Ga,7,16,2b_layer4,7,2.2779384420000004,Ga_O_11,"(0, 0, 0)"
10,group04,Ga,7,16,2b_layer4,16,1.8700735073000085,Ga_O_01,"(1, 1, 0)"
10,group04,Ga,7,16,2b_layer4,35,1.870073355795254,Ga_O_01,"(0, 0, 0)"
10,group04,Ga,8,17,4f1_layer9,11,1.9084361294606749,Ga_O_02,"(0, 0, 0)"
10,group04,Ga,8,17,4f1_layer9,19,1.9091270429999996,Ga_O_03,"(0, 0, 0)"
10,group04,Ga,8,17,4f1_layer9,22,1.9084362745505044,Ga_O_02,"(0, 0, 0)"
10,group04,Ga,8,17,4f1_layer9,26,1.9084361294606744,Ga_O_02,"(0, 0, 0)"
10,group04,Ga,9,18,4f2_layer11,1,1.9849917587865524,Ga_O_06,"(0, 0, 0)"
10,group04,Ga,9,18,4f2_layer11,5,1.9849916384047732,Ga_O_06,"(0, -1, 0)"
10,group04,Ga,9,18,4f2_layer11,10,2.0663776487443304,Ga_O_08,"(0, 0, 0)"
10,group04,Ga,9,18,4f2_layer11,23,2.0663774783167193,Ga_O_08,"(0, 0, 0)"
10,group04,Ga,9,18,4f2_layer11,33,1.9849917593946298,Ga_O_06,"(1, 0, 0)"
10,group04,Ga,9,18,4f2_layer11,37,2.0663777054221355,Ga_O_08,"(0, 0, 0)"
10,group04,Cr,10,19,4f2_layer3,2,2.0663771907209756,Cr_O_08,"(0, 0, 0)"
10,group04,Cr,10,19,4f2_layer3,16,2.066377020121716,Cr_O_08,"(0, 0, 0)"
10,group04,Cr,10,19,4f2_layer3,18,1.9849922964805824,Cr_O_06,"(-1, 0, 0)"
10,group04,Cr,10,19,4f2_layer3,21,1.9849924174878968,Cr_O_06,"(0, 0, 0)"
10,group04,Cr,10,19,4f2_layer3,25,1.9849924184808014,Cr_O_06,"(0, 1, 0)"
10,group04,Cr,10,19,4f2_layer3,35,2.066377246884635,Cr_O_08,"(0, 0, 0)"
10,group04,Ga,10,20,4f1_layer7,3,1.9084360732701862,Ga_O_02,"(0, 0, 0)"
10,group04,Ga,10,20,4f1_layer7,13,1.9084359271385227,Ga_O_02,"(0, 0, 0)"
10,group04,Ga,10,20,4f1_layer7,17,1.909127043000001,Ga_O_03,"(0, 0, 0)"
10,group04,Ga,10,20,4f1_layer7,36,1.9084359275969722,Ga_O_02,"(0, 0, 0)"
10,group04,Ga,11,21,4f2_layer5,2,2.0663771900543897,Ga_O_08,"(0, 0, 0)"
10,group04,Ga,11,21,4f2_layer5,4,1.9849924184808014,Ga_O_06,"(0, 1, 0)"
10,group04,Ga,11,21,4f2_layer5,16,2.0663770194551296,Ga_O_08,"(0, 0, 0)"
10,group04,Ga,11,21,4f2_layer5,28,1.9849924174878968,Ga_O_06,"(0, 0, 0)"
10,group04,Ga,11,21,4f2_layer5,35,2.0663772462180487,Ga_O_08,"(0, 0, 0)"
10,group04,Ga,11,21,4f2_layer5,38,1.9849922964805824,Ga_O_06,"(-1, 0, 0)"
10,group04,Ga,12,22,4f1_layer1,15,1.9091273005999965,Ga_O_03,"(0, 0, -1)"
10,group04,Ga,12,22,4f1_layer1,29,1.9084359275969722,Ga_O_02,"(0, 0, 0)"
10,group04,Ga,12,22,4f1_layer1,32,1.9084360732701862,Ga_O_02,"(0, 0, 0)"
10,group04,Ga,12,22,4f1_layer1,34,1.9084359271385227,Ga_O_02,"(0, 0, 0)"
10,group04,Ga,13,23,4f2_layer13,9,1.9849917593946296,Ga_O_06,"(1, 0, 0)"
10,group04,Ga,13,23,4f2_layer13,10,2.0663776487443317,Ga_O_08,"(0, 0, 0)"
10,group04,Ga,13,23,4f2_layer13,23,2.0663774783167206,Ga_O_08,"(0, 0, 0)"
10,group04,Ga,13,23,4f2_layer13,27,1.984991638404773,Ga_O_06,"(0, -1, 0)"
10,group04,Ga,13,23,4f2_layer13,30,1.984991758786552,Ga_O_06,"(0, 0, 0)"
10,group04,Ga,13,23,4f2_layer13,37,2.066377705422137,Ga_O_08,"(0, 0, 0)"
10,group04,Ga,14,24,4f1_layer15,8,1.9084361547650497,Ga_O_02,"(0, 0, 0)"
10,group04,Ga,14,24,4f1_layer15,14,1.9084362998548778,Ga_O_02,"(0, 0, 0)"
10,group04,Ga,14,24,4f1_layer15,24,1.9084361547650501,Ga_O_02,"(0, 0, 0)"
10,group04,Ga,14,24,4f1_layer15,31,1.9091268705999949,Ga_O_03,"(0, 0, 1)"
10,group05,Sr,1,,,2,2.958098043228469,Sr_O_02,"(0, -1, 0)"
10,group05,Sr,1,,,4,2.864579795118219,Sr_O_01,"(0, 0, 0)"
10,group05,Sr,1,,,16,2.9580979326637595,Sr_O_02,"(1, 0, 0)"
10,group05,Sr,1,,,18,2.8645798765734263,Sr_O_01,"(0, 0, 0)"
10,group05,Sr,1,,,21,2.864579884642825,Sr_O_01,"(0, 0, 0)"
10,group05,Sr,1,,,25,2.8645797959311503,Sr_O_01,"(0, 0, 0)"
10,group05,Sr,1,,,28,2.864579883829894,Sr_O_01,"(0, 0, 0)"
10,group05,Sr,1,,,35,2.95809800345424,Sr_O_02,"(0, -1, 0)"
10,group05,Sr,1,,,38,2.8645798757604948,Sr_O_01,"(0, 0, 0)"
10,group05,Sr,2,,,1,2.8645793251769454,Sr_O_01,"(0, 0, 0)"
10,group05,Sr,2,,,5,2.8645793169995204,Sr_O_01,"(0, 0, 0)"
10,group05,Sr,2,,,9,2.8645792364135385,Sr_O_01,"(0, 0, 0)"
10,group05,Sr,2,,,10,2.9580980427214705,Sr_O_02,"(-1, 0, 0)"
10,group05,Sr,2,,,23,2.95809793284463,Sr_O_02,"(0, 1, 0)"
10,group05,Sr,2,,,27,2.8645793169995213,Sr_O_01,"(0, 0, 0)"
10,group05,Sr,2,,,30,2.8645793251769462,Sr_O_01,"(0, 0, 0)"
10,group05,Sr,2,,,33,2.864579236413537,Sr_O_01,"(0, 0, 0)"
10,group05,Sr,2,,,37,2.9580980035278155,Sr_O_02,"(-1, 0, 0)"
10,group05,Ga,1,1,12k_layer6_3,4,1.9254355757587174,Ga_O_04,"(0, 0, 0)"
10,group05,Ga,1,1,12k_layer6_3,6,1.9844559567789057,Ga_O_05,"(-1, -1, 0)"
10,group05,Ga,1,1,12k_layer6_3,13,2.0983234538406146,Ga_O_10,"(0, 0, 0)"
10,group05,Ga,1,1,12k_layer6_3,19,2.094827515170505,Ga_O_09,"(0, 0, 0)"
10,group05,Ga,1,1,12k_layer6_3,28,1.925435576196381,Ga_O_04,"(0, 0, 0)"
10,group05,Ga,1,1,12k_layer6_3,36,2.0983234538272053,Ga_O_10,"(0, -1, 0)"
10,group05,Ga,2,2,12k_layer2_3,7,1.9844559567789046,Ga_O_05,"(-1, -1, 0)"
10,group05,Ga,2,2,12k_layer2_3,21,1.9254355761963797,Ga_O_04,"(0, 0, 0)"
10,group05,Ga,2,2,12k_layer2_3,25,1.9254355757587163,Ga_O_04,"(0, 0, 0)"
10,group05,Ga,2,2,12k_layer2_3,29,2.098323453827207,Ga_O_10,"(0, -1, 0)"
10,group05,Ga,2,2,12k_layer2_3,31,2.0948275151705062,Ga_O_09,"(0, 0, 0)"
10,group05,Ga,2,2,12k_layer2_3,34,2.0983234538406164,Ga_O_10,"(0, 0, 0)"
10,group05,Cr,1,3,12k_layer14_1,8,2.0983229791065865,Cr_O_10,"(0, 0, 0)"
10,group05,Cr,1,3,12k_layer14_1,9,1.9254359958162917,Cr_O_04,"(0, 0, 0)"
10,group05,Cr,1,3,12k_layer14_1,15,2.094827260093365,Cr_O_09,"(0, 0, 0)"
10,group05,Cr,1,3,12k_layer14_1,20,1.9844560436631808,Cr_O_05,"(-1, -1, 0)"
10,group05,Cr,1,3,12k_layer14_1,24,2.0983229796303986,Cr_O_10,"(-1, 0, 0)"
10,group05,Cr,1,3,12k_layer14_1,30,1.9254359958162914,Cr_O_04,"(0, 0, 0)"
10,group05,Cr,2,4,12k_layer2_2,7,1.984455956778905,Cr_O_05,"(0, -1, 0)"
10,group05,Cr,2,4,12k_layer2_2,18,1.9254355763634932,Cr_O_04,"(0, 0, 0)"
10,group05,Cr,2,4,12k_layer2_2,25,1.925435575758716,Cr_O_04,"(0, 0, 0)"
10,group05,Cr,2,4,12k_layer2_2,31,2.094827515170506,Cr_O_09,"(0, 0, 0)"
10,group05,Cr,2,4,12k_layer2_2,32,2.0983234538709623,Cr_O_10,"(0, -1, 0)"
10,group05,Cr,2,4,12k_layer2_2,34,2.098323454408184,Cr_O_10,"(1, 0, 0)"
10,group05,Ga,3,5,12k_layer14_3,14,2.098322979539073,Ga_O_10,"(0, 0, 0)"
10,group05,Ga,3,5,12k_layer14_3,15,2.094827383098975,Ga_O_09,"(0, 0, 0)"
10,group05,Ga,3,5,12k_layer14_3,20,1.9844560439741377,Ga_O_05,"(0, 0, 0)"
10,group05,Ga,3,5,12k_layer14_3,24,2.098322979658534,Ga_O_10,"(0, 1, 0)"
10,group05,Ga,3,5,12k_layer14_3,27,1.925435983138288,Ga_O_04,"(0, 0, 0)"
10,group05,Ga,3,5,12k_layer14_3,30,1.9254359955204852,Ga_O_04,"(0, 0, 0)"
10,group05,Cr,3,6,12k_layer10_2,5,1.9254359120300575,Cr_O_04,"(0, 0, 0)"
10,group05,Cr,3,6,12k_layer10_2,12,1.98445595738215,Cr_O_05,"(-1, 0, 0)"
10,group05,Cr,3,6,12k_layer10_2,17,2.094827514410795,Cr_O_09,"(0, 0, 0)"
10,group05,Cr,3,6,12k_layer10_2,22,2.0983230321761726,Cr_O_10,"(-1, 0, 0)"
10,group05,Cr,3,6,12k_layer10_2,26,2.0983230324265865,Cr_O_10,"(0, 1, 0)"
10,group05,Cr,3,6,12k_layer10_2,33,1.9254359114895088,Cr_O_04,"(0, 0, 0)"
10,group05,Cr,4,7,12k_layer6_2,3,2.0983234538709605,Cr_O_10,"(0, -1, 0)"
10,group05,Cr,4,7,12k_layer6_2,4,1.9254355757587174,Cr_O_04,"(0, 0, 0)"
10,group05,Cr,4,7,12k_layer6_2,6,1.9844559567789064,Cr_O_05,"(0, -1, 0)"
10,group05,Cr,4,7,12k_layer6_2,13,2.0983234544081824,Cr_O_10,"(1, 0, 0)"
10,group05,Cr,4,7,12k_layer6_2,19,2.0948275151705045,Cr_O_09,"(0, 0, 0)"
10,group05,Cr,4,7,12k_layer6_2,38,1.9254355763634945,Cr_O_04,"(0, 0, 0)"
10,group05,Cr,5,8,12k_layer6_1,3,2.0983234541175877,Cr_O_10,"(0, 0, 0)"
10,group05,Cr,5,8,12k_layer6_1,6,1.9844559569613607,Cr_O_05,"(0, 0, 0)"
10,group05,Cr,5,8,12k_layer6_1,19,2.0948276379027013,Cr_O_09,"(0, 0, 0)"
10,group05,Cr,5,8,12k_layer6_1,28,1.9254355756093047,Cr_O_04,"(0, 0, 0)"
10,group05,Cr,5,8,12k_layer6_1,36,2.0983234546414,Cr_O_10,"(1, 0, 0)"
10,group05,Cr,5,8,12k_layer6_1,38,1.925435563604001,Cr_O_04,"(0, 0, 0)"
10,group05,Cr,6,9,12k_layer14_2,8,2.098322979647595,Cr_O_10,"(0, 1, 0)"
10,group05,Cr,6,9,12k_layer14_2,9,1.9254359955309297,Cr_O_04,"(0, 0, 0)"
10,group05,Cr,6,9,12k_layer14_2,14,2.098322979397181,Cr_O_10,"(-1, 0, 0)"
10,group05,Cr,6,9,12k_layer14_2,15,2.094827260728784,Cr_O_09,"(0, 0, 0)"
10,group05,Cr,6,9,12k_layer14_2,20,1.9844560438241048,Cr_O_05,"(-1, 0, 0)"
10,group05,Cr,6,9,12k_layer14_2,27,1.9254359960714784,Cr_O_04,"(0, 0, 0)"
10,group05,Ga,4,10,2a_layer16,8,1.9948520249218649,Ga_O_07,"(1, 1, 0)"
10,group05,Ga,4,10,2a_layer16,14,1.9948520252426432,Ga_O_07,"(0, 0, 0)"
10,group05,Ga,4,10,2a_layer16,24,1.9948520249218644,Ga_O_07,"(0, 1, 0)"
10,group05,Ga,4,10,2a_layer16,29,1.9948516604791149,Ga_O_07,"(1, 0, 1)"
10,group05,Ga,4,10,2a_layer16,32,1.9948516599281325,Ga_O_07,"(0, 0, 1)"
10,group05,Ga,4,10,2a_layer16,34,1.994851660087002,Ga_O_07,"(1, 1, 1)"
10,group05,Ga,5,11,12k_layer10_3,1,1.9254359114790642,Ga_O_04,"(0, 0, 0)"
10,group05,Ga,5,11,12k_layer10_3,5,1.9254358990968665,Ga_O_04,"(0, 0, 0)"
10,group05,Ga,5,11,12k_layer10_3,11,2.0983230324375253,Ga_O_10,"(0, 1, 0)"
10,group05,Ga,5,11,12k_layer10_3,12,1.9844559575321832,Ga_O_05,"(0, 0, 0)"
10,group05,Ga,5,11,12k_layer10_3,17,2.094827636780971,Ga_O_09,"(0, 0, 0)"
10,group05,Ga,5,11,12k_layer10_3,22,2.0983230323180644,Ga_O_10,"(0, 0, 0)"
10,group05,Cr,7,12,12k_layer10_1,1,1.9254359117748707,Cr_O_04,"(0, 0, 0)"
10,group05,Cr,7,12,12k_layer10_1,11,2.0983230324093904,Cr_O_10,"(-1, 0, 0)"
10,group05,Cr,7,12,12k_layer10_1,12,1.9844559572212264,Cr_O_05,"(-1, -1, 0)"
10,group05,Cr,7,12,12k_layer10_1,17,2.0948275137753765,Cr_O_09,"(0, 0, 0)"
10,group05,Cr,7,12,12k_layer10_1,26,2.098323031885578,Cr_O_10,"(0, 0, 0)"
10,group05,Cr,7,12,12k_layer10_1,33,1.9254359117748707,Cr_O_04,"(0, 0, 0)"
10,group05,Cr,8,13,12k_layer2_1,7,1.9844559569613596,Cr_O_05,"(0, 0, 0)"
10,group05,Cr,8,13,12k_layer2_1,18,1.925435563604,Cr_O_04,"(0, 0, 0)"
10,group05,Cr,8,13,12k_layer2_1,21,1.9254355756093033,Cr_O_04,"(0, 0, 0)"
10,group05,Cr,8,13,12k_layer2_1,29,2.0983234546414016,Cr_O_10,"(1, 0, 0)"
10,group05,Cr,8,13,12k_layer2_1,31,2.0948276379027027,Cr_O_09,"(0, 0, 0)"
10,group05,Cr,8,13,12k_layer2_1,32,2.0983234541175895,Cr_O_10,"(0, 0, 0)"
10,group05,Ga,6,14,2b_layer12,10,1.8700732788205217,Ga_O_01,"(0, 1, 0)"
10,group05,Ga,6,14,2b_layer12,12,2.2779384420000004,Ga_O_11,"(0, 0, 0)"
10,group05,Ga,6,14,2b_layer12,20,2.2779384410000003,Ga_O_11,"(0, 0, 0)"
10,group05,Ga,6,14,2b_layer12,23,1.870073507451236,Ga_O_01,"(1, 1, 0)"
10,group05,Ga,6,14,2b_layer12,37,1.870073355,Ga_O_01,"(0, 0, 0)"
10,group05,Cr,9,15,2a_layer8,3,1.9948516601706343,Cr_O_07,"(0, 0, 0)"
10,group05,Cr,9,15,2a_layer8,11,1.9948520770594027,Cr_O_07,"(0, 1, 0)"
10,group05,Cr,9,15,2a_layer8,13,1.994851660329504,Cr_O_07,"(1, 1, 0)"
10,group05,Cr,9,15,2a_layer8,22,1.9948520773801812,Cr_O_07,"(0, 0, 0)"
10,group05,Cr,9,15,2a_layer8,26,1.9948520770594032,Cr_O_07,"(1, 1, 0)"
10,group05,Cr,9,15,2a_layer8,36,1.9948516607216167,Cr_O_07,"(1, 0, 0)"
10,group05,Ga,7,16,2b_layer4,2,1.8700732794118144,Ga_O_01,"(1, 0, 0)"
10,group05,Ga,7,16,2b_layer4,6,2.277938441000001,Ga_O_11,"(0, 0, 0)"
10,group05,Ga,7,16,2b_layer4,7,2.2779384420000004,Ga_O_11,"(0, 0, 0)"
10,group05,Ga,7,16,2b_layer4,16,1.8700735073000085,Ga_O_01,"(1, 1, 0)"
10,group05,Ga,7,16,2b_layer4,35,1.870073355795254,Ga_O_01,"(0, 0, 0)"
10,group05,Ga,8,17,4f1_layer9,11,1.9084361294606749,Ga_O_02,"(0, 0, 0)"
10,group05,Ga,8,17,4f1_layer9,19,1.9091270429999996,Ga_O_03,"(0, 0, 0)"
10,group05,Ga,8,17,4f1_layer9,22,1.9084362745505044,Ga_O_02,"(0, 0, 0)"
10,group05,Ga,8,17,4f1_layer9,26,1.9084361294606744,Ga_O_02,"(0, 0, 0)"
10,group05,Ga,9,18,4f2_layer11,1,1.9849917587865524,Ga_O_06,"(0, 0, 0)"
10,group05,Ga,9,18,4f2_layer11,5,1.9849916384047732,Ga_O_06,"(0, -1, 0)"
10,group05,Ga,9,18,4f2_layer11,10,2.0663776487443304,Ga_O_08,"(0, 0, 0)"
10,group05,Ga,9,18,4f2_layer11,23,2.0663774783167193,Ga_O_08,"(0, 0, 0)"
10,group05,Ga,9,18,4f2_layer11,33,1.9849917593946298,Ga_O_06,"(1, 0, 0)"
10,group05,Ga,9,18,4f2_layer11,37,2.0663777054221355,Ga_O_08,"(0, 0, 0)"
10,group05,Ga,10,19,4f2_layer3,2,2.0663771907209756,Ga_O_08,"(0, 0, 0)"
10,group05,Ga,10,19,4f2_layer3,16,2.066377020121716,Ga_O_08,"(0, 0, 0)"
10,group05,Ga,10,19,4f2_layer3,18,1.9849922964805824,Ga_O_06,"(-1, 0, 0)"
10,group05,Ga,10,19,4f2_layer3,21,1.9849924174878968,Ga_O_06,"(0, 0, 0)"
10,group05,Ga,10,19,4f2_layer3,25,1.9849924184808014,Ga_O_06,"(0, 1, 0)"
10,group05,Ga,10,19,4f2_layer3,35,2.066377246884635,Ga_O_08,"(0, 0, 0)"
10,group05,Ga,11,20,4f1_layer7,3,1.9084360732701862,Ga_O_02,"(0, 0, 0)"
10,group05,Ga,11,20,4f1_layer7,13,1.9084359271385227,Ga_O_02,"(0, 0, 0)"
10,group05,Ga,11,20,4f1_layer7,17,1.909127043000001,Ga_O_03,"(0, 0, 0)"
10,group05,Ga,11,20,4f1_layer7,36,1.9084359275969722,Ga_O_02,"(0, 0, 0)"
10,group05,Cr,10,21,4f2_layer5,2,2.0663771900543897,Cr_O_08,"(0, 0, 0)"
10,group05,Cr,10,21,4f2_layer5,4,1.9849924184808014,Cr_O_06,"(0, 1, 0)"
10,group05,Cr,10,21,4f2_layer5,16,2.0663770194551296,Cr_O_08,"(0, 0, 0)"
10,group05,Cr,10,21,4f2_layer5,28,1.9849924174878968,Cr_O_06,"(0, 0, 0)"
10,group05,Cr,10,21,4f2_layer5,35,2.0663772462180487,Cr_O_08,"(0, 0, 0)"
10,group05,Cr,10,21,4f2_layer5,38,1.9849922964805824,Cr_O_06,"(-1, 0, 0)"
10,group05,Ga,12,22,4f1_layer1,15,1.9091273005999965,Ga_O_03,"(0, 0, -1)"
10,group05,Ga,12,22,4f1_layer1,29,1.9084359275969722,Ga_O_02,"(0, 0, 0)"
10,group05,Ga,12,22,4f1_layer1,32,1.9084360732701862,Ga_O_02,"(0, 0, 0)"
10,group05,Ga,12,22,4f1_layer1,34,1.9084359271385227,Ga_O_02,"(0, 0, 0)"
10,group05,Ga,13,23,4f2_layer13,9,1.9849917593946296,Ga_O_06,"(1, 0, 0)"
10,group05,Ga,13,23,4f2_layer13,10,2.0663776487443317,Ga_O_08,"(0, 0, 0)"
10,group05,Ga,13,23,4f2_layer13,23,2.0663774783167206,Ga_O_08,"(0, 0, 0)"
10,group05,Ga,13,23,4f2_layer13,27,1.984991638404773,Ga_O_06,"(0, -1, 0)"
10,group05,Ga,13,23,4f2_layer13,30,1.984991758786552,Ga_O_06,"(0, 0, 0)"
10,group05,Ga,13,23,4f2_layer13,37,2.066377705422137,Ga_O_08,"(0, 0, 0)"
10,group05,Ga,14,24,4f1_layer15,8,1.9084361547650497,Ga_O_02,"(0, 0, 0)"
10,group05,Ga,14,24,4f1_layer15,14,1.9084362998548778,Ga_O_02,"(0, 0, 0)"
10,group05,Ga,14,24,4f1_layer15,24,1.9084361547650501,Ga_O_02,"(0, 0, 0)"
10,group05,Ga,14,24,4f1_layer15,31,1.9091268705999949,Ga_O_03,"(0, 0, 1)"
10,group07,Sr,1,,,2,2.958098043228469,Sr_O_02,"(0, -1, 0)"
10,group07,Sr,1,,,4,2.864579795118219,Sr_O_01,"(0, 0, 0)"
10,group07,Sr,1,,,16,2.9580979326637595,Sr_O_02,"(1, 0, 0)"
10,group07,Sr,1,,,18,2.8645798765734263,Sr_O_01,"(0, 0, 0)"
10,group07,Sr,1,,,21,2.864579884642825,Sr_O_01,"(0, 0, 0)"
10,group07,Sr,1,,,25,2.8645797959311503,Sr_O_01,"(0, 0, 0)"
10,group07,Sr,1,,,28,2.864579883829894,Sr_O_01,"(0, 0, 0)"
10,group07,Sr,1,,,35,2.95809800345424,Sr_O_02,"(0, -1, 0)"
10,group07,Sr,1,,,38,2.8645798757604948,Sr_O_01,"(0, 0, 0)"
10,group07,Sr,2,,,1,2.8645793251769454,Sr_O_01,"(0, 0, 0)"
10,group07,Sr,2,,,5,2.8645793169995204,Sr_O_01,"(0, 0, 0)"
10,group07,Sr,2,,,9,2.8645792364135385,Sr_O_01,"(0, 0, 0)"
10,group07,Sr,2,,,10,2.9580980427214705,Sr_O_02,"(-1, 0, 0)"
10,group07,Sr,2,,,23,2.95809793284463,Sr_O_02,"(0, 1, 0)"
10,group07,Sr,2,,,27,2.8645793169995213,Sr_O_01,"(0, 0, 0)"
10,group07,Sr,2,,,30,2.8645793251769462,Sr_O_01,"(0, 0, 0)"
10,group07,Sr,2,,,33,2.864579236413537,Sr_O_01,"(0, 0, 0)"
10,group07,Sr,2,,,37,2.9580980035278155,Sr_O_02,"(-1, 0, 0)"
10,group07,Ga,1,1,12k_layer6_3,4,1.9254355757587174,Ga_O_04,"(0, 0, 0)"
10,group07,Ga,1,1,12k_layer6_3,6,1.9844559567789057,Ga_O_05,"(-1, -1, 0)"
10,group07,Ga,1,1,12k_layer6_3,13,2.0983234538406146,Ga_O_10,"(0, 0, 0)"
10,group07,Ga,1,1,12k_layer6_3,19,2.094827515170505,Ga_O_09,"(0, 0, 0)"
10,group07,Ga,1,1,12k_layer6_3,28,1.925435576196381,Ga_O_04,"(0, 0, 0)"
10,group07,Ga,1,1,12k_layer6_3,36,2.0983234538272053,Ga_O_10,"(0, -1, 0)"
10,group07,Ga,2,2,12k_layer2_3,7,1.9844559567789046,Ga_O_05,"(-1, -1, 0)"
10,group07,Ga,2,2,12k_layer2_3,21,1.9254355761963797,Ga_O_04,"(0, 0, 0)"
10,group07,Ga,2,2,12k_layer2_3,25,1.9254355757587163,Ga_O_04,"(0, 0, 0)"
10,group07,Ga,2,2,12k_layer2_3,29,2.098323453827207,Ga_O_10,"(0, -1, 0)"
10,group07,Ga,2,2,12k_layer2_3,31,2.0948275151705062,Ga_O_09,"(0, 0, 0)"
10,group07,Ga,2,2,12k_layer2_3,34,2.0983234538406164,Ga_O_10,"(0, 0, 0)"
10,group07,Cr,1,3,12k_layer14_1,8,2.0983229791065865,Cr_O_10,"(0, 0, 0)"
10,group07,Cr,1,3,12k_layer14_1,9,1.9254359958162917,Cr_O_04,"(0, 0, 0)"
10,group07,Cr,1,3,12k_layer14_1,15,2.094827260093365,Cr_O_09,"(0, 0, 0)"
10,group07,Cr,1,3,12k_layer14_1,20,1.9844560436631808,Cr_O_05,"(-1, -1, 0)"
10,group07,Cr,1,3,12k_layer14_1,24,2.0983229796303986,Cr_O_10,"(-1, 0, 0)"
10,group07,Cr,1,3,12k_layer14_1,30,1.9254359958162914,Cr_O_04,"(0, 0, 0)"
10,group07,Cr,2,4,12k_layer2_2,7,1.984455956778905,Cr_O_05,"(0, -1, 0)"
10,group07,Cr,2,4,12k_layer2_2,18,1.9254355763634932,Cr_O_04,"(0, 0, 0)"
10,group07,Cr,2,4,12k_layer2_2,25,1.925435575758716,Cr_O_04,"(0, 0, 0)"
10,group07,Cr,2,4,12k_layer2_2,31,2.094827515170506,Cr_O_09,"(0, 0, 0)"
10,group07,Cr,2,4,12k_layer2_2,32,2.0983234538709623,Cr_O_10,"(0, -1, 0)"
10,group07,Cr,2,4,12k_layer2_2,34,2.098323454408184,Cr_O_10,"(1, 0, 0)"
10,group07,Ga,3,5,12k_layer14_3,14,2.098322979539073,Ga_O_10,"(0, 0, 0)"
10,group07,Ga,3,5,12k_layer14_3,15,2.094827383098975,Ga_O_09,"(0, 0, 0)"
10,group07,Ga,3,5,12k_layer14_3,20,1.9844560439741377,Ga_O_05,"(0, 0, 0)"
10,group07,Ga,3,5,12k_layer14_3,24,2.098322979658534,Ga_O_10,"(0, 1, 0)"
10,group07,Ga,3,5,12k_layer14_3,27,1.925435983138288,Ga_O_04,"(0, 0, 0)"
10,group07,Ga,3,5,12k_layer14_3,30,1.9254359955204852,Ga_O_04,"(0, 0, 0)"
10,group07,Cr,3,6,12k_layer10_2,5,1.9254359120300575,Cr_O_04,"(0, 0, 0)"
10,group07,Cr,3,6,12k_layer10_2,12,1.98445595738215,Cr_O_05,"(-1, 0, 0)"
10,group07,Cr,3,6,12k_layer10_2,17,2.094827514410795,Cr_O_09,"(0, 0, 0)"
10,group07,Cr,3,6,12k_layer10_2,22,2.0983230321761726,Cr_O_10,"(-1, 0, 0)"
10,group07,Cr,3,6,12k_layer10_2,26,2.0983230324265865,Cr_O_10,"(0, 1, 0)"
10,group07,Cr,3,6,12k_layer10_2,33,1.9254359114895088,Cr_O_04,"(0, 0, 0)"
10,group07,Cr,4,7,12k_layer6_2,3,2.0983234538709605,Cr_O_10,"(0, -1, 0)"
10,group07,Cr,4,7,12k_layer6_2,4,1.9254355757587174,Cr_O_04,"(0, 0, 0)"
10,group07,Cr,4,7,12k_layer6_2,6,1.9844559567789064,Cr_O_05,"(0, -1, 0)"
10,group07,Cr,4,7,12k_layer6_2,13,2.0983234544081824,Cr_O_10,"(1, 0, 0)"
10,group07,Cr,4,7,12k_layer6_2,19,2.0948275151705045,Cr_O_09,"(0, 0, 0)"
10,group07,Cr,4,7,12k_layer6_2,38,1.9254355763634945,Cr_O_04,"(0, 0, 0)"
10,group07,Cr,5,8,12k_layer6_1,3,2.0983234541175877,Cr_O_10,"(0, 0, 0)"
10,group07,Cr,5,8,12k_layer6_1,6,1.9844559569613607,Cr_O_05,"(0, 0, 0)"
10,group07,Cr,5,8,12k_layer6_1,19,2.0948276379027013,Cr_O_09,"(0, 0, 0)"
10,group07,Cr,5,8,12k_layer6_1,28,1.9254355756093047,Cr_O_04,"(0, 0, 0)"
10,group07,Cr,5,8,12k_layer6_1,36,2.0983234546414,Cr_O_10,"(1, 0, 0)"
10,group07,Cr,5,8,12k_layer6_1,38,1.925435563604001,Cr_O_04,"(0, 0, 0)"
10,group07,Cr,6,9,12k_layer14_2,8,2.098322979647595,Cr_O_10,"(0, 1, 0)"
10,group07,Cr,6,9,12k_layer14_2,9,1.9254359955309297,Cr_O_04,"(0, 0, 0)"
10,group07,Cr,6,9,12k_layer14_2,14,2.098322979397181,Cr_O_10,"(-1, 0, 0)"
10,group07,Cr,6,9,12k_layer14_2,15,2.094827260728784,Cr_O_09,"(0, 0, 0)"
10,group07,Cr,6,9,12k_layer14_2,20,1.9844560438241048,Cr_O_05,"(-1, 0, 0)"
10,group07,Cr,6,9,12k_layer14_2,27,1.9254359960714784,Cr_O_04,"(0, 0, 0)"
10,group07,Cr,7,10,2a_layer16,8,1.9948520249218649,Cr_O_07,"(1, 1, 0)"
10,group07,Cr,7,10,2a_layer16,14,1.9948520252426432,Cr_O_07,"(0, 0, 0)"
10,group07,Cr,7,10,2a_layer16,24,1.9948520249218644,Cr_O_07,"(0, 1, 0)"
10,group07,Cr,7,10,2a_layer16,29,1.9948516604791149,Cr_O_07,"(1, 0, 1)"
10,group07,Cr,7,10,2a_layer16,32,1.9948516599281325,Cr_O_07,"(0, 0, 1)"
10,group07,Cr,7,10,2a_layer16,34,1.994851660087002,Cr_O_07,"(1, 1, 1)"
10,group07,Ga,4,11,12k_layer10_3,1,1.9254359114790642,Ga_O_04,"(0, 0, 0)"
10,group07,Ga,4,11,12k_layer10_3,5,1.9254358990968665,Ga_O_04,"(0, 0, 0)"
10,group07,Ga,4,11,12k_layer10_3,11,2.0983230324375253,Ga_O_10,"(0, 1, 0)"
10,group07,Ga,4,11,12k_layer10_3,12,1.9844559575321832,Ga_O_05,"(0, 0, 0)"
10,group07,Ga,4,11,12k_layer10_3,17,2.094827636780971,Ga_O_09,"(0, 0, 0)"
10,group07,Ga,4,11,12k_layer10_3,22,2.0983230323180644,Ga_O_10,"(0, 0, 0)"
10,group07,Cr,8,12,12k_layer10_1,1,1.9254359117748707,Cr_O_04,"(0, 0, 0)"
10,group07,Cr,8,12,12k_layer10_1,11,2.0983230324093904,Cr_O_10,"(-1, 0, 0)"
10,group07,Cr,8,12,12k_layer10_1,12,1.9844559572212264,Cr_O_05,"(-1, -1, 0)"
10,group07,Cr,8,12,12k_layer10_1,17,2.0948275137753765,Cr_O_09,"(0, 0, 0)"
10,group07,Cr,8,12,12k_layer10_1,26,2.098323031885578,Cr_O_10,"(0, 0, 0)"
10,group07,Cr,8,12,12k_layer10_1,33,1.9254359117748707,Cr_O_04,"(0, 0, 0)"
10,group07,Cr,9,13,12k_layer2_1,7,1.9844559569613596,Cr_O_05,"(0, 0, 0)"
10,group07,Cr,9,13,12k_layer2_1,18,1.925435563604,Cr_O_04,"(0, 0, 0)"
10,group07,Cr,9,13,12k_layer2_1,21,1.9254355756093033,Cr_O_04,"(0, 0, 0)"
10,group07,Cr,9,13,12k_layer2_1,29,2.0983234546414016,Cr_O_10,"(1, 0, 0)"
10,group07,Cr,9,13,12k_layer2_1,31,2.0948276379027027,Cr_O_09,"(0, 0, 0)"
10,group07,Cr,9,13,12k_layer2_1,32,2.0983234541175895,Cr_O_10,"(0, 0, 0)"
10,group07,Ga,5,14,2b_layer12,10,1.8700732788205217,Ga_O_01,"(0, 1, 0)"
10,group07,Ga,5,14,2b_layer12,12,2.2779384420000004,Ga_O_11,"(0, 0, 0)"
10,group07,Ga,5,14,2b_layer12,20,2.2779384410000003,Ga_O_11,"(0, 0, 0)"
10,group07,Ga,5,14,2b_layer12,23,1.870073507451236,Ga_O_01,"(1, 1, 0)"
10,group07,Ga,5,14,2b_layer12,37,1.870073355,Ga_O_01,"(0, 0, 0)"
10,group07,Ga,6,15,2a_layer8,3,1.9948516601706343,Ga_O_07,"(0, 0, 0)"
10,group07,Ga,6,15,2a_layer8,11,1.9948520770594027,Ga_O_07,"(0, 1, 0)"
10,group07,Ga,6,15,2a_layer8,13,1.994851660329504,Ga_O_07,"(1, 1, 0)"
10,group07,Ga,6,15,2a_layer8,22,1.9948520773801812,Ga_O_07,"(0, 0, 0)"
10,group07,Ga,6,15,2a_layer8,26,1.9948520770594032,Ga_O_07,"(1, 1, 0)"
10,group07,Ga,6,15,2a_layer8,36,1.9948516607216167,Ga_O_07,"(1, 0, 0)"
10,group07,Ga,7,16,2b_layer4,2,1.8700732794118144,Ga_O_01,"(1, 0, 0)"
10,group07,Ga,7,16,2b_layer4,6,2.277938441000001,Ga_O_11,"(0, 0, 0)"
10,group07,Ga,7,16,2b_layer4,7,2.2779384420000004,Ga_O_11,"(0, 0, 0)"
10,group07,Ga,7,16,2b_layer4,16,1.8700735073000085,Ga_O_01,"(1, 1, 0)"
10,group07,Ga,7,16,2b_layer4,35,1.870073355795254,Ga_O_01,"(0, 0, 0)"
10,group07,Ga,8,17,4f1_layer9,11,1.9084361294606749,Ga_O_02,"(0, 0, 0)"
10,group07,Ga,8,17,4f1_layer9,19,1.9091270429999996,Ga_O_03,"(0, 0, 0)"
10,group07,Ga,8,17,4f1_layer9,22,1.9084362745505044,Ga_O_02,"(0, 0, 0)"
10,group07,Ga,8,17,4f1_layer9,26,1.9084361294606744,Ga_O_02,"(0, 0, 0)"
10,group07,Ga,9,18,4f2_layer11,1,1.9849917587865524,Ga_O_06,"(0, 0, 0)"
10,group07,Ga,9,18,4f2_layer11,5,1.9849916384047732,Ga_O_06,"(0, -1, 0)"
10,group07,Ga,9,18,4f2_layer11,10,2.0663776487443304,Ga_O_08,"(0, 0, 0)"
10,group07,Ga,9,18,4f2_layer11,23,2.0663774783167193,Ga_O_08,"(0, 0, 0)"
10,group07,Ga,9,18,4f2_layer11,33,1.9849917593946298,Ga_O_06,"(1, 0, 0)"
10,group07,Ga,9,18,4f2_layer11,37,2.0663777054221355,Ga_O_08,"(0, 0, 0)"
10,group07,Ga,10,19,4f2_layer3,2,2.0663771907209756,Ga_O_08,"(0, 0, 0)"
10,group07,Ga,10,19,4f2_layer3,16,2.066377020121716,Ga_O_08,"(0, 0, 0)"
10,group07,Ga,10,19,4f2_layer3,18,1.9849922964805824,Ga_O_06,"(-1, 0, 0)"
10,group07,Ga,10,19,4f2_layer3,21,1.9849924174878968,Ga_O_06,"(0, 0, 0)"
10,group07,Ga,10,19,4f2_layer3,25,1.9849924184808014,Ga_O_06,"(0, 1, 0)"
10,group07,Ga,10,19,4f2_layer3,35,2.066377246884635,Ga_O_08,"(0, 0, 0)"
10,group07,Ga,11,20,4f1_layer7,3,1.9084360732701862,Ga_O_02,"(0, 0, 0)"
10,group07,Ga,11,20,4f1_layer7,13,1.9084359271385227,Ga_O_02,"(0, 0, 0)"
10,group07,Ga,11,20,4f1_layer7,17,1.909127043000001,Ga_O_03,"(0, 0, 0)"
10,group07,Ga,11,20,4f1_layer7,36,1.9084359275969722,Ga_O_02,"(0, 0, 0)"
10,group07,Ga,12,21,4f2_layer5,2,2.0663771900543897,Ga_O_08,"(0, 0, 0)"
10,group07,Ga,12,21,4f2_layer5,4,1.9849924184808014,Ga_O_06,"(0, 1, 0)"
10,group07,Ga,12,21,4f2_layer5,16,2.0663770194551296,Ga_O_08,"(0, 0, 0)"
10,group07,Ga,12,21,4f2_layer5,28,1.9849924174878968,Ga_O_06,"(0, 0, 0)"
10,group07,Ga,12,21,4f2_layer5,35,2.0663772462180487,Ga_O_08,"(0, 0, 0)"
10,group07,Ga,12,21,4f2_layer5,38,1.9849922964805824,Ga_O_06,"(-1, 0, 0)"
10,group07,Ga,13,22,4f1_layer1,15,1.9091273005999965,Ga_O_03,"(0, 0, -1)"
10,group07,Ga,13,22,4f1_layer1,29,1.9084359275969722,Ga_O_02,"(0, 0, 0)"
10,group07,Ga,13,22,4f1_layer1,32,1.9084360732701862,Ga_O_02,"(0, 0, 0)"
10,group07,Ga,13,22,4f1_layer1,34,1.9084359271385227,Ga_O_02,"(0, 0, 0)"
10,group07,Cr,10,23,4f2_layer13,9,1.9849917593946296,Cr_O_06,"(1, 0, 0)"
10,group07,Cr,10,23,4f2_layer13,10,2.0663776487443317,Cr_O_08,"(0, 0, 0)"
10,group07,Cr,10,23,4f2_layer13,23,2.0663774783167206,Cr_O_08,"(0, 0, 0)"
10,group07,Cr,10,23,4f2_layer13,27,1.984991638404773,Cr_O_06,"(0, -1, 0)"
10,group07,Cr,10,23,4f2_layer13,30,1.984991758786552,Cr_O_06,"(0, 0, 0)"
10,group07,Cr,10,23,4f2_layer13,37,2.066377705422137,Cr_O_08,"(0, 0, 0)"
10,group07,Ga,14,24,4f1_layer15,8,1.9084361547650497,Ga_O_02,"(0, 0, 0)"
10,group07,Ga,14,24,4f1_layer15,14,1.9084362998548778,Ga_O_02,"(0, 0, 0)"
10,group07,Ga,14,24,4f1_layer15,24,1.9084361547650501,Ga_O_02,"(0, 0, 0)"
10,group07,Ga,14,24,4f1_layer15,31,1.9091268705999949,Ga_O_03,"(0, 0, 1)"
10,group08,Sr,1,,,2,2.958098043228469,Sr_O_02,"(0, -1, 0)"
10,group08,Sr,1,,,4,2.864579795118219,Sr_O_01,"(0, 0, 0)"
10,group08,Sr,1,,,16,2.9580979326637595,Sr_O_02,"(1, 0, 0)"
10,group08,Sr,1,,,18,2.8645798765734263,Sr_O_01,"(0, 0, 0)"
10,group08,Sr,1,,,21,2.864579884642825,Sr_O_01,"(0, 0, 0)"
10,group08,Sr,1,,,25,2.8645797959311503,Sr_O_01,"(0, 0, 0)"
10,group08,Sr,1,,,28,2.864579883829894,Sr_O_01,"(0, 0, 0)"
10,group08,Sr,1,,,35,2.95809800345424,Sr_O_02,"(0, -1, 0)"
10,group08,Sr,1,,,38,2.8645798757604948,Sr_O_01,"(0, 0, 0)"
10,group08,Sr,2,,,1,2.8645793251769454,Sr_O_01,"(0, 0, 0)"
10,group08,Sr,2,,,5,2.8645793169995204,Sr_O_01,"(0, 0, 0)"
10,group08,Sr,2,,,9,2.8645792364135385,Sr_O_01,"(0, 0, 0)"
10,group08,Sr,2,,,10,2.9580980427214705,Sr_O_02,"(-1, 0, 0)"
10,group08,Sr,2,,,23,2.95809793284463,Sr_O_02,"(0, 1, 0)"
10,group08,Sr,2,,,27,2.8645793169995213,Sr_O_01,"(0, 0, 0)"
10,group08,Sr,2,,,30,2.8645793251769462,Sr_O_01,"(0, 0, 0)"
10,group08,Sr,2,,,33,2.864579236413537,Sr_O_01,"(0, 0, 0)"
10,group08,Sr,2,,,37,2.9580980035278155,Sr_O_02,"(-1, 0, 0)"
10,group08,Ga,1,1,12k_layer6_3,4,1.9254355757587174,Ga_O_04,"(0, 0, 0)"
10,group08,Ga,1,1,12k_layer6_3,6,1.9844559567789057,Ga_O_05,"(-1, -1, 0)"
10,group08,Ga,1,1,12k_layer6_3,13,2.0983234538406146,Ga_O_10,"(0, 0, 0)"
10,group08,Ga,1,1,12k_layer6_3,19,2.094827515170505,Ga_O_09,"(0, 0, 0)"
10,group08,Ga,1,1,12k_layer6_3,28,1.925435576196381,Ga_O_04,"(0, 0, 0)"
10,group08,Ga,1,1,12k_layer6_3,36,2.0983234538272053,Ga_O_10,"(0, -1, 0)"
10,group08,Ga,2,2,12k_layer2_3,7,1.9844559567789046,Ga_O_05,"(-1, -1, 0)"
10,group08,Ga,2,2,12k_layer2_3,21,1.9254355761963797,Ga_O_04,"(0, 0, 0)"
10,group08,Ga,2,2,12k_layer2_3,25,1.9254355757587163,Ga_O_04,"(0, 0, 0)"
10,group08,Ga,2,2,12k_layer2_3,29,2.098323453827207,Ga_O_10,"(0, -1, 0)"
10,group08,Ga,2,2,12k_layer2_3,31,2.0948275151705062,Ga_O_09,"(0, 0, 0)"
10,group08,Ga,2,2,12k_layer2_3,34,2.0983234538406164,Ga_O_10,"(0, 0, 0)"
10,group08,Cr,1,3,12k_layer14_1,8,2.0983229791065865,Cr_O_10,"(0, 0, 0)"
10,group08,Cr,1,3,12k_layer14_1,9,1.9254359958162917,Cr_O_04,"(0, 0, 0)"
10,group08,Cr,1,3,12k_layer14_1,15,2.094827260093365,Cr_O_09,"(0, 0, 0)"
10,group08,Cr,1,3,12k_layer14_1,20,1.9844560436631808,Cr_O_05,"(-1, -1, 0)"
10,group08,Cr,1,3,12k_layer14_1,24,2.0983229796303986,Cr_O_10,"(-1, 0, 0)"
10,group08,Cr,1,3,12k_layer14_1,30,1.9254359958162914,Cr_O_04,"(0, 0, 0)"
10,group08,Cr,2,4,12k_layer2_2,7,1.984455956778905,Cr_O_05,"(0, -1, 0)"
10,group08,Cr,2,4,12k_layer2_2,18,1.9254355763634932,Cr_O_04,"(0, 0, 0)"
10,group08,Cr,2,4,12k_layer2_2,25,1.925435575758716,Cr_O_04,"(0, 0, 0)"
10,group08,Cr,2,4,12k_layer2_2,31,2.094827515170506,Cr_O_09,"(0, 0, 0)"
10,group08,Cr,2,4,12k_layer2_2,32,2.0983234538709623,Cr_O_10,"(0, -1, 0)"
10,group08,Cr,2,4,12k_layer2_2,34,2.098323454408184,Cr_O_10,"(1, 0, 0)"
10,group08,Ga,3,5,12k_layer14_3,14,2.098322979539073,Ga_O_10,"(0, 0, 0)"
10,group08,Ga,3,5,12k_layer14_3,15,2.094827383098975,Ga_O_09,"(0, 0, 0)"
10,group08,Ga,3,5,12k_layer14_3,20,1.9844560439741377,Ga_O_05,"(0, 0, 0)"
10,group08,Ga,3,5,12k_layer14_3,24,2.098322979658534,Ga_O_10,"(0, 1, 0)"
10,group08,Ga,3,5,12k_layer14_3,27,1.925435983138288,Ga_O_04,"(0, 0, 0)"
10,group08,Ga,3,5,12k_layer14_3,30,1.9254359955204852,Ga_O_04,"(0, 0, 0)"
10,group08,Cr,3,6,12k_layer10_2,5,1.9254359120300575,Cr_O_04,"(0, 0, 0)"
10,group08,Cr,3,6,12k_layer10_2,12,1.98445595738215,Cr_O_05,"(-1, 0, 0)"
10,group08,Cr,3,6,12k_layer10_2,17,2.094827514410795,Cr_O_09,"(0, 0, 0)"
10,group08,Cr,3,6,12k_layer10_2,22,2.0983230321761726,Cr_O_10,"(-1, 0, 0)"
10,group08,Cr,3,6,12k_layer10_2,26,2.0983230324265865,Cr_O_10,"(0, 1, 0)"
10,group08,Cr,3,6,12k_layer10_2,33,1.9254359114895088,Cr_O_04,"(0, 0, 0)"
10,group08,Cr,4,7,12k_layer6_2,3,2.0983234538709605,Cr_O_10,"(0, -1, 0)"
10,group08,Cr,4,7,12k_layer6_2,4,1.9254355757587174,Cr_O_04,"(0, 0, 0)"
10,group08,Cr,4,7,12k_layer6_2,6,1.9844559567789064,Cr_O_05,"(0, -1, 0)"
10,group08,Cr,4,7,12k_layer6_2,13,2.0983234544081824,Cr_O_10,"(1, 0, 0)"
10,group08,Cr,4,7,12k_layer6_2,19,2.0948275151705045,Cr_O_09,"(0, 0, 0)"
10,group08,Cr,4,7,12k_layer6_2,38,1.9254355763634945,Cr_O_04,"(0, 0, 0)"
10,group08,Cr,5,8,12k_layer6_1,3,2.0983234541175877,Cr_O_10,"(0, 0, 0)"
10,group08,Cr,5,8,12k_layer6_1,6,1.9844559569613607,Cr_O_05,"(0, 0, 0)"
10,group08,Cr,5,8,12k_layer6_1,19,2.0948276379027013,Cr_O_09,"(0, 0, 0)"
10,group08,Cr,5,8,12k_layer6_1,28,1.9254355756093047,Cr_O_04,"(0, 0, 0)"
10,group08,Cr,5,8,12k_layer6_1,36,2.0983234546414,Cr_O_10,"(1, 0, 0)"
10,group08,Cr,5,8,12k_layer6_1,38,1.925435563604001,Cr_O_04,"(0, 0, 0)"
10,group08,Cr,6,9,12k_layer14_2,8,2.098322979647595,Cr_O_10,"(0, 1, 0)"
10,group08,Cr,6,9,12k_layer14_2,9,1.9254359955309297,Cr_O_04,"(0, 0, 0)"
10,group08,Cr,6,9,12k_layer14_2,14,2.098322979397181,Cr_O_10,"(-1, 0, 0)"
10,group08,Cr,6,9,12k_layer14_2,15,2.094827260728784,Cr_O_09,"(0, 0, 0)"
10,group08,Cr,6,9,12k_layer14_2,20,1.9844560438241048,Cr_O_05,"(-1, 0, 0)"
10,group08,Cr,6,9,12k_layer14_2,27,1.9254359960714784,Cr_O_04,"(0, 0, 0)"
10,group08,Ga,4,10,2a_layer16,8,1.9948520249218649,Ga_O_07,"(1, 1, 0)"
10,group08,Ga,4,10,2a_layer16,14,1.9948520252426432,Ga_O_07,"(0, 0, 0)"
10,group08,Ga,4,10,2a_layer16,24,1.9948520249218644,Ga_O_07,"(0, 1, 0)"
10,group08,Ga,4,10,2a_layer16,29,1.9948516604791149,Ga_O_07,"(1, 0, 1)"
10,group08,Ga,4,10,2a_layer16,32,1.9948516599281325,Ga_O_07,"(0, 0, 1)"
10,group08,Ga,4,10,2a_layer16,34,1.994851660087002,Ga_O_07,"(1, 1, 1)"
10,group08,Ga,5,11,12k_layer10_3,1,1.9254359114790642,Ga_O_04,"(0, 0, 0)"
10,group08,Ga,5,11,12k_layer10_3,5,1.9254358990968665,Ga_O_04,"(0, 0, 0)"
10,group08,Ga,5,11,12k_layer10_3,11,2.0983230324375253,Ga_O_10,"(0, 1, 0)"
10,group08,Ga,5,11,12k_layer10_3,12,1.9844559575321832,Ga_O_05,"(0, 0, 0)"
10,group08,Ga,5,11,12k_layer10_3,17,2.094827636780971,Ga_O_09,"(0, 0, 0)"
10,group08,Ga,5,11,12k_layer10_3,22,2.0983230323180644,Ga_O_10,"(0, 0, 0)"
10,group08,Cr,7,12,12k_layer10_1,1,1.9254359117748707,Cr_O_04,"(0, 0, 0)"
10,group08,Cr,7,12,12k_layer10_1,11,2.0983230324093904,Cr_O_10,"(-1, 0, 0)"
10,group08,Cr,7,12,12k_layer10_1,12,1.9844559572212264,Cr_O_05,"(-1, -1, 0)"
10,group08,Cr,7,12,12k_layer10_1,17,2.0948275137753765,Cr_O_09,"(0, 0, 0)"
10,group08,Cr,7,12,12k_layer10_1,26,2.098323031885578,Cr_O_10,"(0, 0, 0)"
10,group08,Cr,7,12,12k_layer10_1,33,1.9254359117748707,Cr_O_04,"(0, 0, 0)"
10,group08,Cr,8,13,12k_layer2_1,7,1.9844559569613596,Cr_O_05,"(0, 0, 0)"
10,group08,Cr,8,13,12k_layer2_1,18,1.925435563604,Cr_O_04,"(0, 0, 0)"
10,group08,Cr,8,13,12k_layer2_1,21,1.9254355756093033,Cr_O_04,"(0, 0, 0)"
10,group08,Cr,8,13,12k_layer2_1,29,2.0983234546414016,Cr_O_10,"(1, 0, 0)"
10,group08,Cr,8,13,12k_layer2_1,31,2.0948276379027027,Cr_O_09,"(0, 0, 0)"
10,group08,Cr,8,13,12k_layer2_1,32,2.0983234541175895,Cr_O_10,"(0, 0, 0)"
10,group08,Cr,9,14,2b_layer12,10,1.8700732788205217,Cr_O_01,"(0, 1, 0)"
10,group08,Cr,9,14,2b_layer12,12,2.2779384420000004,Cr_O_11,"(0, 0, 0)"
10,group08,Cr,9,14,2b_layer12,20,2.2779384410000003,Cr_O_11,"(0, 0, 0)"
10,group08,Cr,9,14,2b_layer12,23,1.870073507451236,Cr_O_01,"(1, 1, 0)"
10,group08,Cr,9,14,2b_layer12,37,1.870073355,Cr_O_01,"(0, 0, 0)"
10,group08,Ga,6,15,2a_layer8,3,1.9948516601706343,Ga_O_07,"(0, 0, 0)"
10,group08,Ga,6,15,2a_layer8,11,1.9948520770594027,Ga_O_07,"(0, 1, 0)"
10,group08,Ga,6,15,2a_layer8,13,1.994851660329504,Ga_O_07,"(1, 1, 0)"
10,group08,Ga,6,15,2a_layer8,22,1.9948520773801812,Ga_O_07,"(0, 0, 0)"
10,group08,Ga,6,15,2a_layer8,26,1.9948520770594032,Ga_O_07,"(1, 1, 0)"
10,group08,Ga,6,15,2a_layer8,36,1.9948516607216167,Ga_O_07,"(1, 0, 0)"
10,group08,Cr,10,16,2b_layer4,2,1.8700732794118144,Cr_O_01,"(1, 0, 0)"
10,group08,Cr,10,16,2b_layer4,6,2.277938441000001,Cr_O_11,"(0, 0, 0)"
10,group08,Cr,10,16,2b_layer4,7,2.2779384420000004,Cr_O_11,"(0, 0, 0)"
10,group08,Cr,10,16,2b_layer4,16,1.8700735073000085,Cr_O_01,"(1, 1, 0)"
10,group08,Cr,10,16,2b_layer4,35,1.870073355795254,Cr_O_01,"(0, 0, 0)"
10,group08,Ga,7,17,4f1_layer9,11,1.9084361294606749,Ga_O_02,"(0, 0, 0)"
10,group08,Ga,7,17,4f1_layer9,19,1.9091270429999996,Ga_O_03,"(0, 0, 0)"
10,group08,Ga,7,17,4f1_layer9,22,1.9084362745505044,Ga_O_02,"(0, 0, 0)"
10,group08,Ga,7,17,4f1_layer9,26,1.9084361294606744,Ga_O_02,"(0, 0, 0)"
10,group08,Ga,8,18,4f2_layer11,1,1.9849917587865524,Ga_O_06,"(0, 0, 0)"
10,group08,Ga,8,18,4f2_layer11,5,1.9849916384047732,Ga_O_06,"(0, -1, 0)"
10,group08,Ga,8,18,4f2_layer11,10,2.0663776487443304,Ga_O_08,"(0, 0, 0)"
10,group08,Ga,8,18,4f2_layer11,23,2.0663774783167193,Ga_O_08,"(0, 0, 0)"
10,group08,Ga,8,18,4f2_layer11,33,1.9849917593946298,Ga_O_06,"(1, 0, 0)"
10,group08,Ga,8,18,4f2_layer11,37,2.0663777054221355,Ga_O_08,"(0, 0, 0)"
10,group08,Ga,9,19,4f2_layer3,2,2.0663771907209756,Ga_O_08,"(0, 0, 0)"
10,group08,Ga,9,19,4f2_layer3,16,2.066377020121716,Ga_O_08,"(0, 0, 0)"
10,group08,Ga,9,19,4f2_layer3,18,1.9849922964805824,Ga_O_06,"(-1, 0, 0)"
10,group08,Ga,9,19,4f2_layer3,21,1.9849924174878968,Ga_O_06,"(0, 0, 0)"
10,group08,Ga,9,19,4f2_layer3,25,1.9849924184808014,Ga_O_06,"(0, 1, 0)"
10,group08,Ga,9,19,4f2_layer3,35,2.066377246884635,Ga_O_08,"(0, 0, 0)"
10,group08,Ga,10,20,4f1_layer7,3,1.9084360732701862,Ga_O_02,"(0, 0, 0)"
10,group08,Ga,10,20,4f1_layer7,13,1.9084359271385227,Ga_O_02,"(0, 0, 0)"
10,group08,Ga,10,20,4f1_layer7,17,1.909127043000001,Ga_O_03,"(0, 0, 0)"
10,group08,Ga,10,20,4f1_layer7,36,1.9084359275969722,Ga_O_02,"(0, 0, 0)"
10,group08,Ga,11,21,4f2_layer5,2,2.0663771900543897,Ga_O_08,"(0, 0, 0)"
10,group08,Ga,11,21,4f2_layer5,4,1.9849924184808014,Ga_O_06,"(0, 1, 0)"
10,group08,Ga,11,21,4f2_layer5,16,2.0663770194551296,Ga_O_08,"(0, 0, 0)"
10,group08,Ga,11,21,4f2_layer5,28,1.9849924174878968,Ga_O_06,"(0, 0, 0)"
10,group08,Ga,11,21,4f2_layer5,35,2.0663772462180487,Ga_O_08,"(0, 0, 0)"
10,group08,Ga,11,21,4f2_layer5,38,1.9849922964805824,Ga_O_06,"(-1, 0, 0)"
10,group08,Ga,12,22,4f1_layer1,15,1.9091273005999965,Ga_O_03,"(0, 0, -1)"
10,group08,Ga,12,22,4f1_layer1,29,1.9084359275969722,Ga_O_02,"(0, 0, 0)"
10,group08,Ga,12,22,4f1_layer1,32,1.9084360732701862,Ga_O_02,"(0, 0, 0)"
10,group08,Ga,12,22,4f1_layer1,34,1.9084359271385227,Ga_O_02,"(0, 0, 0)"
10,group08,Ga,13,23,4f2_layer13,9,1.9849917593946296,Ga_O_06,"(1, 0, 0)"
10,group08,Ga,13,23,4f2_layer13,10,2.0663776487443317,Ga_O_08,"(0, 0, 0)"
10,group08,Ga,13,23,4f2_layer13,23,2.0663774783167206,Ga_O_08,"(0, 0, 0)"
10,group08,Ga,13,23,4f2_layer13,27,1.984991638404773,Ga_O_06,"(0, -1, 0)"
10,group08,Ga,13,23,4f2_layer13,30,1.984991758786552,Ga_O_06,"(0, 0, 0)"
10,group08,Ga,13,23,4f2_layer13,37,2.066377705422137,Ga_O_08,"(0, 0, 0)"
10,group08,Ga,14,24,4f1_layer15,8,1.9084361547650497,Ga_O_02,"(0, 0, 0)"
10,group08,Ga,14,24,4f1_layer15,14,1.9084362998548778,Ga_O_02,"(0, 0, 0)"
10,group08,Ga,14,24,4f1_layer15,24,1.9084361547650501,Ga_O_02,"(0, 0, 0)"
10,group08,Ga,14,24,4f1_layer15,31,1.9091268705999949,Ga_O_03,"(0, 0, 1)"
10,group09,Sr,1,,,2,2.958098043228469,Sr_O_02,"(0, -1, 0)"
10,group09,Sr,1,,,4,2.864579795118219,Sr_O_01,"(0, 0, 0)"
10,group09,Sr,1,,,16,2.9580979326637595,Sr_O_02,"(1, 0, 0)"
10,group09,Sr,1,,,18,2.8645798765734263,Sr_O_01,"(0, 0, 0)"
10,group09,Sr,1,,,21,2.864579884642825,Sr_O_01,"(0, 0, 0)"
10,group09,Sr,1,,,25,2.8645797959311503,Sr_O_01,"(0, 0, 0)"
10,group09,Sr,1,,,28,2.864579883829894,Sr_O_01,"(0, 0, 0)"
10,group09,Sr,1,,,35,2.95809800345424,Sr_O_02,"(0, -1, 0)"
10,group09,Sr,1,,,38,2.8645798757604948,Sr_O_01,"(0, 0, 0)"
10,group09,Sr,2,,,1,2.8645793251769454,Sr_O_01,"(0, 0, 0)"
10,group09,Sr,2,,,5,2.8645793169995204,Sr_O_01,"(0, 0, 0)"
10,group09,Sr,2,,,9,2.8645792364135385,Sr_O_01,"(0, 0, 0)"
10,group09,Sr,2,,,10,2.9580980427214705,Sr_O_02,"(-1, 0, 0)"
10,group09,Sr,2,,,23,2.95809793284463,Sr_O_02,"(0, 1, 0)"
10,group09,Sr,2,,,27,2.8645793169995213,Sr_O_01,"(0, 0, 0)"
10,group09,Sr,2,,,30,2.8645793251769462,Sr_O_01,"(0, 0, 0)"
10,group09,Sr,2,,,33,2.864579236413537,Sr_O_01,"(0, 0, 0)"
10,group09,Sr,2,,,37,2.9580980035278155,Sr_O_02,"(-1, 0, 0)"
10,group09,Ga,1,1,12k_layer6_3,4,1.9254355757587174,Ga_O_04,"(0, 0, 0)"
10,group09,Ga,1,1,12k_layer6_3,6,1.9844559567789057,Ga_O_05,"(-1, -1, 0)"
10,group09,Ga,1,1,12k_layer6_3,13,2.0983234538406146,Ga_O_10,"(0, 0, 0)"
10,group09,Ga,1,1,12k_layer6_3,19,2.094827515170505,Ga_O_09,"(0, 0, 0)"
10,group09,Ga,1,1,12k_layer6_3,28,1.925435576196381,Ga_O_04,"(0, 0, 0)"
10,group09,Ga,1,1,12k_layer6_3,36,2.0983234538272053,Ga_O_10,"(0, -1, 0)"
10,group09,Ga,2,2,12k_layer2_3,7,1.9844559567789046,Ga_O_05,"(-1, -1, 0)"
10,group09,Ga,2,2,12k_layer2_3,21,1.9254355761963797,Ga_O_04,"(0, 0, 0)"
10,group09,Ga,2,2,12k_layer2_3,25,1.9254355757587163,Ga_O_04,"(0, 0, 0)"
10,group09,Ga,2,2,12k_layer2_3,29,2.098323453827207,Ga_O_10,"(0, -1, 0)"
10,group09,Ga,2,2,12k_layer2_3,31,2.0948275151705062,Ga_O_09,"(0, 0, 0)"
10,group09,Ga,2,2,12k_layer2_3,34,2.0983234538406164,Ga_O_10,"(0, 0, 0)"
10,group09,Cr,1,3,12k_layer14_1,8,2.0983229791065865,Cr_O_10,"(0, 0, 0)"
10,group09,Cr,1,3,12k_layer14_1,9,1.9254359958162917,Cr_O_04,"(0, 0, 0)"
10,group09,Cr,1,3,12k_layer14_1,15,2.094827260093365,Cr_O_09,"(0, 0, 0)"
10,group09,Cr,1,3,12k_layer14_1,20,1.9844560436631808,Cr_O_05,"(-1, -1, 0)"
10,group09,Cr,1,3,12k_layer14_1,24,2.0983229796303986,Cr_O_10,"(-1, 0, 0)"
10,group09,Cr,1,3,12k_layer14_1,30,1.9254359958162914,Cr_O_04,"(0, 0, 0)"
10,group09,Cr,2,4,12k_layer2_2,7,1.984455956778905,Cr_O_05,"(0, -1, 0)"
10,group09,Cr,2,4,12k_layer2_2,18,1.9254355763634932,Cr_O_04,"(0, 0, 0)"
10,group09,Cr,2,4,12k_layer2_2,25,1.925435575758716,Cr_O_04,"(0, 0, 0)"
10,group09,Cr,2,4,12k_layer2_2,31,2.094827515170506,Cr_O_09,"(0, 0, 0)"
10,group09,Cr,2,4,12k_layer2_2,32,2.0983234538709623,Cr_O_10,"(0, -1, 0)"
10,group09,Cr,2,4,12k_layer2_2,34,2.098323454408184,Cr_O_10,"(1, 0, 0)"
10,group09,Ga,3,5,12k_layer14_3,14,2.098322979539073,Ga_O_10,"(0, 0, 0)"
10,group09,Ga,3,5,12k_layer14_3,15,2.094827383098975,Ga_O_09,"(0, 0, 0)"
10,group09,Ga,3,5,12k_layer14_3,20,1.9844560439741377,Ga_O_05,"(0, 0, 0)"
10,group09,Ga,3,5,12k_layer14_3,24,2.098322979658534,Ga_O_10,"(0, 1, 0)"
10,group09,Ga,3,5,12k_layer14_3,27,1.925435983138288,Ga_O_04,"(0, 0, 0)"
10,group09,Ga,3,5,12k_layer14_3,30,1.9254359955204852,Ga_O_04,"(0, 0, 0)"
10,group09,Cr,3,6,12k_layer10_2,5,1.9254359120300575,Cr_O_04,"(0, 0, 0)"
10,group09,Cr,3,6,12k_layer10_2,12,1.98445595738215,Cr_O_05,"(-1, 0, 0)"
10,group09,Cr,3,6,12k_layer10_2,17,2.094827514410795,Cr_O_09,"(0, 0, 0)"
10,group09,Cr,3,6,12k_layer10_2,22,2.0983230321761726,Cr_O_10,"(-1, 0, 0)"
10,group09,Cr,3,6,12k_layer10_2,26,2.0983230324265865,Cr_O_10,"(0, 1, 0)"
10,group09,Cr,3,6,12k_layer10_2,33,1.9254359114895088,Cr_O_04,"(0, 0, 0)"
10,group09,Cr,4,7,12k_layer6_2,3,2.0983234538709605,Cr_O_10,"(0, -1, 0)"
10,group09,Cr,4,7,12k_layer6_2,4,1.9254355757587174,Cr_O_04,"(0, 0, 0)"
10,group09,Cr,4,7,12k_layer6_2,6,1.9844559567789064,Cr_O_05,"(0, -1, 0)"
10,group09,Cr,4,7,12k_layer6_2,13,2.0983234544081824,Cr_O_10,"(1, 0, 0)"
10,group09,Cr,4,7,12k_layer6_2,19,2.0948275151705045,Cr_O_09,"(0, 0, 0)"
10,group09,Cr,4,7,12k_layer6_2,38,1.9254355763634945,Cr_O_04,"(0, 0, 0)"
10,group09,Cr,5,8,12k_layer6_1,3,2.0983234541175877,Cr_O_10,"(0, 0, 0)"
10,group09,Cr,5,8,12k_layer6_1,6,1.9844559569613607,Cr_O_05,"(0, 0, 0)"
10,group09,Cr,5,8,12k_layer6_1,19,2.0948276379027013,Cr_O_09,"(0, 0, 0)"
10,group09,Cr,5,8,12k_layer6_1,28,1.9254355756093047,Cr_O_04,"(0, 0, 0)"
10,group09,Cr,5,8,12k_layer6_1,36,2.0983234546414,Cr_O_10,"(1, 0, 0)"
10,group09,Cr,5,8,12k_layer6_1,38,1.925435563604001,Cr_O_04,"(0, 0, 0)"
10,group09,Cr,6,9,12k_layer14_2,8,2.098322979647595,Cr_O_10,"(0, 1, 0)"
10,group09,Cr,6,9,12k_layer14_2,9,1.9254359955309297,Cr_O_04,"(0, 0, 0)"
10,group09,Cr,6,9,12k_layer14_2,14,2.098322979397181,Cr_O_10,"(-1, 0, 0)"
10,group09,Cr,6,9,12k_layer14_2,15,2.094827260728784,Cr_O_09,"(0, 0, 0)"
10,group09,Cr,6,9,12k_layer14_2,20,1.9844560438241048,Cr_O_05,"(-1, 0, 0)"
10,group09,Cr,6,9,12k_layer14_2,27,1.9254359960714784,Cr_O_04,"(0, 0, 0)"
10,group09,Ga,4,10,2a_layer16,8,1.9948520249218649,Ga_O_07,"(1, 1, 0)"
10,group09,Ga,4,10,2a_layer16,14,1.9948520252426432,Ga_O_07,"(0, 0, 0)"
10,group09,Ga,4,10,2a_layer16,24,1.9948520249218644,Ga_O_07,"(0, 1, 0)"
10,group09,Ga,4,10,2a_layer16,29,1.9948516604791149,Ga_O_07,"(1, 0, 1)"
10,group09,Ga,4,10,2a_layer16,32,1.9948516599281325,Ga_O_07,"(0, 0, 1)"
10,group09,Ga,4,10,2a_layer16,34,1.994851660087002,Ga_O_07,"(1, 1, 1)"
10,group09,Ga,5,11,12k_layer10_3,1,1.9254359114790642,Ga_O_04,"(0, 0, 0)"
10,group09,Ga,5,11,12k_layer10_3,5,1.9254358990968665,Ga_O_04,"(0, 0, 0)"
10,group09,Ga,5,11,12k_layer10_3,11,2.0983230324375253,Ga_O_10,"(0, 1, 0)"
10,group09,Ga,5,11,12k_layer10_3,12,1.9844559575321832,Ga_O_05,"(0, 0, 0)"
10,group09,Ga,5,11,12k_layer10_3,17,2.094827636780971,Ga_O_09,"(0, 0, 0)"
10,group09,Ga,5,11,12k_layer10_3,22,2.0983230323180644,Ga_O_10,"(0, 0, 0)"
10,group09,Cr,7,12,12k_layer10_1,1,1.9254359117748707,Cr_O_04,"(0, 0, 0)"
10,group09,Cr,7,12,12k_layer10_1,11,2.0983230324093904,Cr_O_10,"(-1, 0, 0)"
10,group09,Cr,7,12,12k_layer10_1,12,1.9844559572212264,Cr_O_05,"(-1, -1, 0)"
10,group09,Cr,7,12,12k_layer10_1,17,2.0948275137753765,Cr_O_09,"(0, 0, 0)"
10,group09,Cr,7,12,12k_layer10_1,26,2.098323031885578,Cr_O_10,"(0, 0, 0)"
10,group09,Cr,7,12,12k_layer10_1,33,1.9254359117748707,Cr_O_04,"(0, 0, 0)"
10,group09,Cr,8,13,12k_layer2_1,7,1.9844559569613596,Cr_O_05,"(0, 0, 0)"
10,group09,Cr,8,13,12k_layer2_1,18,1.925435563604,Cr_O_04,"(0, 0, 0)"
10,group09,Cr,8,13,12k_layer2_1,21,1.9254355756093033,Cr_O_04,"(0, 0, 0)"
10,group09,Cr,8,13,12k_layer2_1,29,2.0983234546414016,Cr_O_10,"(1, 0, 0)"
10,group09,Cr,8,13,12k_layer2_1,31,2.0948276379027027,Cr_O_09,"(0, 0, 0)"
10,group09,Cr,8,13,12k_layer2_1,32,2.0983234541175895,Cr_O_10,"(0, 0, 0)"
10,group09,Ga,6,14,2b_layer12,10,1.8700732788205217,Ga_O_01,"(0, 1, 0)"
10,group09,Ga,6,14,2b_layer12,12,2.2779384420000004,Ga_O_11,"(0, 0, 0)"
10,group09,Ga,6,14,2b_layer12,20,2.2779384410000003,Ga_O_11,"(0, 0, 0)"
10,group09,Ga,6,14,2b_layer12,23,1.870073507451236,Ga_O_01,"(1, 1, 0)"
10,group09,Ga,6,14,2b_layer12,37,1.870073355,Ga_O_01,"(0, 0, 0)"
10,group09,Ga,7,15,2a_layer8,3,1.9948516601706343,Ga_O_07,"(0, 0, 0)"
10,group09,Ga,7,15,2a_layer8,11,1.9948520770594027,Ga_O_07,"(0, 1, 0)"
10,group09,Ga,7,15,2a_layer8,13,1.994851660329504,Ga_O_07,"(1, 1, 0)"
10,group09,Ga,7,15,2a_layer8,22,1.9948520773801812,Ga_O_07,"(0, 0, 0)"
10,group09,Ga,7,15,2a_layer8,26,1.9948520770594032,Ga_O_07,"(1, 1, 0)"
10,group09,Ga,7,15,2a_layer8,36,1.9948516607216167,Ga_O_07,"(1, 0, 0)"
10,group09,Ga,8,16,2b_layer4,2,1.8700732794118144,Ga_O_01,"(1, 0, 0)"
10,group09,Ga,8,16,2b_layer4,6,2.277938441000001,Ga_O_11,"(0, 0, 0)"
10,group09,Ga,8,16,2b_layer4,7,2.2779384420000004,Ga_O_11,"(0, 0, 0)"
10,group09,Ga,8,16,2b_layer4,16,1.8700735073000085,Ga_O_01,"(1, 1, 0)"
10,group09,Ga,8,16,2b_layer4,35,1.870073355795254,Ga_O_01,"(0, 0, 0)"
10,group09,Cr,9,17,4f1_layer9,11,1.9084361294606749,Cr_O_02,"(0, 0, 0)"
10,group09,Cr,9,17,4f1_layer9,19,1.9091270429999996,Cr_O_03,"(0, 0, 0)"
10,group09,Cr,9,17,4f1_layer9,22,1.9084362745505044,Cr_O_02,"(0, 0, 0)"
10,group09,Cr,9,17,4f1_layer9,26,1.9084361294606744,Cr_O_02,"(0, 0, 0)"
10,group09,Ga,9,18,4f2_layer11,1,1.9849917587865524,Ga_O_06,"(0, 0, 0)"
10,group09,Ga,9,18,4f2_layer11,5,1.9849916384047732,Ga_O_06,"(0, -1, 0)"
10,group09,Ga,9,18,4f2_layer11,10,2.0663776487443304,Ga_O_08,"(0, 0, 0)"
10,group09,Ga,9,18,4f2_layer11,23,2.0663774783167193,Ga_O_08,"(0, 0, 0)"
10,group09,Ga,9,18,4f2_layer11,33,1.9849917593946298,Ga_O_06,"(1, 0, 0)"
10,group09,Ga,9,18,4f2_layer11,37,2.0663777054221355,Ga_O_08,"(0, 0, 0)"
10,group09,Ga,10,19,4f2_layer3,2,2.0663771907209756,Ga_O_08,"(0, 0, 0)"
10,group09,Ga,10,19,4f2_layer3,16,2.066377020121716,Ga_O_08,"(0, 0, 0)"
10,group09,Ga,10,19,4f2_layer3,18,1.9849922964805824,Ga_O_06,"(-1, 0, 0)"
10,group09,Ga,10,19,4f2_layer3,21,1.9849924174878968,Ga_O_06,"(0, 0, 0)"
10,group09,Ga,10,19,4f2_layer3,25,1.9849924184808014,Ga_O_06,"(0, 1, 0)"
10,group09,Ga,10,19,4f2_layer3,35,2.066377246884635,Ga_O_08,"(0, 0, 0)"
10,group09,Ga,11,20,4f1_layer7,3,1.9084360732701862,Ga_O_02,"(0, 0, 0)"
10,group09,Ga,11,20,4f1_layer7,13,1.9084359271385227,Ga_O_02,"(0, 0, 0)"
10,group09,Ga,11,20,4f1_layer7,17,1.909127043000001,Ga_O_03,"(0, 0, 0)"
10,group09,Ga,11,20,4f1_layer7,36,1.9084359275969722,Ga_O_02,"(0, 0, 0)"
10,group09,Ga,12,21,4f2_layer5,2,2.0663771900543897,Ga_O_08,"(0, 0, 0)"
10,group09,Ga,12,21,4f2_layer5,4,1.9849924184808014,Ga_O_06,"(0, 1, 0)"
10,group09,Ga,12,21,4f2_layer5,16,2.0663770194551296,Ga_O_08,"(0, 0, 0)"
10,group09,Ga,12,21,4f2_layer5,28,1.9849924174878968,Ga_O_06,"(0, 0, 0)"
10,group09,Ga,12,21,4f2_layer5,35,2.0663772462180487,Ga_O_08,"(0, 0, 0)"
10,group09,Ga,12,21,4f2_layer5,38,1.9849922964805824,Ga_O_06,"(-1, 0, 0)"
10,group09,Cr,10,22,4f1_layer1,15,1.9091273005999965,Cr_O_03,"(0, 0, -1)"
10,group09,Cr,10,22,4f1_layer1,29,1.9084359275969722,Cr_O_02,"(0, 0, 0)"
10,group09,Cr,10,22,4f1_layer1,32,1.9084360732701862,Cr_O_02,"(0, 0, 0)"
10,group09,Cr,10,22,4f1_layer1,34,1.9084359271385227,Cr_O_02,"(0, 0, 0)"
10,group09,Ga,13,23,4f2_layer13,9,1.9849917593946296,Ga_O_06,"(1, 0, 0)"
10,group09,Ga,13,23,4f2_layer13,10,2.0663776487443317,Ga_O_08,"(0, 0, 0)"
10,group09,Ga,13,23,4f2_layer13,23,2.0663774783167206,Ga_O_08,"(0, 0, 0)"
10,group09,Ga,13,23,4f2_layer13,27,1.984991638404773,Ga_O_06,"(0, -1, 0)"
10,group09,Ga,13,23,4f2_layer13,30,1.984991758786552,Ga_O_06,"(0, 0, 0)"
10,group09,Ga,13,23,4f2_layer13,37,2.066377705422137,Ga_O_08,"(0, 0, 0)"
10,group09,Ga,14,24,4f1_layer15,8,1.9084361547650497,Ga_O_02,"(0, 0, 0)"
10,group09,Ga,14,24,4f1_layer15,14,1.9084362998548778,Ga_O_02,"(0, 0, 0)"
10,group09,Ga,14,24,4f1_layer15,24,1.9084361547650501,Ga_O_02,"(0, 0, 0)"
10,group09,Ga,14,24,4f1_layer15,31,1.9091268705999949,Ga_O_03,"(0, 0, 1)"
10,group10,Sr,1,,,2,2.958098043228469,Sr_O_02,"(0, -1, 0)"
10,group10,Sr,1,,,4,2.864579795118219,Sr_O_01,"(0, 0, 0)"
10,group10,Sr,1,,,16,2.9580979326637595,Sr_O_02,"(1, 0, 0)"
10,group10,Sr,1,,,18,2.8645798765734263,Sr_O_01,"(0, 0, 0)"
10,group10,Sr,1,,,21,2.864579884642825,Sr_O_01,"(0, 0, 0)"
10,group10,Sr,1,,,25,2.8645797959311503,Sr_O_01,"(0, 0, 0)"
10,group10,Sr,1,,,28,2.864579883829894,Sr_O_01,"(0, 0, 0)"
10,group10,Sr,1,,,35,2.95809800345424,Sr_O_02,"(0, -1, 0)"
10,group10,Sr,1,,,38,2.8645798757604948,Sr_O_01,"(0, 0, 0)"
10,group10,Sr,2,,,1,2.8645793251769454,Sr_O_01,"(0, 0, 0)"
10,group10,Sr,2,,,5,2.8645793169995204,Sr_O_01,"(0, 0, 0)"
10,group10,Sr,2,,,9,2.8645792364135385,Sr_O_01,"(0, 0, 0)"
10,group10,Sr,2,,,10,2.9580980427214705,Sr_O_02,"(-1, 0, 0)"
10,group10,Sr,2,,,23,2.95809793284463,Sr_O_02,"(0, 1, 0)"
10,group10,Sr,2,,,27,2.8645793169995213,Sr_O_01,"(0, 0, 0)"
10,group10,Sr,2,,,30,2.8645793251769462,Sr_O_01,"(0, 0, 0)"
10,group10,Sr,2,,,33,2.864579236413537,Sr_O_01,"(0, 0, 0)"
10,group10,Sr,2,,,37,2.9580980035278155,Sr_O_02,"(-1, 0, 0)"
10,group10,Ga,1,1,12k_layer6_3,4,1.9254355757587174,Ga_O_04,"(0, 0, 0)"
10,group10,Ga,1,1,12k_layer6_3,6,1.9844559567789057,Ga_O_05,"(-1, -1, 0)"
10,group10,Ga,1,1,12k_layer6_3,13,2.0983234538406146,Ga_O_10,"(0, 0, 0)"
10,group10,Ga,1,1,12k_layer6_3,19,2.094827515170505,Ga_O_09,"(0, 0, 0)"
10,group10,Ga,1,1,12k_layer6_3,28,1.925435576196381,Ga_O_04,"(0, 0, 0)"
10,group10,Ga,1,1,12k_layer6_3,36,2.0983234538272053,Ga_O_10,"(0, -1, 0)"
10,group10,Ga,2,2,12k_layer2_3,7,1.9844559567789046,Ga_O_05,"(-1, -1, 0)"
10,group10,Ga,2,2,12k_layer2_3,21,1.9254355761963797,Ga_O_04,"(0, 0, 0)"
10,group10,Ga,2,2,12k_layer2_3,25,1.9254355757587163,Ga_O_04,"(0, 0, 0)"
10,group10,Ga,2,2,12k_layer2_3,29,2.098323453827207,Ga_O_10,"(0, -1, 0)"
10,group10,Ga,2,2,12k_layer2_3,31,2.0948275151705062,Ga_O_09,"(0, 0, 0)"
10,group10,Ga,2,2,12k_layer2_3,34,2.0983234538406164,Ga_O_10,"(0, 0, 0)"
10,group10,Cr,1,3,12k_layer14_1,8,2.0983229791065865,Cr_O_10,"(0, 0, 0)"
10,group10,Cr,1,3,12k_layer14_1,9,1.9254359958162917,Cr_O_04,"(0, 0, 0)"
10,group10,Cr,1,3,12k_layer14_1,15,2.094827260093365,Cr_O_09,"(0, 0, 0)"
10,group10,Cr,1,3,12k_layer14_1,20,1.9844560436631808,Cr_O_05,"(-1, -1, 0)"
10,group10,Cr,1,3,12k_layer14_1,24,2.0983229796303986,Cr_O_10,"(-1, 0, 0)"
10,group10,Cr,1,3,12k_layer14_1,30,1.9254359958162914,Cr_O_04,"(0, 0, 0)"
10,group10,Cr,2,4,12k_layer2_2,7,1.984455956778905,Cr_O_05,"(0, -1, 0)"
10,group10,Cr,2,4,12k_layer2_2,18,1.9254355763634932,Cr_O_04,"(0, 0, 0)"
10,group10,Cr,2,4,12k_layer2_2,25,1.925435575758716,Cr_O_04,"(0, 0, 0)"
10,group10,Cr,2,4,12k_layer2_2,31,2.094827515170506,Cr_O_09,"(0, 0, 0)"
10,group10,Cr,2,4,12k_layer2_2,32,2.0983234538709623,Cr_O_10,"(0, -1, 0)"
10,group10,Cr,2,4,12k_layer2_2,34,2.098323454408184,Cr_O_10,"(1, 0, 0)"
10,group10,Ga,3,5,12k_layer14_3,14,2.098322979539073,Ga_O_10,"(0, 0, 0)"
10,group10,Ga,3,5,12k_layer14_3,15,2.094827383098975,Ga_O_09,"(0, 0, 0)"
10,group10,Ga,3,5,12k_layer14_3,20,1.9844560439741377,Ga_O_05,"(0, 0, 0)"
10,group10,Ga,3,5,12k_layer14_3,24,2.098322979658534,Ga_O_10,"(0, 1, 0)"
10,group10,Ga,3,5,12k_layer14_3,27,1.925435983138288,Ga_O_04,"(0, 0, 0)"
10,group10,Ga,3,5,12k_layer14_3,30,1.9254359955204852,Ga_O_04,"(0, 0, 0)"
10,group10,Cr,3,6,12k_layer10_2,5,1.9254359120300575,Cr_O_04,"(0, 0, 0)"
10,group10,Cr,3,6,12k_layer10_2,12,1.98445595738215,Cr_O_05,"(-1, 0, 0)"
10,group10,Cr,3,6,12k_layer10_2,17,2.094827514410795,Cr_O_09,"(0, 0, 0)"
10,group10,Cr,3,6,12k_layer10_2,22,2.0983230321761726,Cr_O_10,"(-1, 0, 0)"
10,group10,Cr,3,6,12k_layer10_2,26,2.0983230324265865,Cr_O_10,"(0, 1, 0)"
10,group10,Cr,3,6,12k_layer10_2,33,1.9254359114895088,Cr_O_04,"(0, 0, 0)"
10,group10,Cr,4,7,12k_layer6_2,3,2.0983234538709605,Cr_O_10,"(0, -1, 0)"
10,group10,Cr,4,7,12k_layer6_2,4,1.9254355757587174,Cr_O_04,"(0, 0, 0)"
10,group10,Cr,4,7,12k_layer6_2,6,1.9844559567789064,Cr_O_05,"(0, -1, 0)"
10,group10,Cr,4,7,12k_layer6_2,13,2.0983234544081824,Cr_O_10,"(1, 0, 0)"
10,group10,Cr,4,7,12k_layer6_2,19,2.0948275151705045,Cr_O_09,"(0, 0, 0)"
10,group10,Cr,4,7,12k_layer6_2,38,1.9254355763634945,Cr_O_04,"(0, 0, 0)"
10,group10,Cr,5,8,12k_layer6_1,3,2.0983234541175877,Cr_O_10,"(0, 0, 0)"
10,group10,Cr,5,8,12k_layer6_1,6,1.9844559569613607,Cr_O_05,"(0, 0, 0)"
10,group10,Cr,5,8,12k_layer6_1,19,2.0948276379027013,Cr_O_09,"(0, 0, 0)"
10,group10,Cr,5,8,12k_layer6_1,28,1.9254355756093047,Cr_O_04,"(0, 0, 0)"
10,group10,Cr,5,8,12k_layer6_1,36,2.0983234546414,Cr_O_10,"(1, 0, 0)"
10,group10,Cr,5,8,12k_layer6_1,38,1.925435563604001,Cr_O_04,"(0, 0, 0)"
10,group10,Cr,6,9,12k_layer14_2,8,2.098322979647595,Cr_O_10,"(0, 1, 0)"
10,group10,Cr,6,9,12k_layer14_2,9,1.9254359955309297,Cr_O_04,"(0, 0, 0)"
10,group10,Cr,6,9,12k_layer14_2,14,2.098322979397181,Cr_O_10,"(-1, 0, 0)"
10,group10,Cr,6,9,12k_layer14_2,15,2.094827260728784,Cr_O_09,"(0, 0, 0)"
10,group10,Cr,6,9,12k_layer14_2,20,1.9844560438241048,Cr_O_05,"(-1, 0, 0)"
10,group10,Cr,6,9,12k_layer14_2,27,1.9254359960714784,Cr_O_04,"(0, 0, 0)"
10,group10,Ga,4,10,2a_layer16,8,1.9948520249218649,Ga_O_07,"(1, 1, 0)"
10,group10,Ga,4,10,2a_layer16,14,1.9948520252426432,Ga_O_07,"(0, 0, 0)"
10,group10,Ga,4,10,2a_layer16,24,1.9948520249218644,Ga_O_07,"(0, 1, 0)"
10,group10,Ga,4,10,2a_layer16,29,1.9948516604791149,Ga_O_07,"(1, 0, 1)"
10,group10,Ga,4,10,2a_layer16,32,1.9948516599281325,Ga_O_07,"(0, 0, 1)"
10,group10,Ga,4,10,2a_layer16,34,1.994851660087002,Ga_O_07,"(1, 1, 1)"
10,group10,Ga,5,11,12k_layer10_3,1,1.9254359114790642,Ga_O_04,"(0, 0, 0)"
10,group10,Ga,5,11,12k_layer10_3,5,1.9254358990968665,Ga_O_04,"(0, 0, 0)"
10,group10,Ga,5,11,12k_layer10_3,11,2.0983230324375253,Ga_O_10,"(0, 1, 0)"
10,group10,Ga,5,11,12k_layer10_3,12,1.9844559575321832,Ga_O_05,"(0, 0, 0)"
10,group10,Ga,5,11,12k_layer10_3,17,2.094827636780971,Ga_O_09,"(0, 0, 0)"
10,group10,Ga,5,11,12k_layer10_3,22,2.0983230323180644,Ga_O_10,"(0, 0, 0)"
10,group10,Cr,7,12,12k_layer10_1,1,1.9254359117748707,Cr_O_04,"(0, 0, 0)"
10,group10,Cr,7,12,12k_layer10_1,11,2.0983230324093904,Cr_O_10,"(-1, 0, 0)"
10,group10,Cr,7,12,12k_layer10_1,12,1.9844559572212264,Cr_O_05,"(-1, -1, 0)"
10,group10,Cr,7,12,12k_layer10_1,17,2.0948275137753765,Cr_O_09,"(0, 0, 0)"
10,group10,Cr,7,12,12k_layer10_1,26,2.098323031885578,Cr_O_10,"(0, 0, 0)"
10,group10,Cr,7,12,12k_layer10_1,33,1.9254359117748707,Cr_O_04,"(0, 0, 0)"
10,group10,Cr,8,13,12k_layer2_1,7,1.9844559569613596,Cr_O_05,"(0, 0, 0)"
10,group10,Cr,8,13,12k_layer2_1,18,1.925435563604,Cr_O_04,"(0, 0, 0)"
10,group10,Cr,8,13,12k_layer2_1,21,1.9254355756093033,Cr_O_04,"(0, 0, 0)"
10,group10,Cr,8,13,12k_layer2_1,29,2.0983234546414016,Cr_O_10,"(1, 0, 0)"
10,group10,Cr,8,13,12k_layer2_1,31,2.0948276379027027,Cr_O_09,"(0, 0, 0)"
10,group10,Cr,8,13,12k_layer2_1,32,2.0983234541175895,Cr_O_10,"(0, 0, 0)"
10,group10,Ga,6,14,2b_layer12,10,1.8700732788205217,Ga_O_01,"(0, 1, 0)"
10,group10,Ga,6,14,2b_layer12,12,2.2779384420000004,Ga_O_11,"(0, 0, 0)"
10,group10,Ga,6,14,2b_layer12,20,2.2779384410000003,Ga_O_11,"(0, 0, 0)"
10,group10,Ga,6,14,2b_layer12,23,1.870073507451236,Ga_O_01,"(1, 1, 0)"
10,group10,Ga,6,14,2b_layer12,37,1.870073355,Ga_O_01,"(0, 0, 0)"
10,group10,Ga,7,15,2a_layer8,3,1.9948516601706343,Ga_O_07,"(0, 0, 0)"
10,group10,Ga,7,15,2a_layer8,11,1.9948520770594027,Ga_O_07,"(0, 1, 0)"
10,group10,Ga,7,15,2a_layer8,13,1.994851660329504,Ga_O_07,"(1, 1, 0)"
10,group10,Ga,7,15,2a_layer8,22,1.9948520773801812,Ga_O_07,"(0, 0, 0)"
10,group10,Ga,7,15,2a_layer8,26,1.9948520770594032,Ga_O_07,"(1, 1, 0)"
10,group10,Ga,7,15,2a_layer8,36,1.9948516607216167,Ga_O_07,"(1, 0, 0)"
10,group10,Cr,9,16,2b_layer4,2,1.8700732794118144,Cr_O_01,"(1, 0, 0)"
10,group10,Cr,9,16,2b_layer4,6,2.277938441000001,Cr_O_11,"(0, 0, 0)"
10,group10,Cr,9,16,2b_layer4,7,2.2779384420000004,Cr_O_11,"(0, 0, 0)"
10,group10,Cr,9,16,2b_layer4,16,1.8700735073000085,Cr_O_01,"(1, 1, 0)"
10,group10,Cr,9,16,2b_layer4,35,1.870073355795254,Cr_O_01,"(0, 0, 0)"
10,group10,Ga,8,17,4f1_layer9,11,1.9084361294606749,Ga_O_02,"(0, 0, 0)"
10,group10,Ga,8,17,4f1_layer9,19,1.9091270429999996,Ga_O_03,"(0, 0, 0)"
10,group10,Ga,8,17,4f1_layer9,22,1.9084362745505044,Ga_O_02,"(0, 0, 0)"
10,group10,Ga,8,17,4f1_layer9,26,1.9084361294606744,Ga_O_02,"(0, 0, 0)"
10,group10,Ga,9,18,4f2_layer11,1,1.9849917587865524,Ga_O_06,"(0, 0, 0)"
10,group10,Ga,9,18,4f2_layer11,5,1.9849916384047732,Ga_O_06,"(0, -1, 0)"
10,group10,Ga,9,18,4f2_layer11,10,2.0663776487443304,Ga_O_08,"(0, 0, 0)"
10,group10,Ga,9,18,4f2_layer11,23,2.0663774783167193,Ga_O_08,"(0, 0, 0)"
10,group10,Ga,9,18,4f2_layer11,33,1.9849917593946298,Ga_O_06,"(1, 0, 0)"
10,group10,Ga,9,18,4f2_layer11,37,2.0663777054221355,Ga_O_08,"(0, 0, 0)"
10,group10,Ga,10,19,4f2_layer3,2,2.0663771907209756,Ga_O_08,"(0, 0, 0)"
10,group10,Ga,10,19,4f2_layer3,16,2.066377020121716,Ga_O_08,"(0, 0, 0)"
10,group10,Ga,10,19,4f2_layer3,18,1.9849922964805824,Ga_O_06,"(-1, 0, 0)"
10,group10,Ga,10,19,4f2_layer3,21,1.9849924174878968,Ga_O_06,"(0, 0, 0)"
10,group10,Ga,10,19,4f2_layer3,25,1.9849924184808014,Ga_O_06,"(0, 1, 0)"
10,group10,Ga,10,19,4f2_layer3,35,2.066377246884635,Ga_O_08,"(0, 0, 0)"
10,group10,Ga,11,20,4f1_layer7,3,1.9084360732701862,Ga_O_02,"(0, 0, 0)"
10,group10,Ga,11,20,4f1_layer7,13,1.9084359271385227,Ga_O_02,"(0, 0, 0)"
10,group10,Ga,11,20,4f1_layer7,17,1.909127043000001,Ga_O_03,"(0, 0, 0)"
10,group10,Ga,11,20,4f1_layer7,36,1.9084359275969722,Ga_O_02,"(0, 0, 0)"
10,group10,Ga,12,21,4f2_layer5,2,2.0663771900543897,Ga_O_08,"(0, 0, 0)"
10,group10,Ga,12,21,4f2_layer5,4,1.9849924184808014,Ga_O_06,"(0, 1, 0)"
10,group10,Ga,12,21,4f2_layer5,16,2.0663770194551296,Ga_O_08,"(0, 0, 0)"
10,group10,Ga,12,21,4f2_layer5,28,1.9849924174878968,Ga_O_06,"(0, 0, 0)"
10,group10,Ga,12,21,4f2_layer5,35,2.0663772462180487,Ga_O_08,"(0, 0, 0)"
10,group10,Ga,12,21,4f2_layer5,38,1.9849922964805824,Ga_O_06,"(-1, 0, 0)"
10,group10,Cr,10,22,4f1_layer1,15,1.9091273005999965,Cr_O_03,"(0, 0, -1)"
10,group10,Cr,10,22,4f1_layer1,29,1.9084359275969722,Cr_O_02,"(0, 0, 0)"
10,group10,Cr,10,22,4f1_layer1,32,1.9084360732701862,Cr_O_02,"(0, 0, 0)"
10,group10,Cr,10,22,4f1_layer1,34,1.9084359271385227,Cr_O_02,"(0, 0, 0)"
10,group10,Ga,13,23,4f2_layer13,9,1.9849917593946296,Ga_O_06,"(1, 0, 0)"
10,group10,Ga,13,23,4f2_layer13,10,2.0663776487443317,Ga_O_08,"(0, 0, 0)"
10,group10,Ga,13,23,4f2_layer13,23,2.0663774783167206,Ga_O_08,"(0, 0, 0)"
10,group10,Ga,13,23,4f2_layer13,27,1.984991638404773,Ga_O_06,"(0, -1, 0)"
10,group10,Ga,13,23,4f2_layer13,30,1.984991758786552,Ga_O_06,"(0, 0, 0)"
10,group10,Ga,13,23,4f2_layer13,37,2.066377705422137,Ga_O_08,"(0, 0, 0)"
10,group10,Ga,14,24,4f1_layer15,8,1.9084361547650497,Ga_O_02,"(0, 0, 0)"
10,group10,Ga,14,24,4f1_layer15,14,1.9084362998548778,Ga_O_02,"(0, 0, 0)"
10,group10,Ga,14,24,4f1_layer15,24,1.9084361547650501,Ga_O_02,"(0, 0, 0)"
10,group10,Ga,14,24,4f1_layer15,31,1.9091268705999949,Ga_O_03,"(0, 0, 1)"
10,group11,Sr,1,,,2,2.958098043228469,Sr_O_02,"(0, -1, 0)"
10,group11,Sr,1,,,4,2.864579795118219,Sr_O_01,"(0, 0, 0)"
10,group11,Sr,1,,,16,2.9580979326637595,Sr_O_02,"(1, 0, 0)"
10,group11,Sr,1,,,18,2.8645798765734263,Sr_O_01,"(0, 0, 0)"
10,group11,Sr,1,,,21,2.864579884642825,Sr_O_01,"(0, 0, 0)"
10,group11,Sr,1,,,25,2.8645797959311503,Sr_O_01,"(0, 0, 0)"
10,group11,Sr,1,,,28,2.864579883829894,Sr_O_01,"(0, 0, 0)"
10,group11,Sr,1,,,35,2.95809800345424,Sr_O_02,"(0, -1, 0)"
10,group11,Sr,1,,,38,2.8645798757604948,Sr_O_01,"(0, 0, 0)"
10,group11,Sr,2,,,1,2.8645793251769454,Sr_O_01,"(0, 0, 0)"
10,group11,Sr,2,,,5,2.8645793169995204,Sr_O_01,"(0, 0, 0)"
10,group11,Sr,2,,,9,2.8645792364135385,Sr_O_01,"(0, 0, 0)"
10,group11,Sr,2,,,10,2.9580980427214705,Sr_O_02,"(-1, 0, 0)"
10,group11,Sr,2,,,23,2.95809793284463,Sr_O_02,"(0, 1, 0)"
10,group11,Sr,2,,,27,2.8645793169995213,Sr_O_01,"(0, 0, 0)"
10,group11,Sr,2,,,30,2.8645793251769462,Sr_O_01,"(0, 0, 0)"
10,group11,Sr,2,,,33,2.864579236413537,Sr_O_01,"(0, 0, 0)"
10,group11,Sr,2,,,37,2.9580980035278155,Sr_O_02,"(-1, 0, 0)"
10,group11,Ga,1,1,12k_layer6_3,4,1.9254355757587174,Ga_O_04,"(0, 0, 0)"
10,group11,Ga,1,1,12k_layer6_3,6,1.9844559567789057,Ga_O_05,"(-1, -1, 0)"
10,group11,Ga,1,1,12k_layer6_3,13,2.0983234538406146,Ga_O_10,"(0, 0, 0)"
10,group11,Ga,1,1,12k_layer6_3,19,2.094827515170505,Ga_O_09,"(0, 0, 0)"
10,group11,Ga,1,1,12k_layer6_3,28,1.925435576196381,Ga_O_04,"(0, 0, 0)"
10,group11,Ga,1,1,12k_layer6_3,36,2.0983234538272053,Ga_O_10,"(0, -1, 0)"
10,group11,Ga,2,2,12k_layer2_3,7,1.9844559567789046,Ga_O_05,"(-1, -1, 0)"
10,group11,Ga,2,2,12k_layer2_3,21,1.9254355761963797,Ga_O_04,"(0, 0, 0)"
10,group11,Ga,2,2,12k_layer2_3,25,1.9254355757587163,Ga_O_04,"(0, 0, 0)"
10,group11,Ga,2,2,12k_layer2_3,29,2.098323453827207,Ga_O_10,"(0, -1, 0)"
10,group11,Ga,2,2,12k_layer2_3,31,2.0948275151705062,Ga_O_09,"(0, 0, 0)"
10,group11,Ga,2,2,12k_layer2_3,34,2.0983234538406164,Ga_O_10,"(0, 0, 0)"
10,group11,Ga,3,3,12k_layer14_1,8,2.0983229791065865,Ga_O_10,"(0, 0, 0)"
10,group11,Ga,3,3,12k_layer14_1,9,1.9254359958162917,Ga_O_04,"(0, 0, 0)"
10,group11,Ga,3,3,12k_layer14_1,15,2.094827260093365,Ga_O_09,"(0, 0, 0)"
10,group11,Ga,3,3,12k_layer14_1,20,1.9844560436631808,Ga_O_05,"(-1, -1, 0)"
10,group11,Ga,3,3,12k_layer14_1,24,2.0983229796303986,Ga_O_10,"(-1, 0, 0)"
10,group11,Ga,3,3,12k_layer14_1,30,1.9254359958162914,Ga_O_04,"(0, 0, 0)"
10,group11,Cr,1,4,12k_layer2_2,7,1.984455956778905,Cr_O_05,"(0, -1, 0)"
10,group11,Cr,1,4,12k_layer2_2,18,1.9254355763634932,Cr_O_04,"(0, 0, 0)"
10,group11,Cr,1,4,12k_layer2_2,25,1.925435575758716,Cr_O_04,"(0, 0, 0)"
10,group11,Cr,1,4,12k_layer2_2,31,2.094827515170506,Cr_O_09,"(0, 0, 0)"
10,group11,Cr,1,4,12k_layer2_2,32,2.0983234538709623,Cr_O_10,"(0, -1, 0)"
10,group11,Cr,1,4,12k_layer2_2,34,2.098323454408184,Cr_O_10,"(1, 0, 0)"
10,group11,Ga,4,5,12k_layer14_3,14,2.098322979539073,Ga_O_10,"(0, 0, 0)"
10,group11,Ga,4,5,12k_layer14_3,15,2.094827383098975,Ga_O_09,"(0, 0, 0)"
10,group11,Ga,4,5,12k_layer14_3,20,1.9844560439741377,Ga_O_05,"(0, 0, 0)"
10,group11,Ga,4,5,12k_layer14_3,24,2.098322979658534,Ga_O_10,"(0, 1, 0)"
10,group11,Ga,4,5,12k_layer14_3,27,1.925435983138288,Ga_O_04,"(0, 0, 0)"
10,group11,Ga,4,5,12k_layer14_3,30,1.9254359955204852,Ga_O_04,"(0, 0, 0)"
10,group11,Ga,5,6,12k_layer10_2,5,1.9254359120300575,Ga_O_04,"(0, 0, 0)"
10,group11,Ga,5,6,12k_layer10_2,12,1.98445595738215,Ga_O_05,"(-1, 0, 0)"
10,group11,Ga,5,6,12k_layer10_2,17,2.094827514410795,Ga_O_09,"(0, 0, 0)"
10,group11,Ga,5,6,12k_layer10_2,22,2.0983230321761726,Ga_O_10,"(-1, 0, 0)"
10,group11,Ga,5,6,12k_layer10_2,26,2.0983230324265865,Ga_O_10,"(0, 1, 0)"
10,group11,Ga,5,6,12k_layer10_2,33,1.9254359114895088,Ga_O_04,"(0, 0, 0)"
10,group11,Cr,2,7,12k_layer6_2,3,2.0983234538709605,Cr_O_10,"(0, -1, 0)"
10,group11,Cr,2,7,12k_layer6_2,4,1.9254355757587174,Cr_O_04,"(0, 0, 0)"
10,group11,Cr,2,7,12k_layer6_2,6,1.9844559567789064,Cr_O_05,"(0, -1, 0)"
10,group11,Cr,2,7,12k_layer6_2,13,2.0983234544081824,Cr_O_10,"(1, 0, 0)"
10,group11,Cr,2,7,12k_layer6_2,19,2.0948275151705045,Cr_O_09,"(0, 0, 0)"
10,group11,Cr,2,7,12k_layer6_2,38,1.9254355763634945,Cr_O_04,"(0, 0, 0)"
10,group11,Cr,3,8,12k_layer6_1,3,2.0983234541175877,Cr_O_10,"(0, 0, 0)"
10,group11,Cr,3,8,12k_layer6_1,6,1.9844559569613607,Cr_O_05,"(0, 0, 0)"
10,group11,Cr,3,8,12k_layer6_1,19,2.0948276379027013,Cr_O_09,"(0, 0, 0)"
10,group11,Cr,3,8,12k_layer6_1,28,1.9254355756093047,Cr_O_04,"(0, 0, 0)"
10,group11,Cr,3,8,12k_layer6_1,36,2.0983234546414,Cr_O_10,"(1, 0, 0)"
10,group11,Cr,3,8,12k_layer6_1,38,1.925435563604001,Cr_O_04,"(0, 0, 0)"
10,group11,Ga,6,9,12k_layer14_2,8,2.098322979647595,Ga_O_10,"(0, 1, 0)"
10,group11,Ga,6,9,12k_layer14_2,9,1.9254359955309297,Ga_O_04,"(0, 0, 0)"
10,group11,Ga,6,9,12k_layer14_2,14,2.098322979397181,Ga_O_10,"(-1, 0, 0)"
10,group11,Ga,6,9,12k_layer14_2,15,2.094827260728784,Ga_O_09,"(0, 0, 0)"
10,group11,Ga,6,9,12k_layer14_2,20,1.9844560438241048,Ga_O_05,"(-1, 0, 0)"
10,group11,Ga,6,9,12k_layer14_2,27,1.9254359960714784,Ga_O_04,"(0, 0, 0)"
10,group11,Cr,4,10,2a_layer16,8,1.9948520249218649,Cr_O_07,"(1, 1, 0)"
10,group11,Cr,4,10,2a_layer16,14,1.9948520252426432,Cr_O_07,"(0, 0, 0)"
10,group11,Cr,4,10,2a_layer16,24,1.9948520249218644,Cr_O_07,"(0, 1, 0)"
10,group11,Cr,4,10,2a_layer16,29,1.9948516604791149,Cr_O_07,"(1, 0, 1)"
10,group11,Cr,4,10,2a_layer16,32,1.9948516599281325,Cr_O_07,"(0, 0, 1)"
10,group11,Cr,4,10,2a_layer16,34,1.994851660087002,Cr_O_07,"(1, 1, 1)"
10,group11,Ga,7,11,12k_layer10_3,1,1.9254359114790642,Ga_O_04,"(0, 0, 0)"
10,group11,Ga,7,11,12k_layer10_3,5,1.9254358990968665,Ga_O_04,"(0, 0, 0)"
10,group11,Ga,7,11,12k_layer10_3,11,2.0983230324375253,Ga_O_10,"(0, 1, 0)"
10,group11,Ga,7,11,12k_layer10_3,12,1.9844559575321832,Ga_O_05,"(0, 0, 0)"
10,group11,Ga,7,11,12k_layer10_3,17,2.094827636780971,Ga_O_09,"(0, 0, 0)"
10,group11,Ga,7,11,12k_layer10_3,22,2.0983230323180644,Ga_O_10,"(0, 0, 0)"
10,group11,Ga,8,12,12k_layer10_1,1,1.9254359117748707,Ga_O_04,"(0, 0, 0)"
10,group11,Ga,8,12,12k_layer10_1,11,2.0983230324093904,Ga_O_10,"(-1, 0, 0)"
10,group11,Ga,8,12,12k_layer10_1,12,1.9844559572212264,Ga_O_05,"(-1, -1, 0)"
10,group11,Ga,8,12,12k_layer10_1,17,2.0948275137753765,Ga_O_09,"(0, 0, 0)"
10,group11,Ga,8,12,12k_layer10_1,26,2.098323031885578,Ga_O_10,"(0, 0, 0)"
10,group11,Ga,8,12,12k_layer10_1,33,1.9254359117748707,Ga_O_04,"(0, 0, 0)"
10,group11,Cr,5,13,12k_layer2_1,7,1.9844559569613596,Cr_O_05,"(0, 0, 0)"
10,group11,Cr,5,13,12k_layer2_1,18,1.925435563604,Cr_O_04,"(0, 0, 0)"
10,group11,Cr,5,13,12k_layer2_1,21,1.9254355756093033,Cr_O_04,"(0, 0, 0)"
10,group11,Cr,5,13,12k_layer2_1,29,2.0983234546414016,Cr_O_10,"(1, 0, 0)"
10,group11,Cr,5,13,12k_layer2_1,31,2.0948276379027027,Cr_O_09,"(0, 0, 0)"
10,group11,Cr,5,13,12k_layer2_1,32,2.0983234541175895,Cr_O_10,"(0, 0, 0)"
10,group11,Ga,9,14,2b_layer12,10,1.8700732788205217,Ga_O_01,"(0, 1, 0)"
10,group11,Ga,9,14,2b_layer12,12,2.2779384420000004,Ga_O_11,"(0, 0, 0)"
10,group11,Ga,9,14,2b_layer12,20,2.2779384410000003,Ga_O_11,"(0, 0, 0)"
10,group11,Ga,9,14,2b_layer12,23,1.870073507451236,Ga_O_01,"(1, 1, 0)"
10,group11,Ga,9,14,2b_layer12,37,1.870073355,Ga_O_01,"(0, 0, 0)"
10,group11,Cr,6,15,2a_layer8,3,1.9948516601706343,Cr_O_07,"(0, 0, 0)"
10,group11,Cr,6,15,2a_layer8,11,1.9948520770594027,Cr_O_07,"(0, 1, 0)"
10,group11,Cr,6,15,2a_layer8,13,1.994851660329504,Cr_O_07,"(1, 1, 0)"
10,group11,Cr,6,15,2a_layer8,22,1.9948520773801812,Cr_O_07,"(0, 0, 0)"
10,group11,Cr,6,15,2a_layer8,26,1.9948520770594032,Cr_O_07,"(1, 1, 0)"
10,group11,Cr,6,15,2a_layer8,36,1.9948516607216167,Cr_O_07,"(1, 0, 0)"
10,group11,Ga,10,16,2b_layer4,2,1.8700732794118144,Ga_O_01,"(1, 0, 0)"
10,group11,Ga,10,16,2b_layer4,6,2.277938441000001,Ga_O_11,"(0, 0, 0)"
10,group11,Ga,10,16,2b_layer4,7,2.2779384420000004,Ga_O_11,"(0, 0, 0)"
10,group11,Ga,10,16,2b_layer4,16,1.8700735073000085,Ga_O_01,"(1, 1, 0)"
10,group11,Ga,10,16,2b_layer4,35,1.870073355795254,Ga_O_01,"(0, 0, 0)"
10,group11,Ga,11,17,4f1_layer9,11,1.9084361294606749,Ga_O_02,"(0, 0, 0)"
10,group11,Ga,11,17,4f1_layer9,19,1.9091270429999996,Ga_O_03,"(0, 0, 0)"
10,group11,Ga,11,17,4f1_layer9,22,1.9084362745505044,Ga_O_02,"(0, 0, 0)"
10,group11,Ga,11,17,4f1_layer9,26,1.9084361294606744,Ga_O_02,"(0, 0, 0)"
10,group11,Cr,7,18,4f2_layer11,1,1.9849917587865524,Cr_O_06,"(0, 0, 0)"
10,group11,Cr,7,18,4f2_layer11,5,1.9849916384047732,Cr_O_06,"(0, -1, 0)"
10,group11,Cr,7,18,4f2_layer11,10,2.0663776487443304,Cr_O_08,"(0, 0, 0)"
10,group11,Cr,7,18,4f2_layer11,23,2.0663774783167193,Cr_O_08,"(0, 0, 0)"
10,group11,Cr,7,18,4f2_layer11,33,1.9849917593946298,Cr_O_06,"(1, 0, 0)"
10,group11,Cr,7,18,4f2_layer11,37,2.0663777054221355,Cr_O_08,"(0, 0, 0)"
10,group11,Cr,8,19,4f2_layer3,2,2.0663771907209756,Cr_O_08,"(0, 0, 0)"
10,group11,Cr,8,19,4f2_layer3,16,2.066377020121716,Cr_O_08,"(0, 0, 0)"
10,group11,Cr,8,19,4f2_layer3,18,1.9849922964805824,Cr_O_06,"(-1, 0, 0)"
10,group11,Cr,8,19,4f2_layer3,21,1.9849924174878968,Cr_O_06,"(0, 0, 0)"
10,group11,Cr,8,19,4f2_layer3,25,1.9849924184808014,Cr_O_06,"(0, 1, 0)"
10,group11,Cr,8,19,4f2_layer3,35,2.066377246884635,Cr_O_08,"(0, 0, 0)"
10,group11,Ga,12,20,4f1_layer7,3,1.9084360732701862,Ga_O_02,"(0, 0, 0)"
10,group11,Ga,12,20,4f1_layer7,13,1.9084359271385227,Ga_O_02,"(0, 0, 0)"
10,group11,Ga,12,20,4f1_layer7,17,1.909127043000001,Ga_O_03,"(0, 0, 0)"
10,group11,Ga,12,20,4f1_layer7,36,1.9084359275969722,Ga_O_02,"(0, 0, 0)"
10,group11,Cr,9,21,4f2_layer5,2,2.0663771900543897,Cr_O_08,"(0, 0, 0)"
10,group11,Cr,9,21,4f2_layer5,4,1.9849924184808014,Cr_O_06,"(0, 1, 0)"
10,group11,Cr,9,21,4f2_layer5,16,2.0663770194551296,Cr_O_08,"(0, 0, 0)"
10,group11,Cr,9,21,4f2_layer5,28,1.9849924174878968,Cr_O_06,"(0, 0, 0)"
10,group11,Cr,9,21,4f2_layer5,35,2.0663772462180487,Cr_O_08,"(0, 0, 0)"
10,group11,Cr,9,21,4f2_layer5,38,1.9849922964805824,Cr_O_06,"(-1, 0, 0)"
10,group11,Ga,13,22,4f1_layer1,15,1.9091273005999965,Ga_O_03,"(0, 0, -1)"
10,group11,Ga,13,22,4f1_layer1,29,1.9084359275969722,Ga_O_02,"(0, 0, 0)"
10,group11,Ga,13,22,4f1_layer1,32,1.9084360732701862,Ga_O_02,"(0, 0, 0)"
10,group11,Ga,13,22,4f1_layer1,34,1.9084359271385227,Ga_O_02,"(0, 0, 0)"
10,group11,Cr,10,23,4f2_layer13,9,1.9849917593946296,Cr_O_06,"(1, 0, 0)"
10,group11,Cr,10,23,4f2_layer13,10,2.0663776487443317,Cr_O_08,"(0, 0, 0)"
10,group11,Cr,10,23,4f2_layer13,23,2.0663774783167206,Cr_O_08,"(0, 0, 0)"
10,group11,Cr,10,23,4f2_layer13,27,1.984991638404773,Cr_O_06,"(0, -1, 0)"
10,group11,Cr,10,23,4f2_layer13,30,1.984991758786552,Cr_O_06,"(0, 0, 0)"
10,group11,Cr,10,23,4f2_layer13,37,2.066377705422137,Cr_O_08,"(0, 0, 0)"
10,group11,Ga,14,24,4f1_layer15,8,1.9084361547650497,Ga_O_02,"(0, 0, 0)"
10,group11,Ga,14,24,4f1_layer15,14,1.9084362998548778,Ga_O_02,"(0, 0, 0)"
10,group11,Ga,14,24,4f1_layer15,24,1.9084361547650501,Ga_O_02,"(0, 0, 0)"
10,group11,Ga,14,24,4f1_layer15,31,1.9091268705999949,Ga_O_03,"(0, 0, 1)"
10,group12,Sr,1,,,2,2.958098043228469,Sr_O_02,"(0, -1, 0)"
10,group12,Sr,1,,,4,2.864579795118219,Sr_O_01,"(0, 0, 0)"
10,group12,Sr,1,,,16,2.9580979326637595,Sr_O_02,"(1, 0, 0)"
10,group12,Sr,1,,,18,2.8645798765734263,Sr_O_01,"(0, 0, 0)"
10,group12,Sr,1,,,21,2.864579884642825,Sr_O_01,"(0, 0, 0)"
10,group12,Sr,1,,,25,2.8645797959311503,Sr_O_01,"(0, 0, 0)"
10,group12,Sr,1,,,28,2.864579883829894,Sr_O_01,"(0, 0, 0)"
10,group12,Sr,1,,,35,2.95809800345424,Sr_O_02,"(0, -1, 0)"
10,group12,Sr,1,,,38,2.8645798757604948,Sr_O_01,"(0, 0, 0)"
10,group12,Sr,2,,,1,2.8645793251769454,Sr_O_01,"(0, 0, 0)"
10,group12,Sr,2,,,5,2.8645793169995204,Sr_O_01,"(0, 0, 0)"
10,group12,Sr,2,,,9,2.8645792364135385,Sr_O_01,"(0, 0, 0)"
10,group12,Sr,2,,,10,2.9580980427214705,Sr_O_02,"(-1, 0, 0)"
10,group12,Sr,2,,,23,2.95809793284463,Sr_O_02,"(0, 1, 0)"
10,group12,Sr,2,,,27,2.8645793169995213,Sr_O_01,"(0, 0, 0)"
10,group12,Sr,2,,,30,2.8645793251769462,Sr_O_01,"(0, 0, 0)"
10,group12,Sr,2,,,33,2.864579236413537,Sr_O_01,"(0, 0, 0)"
10,group12,Sr,2,,,37,2.9580980035278155,Sr_O_02,"(-1, 0, 0)"
10,group12,Ga,1,1,12k_layer6_3,4,1.9254355757587174,Ga_O_04,"(0, 0, 0)"
10,group12,Ga,1,1,12k_layer6_3,6,1.9844559567789057,Ga_O_05,"(-1, -1, 0)"
10,group12,Ga,1,1,12k_layer6_3,13,2.0983234538406146,Ga_O_10,"(0, 0, 0)"
10,group12,Ga,1,1,12k_layer6_3,19,2.094827515170505,Ga_O_09,"(0, 0, 0)"
10,group12,Ga,1,1,12k_layer6_3,28,1.925435576196381,Ga_O_04,"(0, 0, 0)"
10,group12,Ga,1,1,12k_layer6_3,36,2.0983234538272053,Ga_O_10,"(0, -1, 0)"
10,group12,Ga,2,2,12k_layer2_3,7,1.9844559567789046,Ga_O_05,"(-1, -1, 0)"
10,group12,Ga,2,2,12k_layer2_3,21,1.9254355761963797,Ga_O_04,"(0, 0, 0)"
10,group12,Ga,2,2,12k_layer2_3,25,1.9254355757587163,Ga_O_04,"(0, 0, 0)"
10,group12,Ga,2,2,12k_layer2_3,29,2.098323453827207,Ga_O_10,"(0, -1, 0)"
10,group12,Ga,2,2,12k_layer2_3,31,2.0948275151705062,Ga_O_09,"(0, 0, 0)"
10,group12,Ga,2,2,12k_layer2_3,34,2.0983234538406164,Ga_O_10,"(0, 0, 0)"
10,group12,Ga,3,3,12k_layer14_1,8,2.0983229791065865,Ga_O_10,"(0, 0, 0)"
10,group12,Ga,3,3,12k_layer14_1,9,1.9254359958162917,Ga_O_04,"(0, 0, 0)"
10,group12,Ga,3,3,12k_layer14_1,15,2.094827260093365,Ga_O_09,"(0, 0, 0)"
10,group12,Ga,3,3,12k_layer14_1,20,1.9844560436631808,Ga_O_05,"(-1, -1, 0)"
10,group12,Ga,3,3,12k_layer14_1,24,2.0983229796303986,Ga_O_10,"(-1, 0, 0)"
10,group12,Ga,3,3,12k_layer14_1,30,1.9254359958162914,Ga_O_04,"(0, 0, 0)"
10,group12,Cr,1,4,12k_layer2_2,7,1.984455956778905,Cr_O_05,"(0, -1, 0)"
10,group12,Cr,1,4,12k_layer2_2,18,1.9254355763634932,Cr_O_04,"(0, 0, 0)"
10,group12,Cr,1,4,12k_layer2_2,25,1.925435575758716,Cr_O_04,"(0, 0, 0)"
10,group12,Cr,1,4,12k_layer2_2,31,2.094827515170506,Cr_O_09,"(0, 0, 0)"
10,group12,Cr,1,4,12k_layer2_2,32,2.0983234538709623,Cr_O_10,"(0, -1, 0)"
10,group12,Cr,1,4,12k_layer2_2,34,2.098323454408184,Cr_O_10,"(1, 0, 0)"
10,group12,Ga,4,5,12k_layer14_3,14,2.098322979539073,Ga_O_10,"(0, 0, 0)"
10,group12,Ga,4,5,12k_layer14_3,15,2.094827383098975,Ga_O_09,"(0, 0, 0)"
10,group12,Ga,4,5,12k_layer14_3,20,1.9844560439741377,Ga_O_05,"(0, 0, 0)"
10,group12,Ga,4,5,12k_layer14_3,24,2.098322979658534,Ga_O_10,"(0, 1, 0)"
10,group12,Ga,4,5,12k_layer14_3,27,1.925435983138288,Ga_O_04,"(0, 0, 0)"
10,group12,Ga,4,5,12k_layer14_3,30,1.9254359955204852,Ga_O_04,"(0, 0, 0)"
10,group12,Cr,2,6,12k_layer10_2,5,1.9254359120300575,Cr_O_04,"(0, 0, 0)"
10,group12,Cr,2,6,12k_layer10_2,12,1.98445595738215,Cr_O_05,"(-1, 0, 0)"
10,group12,Cr,2,6,12k_layer10_2,17,2.094827514410795,Cr_O_09,"(0, 0, 0)"
10,group12,Cr,2,6,12k_layer10_2,22,2.0983230321761726,Cr_O_10,"(-1, 0, 0)"
10,group12,Cr,2,6,12k_layer10_2,26,2.0983230324265865,Cr_O_10,"(0, 1, 0)"
10,group12,Cr,2,6,12k_layer10_2,33,1.9254359114895088,Cr_O_04,"(0, 0, 0)"
10,group12,Ga,5,7,12k_layer6_2,3,2.0983234538709605,Ga_O_10,"(0, -1, 0)"
10,group12,Ga,5,7,12k_layer6_2,4,1.9254355757587174,Ga_O_04,"(0, 0, 0)"
10,group12,Ga,5,7,12k_layer6_2,6,1.9844559567789064,Ga_O_05,"(0, -1, 0)"
10,group12,Ga,5,7,12k_layer6_2,13,2.0983234544081824,Ga_O_10,"(1, 0, 0)"
10,group12,Ga,5,7,12k_layer6_2,19,2.0948275151705045,Ga_O_09,"(0, 0, 0)"
10,group12,Ga,5,7,12k_layer6_2,38,1.9254355763634945,Ga_O_04,"(0, 0, 0)"
10,group12,Ga,6,8,12k_layer6_1,3,2.0983234541175877,Ga_O_10,"(0, 0, 0)"
10,group12,Ga,6,8,12k_layer6_1,6,1.9844559569613607,Ga_O_05,"(0, 0, 0)"
10,group12,Ga,6,8,12k_layer6_1,19,2.0948276379027013,Ga_O_09,"(0, 0, 0)"
10,group12,Ga,6,8,12k_layer6_1,28,1.9254355756093047,Ga_O_04,"(0, 0, 0)"
10,group12,Ga,6,8,12k_layer6_1,36,2.0983234546414,Ga_O_10,"(1, 0, 0)"
10,group12,Ga,6,8,12k_layer6_1,38,1.925435563604001,Ga_O_04,"(0, 0, 0)"
10,group12,Ga,7,9,12k_layer14_2,8,2.098322979647595,Ga_O_10,"(0, 1, 0)"
10,group12,Ga,7,9,12k_layer14_2,9,1.9254359955309297,Ga_O_04,"(0, 0, 0)"
10,group12,Ga,7,9,12k_layer14_2,14,2.098322979397181,Ga_O_10,"(-1, 0, 0)"
10,group12,Ga,7,9,12k_layer14_2,15,2.094827260728784,Ga_O_09,"(0, 0, 0)"
10,group12,Ga,7,9,12k_layer14_2,20,1.9844560438241048,Ga_O_05,"(-1, 0, 0)"
10,group12,Ga,7,9,12k_layer14_2,27,1.9254359960714784,Ga_O_04,"(0, 0, 0)"
10,group12,Cr,3,10,2a_layer16,8,1.9948520249218649,Cr_O_07,"(1, 1, 0)"
10,group12,Cr,3,10,2a_layer16,14,1.9948520252426432,Cr_O_07,"(0, 0, 0)"
10,group12,Cr,3,10,2a_layer16,24,1.9948520249218644,Cr_O_07,"(0, 1, 0)"
10,group12,Cr,3,10,2a_layer16,29,1.9948516604791149,Cr_O_07,"(1, 0, 1)"
10,group12,Cr,3,10,2a_layer16,32,1.9948516599281325,Cr_O_07,"(0, 0, 1)"
10,group12,Cr,3,10,2a_layer16,34,1.994851660087002,Cr_O_07,"(1, 1, 1)"
10,group12,Ga,8,11,12k_layer10_3,1,1.9254359114790642,Ga_O_04,"(0, 0, 0)"
10,group12,Ga,8,11,12k_layer10_3,5,1.9254358990968665,Ga_O_04,"(0, 0, 0)"
10,group12,Ga,8,11,12k_layer10_3,11,2.0983230324375253,Ga_O_10,"(0, 1, 0)"
10,group12,Ga,8,11,12k_layer10_3,12,1.9844559575321832,Ga_O_05,"(0, 0, 0)"
10,group12,Ga,8,11,12k_layer10_3,17,2.094827636780971,Ga_O_09,"(0, 0, 0)"
10,group12,Ga,8,11,12k_layer10_3,22,2.0983230323180644,Ga_O_10,"(0, 0, 0)"
10,group12,Cr,4,12,12k_layer10_1,1,1.9254359117748707,Cr_O_04,"(0, 0, 0)"
10,group12,Cr,4,12,12k_layer10_1,11,2.0983230324093904,Cr_O_10,"(-1, 0, 0)"
10,group12,Cr,4,12,12k_layer10_1,12,1.9844559572212264,Cr_O_05,"(-1, -1, 0)"
10,group12,Cr,4,12,12k_layer10_1,17,2.0948275137753765,Cr_O_09,"(0, 0, 0)"
10,group12,Cr,4,12,12k_layer10_1,26,2.098323031885578,Cr_O_10,"(0, 0, 0)"
10,group12,Cr,4,12,12k_layer10_1,33,1.9254359117748707,Cr_O_04,"(0, 0, 0)"
10,group12,Cr,5,13,12k_layer2_1,7,1.9844559569613596,Cr_O_05,"(0, 0, 0)"
10,group12,Cr,5,13,12k_layer2_1,18,1.925435563604,Cr_O_04,"(0, 0, 0)"
10,group12,Cr,5,13,12k_layer2_1,21,1.9254355756093033,Cr_O_04,"(0, 0, 0)"
10,group12,Cr,5,13,12k_layer2_1,29,2.0983234546414016,Cr_O_10,"(1, 0, 0)"
10,group12,Cr,5,13,12k_layer2_1,31,2.0948276379027027,Cr_O_09,"(0, 0, 0)"
10,group12,Cr,5,13,12k_layer2_1,32,2.0983234541175895,Cr_O_10,"(0, 0, 0)"
10,group12,Ga,9,14,2b_layer12,10,1.8700732788205217,Ga_O_01,"(0, 1, 0)"
10,group12,Ga,9,14,2b_layer12,12,2.2779384420000004,Ga_O_11,"(0, 0, 0)"
10,group12,Ga,9,14,2b_layer12,20,2.2779384410000003,Ga_O_11,"(0, 0, 0)"
10,group12,Ga,9,14,2b_layer12,23,1.870073507451236,Ga_O_01,"(1, 1, 0)"
10,group12,Ga,9,14,2b_layer12,37,1.870073355,Ga_O_01,"(0, 0, 0)"
10,group12,Cr,6,15,2a_layer8,3,1.9948516601706343,Cr_O_07,"(0, 0, 0)"
10,group12,Cr,6,15,2a_layer8,11,1.9948520770594027,Cr_O_07,"(0, 1, 0)"
10,group12,Cr,6,15,2a_layer8,13,1.994851660329504,Cr_O_07,"(1, 1, 0)"
10,group12,Cr,6,15,2a_layer8,22,1.9948520773801812,Cr_O_07,"(0, 0, 0)"
10,group12,Cr,6,15,2a_layer8,26,1.9948520770594032,Cr_O_07,"(1, 1, 0)"
10,group12,Cr,6,15,2a_layer8,36,1.9948516607216167,Cr_O_07,"(1, 0, 0)"
10,group12,Ga,10,16,2b_layer4,2,1.8700732794118144,Ga_O_01,"(1, 0, 0)"
10,group12,Ga,10,16,2b_layer4,6,2.277938441000001,Ga_O_11,"(0, 0, 0)"
10,group12,Ga,10,16,2b_layer4,7,2.2779384420000004,Ga_O_11,"(0, 0, 0)"
10,group12,Ga,10,16,2b_layer4,16,1.8700735073000085,Ga_O_01,"(1, 1, 0)"
10,group12,Ga,10,16,2b_layer4,35,1.870073355795254,Ga_O_01,"(0, 0, 0)"
10,group12,Ga,11,17,4f1_layer9,11,1.9084361294606749,Ga_O_02,"(0, 0, 0)"
10,group12,Ga,11,17,4f1_layer9,19,1.9091270429999996,Ga_O_03,"(0, 0, 0)"
10,group12,Ga,11,17,4f1_layer9,22,1.9084362745505044,Ga_O_02,"(0, 0, 0)"
10,group12,Ga,11,17,4f1_layer9,26,1.9084361294606744,Ga_O_02,"(0, 0, 0)"
10,group12,Cr,7,18,4f2_layer11,1,1.9849917587865524,Cr_O_06,"(0, 0, 0)"
10,group12,Cr,7,18,4f2_layer11,5,1.9849916384047732,Cr_O_06,"(0, -1, 0)"
10,group12,Cr,7,18,4f2_layer11,10,2.0663776487443304,Cr_O_08,"(0, 0, 0)"
10,group12,Cr,7,18,4f2_layer11,23,2.0663774783167193,Cr_O_08,"(0, 0, 0)"
10,group12,Cr,7,18,4f2_layer11,33,1.9849917593946298,Cr_O_06,"(1, 0, 0)"
10,group12,Cr,7,18,4f2_layer11,37,2.0663777054221355,Cr_O_08,"(0, 0, 0)"
10,group12,Cr,8,19,4f2_layer3,2,2.0663771907209756,Cr_O_08,"(0, 0, 0)"
10,group12,Cr,8,19,4f2_layer3,16,2.066377020121716,Cr_O_08,"(0, 0, 0)"
10,group12,Cr,8,19,4f2_layer3,18,1.9849922964805824,Cr_O_06,"(-1, 0, 0)"
10,group12,Cr,8,19,4f2_layer3,21,1.9849924174878968,Cr_O_06,"(0, 0, 0)"
10,group12,Cr,8,19,4f2_layer3,25,1.9849924184808014,Cr_O_06,"(0, 1, 0)"
10,group12,Cr,8,19,4f2_layer3,35,2.066377246884635,Cr_O_08,"(0, 0, 0)"
10,group12,Ga,12,20,4f1_layer7,3,1.9084360732701862,Ga_O_02,"(0, 0, 0)"
10,group12,Ga,12,20,4f1_layer7,13,1.9084359271385227,Ga_O_02,"(0, 0, 0)"
10,group12,Ga,12,20,4f1_layer7,17,1.909127043000001,Ga_O_03,"(0, 0, 0)"
10,group12,Ga,12,20,4f1_layer7,36,1.9084359275969722,Ga_O_02,"(0, 0, 0)"
10,group12,Cr,9,21,4f2_layer5,2,2.0663771900543897,Cr_O_08,"(0, 0, 0)"
10,group12,Cr,9,21,4f2_layer5,4,1.9849924184808014,Cr_O_06,"(0, 1, 0)"
10,group12,Cr,9,21,4f2_layer5,16,2.0663770194551296,Cr_O_08,"(0, 0, 0)"
10,group12,Cr,9,21,4f2_layer5,28,1.9849924174878968,Cr_O_06,"(0, 0, 0)"
10,group12,Cr,9,21,4f2_layer5,35,2.0663772462180487,Cr_O_08,"(0, 0, 0)"
10,group12,Cr,9,21,4f2_layer5,38,1.9849922964805824,Cr_O_06,"(-1, 0, 0)"
10,group12,Ga,13,22,4f1_layer1,15,1.9091273005999965,Ga_O_03,"(0, 0, -1)"
10,group12,Ga,13,22,4f1_layer1,29,1.9084359275969722,Ga_O_02,"(0, 0, 0)"
10,group12,Ga,13,22,4f1_layer1,32,1.9084360732701862,Ga_O_02,"(0, 0, 0)"
10,group12,Ga,13,22,4f1_layer1,34,1.9084359271385227,Ga_O_02,"(0, 0, 0)"
10,group12,Cr,10,23,4f2_layer13,9,1.9849917593946296,Cr_O_06,"(1, 0, 0)"
10,group12,Cr,10,23,4f2_layer13,10,2.0663776487443317,Cr_O_08,"(0, 0, 0)"
10,group12,Cr,10,23,4f2_layer13,23,2.0663774783167206,Cr_O_08,"(0, 0, 0)"
10,group12,Cr,10,23,4f2_layer13,27,1.984991638404773,Cr_O_06,"(0, -1, 0)"
10,group12,Cr,10,23,4f2_layer13,30,1.984991758786552,Cr_O_06,"(0, 0, 0)"
10,group12,Cr,10,23,4f2_layer13,37,2.066377705422137,Cr_O_08,"(0, 0, 0)"
10,group12,Ga,14,24,4f1_layer15,8,1.9084361547650497,Ga_O_02,"(0, 0, 0)"
10,group12,Ga,14,24,4f1_layer15,14,1.9084362998548778,Ga_O_02,"(0, 0, 0)"
10,group12,Ga,14,24,4f1_layer15,24,1.9084361547650501,Ga_O_02,"(0, 0, 0)"
10,group12,Ga,14,24,4f1_layer15,31,1.9091268705999949,Ga_O_03,"(0, 0, 1)"
10,group13,Sr,1,,,2,2.958098043228469,Sr_O_02,"(0, -1, 0)"
10,group13,Sr,1,,,4,2.864579795118219,Sr_O_01,"(0, 0, 0)"
10,group13,Sr,1,,,16,2.9580979326637595,Sr_O_02,"(1, 0, 0)"
10,group13,Sr,1,,,18,2.8645798765734263,Sr_O_01,"(0, 0, 0)"
10,group13,Sr,1,,,21,2.864579884642825,Sr_O_01,"(0, 0, 0)"
10,group13,Sr,1,,,25,2.8645797959311503,Sr_O_01,"(0, 0, 0)"
10,group13,Sr,1,,,28,2.864579883829894,Sr_O_01,"(0, 0, 0)"
10,group13,Sr,1,,,35,2.95809800345424,Sr_O_02,"(0, -1, 0)"
10,group13,Sr,1,,,38,2.8645798757604948,Sr_O_01,"(0, 0, 0)"
10,group13,Sr,2,,,1,2.8645793251769454,Sr_O_01,"(0, 0, 0)"
10,group13,Sr,2,,,5,2.8645793169995204,Sr_O_01,"(0, 0, 0)"
10,group13,Sr,2,,,9,2.8645792364135385,Sr_O_01,"(0, 0, 0)"
10,group13,Sr,2,,,10,2.9580980427214705,Sr_O_02,"(-1, 0, 0)"
10,group13,Sr,2,,,23,2.95809793284463,Sr_O_02,"(0, 1, 0)"
10,group13,Sr,2,,,27,2.8645793169995213,Sr_O_01,"(0, 0, 0)"
10,group13,Sr,2,,,30,2.8645793251769462,Sr_O_01,"(0, 0, 0)"
10,group13,Sr,2,,,33,2.864579236413537,Sr_O_01,"(0, 0, 0)"
10,group13,Sr,2,,,37,2.9580980035278155,Sr_O_02,"(-1, 0, 0)"
10,group13,Ga,1,1,12k_layer6_3,4,1.9254355757587174,Ga_O_04,"(0, 0, 0)"
10,group13,Ga,1,1,12k_layer6_3,6,1.9844559567789057,Ga_O_05,"(-1, -1, 0)"
10,group13,Ga,1,1,12k_layer6_3,13,2.0983234538406146,Ga_O_10,"(0, 0, 0)"
10,group13,Ga,1,1,12k_layer6_3,19,2.094827515170505,Ga_O_09,"(0, 0, 0)"
10,group13,Ga,1,1,12k_layer6_3,28,1.925435576196381,Ga_O_04,"(0, 0, 0)"
10,group13,Ga,1,1,12k_layer6_3,36,2.0983234538272053,Ga_O_10,"(0, -1, 0)"
10,group13,Ga,2,2,12k_layer2_3,7,1.9844559567789046,Ga_O_05,"(-1, -1, 0)"
10,group13,Ga,2,2,12k_layer2_3,21,1.9254355761963797,Ga_O_04,"(0, 0, 0)"
10,group13,Ga,2,2,12k_layer2_3,25,1.9254355757587163,Ga_O_04,"(0, 0, 0)"
10,group13,Ga,2,2,12k_layer2_3,29,2.098323453827207,Ga_O_10,"(0, -1, 0)"
10,group13,Ga,2,2,12k_layer2_3,31,2.0948275151705062,Ga_O_09,"(0, 0, 0)"
10,group13,Ga,2,2,12k_layer2_3,34,2.0983234538406164,Ga_O_10,"(0, 0, 0)"
10,group13,Cr,1,3,12k_layer14_1,8,2.0983229791065865,Cr_O_10,"(0, 0, 0)"
10,group13,Cr,1,3,12k_layer14_1,9,1.9254359958162917,Cr_O_04,"(0, 0, 0)"
10,group13,Cr,1,3,12k_layer14_1,15,2.094827260093365,Cr_O_09,"(0, 0, 0)"
10,group13,Cr,1,3,12k_layer14_1,20,1.9844560436631808,Cr_O_05,"(-1, -1, 0)"
10,group13,Cr,1,3,12k_layer14_1,24,2.0983229796303986,Cr_O_10,"(-1, 0, 0)"
10,group13,Cr,1,3,12k_layer14_1,30,1.9254359958162914,Cr_O_04,"(0, 0, 0)"
10,group13,Cr,2,4,12k_layer2_2,7,1.984455956778905,Cr_O_05,"(0, -1, 0)"
10,group13,Cr,2,4,12k_layer2_2,18,1.9254355763634932,Cr_O_04,"(0, 0, 0)"
10,group13,Cr,2,4,12k_layer2_2,25,1.925435575758716,Cr_O_04,"(0, 0, 0)"
10,group13,Cr,2,4,12k_layer2_2,31,2.094827515170506,Cr_O_09,"(0, 0, 0)"
10,group13,Cr,2,4,12k_layer2_2,32,2.0983234538709623,Cr_O_10,"(0, -1, 0)"
10,group13,Cr,2,4,12k_layer2_2,34,2.098323454408184,Cr_O_10,"(1, 0, 0)"
10,group13,Ga,3,5,12k_layer14_3,14,2.098322979539073,Ga_O_10,"(0, 0, 0)"
10,group13,Ga,3,5,12k_layer14_3,15,2.094827383098975,Ga_O_09,"(0, 0, 0)"
10,group13,Ga,3,5,12k_layer14_3,20,1.9844560439741377,Ga_O_05,"(0, 0, 0)"
10,group13,Ga,3,5,12k_layer14_3,24,2.098322979658534,Ga_O_10,"(0, 1, 0)"
10,group13,Ga,3,5,12k_layer14_3,27,1.925435983138288,Ga_O_04,"(0, 0, 0)"
10,group13,Ga,3,5,12k_layer14_3,30,1.9254359955204852,Ga_O_04,"(0, 0, 0)"
10,group13,Ga,4,6,12k_layer10_2,5,1.9254359120300575,Ga_O_04,"(0, 0, 0)"
10,group13,Ga,4,6,12k_layer10_2,12,1.98445595738215,Ga_O_05,"(-1, 0, 0)"
10,group13,Ga,4,6,12k_layer10_2,17,2.094827514410795,Ga_O_09,"(0, 0, 0)"
10,group13,Ga,4,6,12k_layer10_2,22,2.0983230321761726,Ga_O_10,"(-1, 0, 0)"
10,group13,Ga,4,6,12k_layer10_2,26,2.0983230324265865,Ga_O_10,"(0, 1, 0)"
10,group13,Ga,4,6,12k_layer10_2,33,1.9254359114895088,Ga_O_04,"(0, 0, 0)"
10,group13,Ga,5,7,12k_layer6_2,3,2.0983234538709605,Ga_O_10,"(0, -1, 0)"
10,group13,Ga,5,7,12k_layer6_2,4,1.9254355757587174,Ga_O_04,"(0, 0, 0)"
10,group13,Ga,5,7,12k_layer6_2,6,1.9844559567789064,Ga_O_05,"(0, -1, 0)"
10,group13,Ga,5,7,12k_layer6_2,13,2.0983234544081824,Ga_O_10,"(1, 0, 0)"
10,group13,Ga,5,7,12k_layer6_2,19,2.0948275151705045,Ga_O_09,"(0, 0, 0)"
10,group13,Ga,5,7,12k_layer6_2,38,1.9254355763634945,Ga_O_04,"(0, 0, 0)"
10,group13,Ga,6,8,12k_layer6_1,3,2.0983234541175877,Ga_O_10,"(0, 0, 0)"
10,group13,Ga,6,8,12k_layer6_1,6,1.9844559569613607,Ga_O_05,"(0, 0, 0)"
10,group13,Ga,6,8,12k_layer6_1,19,2.0948276379027013,Ga_O_09,"(0, 0, 0)"
10,group13,Ga,6,8,12k_layer6_1,28,1.9254355756093047,Ga_O_04,"(0, 0, 0)"
10,group13,Ga,6,8,12k_layer6_1,36,2.0983234546414,Ga_O_10,"(1, 0, 0)"
10,group13,Ga,6,8,12k_layer6_1,38,1.925435563604001,Ga_O_04,"(0, 0, 0)"
10,group13,Cr,3,9,12k_layer14_2,8,2.098322979647595,Cr_O_10,"(0, 1, 0)"
10,group13,Cr,3,9,12k_layer14_2,9,1.9254359955309297,Cr_O_04,"(0, 0, 0)"
10,group13,Cr,3,9,12k_layer14_2,14,2.098322979397181,Cr_O_10,"(-1, 0, 0)"
10,group13,Cr,3,9,12k_layer14_2,15,2.094827260728784,Cr_O_09,"(0, 0, 0)"
10,group13,Cr,3,9,12k_layer14_2,20,1.9844560438241048,Cr_O_05,"(-1, 0, 0)"
10,group13,Cr,3,9,12k_layer14_2,27,1.9254359960714784,Cr_O_04,"(0, 0, 0)"
10,group13,Cr,4,10,2a_layer16,8,1.9948520249218649,Cr_O_07,"(1, 1, 0)"
10,group13,Cr,4,10,2a_layer16,14,1.9948520252426432,Cr_O_07,"(0, 0, 0)"
10,group13,Cr,4,10,2a_layer16,24,1.9948520249218644,Cr_O_07,"(0, 1, 0)"
10,group13,Cr,4,10,2a_layer16,29,1.9948516604791149,Cr_O_07,"(1, 0, 1)"
10,group13,Cr,4,10,2a_layer16,32,1.9948516599281325,Cr_O_07,"(0, 0, 1)"
10,group13,Cr,4,10,2a_layer16,34,1.994851660087002,Cr_O_07,"(1, 1, 1)"
10,group13,Ga,7,11,12k_layer10_3,1,1.9254359114790642,Ga_O_04,"(0, 0, 0)"
10,group13,Ga,7,11,12k_layer10_3,5,1.9254358990968665,Ga_O_04,"(0, 0, 0)"
10,group13,Ga,7,11,12k_layer10_3,11,2.0983230324375253,Ga_O_10,"(0, 1, 0)"
10,group13,Ga,7,11,12k_layer10_3,12,1.9844559575321832,Ga_O_05,"(0, 0, 0)"
10,group13,Ga,7,11,12k_layer10_3,17,2.094827636780971,Ga_O_09,"(0, 0, 0)"
10,group13,Ga,7,11,12k_layer10_3,22,2.0983230323180644,Ga_O_10,"(0, 0, 0)"
10,group13,Ga,8,12,12k_layer10_1,1,1.9254359117748707,Ga_O_04,"(0, 0, 0)"
10,group13,Ga,8,12,12k_layer10_1,11,2.0983230324093904,Ga_O_10,"(-1, 0, 0)"
10,group13,Ga,8,12,12k_layer10_1,12,1.9844559572212264,Ga_O_05,"(-1, -1, 0)"
10,group13,Ga,8,12,12k_layer10_1,17,2.0948275137753765,Ga_O_09,"(0, 0, 0)"
10,group13,Ga,8,12,12k_layer10_1,26,2.098323031885578,Ga_O_10,"(0, 0, 0)"
10,group13,Ga,8,12,12k_layer10_1,33,1.9254359117748707,Ga_O_04,"(0, 0, 0)"
10,group13,Cr,5,13,12k_layer2_1,7,1.9844559569613596,Cr_O_05,"(0, 0, 0)"
10,group13,Cr,5,13,12k_layer2_1,18,1.925435563604,Cr_O_04,"(0, 0, 0)"
10,group13,Cr,5,13,12k_layer2_1,21,1.9254355756093033,Cr_O_04,"(0, 0, 0)"
10,group13,Cr,5,13,12k_layer2_1,29,2.0983234546414016,Cr_O_10,"(1, 0, 0)"
10,group13,Cr,5,13,12k_layer2_1,31,2.0948276379027027,Cr_O_09,"(0, 0, 0)"
10,group13,Cr,5,13,12k_layer2_1,32,2.0983234541175895,Cr_O_10,"(0, 0, 0)"
10,group13,Ga,9,14,2b_layer12,10,1.8700732788205217,Ga_O_01,"(0, 1, 0)"
10,group13,Ga,9,14,2b_layer12,12,2.2779384420000004,Ga_O_11,"(0, 0, 0)"
10,group13,Ga,9,14,2b_layer12,20,2.2779384410000003,Ga_O_11,"(0, 0, 0)"
10,group13,Ga,9,14,2b_layer12,23,1.870073507451236,Ga_O_01,"(1, 1, 0)"
10,group13,Ga,9,14,2b_layer12,37,1.870073355,Ga_O_01,"(0, 0, 0)"
10,group13,Cr,6,15,2a_layer8,3,1.9948516601706343,Cr_O_07,"(0, 0, 0)"
10,group13,Cr,6,15,2a_layer8,11,1.9948520770594027,Cr_O_07,"(0, 1, 0)"
10,group13,Cr,6,15,2a_layer8,13,1.994851660329504,Cr_O_07,"(1, 1, 0)"
10,group13,Cr,6,15,2a_layer8,22,1.9948520773801812,Cr_O_07,"(0, 0, 0)"
10,group13,Cr,6,15,2a_layer8,26,1.9948520770594032,Cr_O_07,"(1, 1, 0)"
10,group13,Cr,6,15,2a_layer8,36,1.9948516607216167,Cr_O_07,"(1, 0, 0)"
10,group13,Ga,10,16,2b_layer4,2,1.8700732794118144,Ga_O_01,"(1, 0, 0)"
10,group13,Ga,10,16,2b_layer4,6,2.277938441000001,Ga_O_11,"(0, 0, 0)"
10,group13,Ga,10,16,2b_layer4,7,2.2779384420000004,Ga_O_11,"(0, 0, 0)"
10,group13,Ga,10,16,2b_layer4,16,1.8700735073000085,Ga_O_01,"(1, 1, 0)"
10,group13,Ga,10,16,2b_layer4,35,1.870073355795254,Ga_O_01,"(0, 0, 0)"
10,group13,Ga,11,17,4f1_layer9,11,1.9084361294606749,Ga_O_02,"(0, 0, 0)"
10,group13,Ga,11,17,4f1_layer9,19,1.9091270429999996,Ga_O_03,"(0, 0, 0)"
10,group13,Ga,11,17,4f1_layer9,22,1.9084362745505044,Ga_O_02,"(0, 0, 0)"
10,group13,Ga,11,17,4f1_layer9,26,1.9084361294606744,Ga_O_02,"(0, 0, 0)"
10,group13,Cr,7,18,4f2_layer11,1,1.9849917587865524,Cr_O_06,"(0, 0, 0)"
10,group13,Cr,7,18,4f2_layer11,5,1.9849916384047732,Cr_O_06,"(0, -1, 0)"
10,group13,Cr,7,18,4f2_layer11,10,2.0663776487443304,Cr_O_08,"(0, 0, 0)"
10,group13,Cr,7,18,4f2_layer11,23,2.0663774783167193,Cr_O_08,"(0, 0, 0)"
10,group13,Cr,7,18,4f2_layer11,33,1.9849917593946298,Cr_O_06,"(1, 0, 0)"
10,group13,Cr,7,18,4f2_layer11,37,2.0663777054221355,Cr_O_08,"(0, 0, 0)"
10,group13,Cr,8,19,4f2_layer3,2,2.0663771907209756,Cr_O_08,"(0, 0, 0)"
10,group13,Cr,8,19,4f2_layer3,16,2.066377020121716,Cr_O_08,"(0, 0, 0)"
10,group13,Cr,8,19,4f2_layer3,18,1.9849922964805824,Cr_O_06,"(-1, 0, 0)"
10,group13,Cr,8,19,4f2_layer3,21,1.9849924174878968,Cr_O_06,"(0, 0, 0)"
10,group13,Cr,8,19,4f2_layer3,25,1.9849924184808014,Cr_O_06,"(0, 1, 0)"
10,group13,Cr,8,19,4f2_layer3,35,2.066377246884635,Cr_O_08,"(0, 0, 0)"
10,group13,Ga,12,20,4f1_layer7,3,1.9084360732701862,Ga_O_02,"(0, 0, 0)"
10,group13,Ga,12,20,4f1_layer7,13,1.9084359271385227,Ga_O_02,"(0, 0, 0)"
10,group13,Ga,12,20,4f1_layer7,17,1.909127043000001,Ga_O_03,"(0, 0, 0)"
10,group13,Ga,12,20,4f1_layer7,36,1.9084359275969722,Ga_O_02,"(0, 0, 0)"
10,group13,Cr,9,21,4f2_layer5,2,2.0663771900543897,Cr_O_08,"(0, 0, 0)"
10,group13,Cr,9,21,4f2_layer5,4,1.9849924184808014,Cr_O_06,"(0, 1, 0)"
10,group13,Cr,9,21,4f2_layer5,16,2.0663770194551296,Cr_O_08,"(0, 0, 0)"
10,group13,Cr,9,21,4f2_layer5,28,1.9849924174878968,Cr_O_06,"(0, 0, 0)"
10,group13,Cr,9,21,4f2_layer5,35,2.0663772462180487,Cr_O_08,"(0, 0, 0)"
10,group13,Cr,9,21,4f2_layer5,38,1.9849922964805824,Cr_O_06,"(-1, 0, 0)"
10,group13,Ga,13,22,4f1_layer1,15,1.9091273005999965,Ga_O_03,"(0, 0, -1)"
10,group13,Ga,13,22,4f1_layer1,29,1.9084359275969722,Ga_O_02,"(0, 0, 0)"
10,group13,Ga,13,22,4f1_layer1,32,1.9084360732701862,Ga_O_02,"(0, 0, 0)"
10,group13,Ga,13,22,4f1_layer1,34,1.9084359271385227,Ga_O_02,"(0, 0, 0)"
10,group13,Cr,10,23,4f2_layer13,9,1.9849917593946296,Cr_O_06,"(1, 0, 0)"
10,group13,Cr,10,23,4f2_layer13,10,2.0663776487443317,Cr_O_08,"(0, 0, 0)"
10,group13,Cr,10,23,4f2_layer13,23,2.0663774783167206,Cr_O_08,"(0, 0, 0)"
10,group13,Cr,10,23,4f2_layer13,27,1.984991638404773,Cr_O_06,"(0, -1, 0)"
10,group13,Cr,10,23,4f2_layer13,30,1.984991758786552,Cr_O_06,"(0, 0, 0)"
10,group13,Cr,10,23,4f2_layer13,37,2.066377705422137,Cr_O_08,"(0, 0, 0)"
10,group13,Ga,14,24,4f1_layer15,8,1.9084361547650497,Ga_O_02,"(0, 0, 0)"
10,group13,Ga,14,24,4f1_layer15,14,1.9084362998548778,Ga_O_02,"(0, 0, 0)"
10,group13,Ga,14,24,4f1_layer15,24,1.9084361547650501,Ga_O_02,"(0, 0, 0)"
10,group13,Ga,14,24,4f1_layer15,31,1.9091268705999949,Ga_O_03,"(0, 0, 1)"
10,group14,Sr,1,,,2,2.958098043228469,Sr_O_02,"(0, -1, 0)"
10,group14,Sr,1,,,4,2.864579795118219,Sr_O_01,"(0, 0, 0)"
10,group14,Sr,1,,,16,2.9580979326637595,Sr_O_02,"(1, 0, 0)"
10,group14,Sr,1,,,18,2.8645798765734263,Sr_O_01,"(0, 0, 0)"
10,group14,Sr,1,,,21,2.864579884642825,Sr_O_01,"(0, 0, 0)"
10,group14,Sr,1,,,25,2.8645797959311503,Sr_O_01,"(0, 0, 0)"
10,group14,Sr,1,,,28,2.864579883829894,Sr_O_01,"(0, 0, 0)"
10,group14,Sr,1,,,35,2.95809800345424,Sr_O_02,"(0, -1, 0)"
10,group14,Sr,1,,,38,2.8645798757604948,Sr_O_01,"(0, 0, 0)"
10,group14,Sr,2,,,1,2.8645793251769454,Sr_O_01,"(0, 0, 0)"
10,group14,Sr,2,,,5,2.8645793169995204,Sr_O_01,"(0, 0, 0)"
10,group14,Sr,2,,,9,2.8645792364135385,Sr_O_01,"(0, 0, 0)"
10,group14,Sr,2,,,10,2.9580980427214705,Sr_O_02,"(-1, 0, 0)"
10,group14,Sr,2,,,23,2.95809793284463,Sr_O_02,"(0, 1, 0)"
10,group14,Sr,2,,,27,2.8645793169995213,Sr_O_01,"(0, 0, 0)"
10,group14,Sr,2,,,30,2.8645793251769462,Sr_O_01,"(0, 0, 0)"
10,group14,Sr,2,,,33,2.864579236413537,Sr_O_01,"(0, 0, 0)"
10,group14,Sr,2,,,37,2.9580980035278155,Sr_O_02,"(-1, 0, 0)"
10,group14,Ga,1,1,12k_layer6_3,4,1.9254355757587174,Ga_O_04,"(0, 0, 0)"
10,group14,Ga,1,1,12k_layer6_3,6,1.9844559567789057,Ga_O_05,"(-1, -1, 0)"
10,group14,Ga,1,1,12k_layer6_3,13,2.0983234538406146,Ga_O_10,"(0, 0, 0)"
10,group14,Ga,1,1,12k_layer6_3,19,2.094827515170505,Ga_O_09,"(0, 0, 0)"
10,group14,Ga,1,1,12k_layer6_3,28,1.925435576196381,Ga_O_04,"(0, 0, 0)"
10,group14,Ga,1,1,12k_layer6_3,36,2.0983234538272053,Ga_O_10,"(0, -1, 0)"
10,group14,Ga,2,2,12k_layer2_3,7,1.9844559567789046,Ga_O_05,"(-1, -1, 0)"
10,group14,Ga,2,2,12k_layer2_3,21,1.9254355761963797,Ga_O_04,"(0, 0, 0)"
10,group14,Ga,2,2,12k_layer2_3,25,1.9254355757587163,Ga_O_04,"(0, 0, 0)"
10,group14,Ga,2,2,12k_layer2_3,29,2.098323453827207,Ga_O_10,"(0, -1, 0)"
10,group14,Ga,2,2,12k_layer2_3,31,2.0948275151705062,Ga_O_09,"(0, 0, 0)"
10,group14,Ga,2,2,12k_layer2_3,34,2.0983234538406164,Ga_O_10,"(0, 0, 0)"
10,group14,Ga,3,3,12k_layer14_1,8,2.0983229791065865,Ga_O_10,"(0, 0, 0)"
10,group14,Ga,3,3,12k_layer14_1,9,1.9254359958162917,Ga_O_04,"(0, 0, 0)"
10,group14,Ga,3,3,12k_layer14_1,15,2.094827260093365,Ga_O_09,"(0, 0, 0)"
10,group14,Ga,3,3,12k_layer14_1,20,1.9844560436631808,Ga_O_05,"(-1, -1, 0)"
10,group14,Ga,3,3,12k_layer14_1,24,2.0983229796303986,Ga_O_10,"(-1, 0, 0)"
10,group14,Ga,3,3,12k_layer14_1,30,1.9254359958162914,Ga_O_04,"(0, 0, 0)"
10,group14,Cr,1,4,12k_layer2_2,7,1.984455956778905,Cr_O_05,"(0, -1, 0)"
10,group14,Cr,1,4,12k_layer2_2,18,1.9254355763634932,Cr_O_04,"(0, 0, 0)"
10,group14,Cr,1,4,12k_layer2_2,25,1.925435575758716,Cr_O_04,"(0, 0, 0)"
10,group14,Cr,1,4,12k_layer2_2,31,2.094827515170506,Cr_O_09,"(0, 0, 0)"
10,group14,Cr,1,4,12k_layer2_2,32,2.0983234538709623,Cr_O_10,"(0, -1, 0)"
10,group14,Cr,1,4,12k_layer2_2,34,2.098323454408184,Cr_O_10,"(1, 0, 0)"
10,group14,Ga,4,5,12k_layer14_3,14,2.098322979539073,Ga_O_10,"(0, 0, 0)"
10,group14,Ga,4,5,12k_layer14_3,15,2.094827383098975,Ga_O_09,"(0, 0, 0)"
10,group14,Ga,4,5,12k_layer14_3,20,1.9844560439741377,Ga_O_05,"(0, 0, 0)"
10,group14,Ga,4,5,12k_layer14_3,24,2.098322979658534,Ga_O_10,"(0, 1, 0)"
10,group14,Ga,4,5,12k_layer14_3,27,1.925435983138288,Ga_O_04,"(0, 0, 0)"
10,group14,Ga,4,5,12k_layer14_3,30,1.9254359955204852,Ga_O_04,"(0, 0, 0)"
10,group14,Cr,2,6,12k_layer10_2,5,1.9254359120300575,Cr_O_04,"(0, 0, 0)"
10,group14,Cr,2,6,12k_layer10_2,12,1.98445595738215,Cr_O_05,"(-1, 0, 0)"
10,group14,Cr,2,6,12k_layer10_2,17,2.094827514410795,Cr_O_09,"(0, 0, 0)"
10,group14,Cr,2,6,12k_layer10_2,22,2.0983230321761726,Cr_O_10,"(-1, 0, 0)"
10,group14,Cr,2,6,12k_layer10_2,26,2.0983230324265865,Cr_O_10,"(0, 1, 0)"
10,group14,Cr,2,6,12k_layer10_2,33,1.9254359114895088,Cr_O_04,"(0, 0, 0)"
10,group14,Cr,3,7,12k_layer6_2,3,2.0983234538709605,Cr_O_10,"(0, -1, 0)"
10,group14,Cr,3,7,12k_layer6_2,4,1.9254355757587174,Cr_O_04,"(0, 0, 0)"
10,group14,Cr,3,7,12k_layer6_2,6,1.9844559567789064,Cr_O_05,"(0, -1, 0)"
10,group14,Cr,3,7,12k_layer6_2,13,2.0983234544081824,Cr_O_10,"(1, 0, 0)"
10,group14,Cr,3,7,12k_layer6_2,19,2.0948275151705045,Cr_O_09,"(0, 0, 0)"
10,group14,Cr,3,7,12k_layer6_2,38,1.9254355763634945,Cr_O_04,"(0, 0, 0)"
10,group14,Cr,4,8,12k_layer6_1,3,2.0983234541175877,Cr_O_10,"(0, 0, 0)"
10,group14,Cr,4,8,12k_layer6_1,6,1.9844559569613607,Cr_O_05,"(0, 0, 0)"
10,group14,Cr,4,8,12k_layer6_1,19,2.0948276379027013,Cr_O_09,"(0, 0, 0)"
10,group14,Cr,4,8,12k_layer6_1,28,1.9254355756093047,Cr_O_04,"(0, 0, 0)"
10,group14,Cr,4,8,12k_layer6_1,36,2.0983234546414,Cr_O_10,"(1, 0, 0)"
10,group14,Cr,4,8,12k_layer6_1,38,1.925435563604001,Cr_O_04,"(0, 0, 0)"
10,group14,Ga,5,9,12k_layer14_2,8,2.098322979647595,Ga_O_10,"(0, 1, 0)"
10,group14,Ga,5,9,12k_layer14_2,9,1.9254359955309297,Ga_O_04,"(0, 0, 0)"
10,group14,Ga,5,9,12k_layer14_2,14,2.098322979397181,Ga_O_10,"(-1, 0, 0)"
10,group14,Ga,5,9,12k_layer14_2,15,2.094827260728784,Ga_O_09,"(0, 0, 0)"
10,group14,Ga,5,9,12k_layer14_2,20,1.9844560438241048,Ga_O_05,"(-1, 0, 0)"
10,group14,Ga,5,9,12k_layer14_2,27,1.9254359960714784,Ga_O_04,"(0, 0, 0)"
10,group14,Ga,6,10,2a_layer16,8,1.9948520249218649,Ga_O_07,"(1, 1, 0)"
10,group14,Ga,6,10,2a_layer16,14,1.9948520252426432,Ga_O_07,"(0, 0, 0)"
10,group14,Ga,6,10,2a_layer16,24,1.9948520249218644,Ga_O_07,"(0, 1, 0)"
10,group14,Ga,6,10,2a_layer16,29,1.9948516604791149,Ga_O_07,"(1, 0, 1)"
10,group14,Ga,6,10,2a_layer16,32,1.9948516599281325,Ga_O_07,"(0, 0, 1)"
10,group14,Ga,6,10,2a_layer16,34,1.994851660087002,Ga_O_07,"(1, 1, 1)"
10,group14,Ga,7,11,12k_layer10_3,1,1.9254359114790642,Ga_O_04,"(0, 0, 0)"
10,group14,Ga,7,11,12k_layer10_3,5,1.9254358990968665,Ga_O_04,"(0, 0, 0)"
10,group14,Ga,7,11,12k_layer10_3,11,2.0983230324375253,Ga_O_10,"(0, 1, 0)"
10,group14,Ga,7,11,12k_layer10_3,12,1.9844559575321832,Ga_O_05,"(0, 0, 0)"
10,group14,Ga,7,11,12k_layer10_3,17,2.094827636780971,Ga_O_09,"(0, 0, 0)"
10,group14,Ga,7,11,12k_layer10_3,22,2.0983230323180644,Ga_O_10,"(0, 0, 0)"
10,group14,Cr,5,12,12k_layer10_1,1,1.9254359117748707,Cr_O_04,"(0, 0, 0)"
10,group14,Cr,5,12,12k_layer10_1,11,2.0983230324093904,Cr_O_10,"(-1, 0, 0)"
10,group14,Cr,5,12,12k_layer10_1,12,1.9844559572212264,Cr_O_05,"(-1, -1, 0)"
10,group14,Cr,5,12,12k_layer10_1,17,2.0948275137753765,Cr_O_09,"(0, 0, 0)"
10,group14,Cr,5,12,12k_layer10_1,26,2.098323031885578,Cr_O_10,"(0, 0, 0)"
10,group14,Cr,5,12,12k_layer10_1,33,1.9254359117748707,Cr_O_04,"(0, 0, 0)"
10,group14,Cr,6,13,12k_layer2_1,7,1.9844559569613596,Cr_O_05,"(0, 0, 0)"
10,group14,Cr,6,13,12k_layer2_1,18,1.925435563604,Cr_O_04,"(0, 0, 0)"
10,group14,Cr,6,13,12k_layer2_1,21,1.9254355756093033,Cr_O_04,"(0, 0, 0)"
10,group14,Cr,6,13,12k_layer2_1,29,2.0983234546414016,Cr_O_10,"(1, 0, 0)"
10,group14,Cr,6,13,12k_layer2_1,31,2.0948276379027027,Cr_O_09,"(0, 0, 0)"
10,group14,Cr,6,13,12k_layer2_1,32,2.0983234541175895,Cr_O_10,"(0, 0, 0)"
10,group14,Ga,8,14,2b_layer12,10,1.8700732788205217,Ga_O_01,"(0, 1, 0)"
10,group14,Ga,8,14,2b_layer12,12,2.2779384420000004,Ga_O_11,"(0, 0, 0)"
10,group14,Ga,8,14,2b_layer12,20,2.2779384410000003,Ga_O_11,"(0, 0, 0)"
10,group14,Ga,8,14,2b_layer12,23,1.870073507451236,Ga_O_01,"(1, 1, 0)"
10,group14,Ga,8,14,2b_layer12,37,1.870073355,Ga_O_01,"(0, 0, 0)"
10,group14,Ga,9,15,2a_layer8,3,1.9948516601706343,Ga_O_07,"(0, 0, 0)"
10,group14,Ga,9,15,2a_layer8,11,1.9948520770594027,Ga_O_07,"(0, 1, 0)"
10,group14,Ga,9,15,2a_layer8,13,1.994851660329504,Ga_O_07,"(1, 1, 0)"
10,group14,Ga,9,15,2a_layer8,22,1.9948520773801812,Ga_O_07,"(0, 0, 0)"
10,group14,Ga,9,15,2a_layer8,26,1.9948520770594032,Ga_O_07,"(1, 1, 0)"
10,group14,Ga,9,15,2a_layer8,36,1.9948516607216167,Ga_O_07,"(1, 0, 0)"
10,group14,Ga,10,16,2b_layer4,2,1.8700732794118144,Ga_O_01,"(1, 0, 0)"
10,group14,Ga,10,16,2b_layer4,6,2.277938441000001,Ga_O_11,"(0, 0, 0)"
10,group14,Ga,10,16,2b_layer4,7,2.2779384420000004,Ga_O_11,"(0, 0, 0)"
10,group14,Ga,10,16,2b_layer4,16,1.8700735073000085,Ga_O_01,"(1, 1, 0)"
10,group14,Ga,10,16,2b_layer4,35,1.870073355795254,Ga_O_01,"(0, 0, 0)"
10,group14,Ga,11,17,4f1_layer9,11,1.9084361294606749,Ga_O_02,"(0, 0, 0)"
10,group14,Ga,11,17,4f1_layer9,19,1.9091270429999996,Ga_O_03,"(0, 0, 0)"
10,group14,Ga,11,17,4f1_layer9,22,1.9084362745505044,Ga_O_02,"(0, 0, 0)"
10,group14,Ga,11,17,4f1_layer9,26,1.9084361294606744,Ga_O_02,"(0, 0, 0)"
10,group14,Cr,7,18,4f2_layer11,1,1.9849917587865524,Cr_O_06,"(0, 0, 0)"
10,group14,Cr,7,18,4f2_layer11,5,1.9849916384047732,Cr_O_06,"(0, -1, 0)"
10,group14,Cr,7,18,4f2_layer11,10,2.0663776487443304,Cr_O_08,"(0, 0, 0)"
10,group14,Cr,7,18,4f2_layer11,23,2.0663774783167193,Cr_O_08,"(0, 0, 0)"
10,group14,Cr,7,18,4f2_layer11,33,1.9849917593946298,Cr_O_06,"(1, 0, 0)"
10,group14,Cr,7,18,4f2_layer11,37,2.0663777054221355,Cr_O_08,"(0, 0, 0)"
10,group14,Cr,8,19,4f2_layer3,2,2.0663771907209756,Cr_O_08,"(0, 0, 0)"
10,group14,Cr,8,19,4f2_layer3,16,2.066377020121716,Cr_O_08,"(0, 0, 0)"
10,group14,Cr,8,19,4f2_layer3,18,1.9849922964805824,Cr_O_06,"(-1, 0, 0)"
10,group14,Cr,8,19,4f2_layer3,21,1.9849924174878968,Cr_O_06,"(0, 0, 0)"
10,group14,Cr,8,19,4f2_layer3,25,1.9849924184808014,Cr_O_06,"(0, 1, 0)"
10,group14,Cr,8,19,4f2_layer3,35,2.066377246884635,Cr_O_08,"(0, 0, 0)"
10,group14,Ga,12,20,4f1_layer7,3,1.9084360732701862,Ga_O_02,"(0, 0, 0)"
10,group14,Ga,12,20,4f1_layer7,13,1.9084359271385227,Ga_O_02,"(0, 0, 0)"
10,group14,Ga,12,20,4f1_layer7,17,1.909127043000001,Ga_O_03,"(0, 0, 0)"
10,group14,Ga,12,20,4f1_layer7,36,1.9084359275969722,Ga_O_02,"(0, 0, 0)"
10,group14,Cr,9,21,4f2_layer5,2,2.0663771900543897,Cr_O_08,"(0, 0, 0)"
10,group14,Cr,9,21,4f2_layer5,4,1.9849924184808014,Cr_O_06,"(0, 1, 0)"
10,group14,Cr,9,21,4f2_layer5,16,2.0663770194551296,Cr_O_08,"(0, 0, 0)"
10,group14,Cr,9,21,4f2_layer5,28,1.9849924174878968,Cr_O_06,"(0, 0, 0)"
10,group14,Cr,9,21,4f2_layer5,35,2.0663772462180487,Cr_O_08,"(0, 0, 0)"
10,group14,Cr,9,21,4f2_layer5,38,1.9849922964805824,Cr_O_06,"(-1, 0, 0)"
10,group14,Ga,13,22,4f1_layer1,15,1.9091273005999965,Ga_O_03,"(0, 0, -1)"
10,group14,Ga,13,22,4f1_layer1,29,1.9084359275969722,Ga_O_02,"(0, 0, 0)"
10,group14,Ga,13,22,4f1_layer1,32,1.9084360732701862,Ga_O_02,"(0, 0, 0)"
10,group14,Ga,13,22,4f1_layer1,34,1.9084359271385227,Ga_O_02,"(0, 0, 0)"
10,group14,Cr,10,23,4f2_layer13,9,1.9849917593946296,Cr_O_06,"(1, 0, 0)"
10,group14,Cr,10,23,4f2_layer13,10,2.0663776487443317,Cr_O_08,"(0, 0, 0)"
10,group14,Cr,10,23,4f2_layer13,23,2.0663774783167206,Cr_O_08,"(0, 0, 0)"
10,group14,Cr,10,23,4f2_layer13,27,1.984991638404773,Cr_O_06,"(0, -1, 0)"
10,group14,Cr,10,23,4f2_layer13,30,1.984991758786552,Cr_O_06,"(0, 0, 0)"
10,group14,Cr,10,23,4f2_layer13,37,2.066377705422137,Cr_O_08,"(0, 0, 0)"
10,group14,Ga,14,24,4f1_layer15,8,1.9084361547650497,Ga_O_02,"(0, 0, 0)"
10,group14,Ga,14,24,4f1_layer15,14,1.9084362998548778,Ga_O_02,"(0, 0, 0)"
10,group14,Ga,14,24,4f1_layer15,24,1.9084361547650501,Ga_O_02,"(0, 0, 0)"
10,group14,Ga,14,24,4f1_layer15,31,1.9091268705999949,Ga_O_03,"(0, 0, 1)"
10,group15,Sr,1,,,2,2.958098043228469,Sr_O_02,"(0, -1, 0)"
10,group15,Sr,1,,,4,2.864579795118219,Sr_O_01,"(0, 0, 0)"
10,group15,Sr,1,,,16,2.9580979326637595,Sr_O_02,"(1, 0, 0)"
10,group15,Sr,1,,,18,2.8645798765734263,Sr_O_01,"(0, 0, 0)"
10,group15,Sr,1,,,21,2.864579884642825,Sr_O_01,"(0, 0, 0)"
10,group15,Sr,1,,,25,2.8645797959311503,Sr_O_01,"(0, 0, 0)"
10,group15,Sr,1,,,28,2.864579883829894,Sr_O_01,"(0, 0, 0)"
10,group15,Sr,1,,,35,2.95809800345424,Sr_O_02,"(0, -1, 0)"
10,group15,Sr,1,,,38,2.8645798757604948,Sr_O_01,"(0, 0, 0)"
10,group15,Sr,2,,,1,2.8645793251769454,Sr_O_01,"(0, 0, 0)"
10,group15,Sr,2,,,5,2.8645793169995204,Sr_O_01,"(0, 0, 0)"
10,group15,Sr,2,,,9,2.8645792364135385,Sr_O_01,"(0, 0, 0)"
10,group15,Sr,2,,,10,2.9580980427214705,Sr_O_02,"(-1, 0, 0)"
10,group15,Sr,2,,,23,2.95809793284463,Sr_O_02,"(0, 1, 0)"
10,group15,Sr,2,,,27,2.8645793169995213,Sr_O_01,"(0, 0, 0)"
10,group15,Sr,2,,,30,2.8645793251769462,Sr_O_01,"(0, 0, 0)"
10,group15,Sr,2,,,33,2.864579236413537,Sr_O_01,"(0, 0, 0)"
10,group15,Sr,2,,,37,2.9580980035278155,Sr_O_02,"(-1, 0, 0)"
10,group15,Ga,1,1,12k_layer6_3,4,1.9254355757587174,Ga_O_04,"(0, 0, 0)"
10,group15,Ga,1,1,12k_layer6_3,6,1.9844559567789057,Ga_O_05,"(-1, -1, 0)"
10,group15,Ga,1,1,12k_layer6_3,13,2.0983234538406146,Ga_O_10,"(0, 0, 0)"
10,group15,Ga,1,1,12k_layer6_3,19,2.094827515170505,Ga_O_09,"(0, 0, 0)"
10,group15,Ga,1,1,12k_layer6_3,28,1.925435576196381,Ga_O_04,"(0, 0, 0)"
10,group15,Ga,1,1,12k_layer6_3,36,2.0983234538272053,Ga_O_10,"(0, -1, 0)"
10,group15,Ga,2,2,12k_layer2_3,7,1.9844559567789046,Ga_O_05,"(-1, -1, 0)"
10,group15,Ga,2,2,12k_layer2_3,21,1.9254355761963797,Ga_O_04,"(0, 0, 0)"
10,group15,Ga,2,2,12k_layer2_3,25,1.9254355757587163,Ga_O_04,"(0, 0, 0)"
10,group15,Ga,2,2,12k_layer2_3,29,2.098323453827207,Ga_O_10,"(0, -1, 0)"
10,group15,Ga,2,2,12k_layer2_3,31,2.0948275151705062,Ga_O_09,"(0, 0, 0)"
10,group15,Ga,2,2,12k_layer2_3,34,2.0983234538406164,Ga_O_10,"(0, 0, 0)"
10,group15,Cr,1,3,12k_layer14_1,8,2.0983229791065865,Cr_O_10,"(0, 0, 0)"
10,group15,Cr,1,3,12k_layer14_1,9,1.9254359958162917,Cr_O_04,"(0, 0, 0)"
10,group15,Cr,1,3,12k_layer14_1,15,2.094827260093365,Cr_O_09,"(0, 0, 0)"
10,group15,Cr,1,3,12k_layer14_1,20,1.9844560436631808,Cr_O_05,"(-1, -1, 0)"
10,group15,Cr,1,3,12k_layer14_1,24,2.0983229796303986,Cr_O_10,"(-1, 0, 0)"
10,group15,Cr,1,3,12k_layer14_1,30,1.9254359958162914,Cr_O_04,"(0, 0, 0)"
10,group15,Ga,3,4,12k_layer2_2,7,1.984455956778905,Ga_O_05,"(0, -1, 0)"
10,group15,Ga,3,4,12k_layer2_2,18,1.9254355763634932,Ga_O_04,"(0, 0, 0)"
10,group15,Ga,3,4,12k_layer2_2,25,1.925435575758716,Ga_O_04,"(0, 0, 0)"
10,group15,Ga,3,4,12k_layer2_2,31,2.094827515170506,Ga_O_09,"(0, 0, 0)"
10,group15,Ga,3,4,12k_layer2_2,32,2.0983234538709623,Ga_O_10,"(0, -1, 0)"
10,group15,Ga,3,4,12k_layer2_2,34,2.098323454408184,Ga_O_10,"(1, 0, 0)"
10,group15,Ga,4,5,12k_layer14_3,14,2.098322979539073,Ga_O_10,"(0, 0, 0)"
10,group15,Ga,4,5,12k_layer14_3,15,2.094827383098975,Ga_O_09,"(0, 0, 0)"
10,group15,Ga,4,5,12k_layer14_3,20,1.9844560439741377,Ga_O_05,"(0, 0, 0)"
10,group15,Ga,4,5,12k_layer14_3,24,2.098322979658534,Ga_O_10,"(0, 1, 0)"
10,group15,Ga,4,5,12k_layer14_3,27,1.925435983138288,Ga_O_04,"(0, 0, 0)"
10,group15,Ga,4,5,12k_layer14_3,30,1.9254359955204852,Ga_O_04,"(0, 0, 0)"
10,group15,Cr,2,6,12k_layer10_2,5,1.9254359120300575,Cr_O_04,"(0, 0, 0)"
10,group15,Cr,2,6,12k_layer10_2,12,1.98445595738215,Cr_O_05,"(-1, 0, 0)"
10,group15,Cr,2,6,12k_layer10_2,17,2.094827514410795,Cr_O_09,"(0, 0, 0)"
10,group15,Cr,2,6,12k_layer10_2,22,2.0983230321761726,Cr_O_10,"(-1, 0, 0)"
10,group15,Cr,2,6,12k_layer10_2,26,2.0983230324265865,Cr_O_10,"(0, 1, 0)"
10,group15,Cr,2,6,12k_layer10_2,33,1.9254359114895088,Cr_O_04,"(0, 0, 0)"
10,group15,Cr,3,7,12k_layer6_2,3,2.0983234538709605,Cr_O_10,"(0, -1, 0)"
10,group15,Cr,3,7,12k_layer6_2,4,1.9254355757587174,Cr_O_04,"(0, 0, 0)"
10,group15,Cr,3,7,12k_layer6_2,6,1.9844559567789064,Cr_O_05,"(0, -1, 0)"
10,group15,Cr,3,7,12k_layer6_2,13,2.0983234544081824,Cr_O_10,"(1, 0, 0)"
10,group15,Cr,3,7,12k_layer6_2,19,2.0948275151705045,Cr_O_09,"(0, 0, 0)"
10,group15,Cr,3,7,12k_layer6_2,38,1.9254355763634945,Cr_O_04,"(0, 0, 0)"
10,group15,Cr,4,8,12k_layer6_1,3,2.0983234541175877,Cr_O_10,"(0, 0, 0)"
10,group15,Cr,4,8,12k_layer6_1,6,1.9844559569613607,Cr_O_05,"(0, 0, 0)"
10,group15,Cr,4,8,12k_layer6_1,19,2.0948276379027013,Cr_O_09,"(0, 0, 0)"
10,group15,Cr,4,8,12k_layer6_1,28,1.9254355756093047,Cr_O_04,"(0, 0, 0)"
10,group15,Cr,4,8,12k_layer6_1,36,2.0983234546414,Cr_O_10,"(1, 0, 0)"
10,group15,Cr,4,8,12k_layer6_1,38,1.925435563604001,Cr_O_04,"(0, 0, 0)"
10,group15,Cr,5,9,12k_layer14_2,8,2.098322979647595,Cr_O_10,"(0, 1, 0)"
10,group15,Cr,5,9,12k_layer14_2,9,1.9254359955309297,Cr_O_04,"(0, 0, 0)"
10,group15,Cr,5,9,12k_layer14_2,14,2.098322979397181,Cr_O_10,"(-1, 0, 0)"
10,group15,Cr,5,9,12k_layer14_2,15,2.094827260728784,Cr_O_09,"(0, 0, 0)"
10,group15,Cr,5,9,12k_layer14_2,20,1.9844560438241048,Cr_O_05,"(-1, 0, 0)"
10,group15,Cr,5,9,12k_layer14_2,27,1.9254359960714784,Cr_O_04,"(0, 0, 0)"
10,group15,Ga,5,10,2a_layer16,8,1.9948520249218649,Ga_O_07,"(1, 1, 0)"
10,group15,Ga,5,10,2a_layer16,14,1.9948520252426432,Ga_O_07,"(0, 0, 0)"
10,group15,Ga,5,10,2a_layer16,24,1.9948520249218644,Ga_O_07,"(0, 1, 0)"
10,group15,Ga,5,10,2a_layer16,29,1.9948516604791149,Ga_O_07,"(1, 0, 1)"
10,group15,Ga,5,10,2a_layer16,32,1.9948516599281325,Ga_O_07,"(0, 0, 1)"
10,group15,Ga,5,10,2a_layer16,34,1.994851660087002,Ga_O_07,"(1, 1, 1)"
10,group15,Ga,6,11,12k_layer10_3,1,1.9254359114790642,Ga_O_04,"(0, 0, 0)"
10,group15,Ga,6,11,12k_layer10_3,5,1.9254358990968665,Ga_O_04,"(0, 0, 0)"
10,group15,Ga,6,11,12k_layer10_3,11,2.0983230324375253,Ga_O_10,"(0, 1, 0)"
10,group15,Ga,6,11,12k_layer10_3,12,1.9844559575321832,Ga_O_05,"(0, 0, 0)"
10,group15,Ga,6,11,12k_layer10_3,17,2.094827636780971,Ga_O_09,"(0, 0, 0)"
10,group15,Ga,6,11,12k_layer10_3,22,2.0983230323180644,Ga_O_10,"(0, 0, 0)"
10,group15,Cr,6,12,12k_layer10_1,1,1.9254359117748707,Cr_O_04,"(0, 0, 0)"
10,group15,Cr,6,12,12k_layer10_1,11,2.0983230324093904,Cr_O_10,"(-1, 0, 0)"
10,group15,Cr,6,12,12k_layer10_1,12,1.9844559572212264,Cr_O_05,"(-1, -1, 0)"
10,group15,Cr,6,12,12k_layer10_1,17,2.0948275137753765,Cr_O_09,"(0, 0, 0)"
10,group15,Cr,6,12,12k_layer10_1,26,2.098323031885578,Cr_O_10,"(0, 0, 0)"
10,group15,Cr,6,12,12k_layer10_1,33,1.9254359117748707,Cr_O_04,"(0, 0, 0)"
10,group15,Ga,7,13,12k_layer2_1,7,1.9844559569613596,Ga_O_05,"(0, 0, 0)"
10,group15,Ga,7,13,12k_layer2_1,18,1.925435563604,Ga_O_04,"(0, 0, 0)"
10,group15,Ga,7,13,12k_layer2_1,21,1.9254355756093033,Ga_O_04,"(0, 0, 0)"
10,group15,Ga,7,13,12k_layer2_1,29,2.0983234546414016,Ga_O_10,"(1, 0, 0)"
10,group15,Ga,7,13,12k_layer2_1,31,2.0948276379027027,Ga_O_09,"(0, 0, 0)"
10,group15,Ga,7,13,12k_layer2_1,32,2.0983234541175895,Ga_O_10,"(0, 0, 0)"
10,group15,Ga,8,14,2b_layer12,10,1.8700732788205217,Ga_O_01,"(0, 1, 0)"
10,group15,Ga,8,14,2b_layer12,12,2.2779384420000004,Ga_O_11,"(0, 0, 0)"
10,group15,Ga,8,14,2b_layer12,20,2.2779384410000003,Ga_O_11,"(0, 0, 0)"
10,group15,Ga,8,14,2b_layer12,23,1.870073507451236,Ga_O_01,"(1, 1, 0)"
10,group15,Ga,8,14,2b_layer12,37,1.870073355,Ga_O_01,"(0, 0, 0)"
10,group15,Ga,9,15,2a_layer8,3,1.9948516601706343,Ga_O_07,"(0, 0, 0)"
10,group15,Ga,9,15,2a_layer8,11,1.9948520770594027,Ga_O_07,"(0, 1, 0)"
10,group15,Ga,9,15,2a_layer8,13,1.994851660329504,Ga_O_07,"(1, 1, 0)"
10,group15,Ga,9,15,2a_layer8,22,1.9948520773801812,Ga_O_07,"(0, 0, 0)"
10,group15,Ga,9,15,2a_layer8,26,1.9948520770594032,Ga_O_07,"(1, 1, 0)"
10,group15,Ga,9,15,2a_layer8,36,1.9948516607216167,Ga_O_07,"(1, 0, 0)"
10,group15,Ga,10,16,2b_layer4,2,1.8700732794118144,Ga_O_01,"(1, 0, 0)"
10,group15,Ga,10,16,2b_layer4,6,2.277938441000001,Ga_O_11,"(0, 0, 0)"
10,group15,Ga,10,16,2b_layer4,7,2.2779384420000004,Ga_O_11,"(0, 0, 0)"
10,group15,Ga,10,16,2b_layer4,16,1.8700735073000085,Ga_O_01,"(1, 1, 0)"
10,group15,Ga,10,16,2b_layer4,35,1.870073355795254,Ga_O_01,"(0, 0, 0)"
10,group15,Ga,11,17,4f1_layer9,11,1.9084361294606749,Ga_O_02,"(0, 0, 0)"
10,group15,Ga,11,17,4f1_layer9,19,1.9091270429999996,Ga_O_03,"(0, 0, 0)"
10,group15,Ga,11,17,4f1_layer9,22,1.9084362745505044,Ga_O_02,"(0, 0, 0)"
10,group15,Ga,11,17,4f1_layer9,26,1.9084361294606744,Ga_O_02,"(0, 0, 0)"
10,group15,Cr,7,18,4f2_layer11,1,1.9849917587865524,Cr_O_06,"(0, 0, 0)"
10,group15,Cr,7,18,4f2_layer11,5,1.9849916384047732,Cr_O_06,"(0, -1, 0)"
10,group15,Cr,7,18,4f2_layer11,10,2.0663776487443304,Cr_O_08,"(0, 0, 0)"
10,group15,Cr,7,18,4f2_layer11,23,2.0663774783167193,Cr_O_08,"(0, 0, 0)"
10,group15,Cr,7,18,4f2_layer11,33,1.9849917593946298,Cr_O_06,"(1, 0, 0)"
10,group15,Cr,7,18,4f2_layer11,37,2.0663777054221355,Cr_O_08,"(0, 0, 0)"
10,group15,Cr,8,19,4f2_layer3,2,2.0663771907209756,Cr_O_08,"(0, 0, 0)"
10,group15,Cr,8,19,4f2_layer3,16,2.066377020121716,Cr_O_08,"(0, 0, 0)"
10,group15,Cr,8,19,4f2_layer3,18,1.9849922964805824,Cr_O_06,"(-1, 0, 0)"
10,group15,Cr,8,19,4f2_layer3,21,1.9849924174878968,Cr_O_06,"(0, 0, 0)"
10,group15,Cr,8,19,4f2_layer3,25,1.9849924184808014,Cr_O_06,"(0, 1, 0)"
10,group15,Cr,8,19,4f2_layer3,35,2.066377246884635,Cr_O_08,"(0, 0, 0)"
10,group15,Ga,12,20,4f1_layer7,3,1.9084360732701862,Ga_O_02,"(0, 0, 0)"
10,group15,Ga,12,20,4f1_layer7,13,1.9084359271385227,Ga_O_02,"(0, 0, 0)"
10,group15,Ga,12,20,4f1_layer7,17,1.909127043000001,Ga_O_03,"(0, 0, 0)"
10,group15,Ga,12,20,4f1_layer7,36,1.9084359275969722,Ga_O_02,"(0, 0, 0)"
10,group15,Cr,9,21,4f2_layer5,2,2.0663771900543897,Cr_O_08,"(0, 0, 0)"
10,group15,Cr,9,21,4f2_layer5,4,1.9849924184808014,Cr_O_06,"(0, 1, 0)"
10,group15,Cr,9,21,4f2_layer5,16,2.0663770194551296,Cr_O_08,"(0, 0, 0)"
10,group15,Cr,9,21,4f2_layer5,28,1.9849924174878968,Cr_O_06,"(0, 0, 0)"
10,group15,Cr,9,21,4f2_layer5,35,2.0663772462180487,Cr_O_08,"(0, 0, 0)"
10,group15,Cr,9,21,4f2_layer5,38,1.9849922964805824,Cr_O_06,"(-1, 0, 0)"
10,group15,Ga,13,22,4f1_layer1,15,1.9091273005999965,Ga_O_03,"(0, 0, -1)"
10,group15,Ga,13,22,4f1_layer1,29,1.9084359275969722,Ga_O_02,"(0, 0, 0)"
10,group15,Ga,13,22,4f1_layer1,32,1.9084360732701862,Ga_O_02,"(0, 0, 0)"
10,group15,Ga,13,22,4f1_layer1,34,1.9084359271385227,Ga_O_02,"(0, 0, 0)"
10,group15,Cr,10,23,4f2_layer13,9,1.9849917593946296,Cr_O_06,"(1, 0, 0)"
10,group15,Cr,10,23,4f2_layer13,10,2.0663776487443317,Cr_O_08,"(0, 0, 0)"
10,group15,Cr,10,23,4f2_layer13,23,2.0663774783167206,Cr_O_08,"(0, 0, 0)"
10,group15,Cr,10,23,4f2_layer13,27,1.984991638404773,Cr_O_06,"(0, -1, 0)"
10,group15,Cr,10,23,4f2_layer13,30,1.984991758786552,Cr_O_06,"(0, 0, 0)"
10,group15,Cr,10,23,4f2_layer13,37,2.066377705422137,Cr_O_08,"(0, 0, 0)"
10,group15,Ga,14,24,4f1_layer15,8,1.9084361547650497,Ga_O_02,"(0, 0, 0)"
10,group15,Ga,14,24,4f1_layer15,14,1.9084362998548778,Ga_O_02,"(0, 0, 0)"
10,group15,Ga,14,24,4f1_layer15,24,1.9084361547650501,Ga_O_02,"(0, 0, 0)"
10,group15,Ga,14,24,4f1_layer15,31,1.9091268705999949,Ga_O_03,"(0, 0, 1)"
